file_version,subject,condition,session,task_start_time,block,trial,phase,event_name,event_code,wall_clock,t_rel_sec,duration_to_next,rt,value_shown,entered_value,correct,key_name,device,note,json,screen_index,ifi,refresh_hz,pd_used
Sergio_G01_CNS-LLF5RV3D8,cpeeg02,ses03,20260617_121957,2026-06-17 12:20:25.175468,NaN,NaN,,MIC_NOISEFLOOR,6,2026-06-17 12:20:30.198023,5.022217,4.140837,,,,,,keyboard,,{},2,NaN,NaN,1
Sergio_G01_CNS-LLF5RV3D8,cpeeg02,ses03,20260617_121957,2026-06-17 12:20:25.175468,NaN,NaN,,MIC_REC_SPEECH,7,2026-06-17 12:20:34.338598,9.163054,6.647971,,,,,,keyboard,,{},2,NaN,NaN,1
Sergio_G01_CNS-LLF5RV3D8,cpeeg02,ses03,20260617_121957,2026-06-17 12:20:25.175468,NaN,NaN,,SESSION_START,1,2026-06-17 12:21:57.850340,92.674534,0.001419,,,,,,keyboard,,{},2,0.016667,60.000000,1
Sergio_G01_CNS-LLF5RV3D8,cpeeg02,ses03,20260617_121957,2026-06-17 12:20:25.175468,NaN,NaN,,BLOCK_START,10,2026-06-17 12:21:57.851273,92.675953,0.106224,,,,,,keyboard,,{},2,0.016667,60.000000,1
Sergio_G01_CNS-LLF5RV3D8,cpeeg02,ses03,20260617_121957,2026-06-17 12:20:25.175468,NaN,0,reading,START_PAGE_ON,4,2026-06-17 12:21:57.999839,92.782177,0.045329,,,,,,keyboard,,"{""pd_used"":0}",2,0.016667,60.000000,1
Sergio_G01_CNS-LLF5RV3D8,cpeeg02,ses03,20260617_121957,2026-06-17 12:20:25.175468,NaN,0,reading,START_PAGE_ON,4,2026-06-17 12:21:57.999839,92.782177,5.497514,,,,,,keyboard,,"{""pd_used"":0}",2,0.016667,60.000000,1
Sergio_G01_CNS-LLF5RV3D8,cpeeg02,ses03,20260617_121957,2026-06-17 12:20:25.175468,NaN,0,reading,START_PAGE_ON,4,2026-06-17 12:21:57.999839,92.782177,5.922438,,,,,,keyboard,,"{""pd_used"":0}",2,0.016667,60.000000,1
Sergio_G01_CNS-LLF5RV3D8,cpeeg02,ses03,20260617_121957,2026-06-17 12:20:25.175468,NaN,0,reading,READING_START,23,2026-06-17 12:22:03.880197,98.704614,0.117903,,,,,,keyboard,,{},2,0.016667,60.000000,1
Sergio_G01_CNS-LLF5RV3D8,cpeeg02,ses03,20260617_121957,2026-06-17 12:20:25.175468,NaN,0,reading,DIGIT_READ1_ON,101,2026-06-17 12:22:04.039928,98.822517,1.400194,,2,,,,keyboard,digit#1 shown,"{""value"":2,""note"":""digit#1 shown"",""pd_used"":1}",2,0.016667,60.000000,1
Sergio_G01_CNS-LLF5RV3D8,cpeeg02,ses03,20260617_121957,2026-06-17 12:20:25.175468,NaN,0,reading,PROBE_COUNT_OK_1,71,2026-06-17 12:22:05.812289,100.222711,0.461129,7.443830,slot#1,NaN,,,keyboard,probe_digit#1,"{""value"":""slot#1"",""entered"":null,""rt"":7.443829600000754,""note"":""probe_digit#1""}",2,0.016667,60.000000,1
Sergio_G01_CNS-LLF5RV3D8,cpeeg02,ses03,20260617_121957,2026-06-17 12:20:25.175468,NaN,0,reading,DIGIT_READ1_OFF,116,2026-06-17 12:22:05.908629,100.683841,0.000000,,2,,,,keyboard,digit#1 off,"{""value"":2,""note"":""digit#1 off"",""pd_used"":0}",2,0.016667,60.000000,1
Sergio_G01_CNS-LLF5RV3D8,cpeeg02,ses03,20260617_121957,2026-06-17 12:20:25.175468,NaN,0,reading,POSTREAD_FIX1_ON,201,2026-06-17 12:22:05.909712,100.683841,1.858400,,,,,,keyboard,after digit#1,"{""note"":""after digit#1""}",2,0.016667,60.000000,1
Sergio_G01_CNS-LLF5RV3D8,cpeeg02,ses03,20260617_121957,2026-06-17 12:20:25.175468,NaN,0,reading,POSTREAD_FIX1_OFF,216,2026-06-17 12:22:07.759590,102.542240,0.046462,,,,,,keyboard,after digit#1,"{""note"":""after digit#1"",""pd_used"":0}",2,0.016667,60.000000,1
Sergio_G01_CNS-LLF5RV3D8,cpeeg02,ses03,20260617_121957,2026-06-17 12:20:25.175468,NaN,0,reading,DIGIT_READ2_ON,102,2026-06-17 12:22:07.810917,102.588703,1.485426,,7,,,,keyboard,digit#2 shown,"{""value"":7,""note"":""digit#2 shown"",""pd_used"":1}",2,0.016667,60.000000,1
Sergio_G01_CNS-LLF5RV3D8,cpeeg02,ses03,20260617_121957,2026-06-17 12:20:25.175468,NaN,0,reading,PROBE_COUNT_OK_2,71,2026-06-17 12:22:09.837605,104.074129,0.631874,11.295247,slot#2,NaN,,,keyboard,probe_digit#2,"{""value"":""slot#2"",""entered"":null,""rt"":11.295247300004121,""note"":""probe_digit#2""}",2,0.016667,60.000000,1
Sergio_G01_CNS-LLF5RV3D8,cpeeg02,ses03,20260617_121957,2026-06-17 12:20:25.175468,NaN,0,reading,DIGIT_READ2_OFF,117,2026-06-17 12:22:09.932019,104.706003,0.000000,,7,,,,keyboard,digit#2 off,"{""value"":7,""note"":""digit#2 off"",""pd_used"":0}",2,0.016667,60.000000,1
Sergio_G01_CNS-LLF5RV3D8,cpeeg02,ses03,20260617_121957,2026-06-17 12:20:25.175468,NaN,0,reading,POSTREAD_FIX2_ON,202,2026-06-17 12:22:09.932836,104.706003,1.868221,,,,,,keyboard,after digit#2,"{""note"":""after digit#2""}",2,0.016667,60.000000,1
Sergio_G01_CNS-LLF5RV3D8,cpeeg02,ses03,20260617_121957,2026-06-17 12:20:25.175468,NaN,0,reading,POSTREAD_FIX2_OFF,217,2026-06-17 12:22:11.791365,106.574224,0.045948,,,,,,keyboard,after digit#2,"{""note"":""after digit#2"",""pd_used"":0}",2,0.016667,60.000000,1
Sergio_G01_CNS-LLF5RV3D8,cpeeg02,ses03,20260617_121957,2026-06-17 12:20:25.175468,NaN,0,reading,DIGIT_READ3_ON,103,2026-06-17 12:22:11.842928,106.620172,0.844327,,6,,,,keyboard,digit#3 shown,"{""value"":6,""note"":""digit#3 shown"",""pd_used"":1}",2,0.016667,60.000000,1
Sergio_G01_CNS-LLF5RV3D8,cpeeg02,ses03,20260617_121957,2026-06-17 12:20:25.175468,NaN,0,reading,PROBE_COUNT_OK_3,71,2026-06-17 12:22:13.124464,107.464499,0.528371,14.685617,slot#3,NaN,,,keyboard,probe_digit#3,"{""value"":""slot#3"",""entered"":null,""rt"":14.68561690003844,""note"":""probe_digit#3""}",2,0.016667,60.000000,1
Sergio_G01_CNS-LLF5RV3D8,cpeeg02,ses03,20260617_121957,2026-06-17 12:20:25.175468,NaN,0,reading,DIGIT_READ3_OFF,118,2026-06-17 12:22:13.218388,107.992870,0.000000,,6,,,,keyboard,digit#3 off,"{""value"":6,""note"":""digit#3 off"",""pd_used"":0}",2,0.016667,60.000000,1
Sergio_G01_CNS-LLF5RV3D8,cpeeg02,ses03,20260617_121957,2026-06-17 12:20:25.175468,NaN,0,reading,POSTREAD_FIX3_ON,203,2026-06-17 12:22:13.219228,107.992870,2.038742,,,,,,keyboard,after digit#3,"{""note"":""after digit#3""}",2,0.016667,60.000000,1
Sergio_G01_CNS-LLF5RV3D8,cpeeg02,ses03,20260617_121957,2026-06-17 12:20:25.175468,NaN,0,reading,POSTREAD_FIX3_OFF,218,2026-06-17 12:22:15.248920,110.031611,0.046296,,,,,,keyboard,after digit#3,"{""note"":""after digit#3"",""pd_used"":0}",2,0.016667,60.000000,1
Sergio_G01_CNS-LLF5RV3D8,cpeeg02,ses03,20260617_121957,2026-06-17 12:20:25.175468,NaN,0,reading,DIGIT_READ4_ON,104,2026-06-17 12:22:15.300274,110.077907,1.711046,,4,,,,keyboard,digit#4 shown,"{""value"":4,""note"":""digit#4 shown"",""pd_used"":1}",2,0.016667,60.000000,1
Sergio_G01_CNS-LLF5RV3D8,cpeeg02,ses03,20260617_121957,2026-06-17 12:20:25.175468,NaN,0,reading,PROBE_COUNT_OK_4,71,2026-06-17 12:22:17.345314,111.788953,0.424312,19.010072,slot#4,NaN,,,keyboard,probe_digit#4,"{""value"":""slot#4"",""entered"":null,""rt"":19.010071700031403,""note"":""probe_digit#4""}",2,0.016667,60.000000,1
Sergio_G01_CNS-LLF5RV3D8,cpeeg02,ses03,20260617_121957,2026-06-17 12:20:25.175468,NaN,0,reading,DIGIT_READ4_OFF,119,2026-06-17 12:22:17.439413,112.213266,0.000000,,4,,,,keyboard,digit#4 off,"{""value"":4,""note"":""digit#4 off"",""pd_used"":0}",2,0.016667,60.000000,1
Sergio_G01_CNS-LLF5RV3D8,cpeeg02,ses03,20260617_121957,2026-06-17 12:20:25.175468,NaN,0,reading,POSTREAD_FIX4_ON,204,2026-06-17 12:22:17.440258,112.213266,1.930780,,,,,,keyboard,after digit#4,"{""note"":""after digit#4""}",2,0.016667,60.000000,1
Sergio_G01_CNS-LLF5RV3D8,cpeeg02,ses03,20260617_121957,2026-06-17 12:20:25.175468,NaN,0,reading,POSTREAD_FIX4_OFF,219,2026-06-17 12:22:19.361420,114.144046,0.046546,,,,,,keyboard,after digit#4,"{""note"":""after digit#4"",""pd_used"":0}",2,0.016667,60.000000,1
Sergio_G01_CNS-LLF5RV3D8,cpeeg02,ses03,20260617_121957,2026-06-17 12:20:25.175468,NaN,0,reading,DIGIT_READ5_ON,105,2026-06-17 12:22:19.412965,114.190591,1.037402,,8,,,,keyboard,digit#5 shown,"{""value"":8,""note"":""digit#5 shown"",""pd_used"":1}",2,0.016667,60.000000,1
Sergio_G01_CNS-LLF5RV3D8,cpeeg02,ses03,20260617_121957,2026-06-17 12:20:25.175468,NaN,0,reading,PROBE_COUNT_OK_5,71,2026-06-17 12:22:20.766251,115.227993,0.406380,22.449111,slot#5,NaN,,,keyboard,probe_digit#5,"{""value"":""slot#5"",""entered"":null,""rt"":22.449111200054176,""note"":""probe_digit#5""}",2,0.016667,60.000000,1
Sergio_G01_CNS-LLF5RV3D8,cpeeg02,ses03,20260617_121957,2026-06-17 12:20:25.175468,NaN,0,reading,DIGIT_READ5_OFF,120,2026-06-17 12:22:20.860046,115.634373,0.000000,,8,,,,keyboard,digit#5 off,"{""value"":8,""note"":""digit#5 off"",""pd_used"":0}",2,0.016667,60.000000,1
Sergio_G01_CNS-LLF5RV3D8,cpeeg02,ses03,20260617_121957,2026-06-17 12:20:25.175468,NaN,0,reading,POSTREAD_FIX5_ON,205,2026-06-17 12:22:20.860835,115.634373,1.591636,,,,,,keyboard,after digit#5,"{""note"":""after digit#5""}",2,0.016667,60.000000,1
Sergio_G01_CNS-LLF5RV3D8,cpeeg02,ses03,20260617_121957,2026-06-17 12:20:25.175468,NaN,0,reading,POSTREAD_FIX5_OFF,220,2026-06-17 12:22:22.443318,117.226009,0.046043,,,,,,keyboard,after digit#5,"{""note"":""after digit#5"",""pd_used"":0}",2,0.016667,60.000000,1
Sergio_G01_CNS-LLF5RV3D8,cpeeg02,ses03,20260617_121957,2026-06-17 12:20:25.175468,NaN,0,reading,DIGIT_READ6_ON,106,2026-06-17 12:22:22.494590,117.272052,4.017581,,7,,,,keyboard,digit#6 shown,"{""value"":7,""note"":""digit#6 shown"",""pd_used"":1}",2,0.016667,60.000000,1
Sergio_G01_CNS-LLF5RV3D8,cpeeg02,ses03,20260617_121957,2026-06-17 12:20:25.175468,NaN,0,reading,PROBE_COUNT_OK_6,71,2026-06-17 12:22:27.074785,121.289633,0.653461,28.510751,slot#6,NaN,,,keyboard,probe_digit#6,"{""value"":""slot#6"",""entered"":null,""rt"":28.51075120002497,""note"":""probe_digit#6""}",2,0.016667,60.000000,1
Sergio_G01_CNS-LLF5RV3D8,cpeeg02,ses03,20260617_121957,2026-06-17 12:20:25.175468,NaN,0,reading,DIGIT_READ6_OFF,121,2026-06-17 12:22:27.168920,121.943094,0.000000,,7,,,,keyboard,digit#6 off,"{""value"":7,""note"":""digit#6 off"",""pd_used"":0}",2,0.016667,60.000000,1
Sergio_G01_CNS-LLF5RV3D8,cpeeg02,ses03,20260617_121957,2026-06-17 12:20:25.175468,NaN,0,reading,POSTREAD_FIX6_ON,206,2026-06-17 12:22:27.169718,121.943094,2.017205,,,,,,keyboard,after digit#6,"{""note"":""after digit#6""}",2,0.016667,60.000000,1
Sergio_G01_CNS-LLF5RV3D8,cpeeg02,ses03,20260617_121957,2026-06-17 12:20:25.175468,NaN,0,reading,POSTREAD_FIX6_OFF,221,2026-06-17 12:22:29.177689,123.960299,0.047023,,,,,,keyboard,after digit#6,"{""note"":""after digit#6"",""pd_used"":0}",2,0.016667,60.000000,1
Sergio_G01_CNS-LLF5RV3D8,cpeeg02,ses03,20260617_121957,2026-06-17 12:20:25.175468,NaN,0,reading,DIGIT_READ7_ON,107,2026-06-17 12:22:29.229148,124.007322,1.305349,,0,,,,keyboard,digit#7 shown,"{""value"":0,""note"":""digit#7 shown"",""pd_used"":1}",2,0.016667,60.000000,1
Sergio_G01_CNS-LLF5RV3D8,cpeeg02,ses03,20260617_121957,2026-06-17 12:20:25.175468,NaN,0,reading,PROBE_COUNT_OK_7,71,2026-06-17 12:22:31.075751,125.312671,0.630954,32.533790,slot#7,NaN,,,keyboard,probe_digit#7,"{""value"":""slot#7"",""entered"":null,""rt"":32.533789500012062,""note"":""probe_digit#7""}",2,0.016667,60.000000,1
Sergio_G01_CNS-LLF5RV3D8,cpeeg02,ses03,20260617_121957,2026-06-17 12:20:25.175468,NaN,0,reading,DIGIT_READ7_OFF,122,2026-06-17 12:22:31.169752,125.943625,0.000000,,0,,,,keyboard,digit#7 off,"{""value"":0,""note"":""digit#7 off"",""pd_used"":0}",2,0.016667,60.000000,1
Sergio_G01_CNS-LLF5RV3D8,cpeeg02,ses03,20260617_121957,2026-06-17 12:20:25.175468,NaN,0,reading,POSTREAD_FIX7_ON,207,2026-06-17 12:22:31.170531,125.943625,1.720914,,,,,,keyboard,after digit#7,"{""note"":""after digit#7""}",2,0.016667,60.000000,1
Sergio_G01_CNS-LLF5RV3D8,cpeeg02,ses03,20260617_121957,2026-06-17 12:20:25.175468,NaN,0,reading,POSTREAD_FIX7_OFF,222,2026-06-17 12:22:32.881693,127.664540,0.046271,,,,,,keyboard,after digit#7,"{""note"":""after digit#7"",""pd_used"":0}",2,0.016667,60.000000,1
Sergio_G01_CNS-LLF5RV3D8,cpeeg02,ses03,20260617_121957,2026-06-17 12:20:25.175468,NaN,0,reading,DIGIT_READ8_ON,108,2026-06-17 12:22:32.933185,127.710811,1.138829,,6,,,,keyboard,digit#8 shown,"{""value"":6,""note"":""digit#8 shown"",""pd_used"":1}",2,0.016667,60.000000,1
Sergio_G01_CNS-LLF5RV3D8,cpeeg02,ses03,20260617_121957,2026-06-17 12:20:25.175468,NaN,0,reading,PROBE_COUNT_OK_8,71,2026-06-17 12:22:34.525921,128.849640,0.544016,36.070759,slot#8,NaN,,,keyboard,probe_digit#8,"{""value"":""slot#8"",""entered"":null,""rt"":36.070758700021543,""note"":""probe_digit#8""}",2,0.016667,60.000000,1
Sergio_G01_CNS-LLF5RV3D8,cpeeg02,ses03,20260617_121957,2026-06-17 12:20:25.175468,NaN,0,reading,DIGIT_READ8_OFF,123,2026-06-17 12:22:34.619579,129.393657,0.000000,,6,,,,keyboard,digit#8 off,"{""value"":6,""note"":""digit#8 off"",""pd_used"":0}",2,0.016667,60.000000,1
Sergio_G01_CNS-LLF5RV3D8,cpeeg02,ses03,20260617_121957,2026-06-17 12:20:25.175468,NaN,0,reading,POSTREAD_FIX8_ON,208,2026-06-17 12:22:34.620340,129.393657,1.957544,,,,,,keyboard,after digit#8,"{""note"":""after digit#8""}",2,0.016667,60.000000,1
Sergio_G01_CNS-LLF5RV3D8,cpeeg02,ses03,20260617_121957,2026-06-17 12:20:25.175468,NaN,0,reading,POSTREAD_FIX8_OFF,223,2026-06-17 12:22:36.568637,131.351200,0.046359,,,,,,keyboard,after digit#8,"{""note"":""after digit#8"",""pd_used"":0}",2,0.016667,60.000000,1
Sergio_G01_CNS-LLF5RV3D8,cpeeg02,ses03,20260617_121957,2026-06-17 12:20:25.175468,NaN,0,reading,DIGIT_READ9_ON,109,2026-06-17 12:22:36.620240,131.397560,0.715263,,9,,,,keyboard,digit#9 shown,"{""value"":9,""note"":""digit#9 shown"",""pd_used"":1}",2,0.016667,60.000000,1
Sergio_G01_CNS-LLF5RV3D8,cpeeg02,ses03,20260617_121957,2026-06-17 12:20:25.175468,NaN,0,reading,PROBE_COUNT_OK_9,71,2026-06-17 12:22:37.824223,132.112822,0.579496,39.333940,slot#9,NaN,,,keyboard,probe_digit#9,"{""value"":""slot#9"",""entered"":null,""rt"":39.3339404000435,""note"":""probe_digit#9""}",2,0.016667,60.000000,1
Sergio_G01_CNS-LLF5RV3D8,cpeeg02,ses03,20260617_121957,2026-06-17 12:20:25.175468,NaN,0,reading,DIGIT_READ9_OFF,124,2026-06-17 12:22:37.918189,132.692318,0.000000,,9,,,,keyboard,digit#9 off,"{""value"":9,""note"":""digit#9 off"",""pd_used"":0}",2,0.016667,60.000000,1
Sergio_G01_CNS-LLF5RV3D8,cpeeg02,ses03,20260617_121957,2026-06-17 12:20:25.175468,NaN,0,reading,POSTREAD_FIX9_ON,209,2026-06-17 12:22:37.918960,132.692318,2.000153,,,,,,keyboard,after digit#9,"{""note"":""after digit#9""}",2,0.016667,60.000000,1
Sergio_G01_CNS-LLF5RV3D8,cpeeg02,ses03,20260617_121957,2026-06-17 12:20:25.175468,NaN,0,reading,POSTREAD_FIX9_OFF,224,2026-06-17 12:22:39.909899,134.692470,0.046530,,,,,,keyboard,after digit#9,"{""note"":""after digit#9"",""pd_used"":0}",2,0.016667,60.000000,1
Sergio_G01_CNS-LLF5RV3D8,cpeeg02,ses03,20260617_121957,2026-06-17 12:20:25.175468,NaN,0,reading,DIGIT_READ10_ON,110,2026-06-17 12:22:39.961292,134.739000,0.726745,,3,,,,keyboard,digit#10 shown,"{""value"":3,""note"":""digit#10 shown"",""pd_used"":1}",2,0.016667,60.000000,1
Sergio_G01_CNS-LLF5RV3D8,cpeeg02,ses03,20260617_121957,2026-06-17 12:20:25.175468,NaN,0,reading,PROBE_COUNT_OK_10,71,2026-06-17 12:22:41.274597,135.465745,0.677093,42.686864,slot#10,NaN,,,keyboard,probe_digit#10,"{""value"":""slot#10"",""entered"":null,""rt"":42.686863700044341,""note"":""probe_digit#10""}",2,0.016667,60.000000,1
Sergio_G01_CNS-LLF5RV3D8,cpeeg02,ses03,20260617_121957,2026-06-17 12:20:25.175468,NaN,0,reading,DIGIT_READ10_OFF,125,2026-06-17 12:22:41.368597,136.142839,0.000000,,3,,,,keyboard,digit#10 off,"{""value"":3,""note"":""digit#10 off"",""pd_used"":0}",2,0.016667,60.000000,1
Sergio_G01_CNS-LLF5RV3D8,cpeeg02,ses03,20260617_121957,2026-06-17 12:20:25.175468,NaN,0,reading,POSTREAD_FIX10_ON,210,2026-06-17 12:22:41.369420,136.142839,1.844505,,,,,,keyboard,after digit#10,"{""note"":""after digit#10""}",2,0.016667,60.000000,1
Sergio_G01_CNS-LLF5RV3D8,cpeeg02,ses03,20260617_121957,2026-06-17 12:20:25.175468,NaN,0,reading,POSTREAD_FIX10_OFF,225,2026-06-17 12:22:43.204538,137.987344,0.046130,,,,,,keyboard,after digit#10,"{""note"":""after digit#10"",""pd_used"":0}",2,0.016667,60.000000,1
Sergio_G01_CNS-LLF5RV3D8,cpeeg02,ses03,20260617_121957,2026-06-17 12:20:25.175468,NaN,0,reading,DIGIT_READ11_ON,111,2026-06-17 12:22:43.255901,138.033474,1.013405,,3,,,,keyboard,digit#11 shown,"{""value"":3,""note"":""digit#11 shown"",""pd_used"":1}",2,0.016667,60.000000,1
Sergio_G01_CNS-LLF5RV3D8,cpeeg02,ses03,20260617_121957,2026-06-17 12:20:25.175468,NaN,0,reading,PROBE_COUNT_OK_11,71,2026-06-17 12:22:44.675581,139.046880,0.496894,46.267998,slot#11,NaN,,,keyboard,probe_digit#11,"{""value"":""slot#11"",""entered"":null,""rt"":46.267997800023295,""note"":""probe_digit#11""}",2,0.016667,60.000000,1
Sergio_G01_CNS-LLF5RV3D8,cpeeg02,ses03,20260617_121957,2026-06-17 12:20:25.175468,NaN,0,reading,DIGIT_READ11_OFF,126,2026-06-17 12:22:44.769451,139.543774,0.000000,,3,,,,keyboard,digit#11 off,"{""value"":3,""note"":""digit#11 off"",""pd_used"":0}",2,0.016667,60.000000,1
Sergio_G01_CNS-LLF5RV3D8,cpeeg02,ses03,20260617_121957,2026-06-17 12:20:25.175468,NaN,0,reading,POSTREAD_FIX11_ON,211,2026-06-17 12:22:44.770266,139.543774,1.879604,,,,,,keyboard,after digit#11,"{""note"":""after digit#11""}",2,0.016667,60.000000,1
Sergio_G01_CNS-LLF5RV3D8,cpeeg02,ses03,20260617_121957,2026-06-17 12:20:25.175468,NaN,0,reading,POSTREAD_FIX11_OFF,226,2026-06-17 12:22:46.640494,141.423378,0.046123,,,,,,keyboard,after digit#11,"{""note"":""after digit#11"",""pd_used"":0}",2,0.016667,60.000000,1
Sergio_G01_CNS-LLF5RV3D8,cpeeg02,ses03,20260617_121957,2026-06-17 12:20:25.175468,NaN,0,reading,DIGIT_READ12_ON,112,2026-06-17 12:22:46.691945,141.469501,1.028962,,7,,,,keyboard,digit#12 shown,"{""value"":7,""note"":""digit#12 shown"",""pd_used"":1}",2,0.016667,60.000000,1
Sergio_G01_CNS-LLF5RV3D8,cpeeg02,ses03,20260617_121957,2026-06-17 12:20:25.175468,NaN,0,reading,PROBE_COUNT_OK_12,71,2026-06-17 12:22:48.004807,142.498463,0.374565,49.719582,slot#12,NaN,,,keyboard,probe_digit#12,"{""value"":""slot#12"",""entered"":null,""rt"":49.719581500045024,""note"":""probe_digit#12""}",2,0.016667,60.000000,1
Sergio_G01_CNS-LLF5RV3D8,cpeeg02,ses03,20260617_121957,2026-06-17 12:20:25.175468,NaN,0,reading,DIGIT_READ12_OFF,127,2026-06-17 12:22:48.098756,142.873029,0.000000,,7,,,,keyboard,digit#12 off,"{""value"":7,""note"":""digit#12 off"",""pd_used"":0}",2,0.016667,60.000000,1
Sergio_G01_CNS-LLF5RV3D8,cpeeg02,ses03,20260617_121957,2026-06-17 12:20:25.175468,NaN,0,reading,POSTREAD_FIX12_ON,212,2026-06-17 12:22:48.099593,142.873029,1.857887,,,,,,keyboard,after digit#12,"{""note"":""after digit#12""}",2,0.016667,60.000000,1
Sergio_G01_CNS-LLF5RV3D8,cpeeg02,ses03,20260617_121957,2026-06-17 12:20:25.175468,NaN,0,reading,POSTREAD_FIX12_OFF,227,2026-06-17 12:22:49.948116,144.730916,0.046050,,,,,,keyboard,after digit#12,"{""note"":""after digit#12"",""pd_used"":0}",2,0.016667,60.000000,1
Sergio_G01_CNS-LLF5RV3D8,cpeeg02,ses03,20260617_121957,2026-06-17 12:20:25.175468,NaN,0,reading,DIGIT_READ13_ON,113,2026-06-17 12:22:49.999420,144.776966,0.921286,,4,,,,keyboard,digit#13 shown,"{""value"":4,""note"":""digit#13 shown"",""pd_used"":1}",2,0.016667,60.000000,1
Sergio_G01_CNS-LLF5RV3D8,cpeeg02,ses03,20260617_121957,2026-06-17 12:20:25.175468,NaN,0,reading,PROBE_COUNT_OK_13,71,2026-06-17 12:22:51.205902,145.698252,0.376112,52.919370,slot#13,NaN,,,keyboard,probe_digit#13,"{""value"":""slot#13"",""entered"":null,""rt"":52.919370100018568,""note"":""probe_digit#13""}",2,0.016667,60.000000,1
Sergio_G01_CNS-LLF5RV3D8,cpeeg02,ses03,20260617_121957,2026-06-17 12:20:25.175468,NaN,0,reading,DIGIT_READ13_OFF,128,2026-06-17 12:22:51.299607,146.074364,0.000000,,4,,,,keyboard,digit#13 off,"{""value"":4,""note"":""digit#13 off"",""pd_used"":0}",2,0.016667,60.000000,1
Sergio_G01_CNS-LLF5RV3D8,cpeeg02,ses03,20260617_121957,2026-06-17 12:20:25.175468,NaN,0,reading,POSTREAD_FIX13_ON,213,2026-06-17 12:22:51.300362,146.074364,1.857992,,,,,,keyboard,after digit#13,"{""note"":""after digit#13""}",2,0.016667,60.000000,1
Sergio_G01_CNS-LLF5RV3D8,cpeeg02,ses03,20260617_121957,2026-06-17 12:20:25.175468,NaN,0,reading,POSTREAD_FIX13_OFF,228,2026-06-17 12:22:53.149534,147.932356,0.045766,,,,,,keyboard,after digit#13,"{""note"":""after digit#13"",""pd_used"":0}",2,0.016667,60.000000,1
Sergio_G01_CNS-LLF5RV3D8,cpeeg02,ses03,20260617_121957,2026-06-17 12:20:25.175468,NaN,0,reading,DIGIT_READ14_ON,114,2026-06-17 12:22:53.200976,147.978122,1.089530,,9,,,,keyboard,digit#14 shown,"{""value"":9,""note"":""digit#14 shown"",""pd_used"":1}",2,0.016667,60.000000,1
Sergio_G01_CNS-LLF5RV3D8,cpeeg02,ses03,20260617_121957,2026-06-17 12:20:25.175468,NaN,0,reading,PROBE_COUNT_OK_14,71,2026-06-17 12:22:54.704494,149.067652,0.504800,56.288771,slot#14,NaN,,,keyboard,probe_digit#14,"{""value"":""slot#14"",""entered"":null,""rt"":56.288770600047428,""note"":""probe_digit#14""}",2,0.016667,60.000000,1
Sergio_G01_CNS-LLF5RV3D8,cpeeg02,ses03,20260617_121957,2026-06-17 12:20:25.175468,NaN,0,reading,DIGIT_READ14_OFF,129,2026-06-17 12:22:54.798482,149.572453,0.000000,,9,,,,keyboard,digit#14 off,"{""value"":9,""note"":""digit#14 off"",""pd_used"":0}",2,0.016667,60.000000,1
Sergio_G01_CNS-LLF5RV3D8,cpeeg02,ses03,20260617_121957,2026-06-17 12:20:25.175468,NaN,0,reading,POSTREAD_FIX14_ON,214,2026-06-17 12:22:54.799251,149.572453,1.611556,,,,,,keyboard,after digit#14,"{""note"":""after digit#14""}",2,0.016667,60.000000,1
Sergio_G01_CNS-LLF5RV3D8,cpeeg02,ses03,20260617_121957,2026-06-17 12:20:25.175468,NaN,0,reading,POSTREAD_FIX14_OFF,229,2026-06-17 12:22:56.401211,151.184009,0.046253,,,,,,keyboard,after digit#14,"{""note"":""after digit#14"",""pd_used"":0}",2,0.016667,60.000000,1
Sergio_G01_CNS-LLF5RV3D8,cpeeg02,ses03,20260617_121957,2026-06-17 12:20:25.175468,NaN,0,reading,DIGIT_READ15_ON,115,2026-06-17 12:22:56.452564,151.230262,0.947141,,4,,,,keyboard,digit#15 shown,"{""value"":4,""note"":""digit#15 shown"",""pd_used"":1}",2,0.016667,60.000000,1
Sergio_G01_CNS-LLF5RV3D8,cpeeg02,ses03,20260617_121957,2026-06-17 12:20:25.175468,NaN,0,reading,PROBE_COUNT_OK_15,71,2026-06-17 12:22:57.786568,152.177403,0.477197,59.398522,slot#15,NaN,,,keyboard,probe_digit#15,"{""value"":""slot#15"",""entered"":null,""rt"":59.398521600000095,""note"":""probe_digit#15""}",2,0.016667,60.000000,1
Sergio_G01_CNS-LLF5RV3D8,cpeeg02,ses03,20260617_121957,2026-06-17 12:20:25.175468,NaN,0,reading,DIGIT_READ15_OFF,130,2026-06-17 12:22:57.880241,152.654601,0.000000,,4,,,,keyboard,digit#15 off,"{""value"":4,""note"":""digit#15 off"",""pd_used"":0}",2,0.016667,60.000000,1
Sergio_G01_CNS-LLF5RV3D8,cpeeg02,ses03,20260617_121957,2026-06-17 12:20:25.175468,NaN,0,reading,POSTREAD_FIX15_ON,215,2026-06-17 12:22:57.881039,152.654601,3.371843,,,,,,keyboard,after digit#15,"{""note"":""after digit#15""}",2,0.016667,60.000000,1
Sergio_G01_CNS-LLF5RV3D8,cpeeg02,ses03,20260617_121957,2026-06-17 12:20:25.175468,NaN,0,reading,POSTREAD_FIX15_OFF,230,2026-06-17 12:23:01.243776,156.026444,0.043831,,,,,,keyboard,after digit#15,"{""note"":""after digit#15"",""pd_used"":0}",2,0.016667,60.000000,1
Sergio_G01_CNS-LLF5RV3D8,cpeeg02,ses03,20260617_121957,2026-06-17 12:20:25.175468,NaN,0,reading,READING_END,24,2026-06-17 12:23:01.245666,156.070275,0.051810,,,,,,keyboard,,{},2,0.016667,60.000000,1
Sergio_G01_CNS-LLF5RV3D8,cpeeg02,ses03,20260617_121957,2026-06-17 12:20:25.175468,NaN,0,reading,START_PAGE_ON,4,2026-06-17 12:23:01.346260,156.122086,0.053005,,,,,,keyboard,,"{""pd_used"":0}",2,0.016667,60.000000,1
Sergio_G01_CNS-LLF5RV3D8,cpeeg02,ses03,20260617_121957,2026-06-17 12:20:25.175468,NaN,0,reading,START_PAGE_ON,4,2026-06-17 12:23:01.346260,156.122086,4.644566,,,,,,keyboard,,"{""pd_used"":0}",2,0.016667,60.000000,1
Sergio_G01_CNS-LLF5RV3D8,cpeeg02,ses03,20260617_121957,2026-06-17 12:20:25.175468,NaN,0,reading,START_PAGE_ON,4,2026-06-17 12:23:01.346260,156.122086,5.013606,,,,,,keyboard,,"{""pd_used"":0}",2,0.016667,60.000000,1
Sergio_G01_CNS-LLF5RV3D8,cpeeg02,ses03,20260617_121957,2026-06-17 12:20:25.175468,NaN,1,reading,TRIAL_CHANGE,22,2026-06-17 12:23:06.311365,161.135692,0.001165,,,,,,keyboard,trial transition,"{""note"":""trial transition""}",2,0.016667,60.000000,1
Sergio_G01_CNS-LLF5RV3D8,cpeeg02,ses03,20260617_121957,2026-06-17 12:20:25.175468,NaN,1,reading,TRIAL_START,20,2026-06-17 12:23:06.312282,161.136857,0.051428,,,,,,keyboard,,{},2,0.016667,60.000000,1
Sergio_G01_CNS-LLF5RV3D8,cpeeg02,ses03,20260617_121957,2026-06-17 12:20:25.175468,NaN,1,fix1,FIX1_ON,30,2026-06-17 12:23:06.413608,161.188284,3.413769,,,,,,keyboard,,"{""pd_used"":0}",2,0.016667,60.000000,1
Sergio_G01_CNS-LLF5RV3D8,cpeeg02,ses03,20260617_121957,2026-06-17 12:20:25.175468,NaN,1,fix1,FIX1_OFF,31,2026-06-17 12:23:09.819491,164.602053,0.044842,,,,,,keyboard,,"{""pd_used"":0}",2,0.016667,60.000000,1
Sergio_G01_CNS-LLF5RV3D8,cpeeg02,ses03,20260617_121957,2026-06-17 12:20:25.175468,NaN,1,digit,DIGIT1_ON,141,2026-06-17 12:23:09.870982,164.646896,0.551608,,5,,,,keyboard,digit#1 shown,"{""value"":5,""note"":""digit#1 shown"",""pd_used"":1}",2,0.016667,60.000000,1
Sergio_G01_CNS-LLF5RV3D8,cpeeg02,ses03,20260617_121957,2026-06-17 12:20:25.175468,NaN,1,digit,DIGIT1_OFF,146,2026-06-17 12:23:10.415810,165.198503,0.000000,,5,,,,keyboard,digit#1 off,"{""value"":5,""note"":""digit#1 off"",""pd_used"":0}",2,0.016667,60.000000,1
Sergio_G01_CNS-LLF5RV3D8,cpeeg02,ses03,20260617_121957,2026-06-17 12:20:25.175468,NaN,1,digit,POSTDIG_FIX1_ON,151,2026-06-17 12:23:10.416891,165.198503,1.612085,,,,,,keyboard,after digit#1,"{""note"":""after digit#1""}",2,0.016667,60.000000,1
Sergio_G01_CNS-LLF5RV3D8,cpeeg02,ses03,20260617_121957,2026-06-17 12:20:25.175468,NaN,1,digit,POSTDIG_FIX1_OFF,156,2026-06-17 12:23:12.027887,166.810588,0.044148,,,,,,keyboard,after digit#1,"{""note"":""after digit#1"",""pd_used"":0}",2,0.016667,60.000000,1
Sergio_G01_CNS-LLF5RV3D8,cpeeg02,ses03,20260617_121957,2026-06-17 12:20:25.175468,NaN,1,digit,DIGIT2_ON,142,2026-06-17 12:23:12.079486,166.854737,0.551792,,0,,,,keyboard,digit#2 shown,"{""value"":0,""note"":""digit#2 shown"",""pd_used"":1}",2,0.016667,60.000000,1
Sergio_G01_CNS-LLF5RV3D8,cpeeg02,ses03,20260617_121957,2026-06-17 12:20:25.175468,NaN,1,digit,DIGIT2_OFF,147,2026-06-17 12:23:12.623931,167.406529,0.000000,,0,,,,keyboard,digit#2 off,"{""value"":0,""note"":""digit#2 off"",""pd_used"":0}",2,0.016667,60.000000,1
Sergio_G01_CNS-LLF5RV3D8,cpeeg02,ses03,20260617_121957,2026-06-17 12:20:25.175468,NaN,1,digit,POSTDIG_FIX2_ON,152,2026-06-17 12:23:12.624747,167.406529,1.740193,,,,,,keyboard,after digit#2,"{""note"":""after digit#2""}",2,0.016667,60.000000,1
Sergio_G01_CNS-LLF5RV3D8,cpeeg02,ses03,20260617_121957,2026-06-17 12:20:25.175468,NaN,1,digit,POSTDIG_FIX2_OFF,157,2026-06-17 12:23:14.364098,169.146722,0.044290,,,,,,keyboard,after digit#2,"{""note"":""after digit#2"",""pd_used"":0}",2,0.016667,60.000000,1
Sergio_G01_CNS-LLF5RV3D8,cpeeg02,ses03,20260617_121957,2026-06-17 12:20:25.175468,NaN,1,digit,DIGIT3_ON,143,2026-06-17 12:23:14.415425,169.191012,0.551209,,2,,,,keyboard,digit#3 shown,"{""value"":2,""note"":""digit#3 shown"",""pd_used"":1}",2,0.016667,60.000000,1
Sergio_G01_CNS-LLF5RV3D8,cpeeg02,ses03,20260617_121957,2026-06-17 12:20:25.175468,NaN,1,digit,DIGIT3_OFF,148,2026-06-17 12:23:14.959438,169.742221,0.000000,,2,,,,keyboard,digit#3 off,"{""value"":2,""note"":""digit#3 off"",""pd_used"":0}",2,0.016667,60.000000,1
Sergio_G01_CNS-LLF5RV3D8,cpeeg02,ses03,20260617_121957,2026-06-17 12:20:25.175468,NaN,1,digit,POSTDIG_FIX3_ON,153,2026-06-17 12:23:14.960226,169.742221,1.750903,,,,,,keyboard,after digit#3,"{""note"":""after digit#3""}",2,0.016667,60.000000,1
Sergio_G01_CNS-LLF5RV3D8,cpeeg02,ses03,20260617_121957,2026-06-17 12:20:25.175468,NaN,1,digit,POSTDIG_FIX3_OFF,158,2026-06-17 12:23:16.710575,171.493124,0.044343,,,,,,keyboard,after digit#3,"{""note"":""after digit#3"",""pd_used"":0}",2,0.016667,60.000000,1
Sergio_G01_CNS-LLF5RV3D8,cpeeg02,ses03,20260617_121957,2026-06-17 12:20:25.175468,NaN,1,digit,DIGIT4_ON,144,2026-06-17 12:23:16.761912,171.537467,0.551408,,5,,,,keyboard,digit#4 shown,"{""value"":5,""note"":""digit#4 shown"",""pd_used"":1}",2,0.016667,60.000000,1
Sergio_G01_CNS-LLF5RV3D8,cpeeg02,ses03,20260617_121957,2026-06-17 12:20:25.175468,NaN,1,digit,DIGIT4_OFF,149,2026-06-17 12:23:17.306218,172.088875,0.000000,,5,,,,keyboard,digit#4 off,"{""value"":5,""note"":""digit#4 off"",""pd_used"":0}",2,0.016667,60.000000,1
Sergio_G01_CNS-LLF5RV3D8,cpeeg02,ses03,20260617_121957,2026-06-17 12:20:25.175468,NaN,1,digit,POSTDIG_FIX4_ON,154,2026-06-17 12:23:17.307006,172.088875,1.982856,,,,,,keyboard,after digit#4,"{""note"":""after digit#4""}",2,0.016667,60.000000,1
Sergio_G01_CNS-LLF5RV3D8,cpeeg02,ses03,20260617_121957,2026-06-17 12:20:25.175468,NaN,1,digit,POSTDIG_FIX4_OFF,159,2026-06-17 12:23:19.288987,174.071731,0.044055,,,,,,keyboard,after digit#4,"{""note"":""after digit#4"",""pd_used"":0}",2,0.016667,60.000000,1
Sergio_G01_CNS-LLF5RV3D8,cpeeg02,ses03,20260617_121957,2026-06-17 12:20:25.175468,NaN,1,digit,DIGIT5_ON,145,2026-06-17 12:23:19.340215,174.115786,0.551347,,1,,,,keyboard,digit#5 shown,"{""value"":1,""note"":""digit#5 shown"",""pd_used"":1}",2,0.016667,60.000000,1
Sergio_G01_CNS-LLF5RV3D8,cpeeg02,ses03,20260617_121957,2026-06-17 12:20:25.175468,NaN,1,digit,DIGIT5_OFF,150,2026-06-17 12:23:19.884245,174.667133,0.000000,,1,,,,keyboard,digit#5 off,"{""value"":1,""note"":""digit#5 off"",""pd_used"":0}",2,0.016667,60.000000,1
Sergio_G01_CNS-LLF5RV3D8,cpeeg02,ses03,20260617_121957,2026-06-17 12:20:25.175468,NaN,1,digit,POSTDIG_FIX5_ON,155,2026-06-17 12:23:19.885020,174.667133,3.222759,,,,,,keyboard,after digit#5,"{""note"":""after digit#5""}",2,0.016667,60.000000,1
Sergio_G01_CNS-LLF5RV3D8,cpeeg02,ses03,20260617_121957,2026-06-17 12:20:25.175468,NaN,1,digit,POSTDIG_FIX5_OFF,160,2026-06-17 12:23:23.107068,177.889892,0.045633,,,,,,keyboard,after digit#5,"{""note"":""after digit#5"",""pd_used"":0}",2,0.016667,60.000000,1
Sergio_G01_CNS-LLF5RV3D8,cpeeg02,ses03,20260617_121957,2026-06-17 12:20:25.175468,NaN,1,distractor,DISTRACTOR_ON,50,2026-06-17 12:23:23.158342,177.935525,3.605245,,5+2=7,,,,keyboard,,"{""value"":""5+2=7"",""isCorrectTruth"":true,""trueSum"":7,""pd_used"":1}",2,0.016667,60.000000,1
Sergio_G01_CNS-LLF5RV3D8,cpeeg02,ses03,20260617_121957,2026-06-17 12:20:25.175468,NaN,1,distractor,DISTRACTOR_ANS,51,2026-06-17 12:23:27.236215,181.540770,0.000000,3.605245,5+2=7,F,0,,keyboard,key= (False),"{""value"":""5+2=7"",""entered"":""F"",""rt"":3.6052448999835178,""correct"":0,""note"":""key= (False)"",""truth"":true,""trueSum"":7,""shownSum"":7,""a"":5,""b"":2}",2,0.016667,60.000000,1
Sergio_G01_CNS-LLF5RV3D8,cpeeg02,ses03,20260617_121957,2026-06-17 12:20:25.175468,NaN,1,distractor,ANS_WRONG,200,2026-06-17 12:23:27.278693,181.540770,0.564821,,,,,,keyboard,,{},2,0.016667,60.000000,1
Sergio_G01_CNS-LLF5RV3D8,cpeeg02,ses03,20260617_121957,2026-06-17 12:20:25.175468,NaN,1,distractor,DISTRACTOR_OFF,52,2026-06-17 12:23:27.330232,182.105591,0.000000,,,,,,keyboard,,"{""pd_used"":0}",2,0.016667,60.000000,1
Sergio_G01_CNS-LLF5RV3D8,cpeeg02,ses03,20260617_121957,2026-06-17 12:20:25.175468,NaN,1,distractor,FIX2_ON,60,2026-06-17 12:23:27.331076,182.105591,3.327587,,,,,,keyboard,immediate after response,"{""note"":""immediate after response""}",2,0.016667,60.000000,1
Sergio_G01_CNS-LLF5RV3D8,cpeeg02,ses03,20260617_121957,2026-06-17 12:20:25.175468,NaN,1,fix2,FIX2_OFF,61,2026-06-17 12:23:30.650417,185.433178,0.044766,,,,,,keyboard,,"{""pd_used"":0}",2,0.016667,60.000000,1
Sergio_G01_CNS-LLF5RV3D8,cpeeg02,ses03,20260617_121957,2026-06-17 12:20:25.175468,NaN,1,probe,DIGIT_RECALL_LINE_1,161,2026-06-17 12:23:30.701707,185.477945,1.111350,,1,,,,keyboard,first recall question,"{""value"":1,""note"":""first recall question"",""pd_used"":1}",2,0.016667,60.000000,1
Sergio_G01_CNS-LLF5RV3D8,cpeeg02,ses03,20260617_121957,2026-06-17 12:20:25.175468,NaN,1,probe,PROBE_DIGIT_OK_1,71,2026-06-17 12:23:32.227167,186.589295,0.569251,1.113284,slot#1,NaN,,,keyboard,probe_digit#1,"{""value"":""slot#1"",""entered"":null,""rt"":1.1132844999665394,""note"":""probe_digit#1""}",2,0.016667,60.000000,1
Sergio_G01_CNS-LLF5RV3D8,cpeeg02,ses03,20260617_121957,2026-06-17 12:20:25.175468,NaN,1,probe,DIGIT1_OFF,146,2026-06-17 12:23:32.375614,187.158546,0.000000,,1,,,,keyboard,digit#1 off,"{""value"":1,""note"":""digit#1 off"",""pd_used"":0}",2,0.016667,60.000000,1
Sergio_G01_CNS-LLF5RV3D8,cpeeg02,ses03,20260617_121957,2026-06-17 12:20:25.175468,NaN,1,probe,POSTDIG_FIX1_ON,151,2026-06-17 12:23:32.376611,187.158546,1.892135,,,,,,keyboard,after digit#1,"{""note"":""after digit#1""}",2,0.016667,60.000000,1
Sergio_G01_CNS-LLF5RV3D8,cpeeg02,ses03,20260617_121957,2026-06-17 12:20:25.175468,NaN,1,probe,POSTDIG_FIX1_OFF,156,2026-06-17 12:23:34.267902,189.050681,0.046387,,,,,,keyboard,after digit#1,"{""note"":""after digit#1"",""pd_used"":0}",2,0.016667,60.000000,1
Sergio_G01_CNS-LLF5RV3D8,cpeeg02,ses03,20260617_121957,2026-06-17 12:20:25.175468,NaN,1,probe,DIGIT_RECALL_LINE_2,162,2026-06-17 12:23:34.319309,189.097067,1.072522,,2,,,,keyboard,next recall question,"{""value"":2,""note"":""next recall question"",""pd_used"":1}",2,0.016667,60.000000,1
Sergio_G01_CNS-LLF5RV3D8,cpeeg02,ses03,20260617_121957,2026-06-17 12:20:25.175468,NaN,1,probe,PROBE_DIGIT_OK_2,71,2026-06-17 12:23:35.863821,190.169589,0.615562,4.693579,slot#2,NaN,,,keyboard,probe_digit#2,"{""value"":""slot#2"",""entered"":null,""rt"":4.6935790000134148,""note"":""probe_digit#2""}",2,0.016667,60.000000,1
Sergio_G01_CNS-LLF5RV3D8,cpeeg02,ses03,20260617_121957,2026-06-17 12:20:25.175468,NaN,1,probe,DIGIT2_OFF,147,2026-06-17 12:23:36.002243,190.785152,0.000000,,1,,,,keyboard,digit#2 off,"{""value"":1,""note"":""digit#2 off"",""pd_used"":0}",2,0.016667,60.000000,1
Sergio_G01_CNS-LLF5RV3D8,cpeeg02,ses03,20260617_121957,2026-06-17 12:20:25.175468,NaN,1,probe,POSTDIG_FIX2_ON,152,2026-06-17 12:23:36.003114,190.785152,1.669793,,,,,,keyboard,after digit#2,"{""note"":""after digit#2""}",2,0.016667,60.000000,1
Sergio_G01_CNS-LLF5RV3D8,cpeeg02,ses03,20260617_121957,2026-06-17 12:20:25.175468,NaN,1,probe,POSTDIG_FIX2_OFF,157,2026-06-17 12:23:37.672619,192.454944,0.046583,,,,,,keyboard,after digit#2,"{""note"":""after digit#2"",""pd_used"":0}",2,0.016667,60.000000,1
Sergio_G01_CNS-LLF5RV3D8,cpeeg02,ses03,20260617_121957,2026-06-17 12:20:25.175468,NaN,1,probe,DIGIT_RECALL_LINE_3,163,2026-06-17 12:23:37.723885,192.501527,0.987848,,3,,,,keyboard,next recall question,"{""value"":3,""note"":""next recall question"",""pd_used"":1}",2,0.016667,60.000000,1
Sergio_G01_CNS-LLF5RV3D8,cpeeg02,ses03,20260617_121957,2026-06-17 12:20:25.175468,NaN,1,probe,PROBE_DIGIT_OK_3,71,2026-06-17 12:23:39.086438,193.489375,0.530515,8.013365,slot#3,NaN,,,keyboard,probe_digit#3,"{""value"":""slot#3"",""entered"":null,""rt"":8.01336480001919,""note"":""probe_digit#3""}",2,0.016667,60.000000,1
Sergio_G01_CNS-LLF5RV3D8,cpeeg02,ses03,20260617_121957,2026-06-17 12:20:25.175468,NaN,1,probe,DIGIT3_OFF,148,2026-06-17 12:23:39.236778,194.019890,0.000000,,1,,,,keyboard,digit#3 off,"{""value"":1,""note"":""digit#3 off"",""pd_used"":0}",2,0.016667,60.000000,1
Sergio_G01_CNS-LLF5RV3D8,cpeeg02,ses03,20260617_121957,2026-06-17 12:20:25.175468,NaN,1,probe,POSTDIG_FIX3_ON,153,2026-06-17 12:23:39.237556,194.019890,2.021698,,,,,,keyboard,after digit#3,"{""note"":""after digit#3""}",2,0.016667,60.000000,1
Sergio_G01_CNS-LLF5RV3D8,cpeeg02,ses03,20260617_121957,2026-06-17 12:20:25.175468,NaN,1,probe,POSTDIG_FIX3_OFF,158,2026-06-17 12:23:41.258883,196.041588,0.046273,,,,,,keyboard,after digit#3,"{""note"":""after digit#3"",""pd_used"":0}",2,0.016667,60.000000,1
Sergio_G01_CNS-LLF5RV3D8,cpeeg02,ses03,20260617_121957,2026-06-17 12:20:25.175468,NaN,1,probe,DIGIT_RECALL_LINE_4,164,2026-06-17 12:23:41.310097,196.087862,1.598721,,4,,,,keyboard,next recall question,"{""value"":4,""note"":""next recall question"",""pd_used"":1}",2,0.016667,60.000000,1
Sergio_G01_CNS-LLF5RV3D8,cpeeg02,ses03,20260617_121957,2026-06-17 12:20:25.175468,NaN,1,probe,PROBE_DIGIT_OK_4,71,2026-06-17 12:23:43.185281,197.686583,0.433124,12.210572,slot#4,NaN,,,keyboard,probe_digit#4,"{""value"":""slot#4"",""entered"":null,""rt"":12.210572200012393,""note"":""probe_digit#4""}",2,0.016667,60.000000,1
Sergio_G01_CNS-LLF5RV3D8,cpeeg02,ses03,20260617_121957,2026-06-17 12:20:25.175468,NaN,1,probe,DIGIT4_OFF,149,2026-06-17 12:23:43.336853,198.119707,0.000000,,1,,,,keyboard,digit#4 off,"{""value"":1,""note"":""digit#4 off"",""pd_used"":0}",2,0.016667,60.000000,1
Sergio_G01_CNS-LLF5RV3D8,cpeeg02,ses03,20260617_121957,2026-06-17 12:20:25.175468,NaN,1,probe,POSTDIG_FIX4_ON,154,2026-06-17 12:23:43.337677,198.119707,1.745067,,,,,,keyboard,after digit#4,"{""note"":""after digit#4""}",2,0.016667,60.000000,1
Sergio_G01_CNS-LLF5RV3D8,cpeeg02,ses03,20260617_121957,2026-06-17 12:20:25.175468,NaN,1,probe,POSTDIG_FIX4_OFF,159,2026-06-17 12:23:45.082060,199.864774,0.046231,,,,,,keyboard,after digit#4,"{""note"":""after digit#4"",""pd_used"":0}",2,0.016667,60.000000,1
Sergio_G01_CNS-LLF5RV3D8,cpeeg02,ses03,20260617_121957,2026-06-17 12:20:25.175468,NaN,1,probe,DIGIT_RECALL_LINE_5,165,2026-06-17 12:23:45.133412,199.911005,1.990499,,5,,,,keyboard,next recall question,"{""value"":5,""note"":""next recall question"",""pd_used"":1}",2,0.016667,60.000000,1
Sergio_G01_CNS-LLF5RV3D8,cpeeg02,ses03,20260617_121957,2026-06-17 12:20:25.175468,NaN,1,probe,PROBE_DIGIT_OK_5,71,2026-06-17 12:23:47.488603,201.901504,0.513464,16.425493,slot#5,NaN,,,keyboard,probe_digit#5,"{""value"":""slot#5"",""entered"":null,""rt"":16.425493200018536,""note"":""probe_digit#5""}",2,0.016667,60.000000,1
Sergio_G01_CNS-LLF5RV3D8,cpeeg02,ses03,20260617_121957,2026-06-17 12:20:25.175468,NaN,1,probe,DIGIT5_OFF,150,2026-06-17 12:23:47.632041,202.414967,0.000000,,1,,,,keyboard,digit#5 off,"{""value"":1,""note"":""digit#5 off"",""pd_used"":0}",2,0.016667,60.000000,1
Sergio_G01_CNS-LLF5RV3D8,cpeeg02,ses03,20260617_121957,2026-06-17 12:20:25.175468,NaN,1,probe,POSTDIG_FIX5_ON,155,2026-06-17 12:23:47.632831,202.414967,3.168701,,,,,,keyboard,after digit#5,"{""note"":""after digit#5""}",2,0.016667,60.000000,1
Sergio_G01_CNS-LLF5RV3D8,cpeeg02,ses03,20260617_121957,2026-06-17 12:20:25.175468,NaN,1,probe,POSTDIG_FIX5_OFF,160,2026-06-17 12:23:50.800994,205.583668,0.044014,,,,,,keyboard,after digit#5,"{""note"":""after digit#5"",""pd_used"":0}",2,0.016667,60.000000,1
Sergio_G01_CNS-LLF5RV3D8,cpeeg02,ses03,20260617_121957,2026-06-17 12:20:25.175468,NaN,1,probe,PROBE_DONE,73,2026-06-17 12:23:50.803071,205.627683,0.000768,,,,,,keyboard,probe complete,"{""value"":"""",""note"":""probe complete""}",2,0.016667,60.000000,1
Sergio_G01_CNS-LLF5RV3D8,cpeeg02,ses03,20260617_121957,2026-06-17 12:20:25.175468,NaN,1,probe,TRIAL_END,21,2026-06-17 12:23:50.803733,205.628450,0.101146,,,,,,keyboard,,{},2,0.016667,60.000000,1
Sergio_G01_CNS-LLF5RV3D8,cpeeg02,ses03,20260617_121957,2026-06-17 12:20:25.175468,NaN,2,probe,TRIAL_CHANGE,22,2026-06-17 12:23:50.905391,205.729596,0.001450,,,,,,keyboard,trial transition,"{""note"":""trial transition""}",2,0.016667,60.000000,1
Sergio_G01_CNS-LLF5RV3D8,cpeeg02,ses03,20260617_121957,2026-06-17 12:20:25.175468,NaN,2,probe,TRIAL_START,20,2026-06-17 12:23:50.906375,205.731046,0.043763,,,,,,keyboard,,{},2,0.016667,60.000000,1
Sergio_G01_CNS-LLF5RV3D8,cpeeg02,ses03,20260617_121957,2026-06-17 12:20:25.175468,NaN,2,fix1,FIX1_ON,30,2026-06-17 12:23:51.000094,205.774809,3.413141,,,,,,keyboard,,"{""pd_used"":0}",2,0.016667,60.000000,1
Sergio_G01_CNS-LLF5RV3D8,cpeeg02,ses03,20260617_121957,2026-06-17 12:20:25.175468,NaN,2,fix1,FIX1_OFF,31,2026-06-17 12:23:54.405093,209.187951,0.043973,,,,,,keyboard,,"{""pd_used"":0}",2,0.016667,60.000000,1
Sergio_G01_CNS-LLF5RV3D8,cpeeg02,ses03,20260617_121957,2026-06-17 12:20:25.175468,NaN,2,digit,DIGIT1_ON,141,2026-06-17 12:23:54.456383,209.231924,0.551492,,0,,,,keyboard,digit#1 shown,"{""value"":0,""note"":""digit#1 shown"",""pd_used"":1}",2,0.016667,60.000000,1
Sergio_G01_CNS-LLF5RV3D8,cpeeg02,ses03,20260617_121957,2026-06-17 12:20:25.175468,NaN,2,digit,DIGIT1_OFF,146,2026-06-17 12:23:55.000846,209.783416,0.000000,,0,,,,keyboard,digit#1 off,"{""value"":0,""note"":""digit#1 off"",""pd_used"":0}",2,0.016667,60.000000,1
Sergio_G01_CNS-LLF5RV3D8,cpeeg02,ses03,20260617_121957,2026-06-17 12:20:25.175468,NaN,2,digit,POSTDIG_FIX1_ON,151,2026-06-17 12:23:55.001670,209.783416,1.681440,,,,,,keyboard,after digit#1,"{""note"":""after digit#1""}",2,0.016667,60.000000,1
Sergio_G01_CNS-LLF5RV3D8,cpeeg02,ses03,20260617_121957,2026-06-17 12:20:25.175468,NaN,2,digit,POSTDIG_FIX1_OFF,156,2026-06-17 12:23:56.682126,211.464856,0.044224,,,,,,keyboard,after digit#1,"{""note"":""after digit#1"",""pd_used"":0}",2,0.016667,60.000000,1
Sergio_G01_CNS-LLF5RV3D8,cpeeg02,ses03,20260617_121957,2026-06-17 12:20:25.175468,NaN,2,digit,DIGIT2_ON,142,2026-06-17 12:23:56.733346,211.509080,0.550971,,1,,,,keyboard,digit#2 shown,"{""value"":1,""note"":""digit#2 shown"",""pd_used"":1}",2,0.016667,60.000000,1
Sergio_G01_CNS-LLF5RV3D8,cpeeg02,ses03,20260617_121957,2026-06-17 12:20:25.175468,NaN,2,digit,DIGIT2_OFF,147,2026-06-17 12:23:57.277219,212.060051,0.000000,,1,,,,keyboard,digit#2 off,"{""value"":1,""note"":""digit#2 off"",""pd_used"":0}",2,0.016667,60.000000,1
Sergio_G01_CNS-LLF5RV3D8,cpeeg02,ses03,20260617_121957,2026-06-17 12:20:25.175468,NaN,2,digit,POSTDIG_FIX2_ON,152,2026-06-17 12:23:57.277995,212.060051,2.044294,,,,,,keyboard,after digit#2,"{""note"":""after digit#2""}",2,0.016667,60.000000,1
Sergio_G01_CNS-LLF5RV3D8,cpeeg02,ses03,20260617_121957,2026-06-17 12:20:25.175468,NaN,2,digit,POSTDIG_FIX2_OFF,157,2026-06-17 12:23:59.321592,214.104345,0.044033,,,,,,keyboard,after digit#2,"{""note"":""after digit#2"",""pd_used"":0}",2,0.016667,60.000000,1
Sergio_G01_CNS-LLF5RV3D8,cpeeg02,ses03,20260617_121957,2026-06-17 12:20:25.175468,NaN,2,digit,DIGIT3_ON,143,2026-06-17 12:23:59.373008,214.148378,0.551553,,9,,,,keyboard,digit#3 shown,"{""value"":9,""note"":""digit#3 shown"",""pd_used"":1}",2,0.016667,60.000000,1
Sergio_G01_CNS-LLF5RV3D8,cpeeg02,ses03,20260617_121957,2026-06-17 12:20:25.175468,NaN,2,digit,DIGIT3_OFF,148,2026-06-17 12:23:59.917208,214.699931,0.000000,,9,,,,keyboard,digit#3 off,"{""value"":9,""note"":""digit#3 off"",""pd_used"":0}",2,0.016667,60.000000,1
Sergio_G01_CNS-LLF5RV3D8,cpeeg02,ses03,20260617_121957,2026-06-17 12:20:25.175468,NaN,2,digit,POSTDIG_FIX3_ON,153,2026-06-17 12:23:59.918050,214.699931,1.788123,,,,,,keyboard,after digit#3,"{""note"":""after digit#3""}",2,0.016667,60.000000,1
Sergio_G01_CNS-LLF5RV3D8,cpeeg02,ses03,20260617_121957,2026-06-17 12:20:25.175468,NaN,2,digit,POSTDIG_FIX3_OFF,158,2026-06-17 12:24:01.705218,216.488054,0.044021,,,,,,keyboard,after digit#3,"{""note"":""after digit#3"",""pd_used"":0}",2,0.016667,60.000000,1
Sergio_G01_CNS-LLF5RV3D8,cpeeg02,ses03,20260617_121957,2026-06-17 12:20:25.175468,NaN,2,digit,DIGIT4_ON,144,2026-06-17 12:24:01.756635,216.532075,0.551456,,1,,,,keyboard,digit#4 shown,"{""value"":1,""note"":""digit#4 shown"",""pd_used"":1}",2,0.016667,60.000000,1
Sergio_G01_CNS-LLF5RV3D8,cpeeg02,ses03,20260617_121957,2026-06-17 12:20:25.175468,NaN,2,digit,DIGIT4_OFF,149,2026-06-17 12:24:02.300655,217.083531,0.000000,,1,,,,keyboard,digit#4 off,"{""value"":1,""note"":""digit#4 off"",""pd_used"":0}",2,0.016667,60.000000,1
Sergio_G01_CNS-LLF5RV3D8,cpeeg02,ses03,20260617_121957,2026-06-17 12:20:25.175468,NaN,2,digit,POSTDIG_FIX4_ON,154,2026-06-17 12:24:02.301446,217.083531,1.641382,,,,,,keyboard,after digit#4,"{""note"":""after digit#4""}",2,0.016667,60.000000,1
Sergio_G01_CNS-LLF5RV3D8,cpeeg02,ses03,20260617_121957,2026-06-17 12:20:25.175468,NaN,2,digit,POSTDIG_FIX4_OFF,159,2026-06-17 12:24:03.942237,218.724913,0.044227,,,,,,keyboard,after digit#4,"{""note"":""after digit#4"",""pd_used"":0}",2,0.016667,60.000000,1
Sergio_G01_CNS-LLF5RV3D8,cpeeg02,ses03,20260617_121957,2026-06-17 12:20:25.175468,NaN,2,digit,DIGIT5_ON,145,2026-06-17 12:24:03.993869,218.769140,0.551641,,4,,,,keyboard,digit#5 shown,"{""value"":4,""note"":""digit#5 shown"",""pd_used"":1}",2,0.016667,60.000000,1
Sergio_G01_CNS-LLF5RV3D8,cpeeg02,ses03,20260617_121957,2026-06-17 12:20:25.175468,NaN,2,digit,DIGIT5_OFF,150,2026-06-17 12:24:04.537973,219.320782,0.000000,,4,,,,keyboard,digit#5 off,"{""value"":4,""note"":""digit#5 off"",""pd_used"":0}",2,0.016667,60.000000,1
Sergio_G01_CNS-LLF5RV3D8,cpeeg02,ses03,20260617_121957,2026-06-17 12:20:25.175468,NaN,2,digit,POSTDIG_FIX5_ON,155,2026-06-17 12:24:04.538818,219.320782,3.207633,,,,,,keyboard,after digit#5,"{""note"":""after digit#5""}",2,0.016667,60.000000,1
Sergio_G01_CNS-LLF5RV3D8,cpeeg02,ses03,20260617_121957,2026-06-17 12:20:25.175468,NaN,2,digit,POSTDIG_FIX5_OFF,160,2026-06-17 12:24:07.745696,222.528414,0.044621,,,,,,keyboard,after digit#5,"{""note"":""after digit#5"",""pd_used"":0}",2,0.016667,60.000000,1
Sergio_G01_CNS-LLF5RV3D8,cpeeg02,ses03,20260617_121957,2026-06-17 12:20:25.175468,NaN,2,distractor,DISTRACTOR_ON,50,2026-06-17 12:24:07.797373,222.573035,4.280178,,2+5=7,,,,keyboard,,"{""value"":""2+5=7"",""isCorrectTruth"":true,""trueSum"":7,""pd_used"":1}",2,0.016667,60.000000,1
Sergio_G01_CNS-LLF5RV3D8,cpeeg02,ses03,20260617_121957,2026-06-17 12:20:25.175468,NaN,2,distractor,DISTRACTOR_ANS,51,2026-06-17 12:24:12.475670,226.853213,0.000000,4.280178,2+5=7,F,0,,keyboard,key= (False),"{""value"":""2+5=7"",""entered"":""F"",""rt"":4.2801784999901429,""correct"":0,""note"":""key= (False)"",""truth"":true,""trueSum"":7,""shownSum"":7,""a"":2,""b"":5}",2,0.016667,60.000000,1
Sergio_G01_CNS-LLF5RV3D8,cpeeg02,ses03,20260617_121957,2026-06-17 12:20:25.175468,NaN,2,distractor,ANS_WRONG,200,2026-06-17 12:24:12.518288,226.853213,0.491978,,,,,,keyboard,,{},2,0.016667,60.000000,1
Sergio_G01_CNS-LLF5RV3D8,cpeeg02,ses03,20260617_121957,2026-06-17 12:20:25.175468,NaN,2,distractor,DISTRACTOR_OFF,52,2026-06-17 12:24:12.569843,227.345191,0.000000,,,,,,keyboard,,"{""pd_used"":0}",2,0.016667,60.000000,1
Sergio_G01_CNS-LLF5RV3D8,cpeeg02,ses03,20260617_121957,2026-06-17 12:20:25.175468,NaN,2,distractor,FIX2_ON,60,2026-06-17 12:24:12.570748,227.345191,3.487804,,,,,,keyboard,immediate after response,"{""note"":""immediate after response""}",2,0.016667,60.000000,1
Sergio_G01_CNS-LLF5RV3D8,cpeeg02,ses03,20260617_121957,2026-06-17 12:20:25.175468,NaN,2,fix2,FIX2_OFF,61,2026-06-17 12:24:16.050380,230.832995,0.044852,,,,,,keyboard,,"{""pd_used"":0}",2,0.016667,60.000000,1
Sergio_G01_CNS-LLF5RV3D8,cpeeg02,ses03,20260617_121957,2026-06-17 12:20:25.175468,NaN,2,probe,DIGIT_RECALL_LINE_1,161,2026-06-17 12:24:16.101873,230.877848,1.627250,,1,,,,keyboard,first recall question,"{""value"":1,""note"":""first recall question"",""pd_used"":1}",2,0.016667,60.000000,1
Sergio_G01_CNS-LLF5RV3D8,cpeeg02,ses03,20260617_121957,2026-06-17 12:20:25.175468,NaN,2,probe,PROBE_DIGIT_OK_1,71,2026-06-17 12:24:18.097810,232.505098,0.514172,1.629128,slot#1,NaN,,,keyboard,probe_digit#1,"{""value"":""slot#1"",""entered"":null,""rt"":1.6291282000020146,""note"":""probe_digit#1""}",2,0.016667,60.000000,1
Sergio_G01_CNS-LLF5RV3D8,cpeeg02,ses03,20260617_121957,2026-06-17 12:20:25.175468,NaN,2,probe,DIGIT1_OFF,146,2026-06-17 12:24:18.236594,233.019270,0.000000,,4,,,,keyboard,digit#1 off,"{""value"":4,""note"":""digit#1 off"",""pd_used"":0}",2,0.016667,60.000000,1
Sergio_G01_CNS-LLF5RV3D8,cpeeg02,ses03,20260617_121957,2026-06-17 12:20:25.175468,NaN,2,probe,POSTDIG_FIX1_ON,151,2026-06-17 12:24:18.237413,233.019270,1.683463,,,,,,keyboard,after digit#1,"{""note"":""after digit#1""}",2,0.016667,60.000000,1
Sergio_G01_CNS-LLF5RV3D8,cpeeg02,ses03,20260617_121957,2026-06-17 12:20:25.175468,NaN,2,probe,POSTDIG_FIX1_OFF,156,2026-06-17 12:24:19.920037,234.702734,0.046448,,,,,,keyboard,after digit#1,"{""note"":""after digit#1"",""pd_used"":0}",2,0.016667,60.000000,1
Sergio_G01_CNS-LLF5RV3D8,cpeeg02,ses03,20260617_121957,2026-06-17 12:20:25.175468,NaN,2,probe,DIGIT_RECALL_LINE_2,162,2026-06-17 12:24:19.971432,234.749181,0.877388,,2,,,,keyboard,next recall question,"{""value"":2,""note"":""next recall question"",""pd_used"":1}",2,0.016667,60.000000,1
Sergio_G01_CNS-LLF5RV3D8,cpeeg02,ses03,20260617_121957,2026-06-17 12:20:25.175468,NaN,2,probe,PROBE_DIGIT_OK_2,71,2026-06-17 12:24:21.405071,235.626569,0.712714,4.750600,slot#2,NaN,,,keyboard,probe_digit#2,"{""value"":""slot#2"",""entered"":null,""rt"":4.7505997999687679,""note"":""probe_digit#2""}",2,0.016667,60.000000,1
Sergio_G01_CNS-LLF5RV3D8,cpeeg02,ses03,20260617_121957,2026-06-17 12:20:25.175468,NaN,2,probe,DIGIT2_OFF,147,2026-06-17 12:24:21.556612,236.339283,0.000000,,4,,,,keyboard,digit#2 off,"{""value"":4,""note"":""digit#2 off"",""pd_used"":0}",2,0.016667,60.000000,1
Sergio_G01_CNS-LLF5RV3D8,cpeeg02,ses03,20260617_121957,2026-06-17 12:20:25.175468,NaN,2,probe,POSTDIG_FIX2_ON,152,2026-06-17 12:24:21.557399,236.339283,1.877721,,,,,,keyboard,after digit#2,"{""note"":""after digit#2""}",2,0.016667,60.000000,1
Sergio_G01_CNS-LLF5RV3D8,cpeeg02,ses03,20260617_121957,2026-06-17 12:20:25.175468,NaN,2,probe,POSTDIG_FIX2_OFF,157,2026-06-17 12:24:23.434195,238.217005,0.046165,,,,,,keyboard,after digit#2,"{""note"":""after digit#2"",""pd_used"":0}",2,0.016667,60.000000,1
Sergio_G01_CNS-LLF5RV3D8,cpeeg02,ses03,20260617_121957,2026-06-17 12:20:25.175468,NaN,2,probe,DIGIT_RECALL_LINE_3,163,2026-06-17 12:24:23.485818,238.263170,1.288385,,3,,,,keyboard,next recall question,"{""value"":3,""note"":""next recall question"",""pd_used"":1}",2,0.016667,60.000000,1
Sergio_G01_CNS-LLF5RV3D8,cpeeg02,ses03,20260617_121957,2026-06-17 12:20:25.175468,NaN,2,probe,PROBE_DIGIT_OK_3,71,2026-06-17 12:24:25.314241,239.551555,0.697778,8.675585,slot#3,NaN,,,keyboard,probe_digit#3,"{""value"":""slot#3"",""entered"":null,""rt"":8.6755851000198163,""note"":""probe_digit#3""}",2,0.016667,60.000000,1
Sergio_G01_CNS-LLF5RV3D8,cpeeg02,ses03,20260617_121957,2026-06-17 12:20:25.175468,NaN,2,probe,DIGIT3_OFF,148,2026-06-17 12:24:25.466857,240.249333,0.000000,,4,,,,keyboard,digit#3 off,"{""value"":4,""note"":""digit#3 off"",""pd_used"":0}",2,0.016667,60.000000,1
Sergio_G01_CNS-LLF5RV3D8,cpeeg02,ses03,20260617_121957,2026-06-17 12:20:25.175468,NaN,2,probe,POSTDIG_FIX3_ON,153,2026-06-17 12:24:25.467646,240.249333,1.739045,,,,,,keyboard,after digit#3,"{""note"":""after digit#3""}",2,0.016667,60.000000,1
Sergio_G01_CNS-LLF5RV3D8,cpeeg02,ses03,20260617_121957,2026-06-17 12:20:25.175468,NaN,2,probe,POSTDIG_FIX3_OFF,158,2026-06-17 12:24:27.205585,241.988378,0.045941,,,,,,keyboard,after digit#3,"{""note"":""after digit#3"",""pd_used"":0}",2,0.016667,60.000000,1
Sergio_G01_CNS-LLF5RV3D8,cpeeg02,ses03,20260617_121957,2026-06-17 12:20:25.175468,NaN,2,probe,DIGIT_RECALL_LINE_4,164,2026-06-17 12:24:27.256910,242.034319,4.053636,,4,,,,keyboard,next recall question,"{""value"":4,""note"":""next recall question"",""pd_used"":1}",2,0.016667,60.000000,1
Sergio_G01_CNS-LLF5RV3D8,cpeeg02,ses03,20260617_121957,2026-06-17 12:20:25.175468,NaN,2,probe,PROBE_DIGIT_OK_4,71,2026-06-17 12:24:31.595976,246.087955,0.439875,15.211986,slot#4,NaN,,,keyboard,probe_digit#4,"{""value"":""slot#4"",""entered"":null,""rt"":15.21198550000554,""note"":""probe_digit#4""}",2,0.016667,60.000000,1
Sergio_G01_CNS-LLF5RV3D8,cpeeg02,ses03,20260617_121957,2026-06-17 12:20:25.175468,NaN,2,probe,DIGIT4_OFF,149,2026-06-17 12:24:31.744979,246.527830,0.000000,,4,,,,keyboard,digit#4 off,"{""value"":4,""note"":""digit#4 off"",""pd_used"":0}",2,0.016667,60.000000,1
Sergio_G01_CNS-LLF5RV3D8,cpeeg02,ses03,20260617_121957,2026-06-17 12:20:25.175468,NaN,2,probe,POSTDIG_FIX4_ON,154,2026-06-17 12:24:31.745789,246.527830,1.673163,,,,,,keyboard,after digit#4,"{""note"":""after digit#4""}",2,0.016667,60.000000,1
Sergio_G01_CNS-LLF5RV3D8,cpeeg02,ses03,20260617_121957,2026-06-17 12:20:25.175468,NaN,2,probe,POSTDIG_FIX4_OFF,159,2026-06-17 12:24:33.418313,248.200993,0.046333,,,,,,keyboard,after digit#4,"{""note"":""after digit#4"",""pd_used"":0}",2,0.016667,60.000000,1
Sergio_G01_CNS-LLF5RV3D8,cpeeg02,ses03,20260617_121957,2026-06-17 12:20:25.175468,NaN,2,probe,DIGIT_RECALL_LINE_5,165,2026-06-17 12:24:33.469601,248.247326,4.629752,,5,,,,keyboard,next recall question,"{""value"":5,""note"":""next recall question"",""pd_used"":1}",2,0.016667,60.000000,1
Sergio_G01_CNS-LLF5RV3D8,cpeeg02,ses03,20260617_121957,2026-06-17 12:20:25.175468,NaN,2,probe,PROBE_DIGIT_OK_5,71,2026-06-17 12:24:38.644616,252.877078,0.701112,22.001109,slot#5,NaN,,,keyboard,probe_digit#5,"{""value"":""slot#5"",""entered"":null,""rt"":22.001108800002839,""note"":""probe_digit#5""}",2,0.016667,60.000000,1
Sergio_G01_CNS-LLF5RV3D8,cpeeg02,ses03,20260617_121957,2026-06-17 12:20:25.175468,NaN,2,probe,DIGIT5_OFF,150,2026-06-17 12:24:38.795527,253.578190,0.000000,,4,,,,keyboard,digit#5 off,"{""value"":4,""note"":""digit#5 off"",""pd_used"":0}",2,0.016667,60.000000,1
Sergio_G01_CNS-LLF5RV3D8,cpeeg02,ses03,20260617_121957,2026-06-17 12:20:25.175468,NaN,2,probe,POSTDIG_FIX5_ON,155,2026-06-17 12:24:38.796354,253.578190,3.087455,,,,,,keyboard,after digit#5,"{""note"":""after digit#5""}",2,0.016667,60.000000,1
Sergio_G01_CNS-LLF5RV3D8,cpeeg02,ses03,20260617_121957,2026-06-17 12:20:25.175468,NaN,2,probe,POSTDIG_FIX5_OFF,160,2026-06-17 12:24:41.883053,256.665645,0.044157,,,,,,keyboard,after digit#5,"{""note"":""after digit#5"",""pd_used"":0}",2,0.016667,60.000000,1
Sergio_G01_CNS-LLF5RV3D8,cpeeg02,ses03,20260617_121957,2026-06-17 12:20:25.175468,NaN,2,probe,PROBE_DONE,73,2026-06-17 12:24:41.885201,256.709802,0.000778,,,,,,keyboard,probe complete,"{""value"":"""",""note"":""probe complete""}",2,0.016667,60.000000,1
Sergio_G01_CNS-LLF5RV3D8,cpeeg02,ses03,20260617_121957,2026-06-17 12:20:25.175468,NaN,2,probe,TRIAL_END,21,2026-06-17 12:24:41.885853,256.710580,0.109246,,,,,,keyboard,,{},2,0.016667,60.000000,1
Sergio_G01_CNS-LLF5RV3D8,cpeeg02,ses03,20260617_121957,2026-06-17 12:20:25.175468,NaN,3,probe,TRIAL_CHANGE,22,2026-06-17 12:24:41.995689,256.819826,0.001495,,,,,,keyboard,trial transition,"{""note"":""trial transition""}",2,0.016667,60.000000,1
Sergio_G01_CNS-LLF5RV3D8,cpeeg02,ses03,20260617_121957,2026-06-17 12:20:25.175468,NaN,3,probe,TRIAL_START,20,2026-06-17 12:24:41.996655,256.821321,0.043712,,,,,,keyboard,,{},2,0.016667,60.000000,1
Sergio_G01_CNS-LLF5RV3D8,cpeeg02,ses03,20260617_121957,2026-06-17 12:20:25.175468,NaN,3,fix1,FIX1_ON,30,2026-06-17 12:24:42.090489,256.865033,3.387725,,,,,,keyboard,,"{""pd_used"":0}",2,0.016667,60.000000,1
Sergio_G01_CNS-LLF5RV3D8,cpeeg02,ses03,20260617_121957,2026-06-17 12:20:25.175468,NaN,3,fix1,FIX1_OFF,31,2026-06-17 12:24:45.469951,260.252758,0.044296,,,,,,keyboard,,"{""pd_used"":0}",2,0.016667,60.000000,1
Sergio_G01_CNS-LLF5RV3D8,cpeeg02,ses03,20260617_121957,2026-06-17 12:20:25.175468,NaN,3,digit,DIGIT1_ON,141,2026-06-17 12:24:45.521406,260.297055,0.551197,,5,,,,keyboard,digit#1 shown,"{""value"":5,""note"":""digit#1 shown"",""pd_used"":1}",2,0.016667,60.000000,1
Sergio_G01_CNS-LLF5RV3D8,cpeeg02,ses03,20260617_121957,2026-06-17 12:20:25.175468,NaN,3,digit,DIGIT1_OFF,146,2026-06-17 12:24:46.065560,260.848252,0.000000,,5,,,,keyboard,digit#1 off,"{""value"":5,""note"":""digit#1 off"",""pd_used"":0}",2,0.016667,60.000000,1
Sergio_G01_CNS-LLF5RV3D8,cpeeg02,ses03,20260617_121957,2026-06-17 12:20:25.175468,NaN,3,digit,POSTDIG_FIX1_ON,151,2026-06-17 12:24:46.066336,260.848252,1.606453,,,,,,keyboard,after digit#1,"{""note"":""after digit#1""}",2,0.016667,60.000000,1
Sergio_G01_CNS-LLF5RV3D8,cpeeg02,ses03,20260617_121957,2026-06-17 12:20:25.175468,NaN,3,digit,POSTDIG_FIX1_OFF,156,2026-06-17 12:24:47.671857,262.454705,0.044051,,,,,,keyboard,after digit#1,"{""note"":""after digit#1"",""pd_used"":0}",2,0.016667,60.000000,1
Sergio_G01_CNS-LLF5RV3D8,cpeeg02,ses03,20260617_121957,2026-06-17 12:20:25.175468,NaN,3,digit,DIGIT2_ON,142,2026-06-17 12:24:47.723443,262.498756,0.551535,,7,,,,keyboard,digit#2 shown,"{""value"":7,""note"":""digit#2 shown"",""pd_used"":1}",2,0.016667,60.000000,1
Sergio_G01_CNS-LLF5RV3D8,cpeeg02,ses03,20260617_121957,2026-06-17 12:20:25.175468,NaN,3,digit,DIGIT2_OFF,147,2026-06-17 12:24:48.267343,263.050292,0.000000,,7,,,,keyboard,digit#2 off,"{""value"":7,""note"":""digit#2 off"",""pd_used"":0}",2,0.016667,60.000000,1
Sergio_G01_CNS-LLF5RV3D8,cpeeg02,ses03,20260617_121957,2026-06-17 12:20:25.175468,NaN,3,digit,POSTDIG_FIX2_ON,152,2026-06-17 12:24:48.268114,263.050292,1.724845,,,,,,keyboard,after digit#2,"{""note"":""after digit#2""}",2,0.016667,60.000000,1
Sergio_G01_CNS-LLF5RV3D8,cpeeg02,ses03,20260617_121957,2026-06-17 12:20:25.175468,NaN,3,digit,POSTDIG_FIX2_OFF,157,2026-06-17 12:24:49.992528,264.775137,0.044155,,,,,,keyboard,after digit#2,"{""note"":""after digit#2"",""pd_used"":0}",2,0.016667,60.000000,1
Sergio_G01_CNS-LLF5RV3D8,cpeeg02,ses03,20260617_121957,2026-06-17 12:20:25.175468,NaN,3,digit,DIGIT3_ON,143,2026-06-17 12:24:50.043747,264.819292,0.551447,,9,,,,keyboard,digit#3 shown,"{""value"":9,""note"":""digit#3 shown"",""pd_used"":1}",2,0.016667,60.000000,1
Sergio_G01_CNS-LLF5RV3D8,cpeeg02,ses03,20260617_121957,2026-06-17 12:20:25.175468,NaN,3,digit,DIGIT3_OFF,148,2026-06-17 12:24:50.588065,265.370739,0.000000,,9,,,,keyboard,digit#3 off,"{""value"":9,""note"":""digit#3 off"",""pd_used"":0}",2,0.016667,60.000000,1
Sergio_G01_CNS-LLF5RV3D8,cpeeg02,ses03,20260617_121957,2026-06-17 12:20:25.175468,NaN,3,digit,POSTDIG_FIX3_ON,153,2026-06-17 12:24:50.588928,265.370739,1.876974,,,,,,keyboard,after digit#3,"{""note"":""after digit#3""}",2,0.016667,60.000000,1
Sergio_G01_CNS-LLF5RV3D8,cpeeg02,ses03,20260617_121957,2026-06-17 12:20:25.175468,NaN,3,digit,POSTDIG_FIX3_OFF,158,2026-06-17 12:24:52.464869,267.247713,0.043850,,,,,,keyboard,after digit#3,"{""note"":""after digit#3"",""pd_used"":0}",2,0.016667,60.000000,1
Sergio_G01_CNS-LLF5RV3D8,cpeeg02,ses03,20260617_121957,2026-06-17 12:20:25.175468,NaN,3,digit,DIGIT4_ON,144,2026-06-17 12:24:52.516023,267.291563,0.551157,,1,,,,keyboard,digit#4 shown,"{""value"":1,""note"":""digit#4 shown"",""pd_used"":1}",2,0.016667,60.000000,1
Sergio_G01_CNS-LLF5RV3D8,cpeeg02,ses03,20260617_121957,2026-06-17 12:20:25.175468,NaN,3,digit,DIGIT4_OFF,149,2026-06-17 12:24:53.060071,267.842720,0.000000,,1,,,,keyboard,digit#4 off,"{""value"":1,""note"":""digit#4 off"",""pd_used"":0}",2,0.016667,60.000000,1
Sergio_G01_CNS-LLF5RV3D8,cpeeg02,ses03,20260617_121957,2026-06-17 12:20:25.175468,NaN,3,digit,POSTDIG_FIX4_ON,154,2026-06-17 12:24:53.060839,267.842720,1.927512,,,,,,keyboard,after digit#4,"{""note"":""after digit#4""}",2,0.016667,60.000000,1
Sergio_G01_CNS-LLF5RV3D8,cpeeg02,ses03,20260617_121957,2026-06-17 12:20:25.175468,NaN,3,digit,POSTDIG_FIX4_OFF,159,2026-06-17 12:24:54.987457,269.770232,0.043788,,,,,,keyboard,after digit#4,"{""note"":""after digit#4"",""pd_used"":0}",2,0.016667,60.000000,1
Sergio_G01_CNS-LLF5RV3D8,cpeeg02,ses03,20260617_121957,2026-06-17 12:20:25.175468,NaN,3,digit,DIGIT5_ON,145,2026-06-17 12:24:55.039023,269.814020,0.551746,,2,,,,keyboard,digit#5 shown,"{""value"":2,""note"":""digit#5 shown"",""pd_used"":1}",2,0.016667,60.000000,1
Sergio_G01_CNS-LLF5RV3D8,cpeeg02,ses03,20260617_121957,2026-06-17 12:20:25.175468,NaN,3,digit,DIGIT5_OFF,150,2026-06-17 12:24:55.582983,270.365766,0.000000,,2,,,,keyboard,digit#5 off,"{""value"":2,""note"":""digit#5 off"",""pd_used"":0}",2,0.016667,60.000000,1
Sergio_G01_CNS-LLF5RV3D8,cpeeg02,ses03,20260617_121957,2026-06-17 12:20:25.175468,NaN,3,digit,POSTDIG_FIX5_ON,155,2026-06-17 12:24:55.583766,270.365766,3.276174,,,,,,keyboard,after digit#5,"{""note"":""after digit#5""}",2,0.016667,60.000000,1
Sergio_G01_CNS-LLF5RV3D8,cpeeg02,ses03,20260617_121957,2026-06-17 12:20:25.175468,NaN,3,digit,POSTDIG_FIX5_OFF,160,2026-06-17 12:24:58.859500,273.641940,0.045003,,,,,,keyboard,after digit#5,"{""note"":""after digit#5"",""pd_used"":0}",2,0.016667,60.000000,1
Sergio_G01_CNS-LLF5RV3D8,cpeeg02,ses03,20260617_121957,2026-06-17 12:20:25.175468,NaN,3,distractor,DISTRACTOR_ON,50,2026-06-17 12:24:58.910833,273.686943,2.589818,,1+1=1,,,,keyboard,,"{""value"":""1+1=1"",""isCorrectTruth"":false,""trueSum"":2,""pd_used"":1}",2,0.016667,60.000000,1
Sergio_G01_CNS-LLF5RV3D8,cpeeg02,ses03,20260617_121957,2026-06-17 12:20:25.175468,NaN,3,distractor,DISTRACTOR_ANS,51,2026-06-17 12:25:01.919498,276.276761,0.000000,2.589818,1+1=1,F,1,,keyboard,key= (False),"{""value"":""1+1=1"",""entered"":""F"",""rt"":2.5898177999770269,""correct"":1,""note"":""key= (False)"",""truth"":false,""trueSum"":2,""shownSum"":1,""a"":1,""b"":1}",2,0.016667,60.000000,1
Sergio_G01_CNS-LLF5RV3D8,cpeeg02,ses03,20260617_121957,2026-06-17 12:20:25.175468,NaN,3,distractor,ANS_CORRECT,100,2026-06-17 12:25:01.962237,276.276761,0.512319,,,,,,keyboard,,{},2,0.016667,60.000000,1
Sergio_G01_CNS-LLF5RV3D8,cpeeg02,ses03,20260617_121957,2026-06-17 12:20:25.175468,NaN,3,distractor,DISTRACTOR_OFF,52,2026-06-17 12:25:02.013384,276.789080,0.000000,,,,,,keyboard,,"{""pd_used"":0}",2,0.016667,60.000000,1
Sergio_G01_CNS-LLF5RV3D8,cpeeg02,ses03,20260617_121957,2026-06-17 12:20:25.175468,NaN,3,distractor,FIX2_ON,60,2026-06-17 12:25:02.014221,276.789080,3.458332,,,,,,keyboard,immediate after response,"{""note"":""immediate after response""}",2,0.016667,60.000000,1
Sergio_G01_CNS-LLF5RV3D8,cpeeg02,ses03,20260617_121957,2026-06-17 12:20:25.175468,NaN,3,fix2,FIX2_OFF,61,2026-06-17 12:25:05.464851,280.247412,0.044511,,,,,,keyboard,,"{""pd_used"":0}",2,0.016667,60.000000,1
Sergio_G01_CNS-LLF5RV3D8,cpeeg02,ses03,20260617_121957,2026-06-17 12:20:25.175468,NaN,3,probe,DIGIT_RECALL_LINE_1,161,2026-06-17 12:25:05.516001,280.291923,1.088181,,1,,,,keyboard,first recall question,"{""value"":1,""note"":""first recall question"",""pd_used"":1}",2,0.016667,60.000000,1
Sergio_G01_CNS-LLF5RV3D8,cpeeg02,ses03,20260617_121957,2026-06-17 12:20:25.175468,NaN,3,probe,PROBE_DIGIT_OK_1,71,2026-06-17 12:25:07.045565,281.380105,0.591674,1.089653,slot#1,NaN,,,keyboard,probe_digit#1,"{""value"":""slot#1"",""entered"":null,""rt"":1.0896525999996811,""note"":""probe_digit#1""}",2,0.016667,60.000000,1
Sergio_G01_CNS-LLF5RV3D8,cpeeg02,ses03,20260617_121957,2026-06-17 12:20:25.175468,NaN,3,probe,DIGIT1_OFF,146,2026-06-17 12:25:07.188969,281.971779,0.000000,,2,,,,keyboard,digit#1 off,"{""value"":2,""note"":""digit#1 off"",""pd_used"":0}",2,0.016667,60.000000,1
Sergio_G01_CNS-LLF5RV3D8,cpeeg02,ses03,20260617_121957,2026-06-17 12:20:25.175468,NaN,3,probe,POSTDIG_FIX1_ON,151,2026-06-17 12:25:07.189723,281.971779,2.037818,,,,,,keyboard,after digit#1,"{""note"":""after digit#1""}",2,0.016667,60.000000,1
Sergio_G01_CNS-LLF5RV3D8,cpeeg02,ses03,20260617_121957,2026-06-17 12:20:25.175468,NaN,3,probe,POSTDIG_FIX1_OFF,156,2026-06-17 12:25:09.226690,284.009596,0.045924,,,,,,keyboard,after digit#1,"{""note"":""after digit#1"",""pd_used"":0}",2,0.016667,60.000000,1
Sergio_G01_CNS-LLF5RV3D8,cpeeg02,ses03,20260617_121957,2026-06-17 12:20:25.175468,NaN,3,probe,DIGIT_RECALL_LINE_2,162,2026-06-17 12:25:09.278027,284.055521,0.952634,,2,,,,keyboard,next recall question,"{""value"":2,""note"":""next recall question"",""pd_used"":1}",2,0.016667,60.000000,1
Sergio_G01_CNS-LLF5RV3D8,cpeeg02,ses03,20260617_121957,2026-06-17 12:20:25.175468,NaN,3,probe,PROBE_DIGIT_OK_2,71,2026-06-17 12:25:10.838263,285.008155,0.759168,4.717703,slot#2,NaN,,,keyboard,probe_digit#2,"{""value"":""slot#2"",""entered"":null,""rt"":4.7177029000013135,""note"":""probe_digit#2""}",2,0.016667,60.000000,1
Sergio_G01_CNS-LLF5RV3D8,cpeeg02,ses03,20260617_121957,2026-06-17 12:20:25.175468,NaN,3,probe,DIGIT2_OFF,147,2026-06-17 12:25:10.984627,285.767323,0.000000,,2,,,,keyboard,digit#2 off,"{""value"":2,""note"":""digit#2 off"",""pd_used"":0}",2,0.016667,60.000000,1
Sergio_G01_CNS-LLF5RV3D8,cpeeg02,ses03,20260617_121957,2026-06-17 12:20:25.175468,NaN,3,probe,POSTDIG_FIX2_ON,152,2026-06-17 12:25:10.985414,285.767323,1.869982,,,,,,keyboard,after digit#2,"{""note"":""after digit#2""}",2,0.016667,60.000000,1
Sergio_G01_CNS-LLF5RV3D8,cpeeg02,ses03,20260617_121957,2026-06-17 12:20:25.175468,NaN,3,probe,POSTDIG_FIX2_OFF,157,2026-06-17 12:25:12.854564,287.637305,0.046083,,,,,,keyboard,after digit#2,"{""note"":""after digit#2"",""pd_used"":0}",2,0.016667,60.000000,1
Sergio_G01_CNS-LLF5RV3D8,cpeeg02,ses03,20260617_121957,2026-06-17 12:20:25.175468,NaN,3,probe,DIGIT_RECALL_LINE_3,163,2026-06-17 12:25:12.905954,287.683388,5.069019,,3,,,,keyboard,next recall question,"{""value"":3,""note"":""next recall question"",""pd_used"":1}",2,0.016667,60.000000,1
Sergio_G01_CNS-LLF5RV3D8,cpeeg02,ses03,20260617_121957,2026-06-17 12:20:25.175468,NaN,3,probe,PROBE_DIGIT_OK_3,71,2026-06-17 12:25:18.554601,292.752407,0.731925,12.461955,slot#3,NaN,,,keyboard,probe_digit#3,"{""value"":""slot#3"",""entered"":null,""rt"":12.461954600003082,""note"":""probe_digit#3""}",2,0.016667,60.000000,1
Sergio_G01_CNS-LLF5RV3D8,cpeeg02,ses03,20260617_121957,2026-06-17 12:20:25.175468,NaN,3,probe,DIGIT3_OFF,148,2026-06-17 12:25:18.701541,293.484331,0.000000,,2,,,,keyboard,digit#3 off,"{""value"":2,""note"":""digit#3 off"",""pd_used"":0}",2,0.016667,60.000000,1
Sergio_G01_CNS-LLF5RV3D8,cpeeg02,ses03,20260617_121957,2026-06-17 12:20:25.175468,NaN,3,probe,POSTDIG_FIX3_ON,153,2026-06-17 12:25:18.702354,293.484331,1.872989,,,,,,keyboard,after digit#3,"{""note"":""after digit#3""}",2,0.016667,60.000000,1
Sergio_G01_CNS-LLF5RV3D8,cpeeg02,ses03,20260617_121957,2026-06-17 12:20:25.175468,NaN,3,probe,POSTDIG_FIX3_OFF,158,2026-06-17 12:25:20.574604,295.357320,0.046084,,,,,,keyboard,after digit#3,"{""note"":""after digit#3"",""pd_used"":0}",2,0.016667,60.000000,1
Sergio_G01_CNS-LLF5RV3D8,cpeeg02,ses03,20260617_121957,2026-06-17 12:20:25.175468,NaN,3,probe,DIGIT_RECALL_LINE_4,164,2026-06-17 12:25:20.625885,295.403405,3.285611,,4,,,,keyboard,next recall question,"{""value"":4,""note"":""next recall question"",""pd_used"":1}",2,0.016667,60.000000,1
Sergio_G01_CNS-LLF5RV3D8,cpeeg02,ses03,20260617_121957,2026-06-17 12:20:25.175468,NaN,3,probe,PROBE_DIGIT_OK_4,71,2026-06-17 12:25:24.385348,298.689016,0.618081,18.398564,slot#4,NaN,,,keyboard,probe_digit#4,"{""value"":""slot#4"",""entered"":null,""rt"":18.398563899972942,""note"":""probe_digit#4""}",2,0.016667,60.000000,1
Sergio_G01_CNS-LLF5RV3D8,cpeeg02,ses03,20260617_121957,2026-06-17 12:20:25.175468,NaN,3,probe,DIGIT4_OFF,149,2026-06-17 12:25:24.524329,299.307097,0.000000,,2,,,,keyboard,digit#4 off,"{""value"":2,""note"":""digit#4 off"",""pd_used"":0}",2,0.016667,60.000000,1
Sergio_G01_CNS-LLF5RV3D8,cpeeg02,ses03,20260617_121957,2026-06-17 12:20:25.175468,NaN,3,probe,POSTDIG_FIX4_ON,154,2026-06-17 12:25:24.525123,299.307097,1.995933,,,,,,keyboard,after digit#4,"{""note"":""after digit#4""}",2,0.016667,60.000000,1
Sergio_G01_CNS-LLF5RV3D8,cpeeg02,ses03,20260617_121957,2026-06-17 12:20:25.175468,NaN,3,probe,POSTDIG_FIX4_OFF,159,2026-06-17 12:25:26.520181,301.303030,0.046099,,,,,,keyboard,after digit#4,"{""note"":""after digit#4"",""pd_used"":0}",2,0.016667,60.000000,1
Sergio_G01_CNS-LLF5RV3D8,cpeeg02,ses03,20260617_121957,2026-06-17 12:20:25.175468,NaN,3,probe,DIGIT_RECALL_LINE_5,165,2026-06-17 12:25:26.571620,301.349129,5.294759,,5,,,,keyboard,next recall question,"{""value"":5,""note"":""next recall question"",""pd_used"":1}",2,0.016667,60.000000,1
Sergio_G01_CNS-LLF5RV3D8,cpeeg02,ses03,20260617_121957,2026-06-17 12:20:25.175468,NaN,3,probe,PROBE_DIGIT_OK_5,71,2026-06-17 12:25:32.554943,306.643888,0.840260,26.353436,slot#5,NaN,,,keyboard,probe_digit#5,"{""value"":""slot#5"",""entered"":null,""rt"":26.353435500001069,""note"":""probe_digit#5""}",2,0.016667,60.000000,1
Sergio_G01_CNS-LLF5RV3D8,cpeeg02,ses03,20260617_121957,2026-06-17 12:20:25.175468,NaN,3,probe,DIGIT5_OFF,150,2026-06-17 12:25:32.701340,307.484148,0.000000,,2,,,,keyboard,digit#5 off,"{""value"":2,""note"":""digit#5 off"",""pd_used"":0}",2,0.016667,60.000000,1
Sergio_G01_CNS-LLF5RV3D8,cpeeg02,ses03,20260617_121957,2026-06-17 12:20:25.175468,NaN,3,probe,POSTDIG_FIX5_ON,155,2026-06-17 12:25:32.702137,307.484148,3.256195,,,,,,keyboard,after digit#5,"{""note"":""after digit#5""}",2,0.016667,60.000000,1
Sergio_G01_CNS-LLF5RV3D8,cpeeg02,ses03,20260617_121957,2026-06-17 12:20:25.175468,NaN,3,probe,POSTDIG_FIX5_OFF,160,2026-06-17 12:25:35.957858,310.740342,0.043983,,,,,,keyboard,after digit#5,"{""note"":""after digit#5"",""pd_used"":0}",2,0.016667,60.000000,1
Sergio_G01_CNS-LLF5RV3D8,cpeeg02,ses03,20260617_121957,2026-06-17 12:20:25.175468,NaN,3,probe,PROBE_DONE,73,2026-06-17 12:25:35.959734,310.784325,0.000788,,,,,,keyboard,probe complete,"{""value"":"""",""note"":""probe complete""}",2,0.016667,60.000000,1
Sergio_G01_CNS-LLF5RV3D8,cpeeg02,ses03,20260617_121957,2026-06-17 12:20:25.175468,NaN,3,probe,TRIAL_END,21,2026-06-17 12:25:35.960388,310.785113,0.106944,,,,,,keyboard,,{},2,0.016667,60.000000,1
Sergio_G01_CNS-LLF5RV3D8,cpeeg02,ses03,20260617_121957,2026-06-17 12:20:25.175468,NaN,4,probe,TRIAL_CHANGE,22,2026-06-17 12:25:36.068039,310.892057,0.001765,,,,,,keyboard,trial transition,"{""note"":""trial transition""}",2,0.016667,60.000000,1
Sergio_G01_CNS-LLF5RV3D8,cpeeg02,ses03,20260617_121957,2026-06-17 12:20:25.175468,NaN,4,probe,TRIAL_START,20,2026-06-17 12:25:36.069218,310.893822,0.045037,,,,,,keyboard,,{},2,0.016667,60.000000,1
Sergio_G01_CNS-LLF5RV3D8,cpeeg02,ses03,20260617_121957,2026-06-17 12:20:25.175468,NaN,4,fix1,FIX1_ON,30,2026-06-17 12:25:36.163861,310.938858,3.249104,,,,,,keyboard,,"{""pd_used"":0}",2,0.016667,60.000000,1
Sergio_G01_CNS-LLF5RV3D8,cpeeg02,ses03,20260617_121957,2026-06-17 12:20:25.175468,NaN,4,fix1,FIX1_OFF,31,2026-06-17 12:25:39.405258,314.187962,0.044432,,,,,,keyboard,,"{""pd_used"":0}",2,0.016667,60.000000,1
Sergio_G01_CNS-LLF5RV3D8,cpeeg02,ses03,20260617_121957,2026-06-17 12:20:25.175468,NaN,4,digit,DIGIT1_ON,141,2026-06-17 12:25:39.457030,314.232394,0.551485,,4,,,,keyboard,digit#1 shown,"{""value"":4,""note"":""digit#1 shown"",""pd_used"":1}",2,0.016667,60.000000,1
Sergio_G01_CNS-LLF5RV3D8,cpeeg02,ses03,20260617_121957,2026-06-17 12:20:25.175468,NaN,4,digit,DIGIT1_OFF,146,2026-06-17 12:25:40.001024,314.783879,0.000000,,4,,,,keyboard,digit#1 off,"{""value"":4,""note"":""digit#1 off"",""pd_used"":0}",2,0.016667,60.000000,1
Sergio_G01_CNS-LLF5RV3D8,cpeeg02,ses03,20260617_121957,2026-06-17 12:20:25.175468,NaN,4,digit,POSTDIG_FIX1_ON,151,2026-06-17 12:25:40.001803,314.783879,1.828552,,,,,,keyboard,after digit#1,"{""note"":""after digit#1""}",2,0.016667,60.000000,1
Sergio_G01_CNS-LLF5RV3D8,cpeeg02,ses03,20260617_121957,2026-06-17 12:20:25.175468,NaN,4,digit,POSTDIG_FIX1_OFF,156,2026-06-17 12:25:41.829706,316.612431,0.044423,,,,,,keyboard,after digit#1,"{""note"":""after digit#1"",""pd_used"":0}",2,0.016667,60.000000,1
Sergio_G01_CNS-LLF5RV3D8,cpeeg02,ses03,20260617_121957,2026-06-17 12:20:25.175468,NaN,4,digit,DIGIT2_ON,142,2026-06-17 12:25:41.881188,316.656854,0.551883,,7,,,,keyboard,digit#2 shown,"{""value"":7,""note"":""digit#2 shown"",""pd_used"":1}",2,0.016667,60.000000,1
Sergio_G01_CNS-LLF5RV3D8,cpeeg02,ses03,20260617_121957,2026-06-17 12:20:25.175468,NaN,4,digit,DIGIT2_OFF,147,2026-06-17 12:25:42.425998,317.208737,0.000000,,7,,,,keyboard,digit#2 off,"{""value"":7,""note"":""digit#2 off"",""pd_used"":0}",2,0.016667,60.000000,1
Sergio_G01_CNS-LLF5RV3D8,cpeeg02,ses03,20260617_121957,2026-06-17 12:20:25.175468,NaN,4,digit,POSTDIG_FIX2_ON,152,2026-06-17 12:25:42.426773,317.208737,2.021593,,,,,,keyboard,after digit#2,"{""note"":""after digit#2""}",2,0.016667,60.000000,1
Sergio_G01_CNS-LLF5RV3D8,cpeeg02,ses03,20260617_121957,2026-06-17 12:20:25.175468,NaN,4,digit,POSTDIG_FIX2_OFF,157,2026-06-17 12:25:44.447575,319.230330,0.044027,,,,,,keyboard,after digit#2,"{""note"":""after digit#2"",""pd_used"":0}",2,0.016667,60.000000,1
Sergio_G01_CNS-LLF5RV3D8,cpeeg02,ses03,20260617_121957,2026-06-17 12:20:25.175468,NaN,4,digit,DIGIT3_ON,143,2026-06-17 12:25:44.498866,319.274358,0.551229,,5,,,,keyboard,digit#3 shown,"{""value"":5,""note"":""digit#3 shown"",""pd_used"":1}",2,0.016667,60.000000,1
Sergio_G01_CNS-LLF5RV3D8,cpeeg02,ses03,20260617_121957,2026-06-17 12:20:25.175468,NaN,4,digit,DIGIT3_OFF,148,2026-06-17 12:25:45.042798,319.825586,0.000000,,5,,,,keyboard,digit#3 off,"{""value"":5,""note"":""digit#3 off"",""pd_used"":0}",2,0.016667,60.000000,1
Sergio_G01_CNS-LLF5RV3D8,cpeeg02,ses03,20260617_121957,2026-06-17 12:20:25.175468,NaN,4,digit,POSTDIG_FIX3_ON,153,2026-06-17 12:25:45.043607,319.825586,1.911964,,,,,,keyboard,after digit#3,"{""note"":""after digit#3""}",2,0.016667,60.000000,1
Sergio_G01_CNS-LLF5RV3D8,cpeeg02,ses03,20260617_121957,2026-06-17 12:20:25.175468,NaN,4,digit,POSTDIG_FIX3_OFF,158,2026-06-17 12:25:46.954847,321.737551,0.044163,,,,,,keyboard,after digit#3,"{""note"":""after digit#3"",""pd_used"":0}",2,0.016667,60.000000,1
Sergio_G01_CNS-LLF5RV3D8,cpeeg02,ses03,20260617_121957,2026-06-17 12:20:25.175468,NaN,4,digit,DIGIT4_ON,144,2026-06-17 12:25:47.006012,321.781713,0.551132,,2,,,,keyboard,digit#4 shown,"{""value"":2,""note"":""digit#4 shown"",""pd_used"":1}",2,0.016667,60.000000,1
Sergio_G01_CNS-LLF5RV3D8,cpeeg02,ses03,20260617_121957,2026-06-17 12:20:25.175468,NaN,4,digit,DIGIT4_OFF,149,2026-06-17 12:25:47.550365,322.332845,0.000000,,2,,,,keyboard,digit#4 off,"{""value"":2,""note"":""digit#4 off"",""pd_used"":0}",2,0.016667,60.000000,1
Sergio_G01_CNS-LLF5RV3D8,cpeeg02,ses03,20260617_121957,2026-06-17 12:20:25.175468,NaN,4,digit,POSTDIG_FIX4_ON,154,2026-06-17 12:25:47.551156,322.332845,1.821920,,,,,,keyboard,after digit#4,"{""note"":""after digit#4""}",2,0.016667,60.000000,1
Sergio_G01_CNS-LLF5RV3D8,cpeeg02,ses03,20260617_121957,2026-06-17 12:20:25.175468,NaN,4,digit,POSTDIG_FIX4_OFF,159,2026-06-17 12:25:49.371962,324.154764,0.043723,,,,,,keyboard,after digit#4,"{""note"":""after digit#4"",""pd_used"":0}",2,0.016667,60.000000,1
Sergio_G01_CNS-LLF5RV3D8,cpeeg02,ses03,20260617_121957,2026-06-17 12:20:25.175468,NaN,4,digit,DIGIT5_ON,145,2026-06-17 12:25:49.423174,324.198487,0.551680,,5,,,,keyboard,digit#5 shown,"{""value"":5,""note"":""digit#5 shown"",""pd_used"":1}",2,0.016667,60.000000,1
Sergio_G01_CNS-LLF5RV3D8,cpeeg02,ses03,20260617_121957,2026-06-17 12:20:25.175468,NaN,4,digit,DIGIT5_OFF,150,2026-06-17 12:25:49.967318,324.750167,0.000000,,5,,,,keyboard,digit#5 off,"{""value"":5,""note"":""digit#5 off"",""pd_used"":0}",2,0.016667,60.000000,1
Sergio_G01_CNS-LLF5RV3D8,cpeeg02,ses03,20260617_121957,2026-06-17 12:20:25.175468,NaN,4,digit,POSTDIG_FIX5_ON,155,2026-06-17 12:25:49.968115,324.750167,3.172946,,,,,,keyboard,after digit#5,"{""note"":""after digit#5""}",2,0.016667,60.000000,1
Sergio_G01_CNS-LLF5RV3D8,cpeeg02,ses03,20260617_121957,2026-06-17 12:20:25.175468,NaN,4,digit,POSTDIG_FIX5_OFF,160,2026-06-17 12:25:53.140310,327.923113,0.046667,,,,,,keyboard,after digit#5,"{""note"":""after digit#5"",""pd_used"":0}",2,0.016667,60.000000,1
Sergio_G01_CNS-LLF5RV3D8,cpeeg02,ses03,20260617_121957,2026-06-17 12:20:25.175468,NaN,4,distractor,DISTRACTOR_ON,50,2026-06-17 12:25:53.191546,327.969781,6.183675,,5+4=7,,,,keyboard,,"{""value"":""5+4=7"",""isCorrectTruth"":false,""trueSum"":9,""pd_used"":1}",2,0.016667,60.000000,1
Sergio_G01_CNS-LLF5RV3D8,cpeeg02,ses03,20260617_121957,2026-06-17 12:20:25.175468,NaN,4,distractor,DISTRACTOR_ANS,51,2026-06-17 12:25:59.908266,334.153456,0.000000,6.183675,5+4=7,F,1,,keyboard,key= (False),"{""value"":""5+4=7"",""entered"":""F"",""rt"":6.1836752999806777,""correct"":1,""note"":""key= (False)"",""truth"":false,""trueSum"":9,""shownSum"":7,""a"":5,""b"":4}",2,0.016667,60.000000,1
Sergio_G01_CNS-LLF5RV3D8,cpeeg02,ses03,20260617_121957,2026-06-17 12:20:25.175468,NaN,4,distractor,ANS_CORRECT,100,2026-06-17 12:25:59.951395,334.153456,0.625150,,,,,,keyboard,,{},2,0.016667,60.000000,1
Sergio_G01_CNS-LLF5RV3D8,cpeeg02,ses03,20260617_121957,2026-06-17 12:20:25.175468,NaN,4,distractor,DISTRACTOR_OFF,52,2026-06-17 12:26:00.002784,334.778606,0.000000,,,,,,keyboard,,"{""pd_used"":0}",2,0.016667,60.000000,1
Sergio_G01_CNS-LLF5RV3D8,cpeeg02,ses03,20260617_121957,2026-06-17 12:20:25.175468,NaN,4,distractor,FIX2_ON,60,2026-06-17 12:26:00.004219,334.778606,3.321816,,,,,,keyboard,immediate after response,"{""note"":""immediate after response""}",2,0.016667,60.000000,1
Sergio_G01_CNS-LLF5RV3D8,cpeeg02,ses03,20260617_121957,2026-06-17 12:20:25.175468,NaN,4,fix2,FIX2_OFF,61,2026-06-17 12:26:03.317777,338.100422,0.045472,,,,,,keyboard,,"{""pd_used"":0}",2,0.016667,60.000000,1
Sergio_G01_CNS-LLF5RV3D8,cpeeg02,ses03,20260617_121957,2026-06-17 12:20:25.175468,NaN,4,probe,DIGIT_RECALL_LINE_1,161,2026-06-17 12:26:03.369023,338.145894,1.418924,,1,,,,keyboard,first recall question,"{""value"":1,""note"":""first recall question"",""pd_used"":1}",2,0.016667,60.000000,1
Sergio_G01_CNS-LLF5RV3D8,cpeeg02,ses03,20260617_121957,2026-06-17 12:20:25.175468,NaN,4,probe,PROBE_DIGIT_OK_1,71,2026-06-17 12:26:05.074453,339.564818,0.441268,1.421150,slot#1,NaN,,,keyboard,probe_digit#1,"{""value"":""slot#1"",""entered"":null,""rt"":1.4211500999517739,""note"":""probe_digit#1""}",2,0.016667,60.000000,1
Sergio_G01_CNS-LLF5RV3D8,cpeeg02,ses03,20260617_121957,2026-06-17 12:20:25.175468,NaN,4,probe,DIGIT1_OFF,146,2026-06-17 12:26:05.223240,340.006087,0.000000,,5,,,,keyboard,digit#1 off,"{""value"":5,""note"":""digit#1 off"",""pd_used"":0}",2,0.016667,60.000000,1
Sergio_G01_CNS-LLF5RV3D8,cpeeg02,ses03,20260617_121957,2026-06-17 12:20:25.175468,NaN,4,probe,POSTDIG_FIX1_ON,151,2026-06-17 12:26:05.224008,340.006087,1.754193,,,,,,keyboard,after digit#1,"{""note"":""after digit#1""}",2,0.016667,60.000000,1
Sergio_G01_CNS-LLF5RV3D8,cpeeg02,ses03,20260617_121957,2026-06-17 12:20:25.175468,NaN,4,probe,POSTDIG_FIX1_OFF,156,2026-06-17 12:26:06.977516,341.760280,0.045961,,,,,,keyboard,after digit#1,"{""note"":""after digit#1"",""pd_used"":0}",2,0.016667,60.000000,1
Sergio_G01_CNS-LLF5RV3D8,cpeeg02,ses03,20260617_121957,2026-06-17 12:20:25.175468,NaN,4,probe,DIGIT_RECALL_LINE_2,162,2026-06-17 12:26:07.028869,341.806241,0.930401,,2,,,,keyboard,next recall question,"{""value"":2,""note"":""next recall question"",""pd_used"":1}",2,0.016667,60.000000,1
Sergio_G01_CNS-LLF5RV3D8,cpeeg02,ses03,20260617_121957,2026-06-17 12:20:25.175468,NaN,4,probe,PROBE_DIGIT_OK_2,71,2026-06-17 12:26:08.368085,342.736642,0.562578,4.592974,slot#2,NaN,,,keyboard,probe_digit#2,"{""value"":""slot#2"",""entered"":null,""rt"":4.5929738999693654,""note"":""probe_digit#2""}",2,0.016667,60.000000,1
Sergio_G01_CNS-LLF5RV3D8,cpeeg02,ses03,20260617_121957,2026-06-17 12:20:25.175468,NaN,4,probe,DIGIT2_OFF,147,2026-06-17 12:26:08.516383,343.299220,0.000000,,5,,,,keyboard,digit#2 off,"{""value"":5,""note"":""digit#2 off"",""pd_used"":0}",2,0.016667,60.000000,1
Sergio_G01_CNS-LLF5RV3D8,cpeeg02,ses03,20260617_121957,2026-06-17 12:20:25.175468,NaN,4,probe,POSTDIG_FIX2_ON,152,2026-06-17 12:26:08.517170,343.299220,1.758612,,,,,,keyboard,after digit#2,"{""note"":""after digit#2""}",2,0.016667,60.000000,1
Sergio_G01_CNS-LLF5RV3D8,cpeeg02,ses03,20260617_121957,2026-06-17 12:20:25.175468,NaN,4,probe,POSTDIG_FIX2_OFF,157,2026-06-17 12:26:10.274884,345.057832,0.046014,,,,,,keyboard,after digit#2,"{""note"":""after digit#2"",""pd_used"":0}",2,0.016667,60.000000,1
Sergio_G01_CNS-LLF5RV3D8,cpeeg02,ses03,20260617_121957,2026-06-17 12:20:25.175468,NaN,4,probe,DIGIT_RECALL_LINE_3,163,2026-06-17 12:26:10.326269,345.103846,1.216737,,3,,,,keyboard,next recall question,"{""value"":3,""note"":""next recall question"",""pd_used"":1}",2,0.016667,60.000000,1
Sergio_G01_CNS-LLF5RV3D8,cpeeg02,ses03,20260617_121957,2026-06-17 12:20:25.175468,NaN,4,probe,PROBE_DIGIT_OK_3,71,2026-06-17 12:26:12.004572,346.320583,0.613222,8.176915,slot#3,NaN,,,keyboard,probe_digit#3,"{""value"":""slot#3"",""entered"":null,""rt"":8.176914699957706,""note"":""probe_digit#3""}",2,0.016667,60.000000,1
Sergio_G01_CNS-LLF5RV3D8,cpeeg02,ses03,20260617_121957,2026-06-17 12:20:25.175468,NaN,4,probe,DIGIT3_OFF,148,2026-06-17 12:26:12.150940,346.933805,0.000000,,5,,,,keyboard,digit#3 off,"{""value"":5,""note"":""digit#3 off"",""pd_used"":0}",2,0.016667,60.000000,1
Sergio_G01_CNS-LLF5RV3D8,cpeeg02,ses03,20260617_121957,2026-06-17 12:20:25.175468,NaN,4,probe,POSTDIG_FIX3_ON,153,2026-06-17 12:26:12.151710,346.933805,1.756713,,,,,,keyboard,after digit#3,"{""note"":""after digit#3""}",2,0.016667,60.000000,1
Sergio_G01_CNS-LLF5RV3D8,cpeeg02,ses03,20260617_121957,2026-06-17 12:20:25.175468,NaN,4,probe,POSTDIG_FIX3_OFF,158,2026-06-17 12:26:13.907846,348.690518,0.046126,,,,,,keyboard,after digit#3,"{""note"":""after digit#3"",""pd_used"":0}",2,0.016667,60.000000,1
Sergio_G01_CNS-LLF5RV3D8,cpeeg02,ses03,20260617_121957,2026-06-17 12:20:25.175468,NaN,4,probe,DIGIT_RECALL_LINE_4,164,2026-06-17 12:26:13.959064,348.736644,0.900556,,4,,,,keyboard,next recall question,"{""value"":4,""note"":""next recall question"",""pd_used"":1}",2,0.016667,60.000000,1
Sergio_G01_CNS-LLF5RV3D8,cpeeg02,ses03,20260617_121957,2026-06-17 12:20:25.175468,NaN,4,probe,PROBE_DIGIT_OK_4,71,2026-06-17 12:26:15.133778,349.637201,0.420921,11.493532,slot#4,NaN,,,keyboard,probe_digit#4,"{""value"":""slot#4"",""entered"":null,""rt"":11.493532399996184,""note"":""probe_digit#4""}",2,0.016667,60.000000,1
Sergio_G01_CNS-LLF5RV3D8,cpeeg02,ses03,20260617_121957,2026-06-17 12:20:25.175468,NaN,4,probe,DIGIT4_OFF,149,2026-06-17 12:26:15.275178,350.058121,0.000000,,5,,,,keyboard,digit#4 off,"{""value"":5,""note"":""digit#4 off"",""pd_used"":0}",2,0.016667,60.000000,1
Sergio_G01_CNS-LLF5RV3D8,cpeeg02,ses03,20260617_121957,2026-06-17 12:20:25.175468,NaN,4,probe,POSTDIG_FIX4_ON,154,2026-06-17 12:26:15.275980,350.058121,2.004457,,,,,,keyboard,after digit#4,"{""note"":""after digit#4""}",2,0.016667,60.000000,1
Sergio_G01_CNS-LLF5RV3D8,cpeeg02,ses03,20260617_121957,2026-06-17 12:20:25.175468,NaN,4,probe,POSTDIG_FIX4_OFF,159,2026-06-17 12:26:17.279967,352.062578,0.046296,,,,,,keyboard,after digit#4,"{""note"":""after digit#4"",""pd_used"":0}",2,0.016667,60.000000,1
Sergio_G01_CNS-LLF5RV3D8,cpeeg02,ses03,20260617_121957,2026-06-17 12:20:25.175468,NaN,4,probe,DIGIT_RECALL_LINE_5,165,2026-06-17 12:26:17.331416,352.108874,2.620230,,5,,,,keyboard,next recall question,"{""value"":5,""note"":""next recall question"",""pd_used"":1}",2,0.016667,60.000000,1
Sergio_G01_CNS-LLF5RV3D8,cpeeg02,ses03,20260617_121957,2026-06-17 12:20:25.175468,NaN,4,probe,PROBE_DIGIT_OK_5,71,2026-06-17 12:26:20.237957,354.729104,0.436209,16.585436,slot#5,NaN,,,keyboard,probe_digit#5,"{""value"":""slot#5"",""entered"":null,""rt"":16.58543599996483,""note"":""probe_digit#5""}",2,0.016667,60.000000,1
Sergio_G01_CNS-LLF5RV3D8,cpeeg02,ses03,20260617_121957,2026-06-17 12:20:25.175468,NaN,4,probe,DIGIT5_OFF,150,2026-06-17 12:26:20.382265,355.165313,0.000000,,5,,,,keyboard,digit#5 off,"{""value"":5,""note"":""digit#5 off"",""pd_used"":0}",2,0.016667,60.000000,1
Sergio_G01_CNS-LLF5RV3D8,cpeeg02,ses03,20260617_121957,2026-06-17 12:20:25.175468,NaN,4,probe,POSTDIG_FIX5_ON,155,2026-06-17 12:26:20.383101,355.165313,3.203398,,,,,,keyboard,after digit#5,"{""note"":""after digit#5""}",2,0.016667,60.000000,1
Sergio_G01_CNS-LLF5RV3D8,cpeeg02,ses03,20260617_121957,2026-06-17 12:20:25.175468,NaN,4,probe,POSTDIG_FIX5_OFF,160,2026-06-17 12:26:23.586012,358.368711,0.044207,,,,,,keyboard,after digit#5,"{""note"":""after digit#5"",""pd_used"":0}",2,0.016667,60.000000,1
Sergio_G01_CNS-LLF5RV3D8,cpeeg02,ses03,20260617_121957,2026-06-17 12:20:25.175468,NaN,4,probe,PROBE_DONE,73,2026-06-17 12:26:23.588478,358.412918,0.001054,,,,,,keyboard,probe complete,"{""value"":"""",""note"":""probe complete""}",2,0.016667,60.000000,1
Sergio_G01_CNS-LLF5RV3D8,cpeeg02,ses03,20260617_121957,2026-06-17 12:20:25.175468,NaN,4,probe,TRIAL_END,21,2026-06-17 12:26:23.589347,358.413972,0.111274,,,,,,keyboard,,{},2,0.016667,60.000000,1
Sergio_G01_CNS-LLF5RV3D8,cpeeg02,ses03,20260617_121957,2026-06-17 12:20:25.175468,NaN,5,probe,TRIAL_CHANGE,22,2026-06-17 12:26:23.700739,358.525246,0.001070,,,,,,keyboard,trial transition,"{""note"":""trial transition""}",2,0.016667,60.000000,1
Sergio_G01_CNS-LLF5RV3D8,cpeeg02,ses03,20260617_121957,2026-06-17 12:20:25.175468,NaN,5,probe,TRIAL_START,20,2026-06-17 12:26:23.701561,358.526316,0.043385,,,,,,keyboard,,{},2,0.016667,60.000000,1
Sergio_G01_CNS-LLF5RV3D8,cpeeg02,ses03,20260617_121957,2026-06-17 12:20:25.175468,NaN,5,fix1,FIX1_ON,30,2026-06-17 12:26:23.795479,358.569701,3.348652,,,,,,keyboard,,"{""pd_used"":0}",2,0.016667,60.000000,1
Sergio_G01_CNS-LLF5RV3D8,cpeeg02,ses03,20260617_121957,2026-06-17 12:20:25.175468,NaN,5,fix1,FIX1_OFF,31,2026-06-17 12:26:27.135506,361.918353,0.044005,,,,,,keyboard,,"{""pd_used"":0}",2,0.016667,60.000000,1
Sergio_G01_CNS-LLF5RV3D8,cpeeg02,ses03,20260617_121957,2026-06-17 12:20:25.175468,NaN,5,digit,DIGIT1_ON,141,2026-06-17 12:26:27.186821,361.962358,0.551335,,8,,,,keyboard,digit#1 shown,"{""value"":8,""note"":""digit#1 shown"",""pd_used"":1}",2,0.016667,60.000000,1
Sergio_G01_CNS-LLF5RV3D8,cpeeg02,ses03,20260617_121957,2026-06-17 12:20:25.175468,NaN,5,digit,DIGIT1_OFF,146,2026-06-17 12:26:27.730909,362.513692,0.000000,,8,,,,keyboard,digit#1 off,"{""value"":8,""note"":""digit#1 off"",""pd_used"":0}",2,0.016667,60.000000,1
Sergio_G01_CNS-LLF5RV3D8,cpeeg02,ses03,20260617_121957,2026-06-17 12:20:25.175468,NaN,5,digit,POSTDIG_FIX1_ON,151,2026-06-17 12:26:27.731717,362.513692,1.593253,,,,,,keyboard,after digit#1,"{""note"":""after digit#1""}",2,0.016667,60.000000,1
Sergio_G01_CNS-LLF5RV3D8,cpeeg02,ses03,20260617_121957,2026-06-17 12:20:25.175468,NaN,5,digit,POSTDIG_FIX1_OFF,156,2026-06-17 12:26:29.324156,364.106945,0.043828,,,,,,keyboard,after digit#1,"{""note"":""after digit#1"",""pd_used"":0}",2,0.016667,60.000000,1
Sergio_G01_CNS-LLF5RV3D8,cpeeg02,ses03,20260617_121957,2026-06-17 12:20:25.175468,NaN,5,digit,DIGIT2_ON,142,2026-06-17 12:26:29.375317,364.150773,0.551395,,2,,,,keyboard,digit#2 shown,"{""value"":2,""note"":""digit#2 shown"",""pd_used"":1}",2,0.016667,60.000000,1
Sergio_G01_CNS-LLF5RV3D8,cpeeg02,ses03,20260617_121957,2026-06-17 12:20:25.175468,NaN,5,digit,DIGIT2_OFF,147,2026-06-17 12:26:29.919321,364.702168,0.000000,,2,,,,keyboard,digit#2 off,"{""value"":2,""note"":""digit#2 off"",""pd_used"":0}",2,0.016667,60.000000,1
Sergio_G01_CNS-LLF5RV3D8,cpeeg02,ses03,20260617_121957,2026-06-17 12:20:25.175468,NaN,5,digit,POSTDIG_FIX2_ON,152,2026-06-17 12:26:29.920105,364.702168,2.020411,,,,,,keyboard,after digit#2,"{""note"":""after digit#2""}",2,0.016667,60.000000,1
Sergio_G01_CNS-LLF5RV3D8,cpeeg02,ses03,20260617_121957,2026-06-17 12:20:25.175468,NaN,5,digit,POSTDIG_FIX2_OFF,157,2026-06-17 12:26:31.939989,366.722579,0.044202,,,,,,keyboard,after digit#2,"{""note"":""after digit#2"",""pd_used"":0}",2,0.016667,60.000000,1
Sergio_G01_CNS-LLF5RV3D8,cpeeg02,ses03,20260617_121957,2026-06-17 12:20:25.175468,NaN,5,digit,DIGIT3_ON,143,2026-06-17 12:26:31.991304,366.766781,0.551760,,7,,,,keyboard,digit#3 shown,"{""value"":7,""note"":""digit#3 shown"",""pd_used"":1}",2,0.016667,60.000000,1
Sergio_G01_CNS-LLF5RV3D8,cpeeg02,ses03,20260617_121957,2026-06-17 12:20:25.175468,NaN,5,digit,DIGIT3_OFF,148,2026-06-17 12:26:32.535597,367.318541,0.000000,,7,,,,keyboard,digit#3 off,"{""value"":7,""note"":""digit#3 off"",""pd_used"":0}",2,0.016667,60.000000,1
Sergio_G01_CNS-LLF5RV3D8,cpeeg02,ses03,20260617_121957,2026-06-17 12:20:25.175468,NaN,5,digit,POSTDIG_FIX3_ON,153,2026-06-17 12:26:32.536376,367.318541,1.552430,,,,,,keyboard,after digit#3,"{""note"":""after digit#3""}",2,0.016667,60.000000,1
Sergio_G01_CNS-LLF5RV3D8,cpeeg02,ses03,20260617_121957,2026-06-17 12:20:25.175468,NaN,5,digit,POSTDIG_FIX3_OFF,158,2026-06-17 12:26:34.088208,368.870972,0.044054,,,,,,keyboard,after digit#3,"{""note"":""after digit#3"",""pd_used"":0}",2,0.016667,60.000000,1
Sergio_G01_CNS-LLF5RV3D8,cpeeg02,ses03,20260617_121957,2026-06-17 12:20:25.175468,NaN,5,digit,DIGIT4_ON,144,2026-06-17 12:26:34.139460,368.915025,0.551349,,1,,,,keyboard,digit#4 shown,"{""value"":1,""note"":""digit#4 shown"",""pd_used"":1}",2,0.016667,60.000000,1
Sergio_G01_CNS-LLF5RV3D8,cpeeg02,ses03,20260617_121957,2026-06-17 12:20:25.175468,NaN,5,digit,DIGIT4_OFF,149,2026-06-17 12:26:34.683612,369.466374,0.000000,,1,,,,keyboard,digit#4 off,"{""value"":1,""note"":""digit#4 off"",""pd_used"":0}",2,0.016667,60.000000,1
Sergio_G01_CNS-LLF5RV3D8,cpeeg02,ses03,20260617_121957,2026-06-17 12:20:25.175468,NaN,5,digit,POSTDIG_FIX4_ON,154,2026-06-17 12:26:34.684380,369.466374,1.863032,,,,,,keyboard,after digit#4,"{""note"":""after digit#4""}",2,0.016667,60.000000,1
Sergio_G01_CNS-LLF5RV3D8,cpeeg02,ses03,20260617_121957,2026-06-17 12:20:25.175468,NaN,5,digit,POSTDIG_FIX4_OFF,159,2026-06-17 12:26:36.546546,371.329407,0.043844,,,,,,keyboard,after digit#4,"{""note"":""after digit#4"",""pd_used"":0}",2,0.016667,60.000000,1
Sergio_G01_CNS-LLF5RV3D8,cpeeg02,ses03,20260617_121957,2026-06-17 12:20:25.175468,NaN,5,digit,DIGIT5_ON,145,2026-06-17 12:26:36.597758,371.373251,0.551391,,2,,,,keyboard,digit#5 shown,"{""value"":2,""note"":""digit#5 shown"",""pd_used"":1}",2,0.016667,60.000000,1
Sergio_G01_CNS-LLF5RV3D8,cpeeg02,ses03,20260617_121957,2026-06-17 12:20:25.175468,NaN,5,digit,DIGIT5_OFF,150,2026-06-17 12:26:37.142251,371.924642,0.000000,,2,,,,keyboard,digit#5 off,"{""value"":2,""note"":""digit#5 off"",""pd_used"":0}",2,0.016667,60.000000,1
Sergio_G01_CNS-LLF5RV3D8,cpeeg02,ses03,20260617_121957,2026-06-17 12:20:25.175468,NaN,5,digit,POSTDIG_FIX5_ON,155,2026-06-17 12:26:37.143071,371.924642,3.295893,,,,,,keyboard,after digit#5,"{""note"":""after digit#5""}",2,0.016667,60.000000,1
Sergio_G01_CNS-LLF5RV3D8,cpeeg02,ses03,20260617_121957,2026-06-17 12:20:25.175468,NaN,5,digit,POSTDIG_FIX5_OFF,160,2026-06-17 12:26:40.437638,375.220535,0.044176,,,,,,keyboard,after digit#5,"{""note"":""after digit#5"",""pd_used"":0}",2,0.016667,60.000000,1
Sergio_G01_CNS-LLF5RV3D8,cpeeg02,ses03,20260617_121957,2026-06-17 12:20:25.175468,NaN,5,distractor,DISTRACTOR_ON,50,2026-06-17 12:26:40.488973,375.264711,7.852400,,5+9=14,,,,keyboard,,"{""value"":""5+9=14"",""isCorrectTruth"":true,""trueSum"":14,""pd_used"":1}",2,0.016667,60.000000,1
Sergio_G01_CNS-LLF5RV3D8,cpeeg02,ses03,20260617_121957,2026-06-17 12:20:25.175468,NaN,5,distractor,DISTRACTOR_ANS,51,2026-06-17 12:26:48.847060,383.117110,0.000000,7.852400,5+9=14,F,0,,keyboard,key= (False),"{""value"":""5+9=14"",""entered"":""F"",""rt"":7.8523995000286959,""correct"":0,""note"":""key= (False)"",""truth"":true,""trueSum"":14,""shownSum"":14,""a"":5,""b"":9}",2,0.016667,60.000000,1
Sergio_G01_CNS-LLF5RV3D8,cpeeg02,ses03,20260617_121957,2026-06-17 12:20:25.175468,NaN,5,distractor,ANS_WRONG,200,2026-06-17 12:26:48.889722,383.117110,0.599386,,,,,,keyboard,,{},2,0.016667,60.000000,1
Sergio_G01_CNS-LLF5RV3D8,cpeeg02,ses03,20260617_121957,2026-06-17 12:20:25.175468,NaN,5,distractor,DISTRACTOR_OFF,52,2026-06-17 12:26:48.941145,383.716496,0.000000,,,,,,keyboard,,"{""pd_used"":0}",2,0.016667,60.000000,1
Sergio_G01_CNS-LLF5RV3D8,cpeeg02,ses03,20260617_121957,2026-06-17 12:20:25.175468,NaN,5,distractor,FIX2_ON,60,2026-06-17 12:26:48.941869,383.716496,3.376696,,,,,,keyboard,immediate after response,"{""note"":""immediate after response""}",2,0.016667,60.000000,1
Sergio_G01_CNS-LLF5RV3D8,cpeeg02,ses03,20260617_121957,2026-06-17 12:20:25.175468,NaN,5,fix2,FIX2_OFF,61,2026-06-17 12:26:52.310442,387.093192,0.044309,,,,,,keyboard,,"{""pd_used"":0}",2,0.016667,60.000000,1
Sergio_G01_CNS-LLF5RV3D8,cpeeg02,ses03,20260617_121957,2026-06-17 12:20:25.175468,NaN,5,probe,DIGIT_RECALL_LINE_1,161,2026-06-17 12:26:52.361726,387.137501,1.012449,,1,,,,keyboard,first recall question,"{""value"":1,""note"":""first recall question"",""pd_used"":1}",2,0.016667,60.000000,1
Sergio_G01_CNS-LLF5RV3D8,cpeeg02,ses03,20260617_121957,2026-06-17 12:20:25.175468,NaN,5,probe,PROBE_DIGIT_OK_1,71,2026-06-17 12:26:53.816857,388.149950,0.593162,1.013960,slot#1,NaN,,,keyboard,probe_digit#1,"{""value"":""slot#1"",""entered"":null,""rt"":1.0139604000141844,""note"":""probe_digit#1""}",2,0.016667,60.000000,1
Sergio_G01_CNS-LLF5RV3D8,cpeeg02,ses03,20260617_121957,2026-06-17 12:20:25.175468,NaN,5,probe,DIGIT1_OFF,146,2026-06-17 12:26:53.960576,388.743112,0.000000,,2,,,,keyboard,digit#1 off,"{""value"":2,""note"":""digit#1 off"",""pd_used"":0}",2,0.016667,60.000000,1
Sergio_G01_CNS-LLF5RV3D8,cpeeg02,ses03,20260617_121957,2026-06-17 12:20:25.175468,NaN,5,probe,POSTDIG_FIX1_ON,151,2026-06-17 12:26:53.961343,388.743112,1.561046,,,,,,keyboard,after digit#1,"{""note"":""after digit#1""}",2,0.016667,60.000000,1
Sergio_G01_CNS-LLF5RV3D8,cpeeg02,ses03,20260617_121957,2026-06-17 12:20:25.175468,NaN,5,probe,POSTDIG_FIX1_OFF,156,2026-06-17 12:26:55.521465,390.304158,0.046277,,,,,,keyboard,after digit#1,"{""note"":""after digit#1"",""pd_used"":0}",2,0.016667,60.000000,1
Sergio_G01_CNS-LLF5RV3D8,cpeeg02,ses03,20260617_121957,2026-06-17 12:20:25.175468,NaN,5,probe,DIGIT_RECALL_LINE_2,162,2026-06-17 12:26:55.572954,390.350435,1.029912,,2,,,,keyboard,next recall question,"{""value"":2,""note"":""next recall question"",""pd_used"":1}",2,0.016667,60.000000,1
Sergio_G01_CNS-LLF5RV3D8,cpeeg02,ses03,20260617_121957,2026-06-17 12:20:25.175468,NaN,5,probe,PROBE_DIGIT_OK_2,71,2026-06-17 12:26:57.056682,391.380347,0.607610,4.244357,slot#2,NaN,,,keyboard,probe_digit#2,"{""value"":""slot#2"",""entered"":null,""rt"":4.2443571999901906,""note"":""probe_digit#2""}",2,0.016667,60.000000,1
Sergio_G01_CNS-LLF5RV3D8,cpeeg02,ses03,20260617_121957,2026-06-17 12:20:25.175468,NaN,5,probe,DIGIT2_OFF,147,2026-06-17 12:26:57.204972,391.987956,0.000000,,2,,,,keyboard,digit#2 off,"{""value"":2,""note"":""digit#2 off"",""pd_used"":0}",2,0.016667,60.000000,1
Sergio_G01_CNS-LLF5RV3D8,cpeeg02,ses03,20260617_121957,2026-06-17 12:20:25.175468,NaN,5,probe,POSTDIG_FIX2_ON,152,2026-06-17 12:26:57.205741,391.987956,1.934315,,,,,,keyboard,after digit#2,"{""note"":""after digit#2""}",2,0.016667,60.000000,1
Sergio_G01_CNS-LLF5RV3D8,cpeeg02,ses03,20260617_121957,2026-06-17 12:20:25.175468,NaN,5,probe,POSTDIG_FIX2_OFF,157,2026-06-17 12:26:59.139581,393.922271,0.046601,,,,,,keyboard,after digit#2,"{""note"":""after digit#2"",""pd_used"":0}",2,0.016667,60.000000,1
Sergio_G01_CNS-LLF5RV3D8,cpeeg02,ses03,20260617_121957,2026-06-17 12:20:25.175468,NaN,5,probe,DIGIT_RECALL_LINE_3,163,2026-06-17 12:26:59.190902,393.968872,3.343148,,3,,,,keyboard,next recall question,"{""value"":3,""note"":""next recall question"",""pd_used"":1}",2,0.016667,60.000000,1
Sergio_G01_CNS-LLF5RV3D8,cpeeg02,ses03,20260617_121957,2026-06-17 12:20:25.175468,NaN,5,probe,PROBE_DIGIT_OK_3,71,2026-06-17 12:27:02.984750,397.312020,0.610878,10.176031,slot#3,NaN,,,keyboard,probe_digit#3,"{""value"":""slot#3"",""entered"":null,""rt"":10.176030699978583,""note"":""probe_digit#3""}",2,0.016667,60.000000,1
Sergio_G01_CNS-LLF5RV3D8,cpeeg02,ses03,20260617_121957,2026-06-17 12:20:25.175468,NaN,5,probe,DIGIT3_OFF,148,2026-06-17 12:27:03.140035,397.922898,0.000000,,2,,,,keyboard,digit#3 off,"{""value"":2,""note"":""digit#3 off"",""pd_used"":0}",2,0.016667,60.000000,1
Sergio_G01_CNS-LLF5RV3D8,cpeeg02,ses03,20260617_121957,2026-06-17 12:20:25.175468,NaN,5,probe,POSTDIG_FIX3_ON,153,2026-06-17 12:27:03.140825,397.922898,1.780279,,,,,,keyboard,after digit#3,"{""note"":""after digit#3""}",2,0.016667,60.000000,1
Sergio_G01_CNS-LLF5RV3D8,cpeeg02,ses03,20260617_121957,2026-06-17 12:20:25.175468,NaN,5,probe,POSTDIG_FIX3_OFF,158,2026-06-17 12:27:04.920732,399.703176,0.046609,,,,,,keyboard,after digit#3,"{""note"":""after digit#3"",""pd_used"":0}",2,0.016667,60.000000,1
Sergio_G01_CNS-LLF5RV3D8,cpeeg02,ses03,20260617_121957,2026-06-17 12:20:25.175468,NaN,5,probe,DIGIT_RECALL_LINE_4,164,2026-06-17 12:27:04.972101,399.749786,0.824771,,4,,,,keyboard,next recall question,"{""value"":4,""note"":""next recall question"",""pd_used"":1}",2,0.016667,60.000000,1
Sergio_G01_CNS-LLF5RV3D8,cpeeg02,ses03,20260617_121957,2026-06-17 12:20:25.175468,NaN,5,probe,PROBE_DIGIT_OK_4,71,2026-06-17 12:27:06.225879,400.574556,0.579275,13.438567,slot#4,NaN,,,keyboard,probe_digit#4,"{""value"":""slot#4"",""entered"":null,""rt"":13.438566600030754,""note"":""probe_digit#4""}",2,0.016667,60.000000,1
Sergio_G01_CNS-LLF5RV3D8,cpeeg02,ses03,20260617_121957,2026-06-17 12:20:25.175468,NaN,5,probe,DIGIT4_OFF,149,2026-06-17 12:27:06.370898,401.153832,0.000000,,2,,,,keyboard,digit#4 off,"{""value"":2,""note"":""digit#4 off"",""pd_used"":0}",2,0.016667,60.000000,1
Sergio_G01_CNS-LLF5RV3D8,cpeeg02,ses03,20260617_121957,2026-06-17 12:20:25.175468,NaN,5,probe,POSTDIG_FIX4_ON,154,2026-06-17 12:27:06.371653,401.153832,2.028842,,,,,,keyboard,after digit#4,"{""note"":""after digit#4""}",2,0.016667,60.000000,1
Sergio_G01_CNS-LLF5RV3D8,cpeeg02,ses03,20260617_121957,2026-06-17 12:20:25.175468,NaN,5,probe,POSTDIG_FIX4_OFF,159,2026-06-17 12:27:08.400175,403.182674,0.046301,,,,,,keyboard,after digit#4,"{""note"":""after digit#4"",""pd_used"":0}",2,0.016667,60.000000,1
Sergio_G01_CNS-LLF5RV3D8,cpeeg02,ses03,20260617_121957,2026-06-17 12:20:25.175468,NaN,5,probe,DIGIT_RECALL_LINE_5,165,2026-06-17 12:27:08.451674,403.228975,2.864054,,5,,,,keyboard,next recall question,"{""value"":5,""note"":""next recall question"",""pd_used"":1}",2,0.016667,60.000000,1
Sergio_G01_CNS-LLF5RV3D8,cpeeg02,ses03,20260617_121957,2026-06-17 12:20:25.175468,NaN,5,probe,PROBE_DIGIT_OK_5,71,2026-06-17 12:27:11.854679,406.093029,0.693036,18.957040,slot#5,NaN,,,keyboard,probe_digit#5,"{""value"":""slot#5"",""entered"":null,""rt"":18.957039500004612,""note"":""probe_digit#5""}",2,0.016667,60.000000,1
Sergio_G01_CNS-LLF5RV3D8,cpeeg02,ses03,20260617_121957,2026-06-17 12:20:25.175468,NaN,5,probe,DIGIT5_OFF,150,2026-06-17 12:27:12.003206,406.786065,0.000000,,2,,,,keyboard,digit#5 off,"{""value"":2,""note"":""digit#5 off"",""pd_used"":0}",2,0.016667,60.000000,1
Sergio_G01_CNS-LLF5RV3D8,cpeeg02,ses03,20260617_121957,2026-06-17 12:20:25.175468,NaN,5,probe,POSTDIG_FIX5_ON,155,2026-06-17 12:27:12.004002,406.786065,3.372992,,,,,,keyboard,after digit#5,"{""note"":""after digit#5""}",2,0.016667,60.000000,1
Sergio_G01_CNS-LLF5RV3D8,cpeeg02,ses03,20260617_121957,2026-06-17 12:20:25.175468,NaN,5,probe,POSTDIG_FIX5_OFF,160,2026-06-17 12:27:15.376170,410.159058,0.043513,,,,,,keyboard,after digit#5,"{""note"":""after digit#5"",""pd_used"":0}",2,0.016667,60.000000,1
Sergio_G01_CNS-LLF5RV3D8,cpeeg02,ses03,20260617_121957,2026-06-17 12:20:25.175468,NaN,5,probe,PROBE_DONE,73,2026-06-17 12:27:15.377861,410.202570,0.000639,,,,,,keyboard,probe complete,"{""value"":"""",""note"":""probe complete""}",2,0.016667,60.000000,1
Sergio_G01_CNS-LLF5RV3D8,cpeeg02,ses03,20260617_121957,2026-06-17 12:20:25.175468,NaN,5,probe,TRIAL_END,21,2026-06-17 12:27:15.378413,410.203210,0.107719,,,,,,keyboard,,{},2,0.016667,60.000000,1
Sergio_G01_CNS-LLF5RV3D8,cpeeg02,ses03,20260617_121957,2026-06-17 12:20:25.175468,NaN,6,probe,TRIAL_CHANGE,22,2026-06-17 12:27:15.486407,410.310929,0.001100,,,,,,keyboard,trial transition,"{""note"":""trial transition""}",2,0.016667,60.000000,1
Sergio_G01_CNS-LLF5RV3D8,cpeeg02,ses03,20260617_121957,2026-06-17 12:20:25.175468,NaN,6,probe,TRIAL_START,20,2026-06-17 12:27:15.487516,410.312028,0.043561,,,,,,keyboard,,{},2,0.016667,60.000000,1
Sergio_G01_CNS-LLF5RV3D8,cpeeg02,ses03,20260617_121957,2026-06-17 12:20:25.175468,NaN,6,fix1,FIX1_ON,30,2026-06-17 12:27:15.581336,410.355590,3.248363,,,,,,keyboard,,"{""pd_used"":0}",2,0.016667,60.000000,1
Sergio_G01_CNS-LLF5RV3D8,cpeeg02,ses03,20260617_121957,2026-06-17 12:20:25.175468,NaN,6,fix1,FIX1_OFF,31,2026-06-17 12:27:18.821162,413.603953,0.044063,,,,,,keyboard,,"{""pd_used"":0}",2,0.016667,60.000000,1
Sergio_G01_CNS-LLF5RV3D8,cpeeg02,ses03,20260617_121957,2026-06-17 12:20:25.175468,NaN,6,digit,DIGIT1_ON,141,2026-06-17 12:27:18.872611,413.648016,0.551247,,3,,,,keyboard,digit#1 shown,"{""value"":3,""note"":""digit#1 shown"",""pd_used"":1}",2,0.016667,60.000000,1
Sergio_G01_CNS-LLF5RV3D8,cpeeg02,ses03,20260617_121957,2026-06-17 12:20:25.175468,NaN,6,digit,DIGIT1_OFF,146,2026-06-17 12:27:19.416428,414.199263,0.000000,,3,,,,keyboard,digit#1 off,"{""value"":3,""note"":""digit#1 off"",""pd_used"":0}",2,0.016667,60.000000,1
Sergio_G01_CNS-LLF5RV3D8,cpeeg02,ses03,20260617_121957,2026-06-17 12:20:25.175468,NaN,6,digit,POSTDIG_FIX1_ON,151,2026-06-17 12:27:19.417211,414.199263,1.574380,,,,,,keyboard,after digit#1,"{""note"":""after digit#1""}",2,0.016667,60.000000,1
Sergio_G01_CNS-LLF5RV3D8,cpeeg02,ses03,20260617_121957,2026-06-17 12:20:25.175468,NaN,6,digit,POSTDIG_FIX1_OFF,156,2026-06-17 12:27:20.990965,415.773643,0.044235,,,,,,keyboard,after digit#1,"{""note"":""after digit#1"",""pd_used"":0}",2,0.016667,60.000000,1
Sergio_G01_CNS-LLF5RV3D8,cpeeg02,ses03,20260617_121957,2026-06-17 12:20:25.175468,NaN,6,digit,DIGIT2_ON,142,2026-06-17 12:27:21.042424,415.817878,0.551426,,2,,,,keyboard,digit#2 shown,"{""value"":2,""note"":""digit#2 shown"",""pd_used"":1}",2,0.016667,60.000000,1
Sergio_G01_CNS-LLF5RV3D8,cpeeg02,ses03,20260617_121957,2026-06-17 12:20:25.175468,NaN,6,digit,DIGIT2_OFF,147,2026-06-17 12:27:21.586365,416.369303,0.000000,,2,,,,keyboard,digit#2 off,"{""value"":2,""note"":""digit#2 off"",""pd_used"":0}",2,0.016667,60.000000,1
Sergio_G01_CNS-LLF5RV3D8,cpeeg02,ses03,20260617_121957,2026-06-17 12:20:25.175468,NaN,6,digit,POSTDIG_FIX2_ON,152,2026-06-17 12:27:21.587138,416.369303,1.682148,,,,,,keyboard,after digit#2,"{""note"":""after digit#2""}",2,0.016667,60.000000,1
Sergio_G01_CNS-LLF5RV3D8,cpeeg02,ses03,20260617_121957,2026-06-17 12:20:25.175468,NaN,6,digit,POSTDIG_FIX2_OFF,157,2026-06-17 12:27:23.269068,418.051452,0.044510,,,,,,keyboard,after digit#2,"{""note"":""after digit#2"",""pd_used"":0}",2,0.016667,60.000000,1
Sergio_G01_CNS-LLF5RV3D8,cpeeg02,ses03,20260617_121957,2026-06-17 12:20:25.175468,NaN,6,digit,DIGIT3_ON,143,2026-06-17 12:27:23.320743,418.095962,0.551674,,4,,,,keyboard,digit#3 shown,"{""value"":4,""note"":""digit#3 shown"",""pd_used"":1}",2,0.016667,60.000000,1
Sergio_G01_CNS-LLF5RV3D8,cpeeg02,ses03,20260617_121957,2026-06-17 12:20:25.175468,NaN,6,digit,DIGIT3_OFF,148,2026-06-17 12:27:23.864717,418.647636,0.000000,,4,,,,keyboard,digit#3 off,"{""value"":4,""note"":""digit#3 off"",""pd_used"":0}",2,0.016667,60.000000,1
Sergio_G01_CNS-LLF5RV3D8,cpeeg02,ses03,20260617_121957,2026-06-17 12:20:25.175468,NaN,6,digit,POSTDIG_FIX3_ON,153,2026-06-17 12:27:23.865498,418.647636,1.776232,,,,,,keyboard,after digit#3,"{""note"":""after digit#3""}",2,0.016667,60.000000,1
Sergio_G01_CNS-LLF5RV3D8,cpeeg02,ses03,20260617_121957,2026-06-17 12:20:25.175468,NaN,6,digit,POSTDIG_FIX3_OFF,158,2026-06-17 12:27:25.641156,420.423868,0.043918,,,,,,keyboard,after digit#3,"{""note"":""after digit#3"",""pd_used"":0}",2,0.016667,60.000000,1
Sergio_G01_CNS-LLF5RV3D8,cpeeg02,ses03,20260617_121957,2026-06-17 12:20:25.175468,NaN,6,digit,DIGIT4_ON,144,2026-06-17 12:27:25.692346,420.467787,0.551447,,7,,,,keyboard,digit#4 shown,"{""value"":7,""note"":""digit#4 shown"",""pd_used"":1}",2,0.016667,60.000000,1
Sergio_G01_CNS-LLF5RV3D8,cpeeg02,ses03,20260617_121957,2026-06-17 12:20:25.175468,NaN,6,digit,DIGIT4_OFF,149,2026-06-17 12:27:26.236778,421.019234,0.000000,,7,,,,keyboard,digit#4 off,"{""value"":7,""note"":""digit#4 off"",""pd_used"":0}",2,0.016667,60.000000,1
Sergio_G01_CNS-LLF5RV3D8,cpeeg02,ses03,20260617_121957,2026-06-17 12:20:25.175468,NaN,6,digit,POSTDIG_FIX4_ON,154,2026-06-17 12:27:26.237611,421.019234,1.558169,,,,,,keyboard,after digit#4,"{""note"":""after digit#4""}",2,0.016667,60.000000,1
Sergio_G01_CNS-LLF5RV3D8,cpeeg02,ses03,20260617_121957,2026-06-17 12:20:25.175468,NaN,6,digit,POSTDIG_FIX4_OFF,159,2026-06-17 12:27:27.794873,422.577403,0.044249,,,,,,keyboard,after digit#4,"{""note"":""after digit#4"",""pd_used"":0}",2,0.016667,60.000000,1
Sergio_G01_CNS-LLF5RV3D8,cpeeg02,ses03,20260617_121957,2026-06-17 12:20:25.175468,NaN,6,digit,DIGIT5_ON,145,2026-06-17 12:27:27.846351,422.621652,0.551601,,0,,,,keyboard,digit#5 shown,"{""value"":0,""note"":""digit#5 shown"",""pd_used"":1}",2,0.016667,60.000000,1
Sergio_G01_CNS-LLF5RV3D8,cpeeg02,ses03,20260617_121957,2026-06-17 12:20:25.175468,NaN,6,digit,DIGIT5_OFF,150,2026-06-17 12:27:28.390733,423.173253,0.000000,,0,,,,keyboard,digit#5 off,"{""value"":0,""note"":""digit#5 off"",""pd_used"":0}",2,0.016667,60.000000,1
Sergio_G01_CNS-LLF5RV3D8,cpeeg02,ses03,20260617_121957,2026-06-17 12:20:25.175468,NaN,6,digit,POSTDIG_FIX5_ON,155,2026-06-17 12:27:28.391543,423.173253,3.308482,,,,,,keyboard,after digit#5,"{""note"":""after digit#5""}",2,0.016667,60.000000,1
Sergio_G01_CNS-LLF5RV3D8,cpeeg02,ses03,20260617_121957,2026-06-17 12:20:25.175468,NaN,6,digit,POSTDIG_FIX5_OFF,160,2026-06-17 12:27:31.698928,426.481735,0.044011,,,,,,keyboard,after digit#5,"{""note"":""after digit#5"",""pd_used"":0}",2,0.016667,60.000000,1
Sergio_G01_CNS-LLF5RV3D8,cpeeg02,ses03,20260617_121957,2026-06-17 12:20:25.175468,NaN,6,distractor,DISTRACTOR_ON,50,2026-06-17 12:27:31.750328,426.525746,3.001402,,4+3=10,,,,keyboard,,"{""value"":""4+3=10"",""isCorrectTruth"":false,""trueSum"":7,""pd_used"":1}",2,0.016667,60.000000,1
Sergio_G01_CNS-LLF5RV3D8,cpeeg02,ses03,20260617_121957,2026-06-17 12:20:25.175468,NaN,6,distractor,DISTRACTOR_ANS,51,2026-06-17 12:27:35.284870,429.527148,0.000000,3.001402,4+3=10,F,1,,keyboard,key= (False),"{""value"":""4+3=10"",""entered"":""F"",""rt"":3.0014024999691173,""correct"":1,""note"":""key= (False)"",""truth"":false,""trueSum"":7,""shownSum"":10,""a"":4,""b"":3}",2,0.016667,60.000000,1
Sergio_G01_CNS-LLF5RV3D8,cpeeg02,ses03,20260617_121957,2026-06-17 12:20:25.175468,NaN,6,distractor,ANS_CORRECT,100,2026-06-17 12:27:35.327303,429.527148,0.626922,,,,,,keyboard,,{},2,0.016667,60.000000,1
Sergio_G01_CNS-LLF5RV3D8,cpeeg02,ses03,20260617_121957,2026-06-17 12:20:25.175468,NaN,6,distractor,DISTRACTOR_OFF,52,2026-06-17 12:27:35.378903,430.154070,0.000000,,,,,,keyboard,,"{""pd_used"":0}",2,0.016667,60.000000,1
Sergio_G01_CNS-LLF5RV3D8,cpeeg02,ses03,20260617_121957,2026-06-17 12:20:25.175468,NaN,6,distractor,FIX2_ON,60,2026-06-17 12:27:35.379615,430.154070,3.161646,,,,,,keyboard,immediate after response,"{""note"":""immediate after response""}",2,0.016667,60.000000,1
Sergio_G01_CNS-LLF5RV3D8,cpeeg02,ses03,20260617_121957,2026-06-17 12:20:25.175468,NaN,6,fix2,FIX2_OFF,61,2026-06-17 12:27:38.533182,433.315715,0.044309,,,,,,keyboard,,"{""pd_used"":0}",2,0.016667,60.000000,1
Sergio_G01_CNS-LLF5RV3D8,cpeeg02,ses03,20260617_121957,2026-06-17 12:20:25.175468,NaN,6,probe,DIGIT_RECALL_LINE_1,161,2026-06-17 12:27:38.584347,433.360024,1.322556,,1,,,,keyboard,first recall question,"{""value"":1,""note"":""first recall question"",""pd_used"":1}",2,0.016667,60.000000,1
Sergio_G01_CNS-LLF5RV3D8,cpeeg02,ses03,20260617_121957,2026-06-17 12:20:25.175468,NaN,6,probe,PROBE_DIGIT_OK_1,71,2026-06-17 12:27:40.325019,434.682580,0.566302,1.323832,slot#1,NaN,,,keyboard,probe_digit#1,"{""value"":""slot#1"",""entered"":null,""rt"":1.323832499969285,""note"":""probe_digit#1""}",2,0.016667,60.000000,1
Sergio_G01_CNS-LLF5RV3D8,cpeeg02,ses03,20260617_121957,2026-06-17 12:20:25.175468,NaN,6,probe,DIGIT1_OFF,146,2026-06-17 12:27:40.466090,435.248882,0.000000,,0,,,,keyboard,digit#1 off,"{""value"":0,""note"":""digit#1 off"",""pd_used"":0}",2,0.016667,60.000000,1
Sergio_G01_CNS-LLF5RV3D8,cpeeg02,ses03,20260617_121957,2026-06-17 12:20:25.175468,NaN,6,probe,POSTDIG_FIX1_ON,151,2026-06-17 12:27:40.466881,435.248882,1.740945,,,,,,keyboard,after digit#1,"{""note"":""after digit#1""}",2,0.016667,60.000000,1
Sergio_G01_CNS-LLF5RV3D8,cpeeg02,ses03,20260617_121957,2026-06-17 12:20:25.175468,NaN,6,probe,POSTDIG_FIX1_OFF,156,2026-06-17 12:27:42.206945,436.989827,0.046465,,,,,,keyboard,after digit#1,"{""note"":""after digit#1"",""pd_used"":0}",2,0.016667,60.000000,1
Sergio_G01_CNS-LLF5RV3D8,cpeeg02,ses03,20260617_121957,2026-06-17 12:20:25.175468,NaN,6,probe,DIGIT_RECALL_LINE_2,162,2026-06-17 12:27:42.258450,437.036292,1.193811,,2,,,,keyboard,next recall question,"{""value"":2,""note"":""next recall question"",""pd_used"":1}",2,0.016667,60.000000,1
Sergio_G01_CNS-LLF5RV3D8,cpeeg02,ses03,20260617_121957,2026-06-17 12:20:25.175468,NaN,6,probe,PROBE_DIGIT_OK_2,71,2026-06-17 12:27:44.073766,438.230104,0.772883,4.871356,slot#2,NaN,,,keyboard,probe_digit#2,"{""value"":""slot#2"",""entered"":null,""rt"":4.87135579995811,""note"":""probe_digit#2""}",2,0.016667,60.000000,1
Sergio_G01_CNS-LLF5RV3D8,cpeeg02,ses03,20260617_121957,2026-06-17 12:20:25.175468,NaN,6,probe,DIGIT2_OFF,147,2026-06-17 12:27:44.220056,439.002987,0.000000,,0,,,,keyboard,digit#2 off,"{""value"":0,""note"":""digit#2 off"",""pd_used"":0}",2,0.016667,60.000000,1
Sergio_G01_CNS-LLF5RV3D8,cpeeg02,ses03,20260617_121957,2026-06-17 12:20:25.175468,NaN,6,probe,POSTDIG_FIX2_ON,152,2026-06-17 12:27:44.220840,439.002987,1.934431,,,,,,keyboard,after digit#2,"{""note"":""after digit#2""}",2,0.016667,60.000000,1
Sergio_G01_CNS-LLF5RV3D8,cpeeg02,ses03,20260617_121957,2026-06-17 12:20:25.175468,NaN,6,probe,POSTDIG_FIX2_OFF,157,2026-06-17 12:27:46.154784,440.937418,0.046408,,,,,,keyboard,after digit#2,"{""note"":""after digit#2"",""pd_used"":0}",2,0.016667,60.000000,1
Sergio_G01_CNS-LLF5RV3D8,cpeeg02,ses03,20260617_121957,2026-06-17 12:20:25.175468,NaN,6,probe,DIGIT_RECALL_LINE_3,163,2026-06-17 12:27:46.205980,440.983826,0.861608,,3,,,,keyboard,next recall question,"{""value"":3,""note"":""next recall question"",""pd_used"":1}",2,0.016667,60.000000,1
Sergio_G01_CNS-LLF5RV3D8,cpeeg02,ses03,20260617_121957,2026-06-17 12:20:25.175468,NaN,6,probe,PROBE_DIGIT_OK_3,71,2026-06-17 12:27:47.416060,441.845434,0.492753,8.486686,slot#3,NaN,,,keyboard,probe_digit#3,"{""value"":""slot#3"",""entered"":null,""rt"":8.4866859999601729,""note"":""probe_digit#3""}",2,0.016667,60.000000,1
Sergio_G01_CNS-LLF5RV3D8,cpeeg02,ses03,20260617_121957,2026-06-17 12:20:25.175468,NaN,6,probe,DIGIT3_OFF,148,2026-06-17 12:27:47.555412,442.338187,0.000000,,0,,,,keyboard,digit#3 off,"{""value"":0,""note"":""digit#3 off"",""pd_used"":0}",2,0.016667,60.000000,1
Sergio_G01_CNS-LLF5RV3D8,cpeeg02,ses03,20260617_121957,2026-06-17 12:20:25.175468,NaN,6,probe,POSTDIG_FIX3_ON,153,2026-06-17 12:27:47.556215,442.338187,1.570230,,,,,,keyboard,after digit#3,"{""note"":""after digit#3""}",2,0.016667,60.000000,1
Sergio_G01_CNS-LLF5RV3D8,cpeeg02,ses03,20260617_121957,2026-06-17 12:20:25.175468,NaN,6,probe,POSTDIG_FIX3_OFF,158,2026-06-17 12:27:49.125633,443.908416,0.046365,,,,,,keyboard,after digit#3,"{""note"":""after digit#3"",""pd_used"":0}",2,0.016667,60.000000,1
Sergio_G01_CNS-LLF5RV3D8,cpeeg02,ses03,20260617_121957,2026-06-17 12:20:25.175468,NaN,6,probe,DIGIT_RECALL_LINE_4,164,2026-06-17 12:27:49.176925,443.954781,0.981753,,4,,,,keyboard,next recall question,"{""value"":4,""note"":""next recall question"",""pd_used"":1}",2,0.016667,60.000000,1
Sergio_G01_CNS-LLF5RV3D8,cpeeg02,ses03,20260617_121957,2026-06-17 12:20:25.175468,NaN,6,probe,PROBE_DIGIT_OK_4,71,2026-06-17 12:27:50.503885,444.936534,0.499347,11.577786,slot#4,NaN,,,keyboard,probe_digit#4,"{""value"":""slot#4"",""entered"":null,""rt"":11.577786499983631,""note"":""probe_digit#4""}",2,0.016667,60.000000,1
Sergio_G01_CNS-LLF5RV3D8,cpeeg02,ses03,20260617_121957,2026-06-17 12:20:25.175468,NaN,6,probe,DIGIT4_OFF,149,2026-06-17 12:27:50.653053,445.435881,0.000000,,0,,,,keyboard,digit#4 off,"{""value"":0,""note"":""digit#4 off"",""pd_used"":0}",2,0.016667,60.000000,1
Sergio_G01_CNS-LLF5RV3D8,cpeeg02,ses03,20260617_121957,2026-06-17 12:20:25.175468,NaN,6,probe,POSTDIG_FIX4_ON,154,2026-06-17 12:27:50.653884,445.435881,1.983044,,,,,,keyboard,after digit#4,"{""note"":""after digit#4""}",2,0.016667,60.000000,1
Sergio_G01_CNS-LLF5RV3D8,cpeeg02,ses03,20260617_121957,2026-06-17 12:20:25.175468,NaN,6,probe,POSTDIG_FIX4_OFF,159,2026-06-17 12:27:52.636171,447.418926,0.046082,,,,,,keyboard,after digit#4,"{""note"":""after digit#4"",""pd_used"":0}",2,0.016667,60.000000,1
Sergio_G01_CNS-LLF5RV3D8,cpeeg02,ses03,20260617_121957,2026-06-17 12:20:25.175468,NaN,6,probe,DIGIT_RECALL_LINE_5,165,2026-06-17 12:27:52.687534,447.465007,3.516721,,5,,,,keyboard,next recall question,"{""value"":5,""note"":""next recall question"",""pd_used"":1}",2,0.016667,60.000000,1
Sergio_G01_CNS-LLF5RV3D8,cpeeg02,ses03,20260617_121957,2026-06-17 12:20:25.175468,NaN,6,probe,PROBE_DIGIT_OK_5,71,2026-06-17 12:27:56.507414,450.981728,0.449733,17.622980,slot#5,NaN,,,keyboard,probe_digit#5,"{""value"":""slot#5"",""entered"":null,""rt"":17.622980499989353,""note"":""probe_digit#5""}",2,0.016667,60.000000,1
Sergio_G01_CNS-LLF5RV3D8,cpeeg02,ses03,20260617_121957,2026-06-17 12:20:25.175468,NaN,6,probe,DIGIT5_OFF,150,2026-06-17 12:27:56.648979,451.431461,0.000000,,0,,,,keyboard,digit#5 off,"{""value"":0,""note"":""digit#5 off"",""pd_used"":0}",2,0.016667,60.000000,1
Sergio_G01_CNS-LLF5RV3D8,cpeeg02,ses03,20260617_121957,2026-06-17 12:20:25.175468,NaN,6,probe,POSTDIG_FIX5_ON,155,2026-06-17 12:27:56.649795,451.431461,3.439585,,,,,,keyboard,after digit#5,"{""note"":""after digit#5""}",2,0.016667,60.000000,1
Sergio_G01_CNS-LLF5RV3D8,cpeeg02,ses03,20260617_121957,2026-06-17 12:20:25.175468,NaN,6,probe,POSTDIG_FIX5_OFF,160,2026-06-17 12:28:00.088421,454.871046,0.043834,,,,,,keyboard,after digit#5,"{""note"":""after digit#5"",""pd_used"":0}",2,0.016667,60.000000,1
Sergio_G01_CNS-LLF5RV3D8,cpeeg02,ses03,20260617_121957,2026-06-17 12:20:25.175468,NaN,6,probe,PROBE_DONE,73,2026-06-17 12:28:00.090200,454.914879,0.000679,,,,,,keyboard,probe complete,"{""value"":"""",""note"":""probe complete""}",2,0.016667,60.000000,1
Sergio_G01_CNS-LLF5RV3D8,cpeeg02,ses03,20260617_121957,2026-06-17 12:20:25.175468,NaN,6,probe,TRIAL_END,21,2026-06-17 12:28:00.090773,454.915558,0.103321,,,,,,keyboard,,{},2,0.016667,60.000000,1
Sergio_G01_CNS-LLF5RV3D8,cpeeg02,ses03,20260617_121957,2026-06-17 12:20:25.175468,NaN,7,probe,TRIAL_CHANGE,22,2026-06-17 12:28:00.194399,455.018880,0.001006,,,,,,keyboard,trial transition,"{""note"":""trial transition""}",2,0.016667,60.000000,1
Sergio_G01_CNS-LLF5RV3D8,cpeeg02,ses03,20260617_121957,2026-06-17 12:20:25.175468,NaN,7,probe,TRIAL_START,20,2026-06-17 12:28:00.195101,455.019886,0.042976,,,,,,keyboard,,{},2,0.016667,60.000000,1
Sergio_G01_CNS-LLF5RV3D8,cpeeg02,ses03,20260617_121957,2026-06-17 12:20:25.175468,NaN,7,fix1,FIX1_ON,30,2026-06-17 12:28:00.288736,455.062861,3.249537,,,,,,keyboard,,"{""pd_used"":0}",2,0.016667,60.000000,1
Sergio_G01_CNS-LLF5RV3D8,cpeeg02,ses03,20260617_121957,2026-06-17 12:20:25.175468,NaN,7,fix1,FIX1_OFF,31,2026-06-17 12:28:03.529664,458.312398,0.044004,,,,,,keyboard,,"{""pd_used"":0}",2,0.016667,60.000000,1
Sergio_G01_CNS-LLF5RV3D8,cpeeg02,ses03,20260617_121957,2026-06-17 12:20:25.175468,NaN,7,digit,DIGIT1_ON,141,2026-06-17 12:28:03.580990,458.356403,0.551575,,8,,,,keyboard,digit#1 shown,"{""value"":8,""note"":""digit#1 shown"",""pd_used"":1}",2,0.016667,60.000000,1
Sergio_G01_CNS-LLF5RV3D8,cpeeg02,ses03,20260617_121957,2026-06-17 12:20:25.175468,NaN,7,digit,DIGIT1_OFF,146,2026-06-17 12:28:04.125291,458.907978,0.000000,,8,,,,keyboard,digit#1 off,"{""value"":8,""note"":""digit#1 off"",""pd_used"":0}",2,0.016667,60.000000,1
Sergio_G01_CNS-LLF5RV3D8,cpeeg02,ses03,20260617_121957,2026-06-17 12:20:25.175468,NaN,7,digit,POSTDIG_FIX1_ON,151,2026-06-17 12:28:04.126060,458.907978,1.787198,,,,,,keyboard,after digit#1,"{""note"":""after digit#1""}",2,0.016667,60.000000,1
Sergio_G01_CNS-LLF5RV3D8,cpeeg02,ses03,20260617_121957,2026-06-17 12:20:25.175468,NaN,7,digit,POSTDIG_FIX1_OFF,156,2026-06-17 12:28:05.912387,460.695176,0.044048,,,,,,keyboard,after digit#1,"{""note"":""after digit#1"",""pd_used"":0}",2,0.016667,60.000000,1
Sergio_G01_CNS-LLF5RV3D8,cpeeg02,ses03,20260617_121957,2026-06-17 12:20:25.175468,NaN,7,digit,DIGIT2_ON,142,2026-06-17 12:28:05.963885,460.739224,0.551670,,9,,,,keyboard,digit#2 shown,"{""value"":9,""note"":""digit#2 shown"",""pd_used"":1}",2,0.016667,60.000000,1
Sergio_G01_CNS-LLF5RV3D8,cpeeg02,ses03,20260617_121957,2026-06-17 12:20:25.175468,NaN,7,digit,DIGIT2_OFF,147,2026-06-17 12:28:06.508149,461.290894,0.000000,,9,,,,keyboard,digit#2 off,"{""value"":9,""note"":""digit#2 off"",""pd_used"":0}",2,0.016667,60.000000,1
Sergio_G01_CNS-LLF5RV3D8,cpeeg02,ses03,20260617_121957,2026-06-17 12:20:25.175468,NaN,7,digit,POSTDIG_FIX2_ON,152,2026-06-17 12:28:06.508918,461.290894,1.831688,,,,,,keyboard,after digit#2,"{""note"":""after digit#2""}",2,0.016667,60.000000,1
Sergio_G01_CNS-LLF5RV3D8,cpeeg02,ses03,20260617_121957,2026-06-17 12:20:25.175468,NaN,7,digit,POSTDIG_FIX2_OFF,157,2026-06-17 12:28:08.339866,463.122582,0.044184,,,,,,keyboard,after digit#2,"{""note"":""after digit#2"",""pd_used"":0}",2,0.016667,60.000000,1
Sergio_G01_CNS-LLF5RV3D8,cpeeg02,ses03,20260617_121957,2026-06-17 12:20:25.175468,NaN,7,digit,DIGIT3_ON,143,2026-06-17 12:28:08.391133,463.166766,0.551420,,8,,,,keyboard,digit#3 shown,"{""value"":8,""note"":""digit#3 shown"",""pd_used"":1}",2,0.016667,60.000000,1
Sergio_G01_CNS-LLF5RV3D8,cpeeg02,ses03,20260617_121957,2026-06-17 12:20:25.175468,NaN,7,digit,DIGIT3_OFF,148,2026-06-17 12:28:08.935376,463.718186,0.000000,,8,,,,keyboard,digit#3 off,"{""value"":8,""note"":""digit#3 off"",""pd_used"":0}",2,0.016667,60.000000,1
Sergio_G01_CNS-LLF5RV3D8,cpeeg02,ses03,20260617_121957,2026-06-17 12:20:25.175468,NaN,7,digit,POSTDIG_FIX3_ON,153,2026-06-17 12:28:08.936163,463.718186,1.724635,,,,,,keyboard,after digit#3,"{""note"":""after digit#3""}",2,0.016667,60.000000,1
Sergio_G01_CNS-LLF5RV3D8,cpeeg02,ses03,20260617_121957,2026-06-17 12:20:25.175468,NaN,7,digit,POSTDIG_FIX3_OFF,158,2026-06-17 12:28:10.660145,465.442821,0.044039,,,,,,keyboard,after digit#3,"{""note"":""after digit#3"",""pd_used"":0}",2,0.016667,60.000000,1
Sergio_G01_CNS-LLF5RV3D8,cpeeg02,ses03,20260617_121957,2026-06-17 12:20:25.175468,NaN,7,digit,DIGIT4_ON,144,2026-06-17 12:28:10.711454,465.486860,0.552781,,6,,,,keyboard,digit#4 shown,"{""value"":6,""note"":""digit#4 shown"",""pd_used"":1}",2,0.016667,60.000000,1
Sergio_G01_CNS-LLF5RV3D8,cpeeg02,ses03,20260617_121957,2026-06-17 12:20:25.175468,NaN,7,digit,DIGIT4_OFF,149,2026-06-17 12:28:11.256749,466.039641,0.000000,,6,,,,keyboard,digit#4 off,"{""value"":6,""note"":""digit#4 off"",""pd_used"":0}",2,0.016667,60.000000,1
Sergio_G01_CNS-LLF5RV3D8,cpeeg02,ses03,20260617_121957,2026-06-17 12:20:25.175468,NaN,7,digit,POSTDIG_FIX4_ON,154,2026-06-17 12:28:11.257542,466.039641,1.592082,,,,,,keyboard,after digit#4,"{""note"":""after digit#4""}",2,0.016667,60.000000,1
Sergio_G01_CNS-LLF5RV3D8,cpeeg02,ses03,20260617_121957,2026-06-17 12:20:25.175468,NaN,7,digit,POSTDIG_FIX4_OFF,159,2026-06-17 12:28:12.849002,467.631723,0.044076,,,,,,keyboard,after digit#4,"{""note"":""after digit#4"",""pd_used"":0}",2,0.016667,60.000000,1
Sergio_G01_CNS-LLF5RV3D8,cpeeg02,ses03,20260617_121957,2026-06-17 12:20:25.175468,NaN,7,digit,DIGIT5_ON,145,2026-06-17 12:28:12.900655,467.675798,0.551793,,5,,,,keyboard,digit#5 shown,"{""value"":5,""note"":""digit#5 shown"",""pd_used"":1}",2,0.016667,60.000000,1
Sergio_G01_CNS-LLF5RV3D8,cpeeg02,ses03,20260617_121957,2026-06-17 12:20:25.175468,NaN,7,digit,DIGIT5_OFF,150,2026-06-17 12:28:13.444912,468.227592,0.000000,,5,,,,keyboard,digit#5 off,"{""value"":5,""note"":""digit#5 off"",""pd_used"":0}",2,0.016667,60.000000,1
Sergio_G01_CNS-LLF5RV3D8,cpeeg02,ses03,20260617_121957,2026-06-17 12:20:25.175468,NaN,7,digit,POSTDIG_FIX5_ON,155,2026-06-17 12:28:13.445699,468.227592,3.120363,,,,,,keyboard,after digit#5,"{""note"":""after digit#5""}",2,0.016667,60.000000,1
Sergio_G01_CNS-LLF5RV3D8,cpeeg02,ses03,20260617_121957,2026-06-17 12:20:25.175468,NaN,7,digit,POSTDIG_FIX5_OFF,160,2026-06-17 12:28:16.565225,471.347955,0.044483,,,,,,keyboard,after digit#5,"{""note"":""after digit#5"",""pd_used"":0}",2,0.016667,60.000000,1
Sergio_G01_CNS-LLF5RV3D8,cpeeg02,ses03,20260617_121957,2026-06-17 12:20:25.175468,NaN,7,distractor,DISTRACTOR_ON,50,2026-06-17 12:28:16.616762,471.392438,1.950009,,8+8=16,,,,keyboard,,"{""value"":""8+8=16"",""isCorrectTruth"":true,""trueSum"":16,""pd_used"":1}",2,0.016667,60.000000,1
Sergio_G01_CNS-LLF5RV3D8,cpeeg02,ses03,20260617_121957,2026-06-17 12:20:25.175468,NaN,7,distractor,DISTRACTOR_ANS,51,2026-06-17 12:28:18.853685,473.342447,0.000000,1.950009,8+8=16,F,0,,keyboard,key= (False),"{""value"":""8+8=16"",""entered"":""F"",""rt"":1.950009299966041,""correct"":0,""note"":""key= (False)"",""truth"":true,""trueSum"":16,""shownSum"":16,""a"":8,""b"":8}",2,0.016667,60.000000,1
Sergio_G01_CNS-LLF5RV3D8,cpeeg02,ses03,20260617_121957,2026-06-17 12:20:25.175468,NaN,7,distractor,ANS_WRONG,200,2026-06-17 12:28:18.896219,473.342447,0.380548,,,,,,keyboard,,{},2,0.016667,60.000000,1
Sergio_G01_CNS-LLF5RV3D8,cpeeg02,ses03,20260617_121957,2026-06-17 12:20:25.175468,NaN,7,distractor,DISTRACTOR_OFF,52,2026-06-17 12:28:18.947744,473.722995,0.000000,,,,,,keyboard,,"{""pd_used"":0}",2,0.016667,60.000000,1
Sergio_G01_CNS-LLF5RV3D8,cpeeg02,ses03,20260617_121957,2026-06-17 12:20:25.175468,NaN,7,distractor,FIX2_ON,60,2026-06-17 12:28:18.948487,473.722995,3.192043,,,,,,keyboard,immediate after response,"{""note"":""immediate after response""}",2,0.016667,60.000000,1
Sergio_G01_CNS-LLF5RV3D8,cpeeg02,ses03,20260617_121957,2026-06-17 12:20:25.175468,NaN,7,fix2,FIX2_OFF,61,2026-06-17 12:28:22.132276,476.915039,0.044125,,,,,,keyboard,,"{""pd_used"":0}",2,0.016667,60.000000,1
Sergio_G01_CNS-LLF5RV3D8,cpeeg02,ses03,20260617_121957,2026-06-17 12:20:25.175468,NaN,7,probe,DIGIT_RECALL_LINE_1,161,2026-06-17 12:28:22.183806,476.959163,0.876694,,1,,,,keyboard,first recall question,"{""value"":1,""note"":""first recall question"",""pd_used"":1}",2,0.016667,60.000000,1
Sergio_G01_CNS-LLF5RV3D8,cpeeg02,ses03,20260617_121957,2026-06-17 12:20:25.175468,NaN,7,probe,PROBE_DIGIT_OK_1,71,2026-06-17 12:28:23.423902,477.835857,0.522219,0.878054,slot#1,NaN,,,keyboard,probe_digit#1,"{""value"":""slot#1"",""entered"":null,""rt"":0.87805399997159839,""note"":""probe_digit#1""}",2,0.016667,60.000000,1
Sergio_G01_CNS-LLF5RV3D8,cpeeg02,ses03,20260617_121957,2026-06-17 12:20:25.175468,NaN,7,probe,DIGIT1_OFF,146,2026-06-17 12:28:23.575379,478.358076,0.000000,,5,,,,keyboard,digit#1 off,"{""value"":5,""note"":""digit#1 off"",""pd_used"":0}",2,0.016667,60.000000,1
Sergio_G01_CNS-LLF5RV3D8,cpeeg02,ses03,20260617_121957,2026-06-17 12:20:25.175468,NaN,7,probe,POSTDIG_FIX1_ON,151,2026-06-17 12:28:23.576173,478.358076,1.758103,,,,,,keyboard,after digit#1,"{""note"":""after digit#1""}",2,0.016667,60.000000,1
Sergio_G01_CNS-LLF5RV3D8,cpeeg02,ses03,20260617_121957,2026-06-17 12:20:25.175468,NaN,7,probe,POSTDIG_FIX1_OFF,156,2026-06-17 12:28:25.333343,480.116179,0.046001,,,,,,keyboard,after digit#1,"{""note"":""after digit#1"",""pd_used"":0}",2,0.016667,60.000000,1
Sergio_G01_CNS-LLF5RV3D8,cpeeg02,ses03,20260617_121957,2026-06-17 12:20:25.175468,NaN,7,probe,DIGIT_RECALL_LINE_2,162,2026-06-17 12:28:25.384711,480.162180,0.601924,,2,,,,keyboard,next recall question,"{""value"":2,""note"":""next recall question"",""pd_used"":1}",2,0.016667,60.000000,1
Sergio_G01_CNS-LLF5RV3D8,cpeeg02,ses03,20260617_121957,2026-06-17 12:20:25.175468,NaN,7,probe,PROBE_DIGIT_OK_2,71,2026-06-17 12:28:26.535278,480.764104,0.705425,3.806301,slot#2,NaN,,,keyboard,probe_digit#2,"{""value"":""slot#2"",""entered"":null,""rt"":3.8063013000064529,""note"":""probe_digit#2""}",2,0.016667,60.000000,1
Sergio_G01_CNS-LLF5RV3D8,cpeeg02,ses03,20260617_121957,2026-06-17 12:20:25.175468,NaN,7,probe,DIGIT2_OFF,147,2026-06-17 12:28:26.686804,481.469529,0.000000,,5,,,,keyboard,digit#2 off,"{""value"":5,""note"":""digit#2 off"",""pd_used"":0}",2,0.016667,60.000000,1
Sergio_G01_CNS-LLF5RV3D8,cpeeg02,ses03,20260617_121957,2026-06-17 12:20:25.175468,NaN,7,probe,POSTDIG_FIX2_ON,152,2026-06-17 12:28:26.687568,481.469529,1.820924,,,,,,keyboard,after digit#2,"{""note"":""after digit#2""}",2,0.016667,60.000000,1
Sergio_G01_CNS-LLF5RV3D8,cpeeg02,ses03,20260617_121957,2026-06-17 12:20:25.175468,NaN,7,probe,POSTDIG_FIX2_OFF,157,2026-06-17 12:28:28.507718,483.290453,0.046423,,,,,,keyboard,after digit#2,"{""note"":""after digit#2"",""pd_used"":0}",2,0.016667,60.000000,1
Sergio_G01_CNS-LLF5RV3D8,cpeeg02,ses03,20260617_121957,2026-06-17 12:20:25.175468,NaN,7,probe,DIGIT_RECALL_LINE_3,163,2026-06-17 12:28:28.559053,483.336877,0.727226,,3,,,,keyboard,next recall question,"{""value"":3,""note"":""next recall question"",""pd_used"":1}",2,0.016667,60.000000,1
Sergio_G01_CNS-LLF5RV3D8,cpeeg02,ses03,20260617_121957,2026-06-17 12:20:25.175468,NaN,7,probe,PROBE_DIGIT_OK_3,71,2026-06-17 12:28:29.654369,484.064102,0.523921,7.106300,slot#3,NaN,,,keyboard,probe_digit#3,"{""value"":""slot#3"",""entered"":null,""rt"":7.1062995999818668,""note"":""probe_digit#3""}",2,0.016667,60.000000,1
Sergio_G01_CNS-LLF5RV3D8,cpeeg02,ses03,20260617_121957,2026-06-17 12:20:25.175468,NaN,7,probe,DIGIT3_OFF,148,2026-06-17 12:28:29.804973,484.588023,0.000000,,5,,,,keyboard,digit#3 off,"{""value"":5,""note"":""digit#3 off"",""pd_used"":0}",2,0.016667,60.000000,1
Sergio_G01_CNS-LLF5RV3D8,cpeeg02,ses03,20260617_121957,2026-06-17 12:20:25.175468,NaN,7,probe,POSTDIG_FIX3_ON,153,2026-06-17 12:28:29.805736,484.588023,1.780886,,,,,,keyboard,after digit#3,"{""note"":""after digit#3""}",2,0.016667,60.000000,1
Sergio_G01_CNS-LLF5RV3D8,cpeeg02,ses03,20260617_121957,2026-06-17 12:20:25.175468,NaN,7,probe,POSTDIG_FIX3_OFF,158,2026-06-17 12:28:31.586278,486.368909,0.046397,,,,,,keyboard,after digit#3,"{""note"":""after digit#3"",""pd_used"":0}",2,0.016667,60.000000,1
Sergio_G01_CNS-LLF5RV3D8,cpeeg02,ses03,20260617_121957,2026-06-17 12:20:25.175468,NaN,7,probe,DIGIT_RECALL_LINE_4,164,2026-06-17 12:28:31.637500,486.415306,1.783872,,4,,,,keyboard,next recall question,"{""value"":4,""note"":""next recall question"",""pd_used"":1}",2,0.016667,60.000000,1
Sergio_G01_CNS-LLF5RV3D8,cpeeg02,ses03,20260617_121957,2026-06-17 12:20:25.175468,NaN,7,probe,PROBE_DIGIT_OK_4,71,2026-06-17 12:28:34.005681,488.199178,0.737636,11.241375,slot#4,NaN,,,keyboard,probe_digit#4,"{""value"":""slot#4"",""entered"":null,""rt"":11.241375399986282,""note"":""probe_digit#4""}",2,0.016667,60.000000,1
Sergio_G01_CNS-LLF5RV3D8,cpeeg02,ses03,20260617_121957,2026-06-17 12:20:25.175468,NaN,7,probe,DIGIT4_OFF,149,2026-06-17 12:28:34.154490,488.936814,0.000000,,5,,,,keyboard,digit#4 off,"{""value"":5,""note"":""digit#4 off"",""pd_used"":0}",2,0.016667,60.000000,1
Sergio_G01_CNS-LLF5RV3D8,cpeeg02,ses03,20260617_121957,2026-06-17 12:20:25.175468,NaN,7,probe,POSTDIG_FIX4_ON,154,2026-06-17 12:28:34.155271,488.936814,1.873975,,,,,,keyboard,after digit#4,"{""note"":""after digit#4""}",2,0.016667,60.000000,1
Sergio_G01_CNS-LLF5RV3D8,cpeeg02,ses03,20260617_121957,2026-06-17 12:20:25.175468,NaN,7,probe,POSTDIG_FIX4_OFF,159,2026-06-17 12:28:36.027934,490.810789,0.046217,,,,,,keyboard,after digit#4,"{""note"":""after digit#4"",""pd_used"":0}",2,0.016667,60.000000,1
Sergio_G01_CNS-LLF5RV3D8,cpeeg02,ses03,20260617_121957,2026-06-17 12:20:25.175468,NaN,7,probe,DIGIT_RECALL_LINE_5,165,2026-06-17 12:28:36.079469,490.857006,1.031248,,5,,,,keyboard,next recall question,"{""value"":5,""note"":""next recall question"",""pd_used"":1}",2,0.016667,60.000000,1
Sergio_G01_CNS-LLF5RV3D8,cpeeg02,ses03,20260617_121957,2026-06-17 12:20:25.175468,NaN,7,probe,PROBE_DIGIT_OK_5,71,2026-06-17 12:28:37.595354,491.888254,0.631671,14.930452,slot#5,NaN,,,keyboard,probe_digit#5,"{""value"":""slot#5"",""entered"":null,""rt"":14.930451599997468,""note"":""probe_digit#5""}",2,0.016667,60.000000,1
Sergio_G01_CNS-LLF5RV3D8,cpeeg02,ses03,20260617_121957,2026-06-17 12:20:25.175468,NaN,7,probe,DIGIT5_OFF,150,2026-06-17 12:28:37.737387,492.519925,0.000000,,5,,,,keyboard,digit#5 off,"{""value"":5,""note"":""digit#5 off"",""pd_used"":0}",2,0.016667,60.000000,1
Sergio_G01_CNS-LLF5RV3D8,cpeeg02,ses03,20260617_121957,2026-06-17 12:20:25.175468,NaN,7,probe,POSTDIG_FIX5_ON,155,2026-06-17 12:28:37.738293,492.519925,3.239553,,,,,,keyboard,after digit#5,"{""note"":""after digit#5""}",2,0.016667,60.000000,1
Sergio_G01_CNS-LLF5RV3D8,cpeeg02,ses03,20260617_121957,2026-06-17 12:20:25.175468,NaN,7,probe,POSTDIG_FIX5_OFF,160,2026-06-17 12:28:40.976733,495.759478,0.043669,,,,,,keyboard,after digit#5,"{""note"":""after digit#5"",""pd_used"":0}",2,0.016667,60.000000,1
Sergio_G01_CNS-LLF5RV3D8,cpeeg02,ses03,20260617_121957,2026-06-17 12:20:25.175468,NaN,7,probe,PROBE_DONE,73,2026-06-17 12:28:40.978472,495.803147,0.000681,,,,,,keyboard,probe complete,"{""value"":"""",""note"":""probe complete""}",2,0.016667,60.000000,1
Sergio_G01_CNS-LLF5RV3D8,cpeeg02,ses03,20260617_121957,2026-06-17 12:20:25.175468,NaN,7,probe,TRIAL_END,21,2026-06-17 12:28:40.979041,495.803828,0.112788,,,,,,keyboard,,{},2,0.016667,60.000000,1
Sergio_G01_CNS-LLF5RV3D8,cpeeg02,ses03,20260617_121957,2026-06-17 12:20:25.175468,NaN,8,probe,TRIAL_CHANGE,22,2026-06-17 12:28:41.092074,495.916616,0.001061,,,,,,keyboard,trial transition,"{""note"":""trial transition""}",2,0.016667,60.000000,1
Sergio_G01_CNS-LLF5RV3D8,cpeeg02,ses03,20260617_121957,2026-06-17 12:20:25.175468,NaN,8,probe,TRIAL_START,20,2026-06-17 12:28:41.093193,495.917677,0.043542,,,,,,keyboard,,{},2,0.016667,60.000000,1
Sergio_G01_CNS-LLF5RV3D8,cpeeg02,ses03,20260617_121957,2026-06-17 12:20:25.175468,NaN,8,fix1,FIX1_ON,30,2026-06-17 12:28:41.186803,495.961219,3.185850,,,,,,keyboard,,"{""pd_used"":0}",2,0.016667,60.000000,1
Sergio_G01_CNS-LLF5RV3D8,cpeeg02,ses03,20260617_121957,2026-06-17 12:20:25.175468,NaN,8,fix1,FIX1_OFF,31,2026-06-17 12:28:44.364162,499.147070,0.043757,,,,,,keyboard,,"{""pd_used"":0}",2,0.016667,60.000000,1
Sergio_G01_CNS-LLF5RV3D8,cpeeg02,ses03,20260617_121957,2026-06-17 12:20:25.175468,NaN,8,digit,DIGIT1_ON,141,2026-06-17 12:28:44.415467,499.190826,0.551921,,7,,,,keyboard,digit#1 shown,"{""value"":7,""note"":""digit#1 shown"",""pd_used"":1}",2,0.016667,60.000000,1
Sergio_G01_CNS-LLF5RV3D8,cpeeg02,ses03,20260617_121957,2026-06-17 12:20:25.175468,NaN,8,digit,DIGIT1_OFF,146,2026-06-17 12:28:44.960189,499.742747,0.000000,,7,,,,keyboard,digit#1 off,"{""value"":7,""note"":""digit#1 off"",""pd_used"":0}",2,0.016667,60.000000,1
Sergio_G01_CNS-LLF5RV3D8,cpeeg02,ses03,20260617_121957,2026-06-17 12:20:25.175468,NaN,8,digit,POSTDIG_FIX1_ON,151,2026-06-17 12:28:44.961023,499.742747,1.840964,,,,,,keyboard,after digit#1,"{""note"":""after digit#1""}",2,0.016667,60.000000,1
Sergio_G01_CNS-LLF5RV3D8,cpeeg02,ses03,20260617_121957,2026-06-17 12:20:25.175468,NaN,8,digit,POSTDIG_FIX1_OFF,156,2026-06-17 12:28:46.800979,501.583711,0.044233,,,,,,keyboard,after digit#1,"{""note"":""after digit#1"",""pd_used"":0}",2,0.016667,60.000000,1
Sergio_G01_CNS-LLF5RV3D8,cpeeg02,ses03,20260617_121957,2026-06-17 12:20:25.175468,NaN,8,digit,DIGIT2_ON,142,2026-06-17 12:28:46.852276,501.627944,0.551372,,1,,,,keyboard,digit#2 shown,"{""value"":1,""note"":""digit#2 shown"",""pd_used"":1}",2,0.016667,60.000000,1
Sergio_G01_CNS-LLF5RV3D8,cpeeg02,ses03,20260617_121957,2026-06-17 12:20:25.175468,NaN,8,digit,DIGIT2_OFF,147,2026-06-17 12:28:47.396733,502.179316,0.000000,,1,,,,keyboard,digit#2 off,"{""value"":1,""note"":""digit#2 off"",""pd_used"":0}",2,0.016667,60.000000,1
Sergio_G01_CNS-LLF5RV3D8,cpeeg02,ses03,20260617_121957,2026-06-17 12:20:25.175468,NaN,8,digit,POSTDIG_FIX2_ON,152,2026-06-17 12:28:47.397534,502.179316,1.714928,,,,,,keyboard,after digit#2,"{""note"":""after digit#2""}",2,0.016667,60.000000,1
Sergio_G01_CNS-LLF5RV3D8,cpeeg02,ses03,20260617_121957,2026-06-17 12:20:25.175468,NaN,8,digit,POSTDIG_FIX2_OFF,157,2026-06-17 12:28:49.111431,503.894244,0.044181,,,,,,keyboard,after digit#2,"{""note"":""after digit#2"",""pd_used"":0}",2,0.016667,60.000000,1
Sergio_G01_CNS-LLF5RV3D8,cpeeg02,ses03,20260617_121957,2026-06-17 12:20:25.175468,NaN,8,digit,DIGIT3_ON,143,2026-06-17 12:28:49.162931,503.938425,0.551359,,4,,,,keyboard,digit#3 shown,"{""value"":4,""note"":""digit#3 shown"",""pd_used"":1}",2,0.016667,60.000000,1
Sergio_G01_CNS-LLF5RV3D8,cpeeg02,ses03,20260617_121957,2026-06-17 12:20:25.175468,NaN,8,digit,DIGIT3_OFF,148,2026-06-17 12:28:49.706923,504.489784,0.000000,,4,,,,keyboard,digit#3 off,"{""value"":4,""note"":""digit#3 off"",""pd_used"":0}",2,0.016667,60.000000,1
Sergio_G01_CNS-LLF5RV3D8,cpeeg02,ses03,20260617_121957,2026-06-17 12:20:25.175468,NaN,8,digit,POSTDIG_FIX3_ON,153,2026-06-17 12:28:49.707701,504.489784,1.644625,,,,,,keyboard,after digit#3,"{""note"":""after digit#3""}",2,0.016667,60.000000,1
Sergio_G01_CNS-LLF5RV3D8,cpeeg02,ses03,20260617_121957,2026-06-17 12:20:25.175468,NaN,8,digit,POSTDIG_FIX3_OFF,158,2026-06-17 12:28:51.351586,506.134410,0.044063,,,,,,keyboard,after digit#3,"{""note"":""after digit#3"",""pd_used"":0}",2,0.016667,60.000000,1
Sergio_G01_CNS-LLF5RV3D8,cpeeg02,ses03,20260617_121957,2026-06-17 12:20:25.175468,NaN,8,digit,DIGIT4_ON,144,2026-06-17 12:28:51.402865,506.178472,0.551146,,4,,,,keyboard,digit#4 shown,"{""value"":4,""note"":""digit#4 shown"",""pd_used"":1}",2,0.016667,60.000000,1
Sergio_G01_CNS-LLF5RV3D8,cpeeg02,ses03,20260617_121957,2026-06-17 12:20:25.175468,NaN,8,digit,DIGIT4_OFF,149,2026-06-17 12:28:51.946836,506.729618,0.000000,,4,,,,keyboard,digit#4 off,"{""value"":4,""note"":""digit#4 off"",""pd_used"":0}",2,0.016667,60.000000,1
Sergio_G01_CNS-LLF5RV3D8,cpeeg02,ses03,20260617_121957,2026-06-17 12:20:25.175468,NaN,8,digit,POSTDIG_FIX4_ON,154,2026-06-17 12:28:51.947634,506.729618,1.604352,,,,,,keyboard,after digit#4,"{""note"":""after digit#4""}",2,0.016667,60.000000,1
Sergio_G01_CNS-LLF5RV3D8,cpeeg02,ses03,20260617_121957,2026-06-17 12:20:25.175468,NaN,8,digit,POSTDIG_FIX4_OFF,159,2026-06-17 12:28:53.551314,508.333971,0.044425,,,,,,keyboard,after digit#4,"{""note"":""after digit#4"",""pd_used"":0}",2,0.016667,60.000000,1
Sergio_G01_CNS-LLF5RV3D8,cpeeg02,ses03,20260617_121957,2026-06-17 12:20:25.175468,NaN,8,digit,DIGIT5_ON,145,2026-06-17 12:28:53.602659,508.378395,0.551105,,6,,,,keyboard,digit#5 shown,"{""value"":6,""note"":""digit#5 shown"",""pd_used"":1}",2,0.016667,60.000000,1
Sergio_G01_CNS-LLF5RV3D8,cpeeg02,ses03,20260617_121957,2026-06-17 12:20:25.175468,NaN,8,digit,DIGIT5_OFF,150,2026-06-17 12:28:54.146605,508.929500,0.000000,,6,,,,keyboard,digit#5 off,"{""value"":6,""note"":""digit#5 off"",""pd_used"":0}",2,0.016667,60.000000,1
Sergio_G01_CNS-LLF5RV3D8,cpeeg02,ses03,20260617_121957,2026-06-17 12:20:25.175468,NaN,8,digit,POSTDIG_FIX5_ON,155,2026-06-17 12:28:54.147376,508.929500,3.287553,,,,,,keyboard,after digit#5,"{""note"":""after digit#5""}",2,0.016667,60.000000,1
Sergio_G01_CNS-LLF5RV3D8,cpeeg02,ses03,20260617_121957,2026-06-17 12:20:25.175468,NaN,8,digit,POSTDIG_FIX5_OFF,160,2026-06-17 12:28:57.434383,512.217053,0.044679,,,,,,keyboard,after digit#5,"{""note"":""after digit#5"",""pd_used"":0}",2,0.016667,60.000000,1
Sergio_G01_CNS-LLF5RV3D8,cpeeg02,ses03,20260617_121957,2026-06-17 12:20:25.175468,NaN,8,distractor,DISTRACTOR_ON,50,2026-06-17 12:28:57.485693,512.261732,8.900913,,7+4=11,,,,keyboard,,"{""value"":""7+4=11"",""isCorrectTruth"":true,""trueSum"":11,""pd_used"":1}",2,0.016667,60.000000,1
Sergio_G01_CNS-LLF5RV3D8,cpeeg02,ses03,20260617_121957,2026-06-17 12:20:25.175468,NaN,8,distractor,DISTRACTOR_ANS,51,2026-06-17 12:29:06.926189,521.162645,0.000000,8.900913,7+4=11,F,0,,keyboard,key= (False),"{""value"":""7+4=11"",""entered"":""F"",""rt"":8.9009131999919191,""correct"":0,""note"":""key= (False)"",""truth"":true,""trueSum"":11,""shownSum"":11,""a"":7,""b"":4}",2,0.016667,60.000000,1
Sergio_G01_CNS-LLF5RV3D8,cpeeg02,ses03,20260617_121957,2026-06-17 12:20:25.175468,NaN,8,distractor,ANS_WRONG,200,2026-06-17 12:29:06.968590,521.162645,0.632655,,,,,,keyboard,,{},2,0.016667,60.000000,1
Sergio_G01_CNS-LLF5RV3D8,cpeeg02,ses03,20260617_121957,2026-06-17 12:20:25.175468,NaN,8,distractor,DISTRACTOR_OFF,52,2026-06-17 12:29:07.019712,521.795300,0.000000,,,,,,keyboard,,"{""pd_used"":0}",2,0.016667,60.000000,1
Sergio_G01_CNS-LLF5RV3D8,cpeeg02,ses03,20260617_121957,2026-06-17 12:20:25.175468,NaN,8,distractor,FIX2_ON,60,2026-06-17 12:29:07.020401,521.795300,3.121305,,,,,,keyboard,immediate after response,"{""note"":""immediate after response""}",2,0.016667,60.000000,1
Sergio_G01_CNS-LLF5RV3D8,cpeeg02,ses03,20260617_121957,2026-06-17 12:20:25.175468,NaN,8,fix2,FIX2_OFF,61,2026-06-17 12:29:10.134026,524.916605,0.044278,,,,,,keyboard,,"{""pd_used"":0}",2,0.016667,60.000000,1
Sergio_G01_CNS-LLF5RV3D8,cpeeg02,ses03,20260617_121957,2026-06-17 12:20:25.175468,NaN,8,probe,DIGIT_RECALL_LINE_1,161,2026-06-17 12:29:10.185322,524.960884,1.949085,,1,,,,keyboard,first recall question,"{""value"":1,""note"":""first recall question"",""pd_used"":1}",2,0.016667,60.000000,1
Sergio_G01_CNS-LLF5RV3D8,cpeeg02,ses03,20260617_121957,2026-06-17 12:20:25.175468,NaN,8,probe,PROBE_DIGIT_OK_1,71,2026-06-17 12:29:12.776438,526.909969,0.794294,1.950348,slot#1,NaN,,,keyboard,probe_digit#1,"{""value"":""slot#1"",""entered"":null,""rt"":1.9503481999854557,""note"":""probe_digit#1""}",2,0.016667,60.000000,1
Sergio_G01_CNS-LLF5RV3D8,cpeeg02,ses03,20260617_121957,2026-06-17 12:20:25.175468,NaN,8,probe,DIGIT1_OFF,146,2026-06-17 12:29:12.921292,527.704263,0.000000,,6,,,,keyboard,digit#1 off,"{""value"":6,""note"":""digit#1 off"",""pd_used"":0}",2,0.016667,60.000000,1
Sergio_G01_CNS-LLF5RV3D8,cpeeg02,ses03,20260617_121957,2026-06-17 12:20:25.175468,NaN,8,probe,POSTDIG_FIX1_ON,151,2026-06-17 12:29:12.922060,527.704263,1.811009,,,,,,keyboard,after digit#1,"{""note"":""after digit#1""}",2,0.016667,60.000000,1
Sergio_G01_CNS-LLF5RV3D8,cpeeg02,ses03,20260617_121957,2026-06-17 12:20:25.175468,NaN,8,probe,POSTDIG_FIX1_OFF,156,2026-06-17 12:29:14.732946,529.515272,0.046725,,,,,,keyboard,after digit#1,"{""note"":""after digit#1"",""pd_used"":0}",2,0.016667,60.000000,1
Sergio_G01_CNS-LLF5RV3D8,cpeeg02,ses03,20260617_121957,2026-06-17 12:20:25.175468,NaN,8,probe,DIGIT_RECALL_LINE_2,162,2026-06-17 12:29:14.784215,529.561997,0.651205,,2,,,,keyboard,next recall question,"{""value"":2,""note"":""next recall question"",""pd_used"":1}",2,0.016667,60.000000,1
Sergio_G01_CNS-LLF5RV3D8,cpeeg02,ses03,20260617_121957,2026-06-17 12:20:25.175468,NaN,8,probe,PROBE_DIGIT_OK_2,71,2026-06-17 12:29:15.915880,530.213202,0.629530,5.253581,slot#2,NaN,,,keyboard,probe_digit#2,"{""value"":""slot#2"",""entered"":null,""rt"":5.2535812999703921,""note"":""probe_digit#2""}",2,0.016667,60.000000,1
Sergio_G01_CNS-LLF5RV3D8,cpeeg02,ses03,20260617_121957,2026-06-17 12:20:25.175468,NaN,8,probe,DIGIT2_OFF,147,2026-06-17 12:29:16.060120,530.842732,0.000000,,6,,,,keyboard,digit#2 off,"{""value"":6,""note"":""digit#2 off"",""pd_used"":0}",2,0.016667,60.000000,1
Sergio_G01_CNS-LLF5RV3D8,cpeeg02,ses03,20260617_121957,2026-06-17 12:20:25.175468,NaN,8,probe,POSTDIG_FIX2_ON,152,2026-06-17 12:29:16.060895,530.842732,2.041762,,,,,,keyboard,after digit#2,"{""note"":""after digit#2""}",2,0.016667,60.000000,1
Sergio_G01_CNS-LLF5RV3D8,cpeeg02,ses03,20260617_121957,2026-06-17 12:20:25.175468,NaN,8,probe,POSTDIG_FIX2_OFF,157,2026-06-17 12:29:18.101740,532.884494,0.046207,,,,,,keyboard,after digit#2,"{""note"":""after digit#2"",""pd_used"":0}",2,0.016667,60.000000,1
Sergio_G01_CNS-LLF5RV3D8,cpeeg02,ses03,20260617_121957,2026-06-17 12:20:25.175468,NaN,8,probe,DIGIT_RECALL_LINE_3,163,2026-06-17 12:29:18.153248,532.930701,1.290335,,3,,,,keyboard,next recall question,"{""value"":3,""note"":""next recall question"",""pd_used"":1}",2,0.016667,60.000000,1
Sergio_G01_CNS-LLF5RV3D8,cpeeg02,ses03,20260617_121957,2026-06-17 12:20:25.175468,NaN,8,probe,PROBE_DIGIT_OK_3,71,2026-06-17 12:29:19.776706,534.221037,0.479355,9.261416,slot#3,NaN,,,keyboard,probe_digit#3,"{""value"":""slot#3"",""entered"":null,""rt"":9.2614159000222571,""note"":""probe_digit#3""}",2,0.016667,60.000000,1
Sergio_G01_CNS-LLF5RV3D8,cpeeg02,ses03,20260617_121957,2026-06-17 12:20:25.175468,NaN,8,probe,DIGIT3_OFF,148,2026-06-17 12:29:19.917649,534.700391,0.000000,,6,,,,keyboard,digit#3 off,"{""value"":6,""note"":""digit#3 off"",""pd_used"":0}",2,0.016667,60.000000,1
Sergio_G01_CNS-LLF5RV3D8,cpeeg02,ses03,20260617_121957,2026-06-17 12:20:25.175468,NaN,8,probe,POSTDIG_FIX3_ON,153,2026-06-17 12:29:19.918460,534.700391,1.751005,,,,,,keyboard,after digit#3,"{""note"":""after digit#3""}",2,0.016667,60.000000,1
Sergio_G01_CNS-LLF5RV3D8,cpeeg02,ses03,20260617_121957,2026-06-17 12:20:25.175468,NaN,8,probe,POSTDIG_FIX3_OFF,158,2026-06-17 12:29:21.668637,536.451396,0.046118,,,,,,keyboard,after digit#3,"{""note"":""after digit#3"",""pd_used"":0}",2,0.016667,60.000000,1
Sergio_G01_CNS-LLF5RV3D8,cpeeg02,ses03,20260617_121957,2026-06-17 12:20:25.175468,NaN,8,probe,DIGIT_RECALL_LINE_4,164,2026-06-17 12:29:21.719907,536.497513,3.462966,,4,,,,keyboard,next recall question,"{""value"":4,""note"":""next recall question"",""pd_used"":1}",2,0.016667,60.000000,1
Sergio_G01_CNS-LLF5RV3D8,cpeeg02,ses03,20260617_121957,2026-06-17 12:20:25.175468,NaN,8,probe,PROBE_DIGIT_OK_4,71,2026-06-17 12:29:25.751061,539.960479,0.722949,15.000858,slot#4,NaN,,,keyboard,probe_digit#4,"{""value"":""slot#4"",""entered"":null,""rt"":15.000858100014739,""note"":""probe_digit#4""}",2,0.016667,60.000000,1
Sergio_G01_CNS-LLF5RV3D8,cpeeg02,ses03,20260617_121957,2026-06-17 12:20:25.175468,NaN,8,probe,DIGIT4_OFF,149,2026-06-17 12:29:25.900714,540.683428,0.000000,,6,,,,keyboard,digit#4 off,"{""value"":6,""note"":""digit#4 off"",""pd_used"":0}",2,0.016667,60.000000,1
Sergio_G01_CNS-LLF5RV3D8,cpeeg02,ses03,20260617_121957,2026-06-17 12:20:25.175468,NaN,8,probe,POSTDIG_FIX4_ON,154,2026-06-17 12:29:25.901479,540.683428,1.810894,,,,,,keyboard,after digit#4,"{""note"":""after digit#4""}",2,0.016667,60.000000,1
Sergio_G01_CNS-LLF5RV3D8,cpeeg02,ses03,20260617_121957,2026-06-17 12:20:25.175468,NaN,8,probe,POSTDIG_FIX4_OFF,159,2026-06-17 12:29:27.711719,542.494322,0.046449,,,,,,keyboard,after digit#4,"{""note"":""after digit#4"",""pd_used"":0}",2,0.016667,60.000000,1
Sergio_G01_CNS-LLF5RV3D8,cpeeg02,ses03,20260617_121957,2026-06-17 12:20:25.175468,NaN,8,probe,DIGIT_RECALL_LINE_5,165,2026-06-17 12:29:27.763071,542.540771,2.374900,,5,,,,keyboard,next recall question,"{""value"":5,""note"":""next recall question"",""pd_used"":1}",2,0.016667,60.000000,1
Sergio_G01_CNS-LLF5RV3D8,cpeeg02,ses03,20260617_121957,2026-06-17 12:20:25.175468,NaN,8,probe,PROBE_DIGIT_OK_5,71,2026-06-17 12:29:30.714359,544.915671,0.729649,19.956051,slot#5,NaN,,,keyboard,probe_digit#5,"{""value"":""slot#5"",""entered"":null,""rt"":19.956050799984951,""note"":""probe_digit#5""}",2,0.016667,60.000000,1
Sergio_G01_CNS-LLF5RV3D8,cpeeg02,ses03,20260617_121957,2026-06-17 12:20:25.175468,NaN,8,probe,DIGIT5_OFF,150,2026-06-17 12:29:30.862365,545.645321,0.000000,,6,,,,keyboard,digit#5 off,"{""value"":6,""note"":""digit#5 off"",""pd_used"":0}",2,0.016667,60.000000,1
Sergio_G01_CNS-LLF5RV3D8,cpeeg02,ses03,20260617_121957,2026-06-17 12:20:25.175468,NaN,8,probe,POSTDIG_FIX5_ON,155,2026-06-17 12:29:30.863130,545.645321,3.434460,,,,,,keyboard,after digit#5,"{""note"":""after digit#5""}",2,0.016667,60.000000,1
Sergio_G01_CNS-LLF5RV3D8,cpeeg02,ses03,20260617_121957,2026-06-17 12:20:25.175468,NaN,8,probe,POSTDIG_FIX5_OFF,160,2026-06-17 12:29:34.297131,549.079780,0.043798,,,,,,keyboard,after digit#5,"{""note"":""after digit#5"",""pd_used"":0}",2,0.016667,60.000000,1
Sergio_G01_CNS-LLF5RV3D8,cpeeg02,ses03,20260617_121957,2026-06-17 12:20:25.175468,NaN,8,probe,PROBE_DONE,73,2026-06-17 12:29:34.298925,549.123579,0.000718,,,,,,keyboard,probe complete,"{""value"":"""",""note"":""probe complete""}",2,0.016667,60.000000,1
Sergio_G01_CNS-LLF5RV3D8,cpeeg02,ses03,20260617_121957,2026-06-17 12:20:25.175468,NaN,8,probe,TRIAL_END,21,2026-06-17 12:29:34.299502,549.124296,0.116165,,,,,,keyboard,,{},2,0.016667,60.000000,1
Sergio_G01_CNS-LLF5RV3D8,cpeeg02,ses03,20260617_121957,2026-06-17 12:20:25.175468,NaN,9,probe,TRIAL_CHANGE,22,2026-06-17 12:29:34.416135,549.240461,0.001395,,,,,,keyboard,trial transition,"{""note"":""trial transition""}",2,0.016667,60.000000,1
Sergio_G01_CNS-LLF5RV3D8,cpeeg02,ses03,20260617_121957,2026-06-17 12:20:25.175468,NaN,9,probe,TRIAL_START,20,2026-06-17 12:29:34.417141,549.241857,0.043206,,,,,,keyboard,,{},2,0.016667,60.000000,1
Sergio_G01_CNS-LLF5RV3D8,cpeeg02,ses03,20260617_121957,2026-06-17 12:20:25.175468,NaN,9,fix1,FIX1_ON,30,2026-06-17 12:29:34.510751,549.285062,3.060397,,,,,,keyboard,,"{""pd_used"":0}",2,0.016667,60.000000,1
Sergio_G01_CNS-LLF5RV3D8,cpeeg02,ses03,20260617_121957,2026-06-17 12:20:25.175468,NaN,9,fix1,FIX1_OFF,31,2026-06-17 12:29:37.562890,552.345460,0.044344,,,,,,keyboard,,"{""pd_used"":0}",2,0.016667,60.000000,1
Sergio_G01_CNS-LLF5RV3D8,cpeeg02,ses03,20260617_121957,2026-06-17 12:20:25.175468,NaN,9,digit,DIGIT1_ON,141,2026-06-17 12:29:37.614034,552.389803,0.551140,,3,,,,keyboard,digit#1 shown,"{""value"":3,""note"":""digit#1 shown"",""pd_used"":1}",2,0.016667,60.000000,1
Sergio_G01_CNS-LLF5RV3D8,cpeeg02,ses03,20260617_121957,2026-06-17 12:20:25.175468,NaN,9,digit,DIGIT1_OFF,146,2026-06-17 12:29:38.158129,552.940943,0.000000,,3,,,,keyboard,digit#1 off,"{""value"":3,""note"":""digit#1 off"",""pd_used"":0}",2,0.016667,60.000000,1
Sergio_G01_CNS-LLF5RV3D8,cpeeg02,ses03,20260617_121957,2026-06-17 12:20:25.175468,NaN,9,digit,POSTDIG_FIX1_ON,151,2026-06-17 12:29:38.158907,552.940943,1.757887,,,,,,keyboard,after digit#1,"{""note"":""after digit#1""}",2,0.016667,60.000000,1
Sergio_G01_CNS-LLF5RV3D8,cpeeg02,ses03,20260617_121957,2026-06-17 12:20:25.175468,NaN,9,digit,POSTDIG_FIX1_OFF,156,2026-06-17 12:29:39.915932,554.698830,0.043936,,,,,,keyboard,after digit#1,"{""note"":""after digit#1"",""pd_used"":0}",2,0.016667,60.000000,1
Sergio_G01_CNS-LLF5RV3D8,cpeeg02,ses03,20260617_121957,2026-06-17 12:20:25.175468,NaN,9,digit,DIGIT2_ON,142,2026-06-17 12:29:39.967149,554.742766,0.551156,,8,,,,keyboard,digit#2 shown,"{""value"":8,""note"":""digit#2 shown"",""pd_used"":1}",2,0.016667,60.000000,1
Sergio_G01_CNS-LLF5RV3D8,cpeeg02,ses03,20260617_121957,2026-06-17 12:20:25.175468,NaN,9,digit,DIGIT2_OFF,147,2026-06-17 12:29:40.511134,555.293922,0.000000,,8,,,,keyboard,digit#2 off,"{""value"":8,""note"":""digit#2 off"",""pd_used"":0}",2,0.016667,60.000000,1
Sergio_G01_CNS-LLF5RV3D8,cpeeg02,ses03,20260617_121957,2026-06-17 12:20:25.175468,NaN,9,digit,POSTDIG_FIX2_ON,152,2026-06-17 12:29:40.511898,555.293922,1.868228,,,,,,keyboard,after digit#2,"{""note"":""after digit#2""}",2,0.016667,60.000000,1
Sergio_G01_CNS-LLF5RV3D8,cpeeg02,ses03,20260617_121957,2026-06-17 12:20:25.175468,NaN,9,digit,POSTDIG_FIX2_OFF,157,2026-06-17 12:29:42.379274,557.162150,0.043949,,,,,,keyboard,after digit#2,"{""note"":""after digit#2"",""pd_used"":0}",2,0.016667,60.000000,1
Sergio_G01_CNS-LLF5RV3D8,cpeeg02,ses03,20260617_121957,2026-06-17 12:20:25.175468,NaN,9,digit,DIGIT3_ON,143,2026-06-17 12:29:42.430579,557.206099,0.551804,,1,,,,keyboard,digit#3 shown,"{""value"":1,""note"":""digit#3 shown"",""pd_used"":1}",2,0.016667,60.000000,1
Sergio_G01_CNS-LLF5RV3D8,cpeeg02,ses03,20260617_121957,2026-06-17 12:20:25.175468,NaN,9,digit,DIGIT3_OFF,148,2026-06-17 12:29:42.975199,557.757903,0.000000,,1,,,,keyboard,digit#3 off,"{""value"":1,""note"":""digit#3 off"",""pd_used"":0}",2,0.016667,60.000000,1
Sergio_G01_CNS-LLF5RV3D8,cpeeg02,ses03,20260617_121957,2026-06-17 12:20:25.175468,NaN,9,digit,POSTDIG_FIX3_ON,153,2026-06-17 12:29:42.976016,557.757903,1.622034,,,,,,keyboard,after digit#3,"{""note"":""after digit#3""}",2,0.016667,60.000000,1
Sergio_G01_CNS-LLF5RV3D8,cpeeg02,ses03,20260617_121957,2026-06-17 12:20:25.175468,NaN,9,digit,POSTDIG_FIX3_OFF,158,2026-06-17 12:29:44.597185,559.379938,0.044036,,,,,,keyboard,after digit#3,"{""note"":""after digit#3"",""pd_used"":0}",2,0.016667,60.000000,1
Sergio_G01_CNS-LLF5RV3D8,cpeeg02,ses03,20260617_121957,2026-06-17 12:20:25.175468,NaN,9,digit,DIGIT4_ON,144,2026-06-17 12:29:44.648513,559.423973,0.551534,,4,,,,keyboard,digit#4 shown,"{""value"":4,""note"":""digit#4 shown"",""pd_used"":1}",2,0.016667,60.000000,1
Sergio_G01_CNS-LLF5RV3D8,cpeeg02,ses03,20260617_121957,2026-06-17 12:20:25.175468,NaN,9,digit,DIGIT4_OFF,149,2026-06-17 12:29:45.192693,559.975507,0.000000,,4,,,,keyboard,digit#4 off,"{""value"":4,""note"":""digit#4 off"",""pd_used"":0}",2,0.016667,60.000000,1
Sergio_G01_CNS-LLF5RV3D8,cpeeg02,ses03,20260617_121957,2026-06-17 12:20:25.175468,NaN,9,digit,POSTDIG_FIX4_ON,154,2026-06-17 12:29:45.193748,559.975507,1.633088,,,,,,keyboard,after digit#4,"{""note"":""after digit#4""}",2,0.016667,60.000000,1
Sergio_G01_CNS-LLF5RV3D8,cpeeg02,ses03,20260617_121957,2026-06-17 12:20:25.175468,NaN,9,digit,POSTDIG_FIX4_OFF,159,2026-06-17 12:29:46.825829,561.608595,0.044046,,,,,,keyboard,after digit#4,"{""note"":""after digit#4"",""pd_used"":0}",2,0.016667,60.000000,1
Sergio_G01_CNS-LLF5RV3D8,cpeeg02,ses03,20260617_121957,2026-06-17 12:20:25.175468,NaN,9,digit,DIGIT5_ON,145,2026-06-17 12:29:46.877162,561.652641,0.551454,,7,,,,keyboard,digit#5 shown,"{""value"":7,""note"":""digit#5 shown"",""pd_used"":1}",2,0.016667,60.000000,1
Sergio_G01_CNS-LLF5RV3D8,cpeeg02,ses03,20260617_121957,2026-06-17 12:20:25.175468,NaN,9,digit,DIGIT5_OFF,150,2026-06-17 12:29:47.421177,562.204095,0.000000,,7,,,,keyboard,digit#5 off,"{""value"":7,""note"":""digit#5 off"",""pd_used"":0}",2,0.016667,60.000000,1
Sergio_G01_CNS-LLF5RV3D8,cpeeg02,ses03,20260617_121957,2026-06-17 12:20:25.175468,NaN,9,digit,POSTDIG_FIX5_ON,155,2026-06-17 12:29:47.421971,562.204095,3.504646,,,,,,keyboard,after digit#5,"{""note"":""after digit#5""}",2,0.016667,60.000000,1
Sergio_G01_CNS-LLF5RV3D8,cpeeg02,ses03,20260617_121957,2026-06-17 12:20:25.175468,NaN,9,digit,POSTDIG_FIX5_OFF,160,2026-06-17 12:29:50.926223,565.708742,0.044288,,,,,,keyboard,after digit#5,"{""note"":""after digit#5"",""pd_used"":0}",2,0.016667,60.000000,1
Sergio_G01_CNS-LLF5RV3D8,cpeeg02,ses03,20260617_121957,2026-06-17 12:20:25.175468,NaN,9,distractor,DISTRACTOR_ON,50,2026-06-17 12:29:50.977700,565.753030,2.741850,,6+0=3,,,,keyboard,,"{""value"":""6+0=3"",""isCorrectTruth"":false,""trueSum"":6,""pd_used"":1}",2,0.016667,60.000000,1
Sergio_G01_CNS-LLF5RV3D8,cpeeg02,ses03,20260617_121957,2026-06-17 12:20:25.175468,NaN,9,distractor,DISTRACTOR_ANS,51,2026-06-17 12:29:54.194697,568.494880,0.000000,2.741850,6+0=3,F,1,,keyboard,key= (False),"{""value"":""6+0=3"",""entered"":""F"",""rt"":2.7418497999897227,""correct"":1,""note"":""key= (False)"",""truth"":false,""trueSum"":6,""shownSum"":3,""a"":6,""b"":0}",2,0.016667,60.000000,1
Sergio_G01_CNS-LLF5RV3D8,cpeeg02,ses03,20260617_121957,2026-06-17 12:20:25.175468,NaN,9,distractor,ANS_CORRECT,100,2026-06-17 12:29:54.237516,568.494880,0.569481,,,,,,keyboard,,{},2,0.016667,60.000000,1
Sergio_G01_CNS-LLF5RV3D8,cpeeg02,ses03,20260617_121957,2026-06-17 12:20:25.175468,NaN,9,distractor,DISTRACTOR_OFF,52,2026-06-17 12:29:54.288843,569.064361,0.000000,,,,,,keyboard,,"{""pd_used"":0}",2,0.016667,60.000000,1
Sergio_G01_CNS-LLF5RV3D8,cpeeg02,ses03,20260617_121957,2026-06-17 12:20:25.175468,NaN,9,distractor,FIX2_ON,60,2026-06-17 12:29:54.289568,569.064361,3.118970,,,,,,keyboard,immediate after response,"{""note"":""immediate after response""}",2,0.016667,60.000000,1
Sergio_G01_CNS-LLF5RV3D8,cpeeg02,ses03,20260617_121957,2026-06-17 12:20:25.175468,NaN,9,fix2,FIX2_OFF,61,2026-06-17 12:29:57.400739,572.183331,0.044096,,,,,,keyboard,,"{""pd_used"":0}",2,0.016667,60.000000,1
Sergio_G01_CNS-LLF5RV3D8,cpeeg02,ses03,20260617_121957,2026-06-17 12:20:25.175468,NaN,9,probe,DIGIT_RECALL_LINE_1,161,2026-06-17 12:29:57.452030,572.227427,2.055706,,1,,,,keyboard,first recall question,"{""value"":1,""note"":""first recall question"",""pd_used"":1}",2,0.016667,60.000000,1
Sergio_G01_CNS-LLF5RV3D8,cpeeg02,ses03,20260617_121957,2026-06-17 12:20:25.175468,NaN,9,probe,PROBE_DIGIT_OK_1,71,2026-06-17 12:30:00.005229,574.283133,0.655618,2.056863,slot#1,NaN,,,keyboard,probe_digit#1,"{""value"":""slot#1"",""entered"":null,""rt"":2.0568630999769084,""note"":""probe_digit#1""}",2,0.016667,60.000000,1
Sergio_G01_CNS-LLF5RV3D8,cpeeg02,ses03,20260617_121957,2026-06-17 12:20:25.175468,NaN,9,probe,DIGIT1_OFF,146,2026-06-17 12:30:00.155921,574.938751,0.000000,,7,,,,keyboard,digit#1 off,"{""value"":7,""note"":""digit#1 off"",""pd_used"":0}",2,0.016667,60.000000,1
Sergio_G01_CNS-LLF5RV3D8,cpeeg02,ses03,20260617_121957,2026-06-17 12:20:25.175468,NaN,9,probe,POSTDIG_FIX1_ON,151,2026-06-17 12:30:00.156710,574.938751,1.595702,,,,,,keyboard,after digit#1,"{""note"":""after digit#1""}",2,0.016667,60.000000,1
Sergio_G01_CNS-LLF5RV3D8,cpeeg02,ses03,20260617_121957,2026-06-17 12:20:25.175468,NaN,9,probe,POSTDIG_FIX1_OFF,156,2026-06-17 12:30:01.751744,576.534454,0.046422,,,,,,keyboard,after digit#1,"{""note"":""after digit#1"",""pd_used"":0}",2,0.016667,60.000000,1
Sergio_G01_CNS-LLF5RV3D8,cpeeg02,ses03,20260617_121957,2026-06-17 12:20:25.175468,NaN,9,probe,DIGIT_RECALL_LINE_2,162,2026-06-17 12:30:01.803068,576.580875,3.429637,,2,,,,keyboard,next recall question,"{""value"":2,""note"":""next recall question"",""pd_used"":1}",2,0.016667,60.000000,1
Sergio_G01_CNS-LLF5RV3D8,cpeeg02,ses03,20260617_121957,2026-06-17 12:20:25.175468,NaN,9,probe,PROBE_DIGIT_OK_2,71,2026-06-17 12:30:05.786273,580.010512,0.694704,7.784242,slot#2,NaN,,,keyboard,probe_digit#2,"{""value"":""slot#2"",""entered"":null,""rt"":7.78424210002413,""note"":""probe_digit#2""}",2,0.016667,60.000000,1
Sergio_G01_CNS-LLF5RV3D8,cpeeg02,ses03,20260617_121957,2026-06-17 12:20:25.175468,NaN,9,probe,DIGIT2_OFF,147,2026-06-17 12:30:05.922700,580.705215,0.000000,,7,,,,keyboard,digit#2 off,"{""value"":7,""note"":""digit#2 off"",""pd_used"":0}",2,0.016667,60.000000,1
Sergio_G01_CNS-LLF5RV3D8,cpeeg02,ses03,20260617_121957,2026-06-17 12:20:25.175468,NaN,9,probe,POSTDIG_FIX2_ON,152,2026-06-17 12:30:05.923476,580.705215,1.559055,,,,,,keyboard,after digit#2,"{""note"":""after digit#2""}",2,0.016667,60.000000,1
Sergio_G01_CNS-LLF5RV3D8,cpeeg02,ses03,20260617_121957,2026-06-17 12:20:25.175468,NaN,9,probe,POSTDIG_FIX2_OFF,157,2026-06-17 12:30:07.481425,582.264270,0.045846,,,,,,keyboard,after digit#2,"{""note"":""after digit#2"",""pd_used"":0}",2,0.016667,60.000000,1
Sergio_G01_CNS-LLF5RV3D8,cpeeg02,ses03,20260617_121957,2026-06-17 12:20:25.175468,NaN,9,probe,DIGIT_RECALL_LINE_3,163,2026-06-17 12:30:07.532770,582.310116,0.785879,,3,,,,keyboard,next recall question,"{""value"":3,""note"":""next recall question"",""pd_used"":1}",2,0.016667,60.000000,1
Sergio_G01_CNS-LLF5RV3D8,cpeeg02,ses03,20260617_121957,2026-06-17 12:20:25.175468,NaN,9,probe,PROBE_DIGIT_OK_3,71,2026-06-17 12:30:08.676828,583.095995,0.505052,10.869725,slot#3,NaN,,,keyboard,probe_digit#3,"{""value"":""slot#3"",""entered"":null,""rt"":10.869724799995311,""note"":""probe_digit#3""}",2,0.016667,60.000000,1
Sergio_G01_CNS-LLF5RV3D8,cpeeg02,ses03,20260617_121957,2026-06-17 12:20:25.175468,NaN,9,probe,DIGIT3_OFF,148,2026-06-17 12:30:08.818024,583.601046,0.000000,,7,,,,keyboard,digit#3 off,"{""value"":7,""note"":""digit#3 off"",""pd_used"":0}",2,0.016667,60.000000,1
Sergio_G01_CNS-LLF5RV3D8,cpeeg02,ses03,20260617_121957,2026-06-17 12:20:25.175468,NaN,9,probe,POSTDIG_FIX3_ON,153,2026-06-17 12:30:08.818770,583.601046,1.616174,,,,,,keyboard,after digit#3,"{""note"":""after digit#3""}",2,0.016667,60.000000,1
Sergio_G01_CNS-LLF5RV3D8,cpeeg02,ses03,20260617_121957,2026-06-17 12:20:25.175468,NaN,9,probe,POSTDIG_FIX3_OFF,158,2026-06-17 12:30:10.434726,585.217220,0.046594,,,,,,keyboard,after digit#3,"{""note"":""after digit#3"",""pd_used"":0}",2,0.016667,60.000000,1
Sergio_G01_CNS-LLF5RV3D8,cpeeg02,ses03,20260617_121957,2026-06-17 12:20:25.175468,NaN,9,probe,DIGIT_RECALL_LINE_4,164,2026-06-17 12:30:10.486031,585.263814,1.043819,,4,,,,keyboard,next recall question,"{""value"":4,""note"":""next recall question"",""pd_used"":1}",2,0.016667,60.000000,1
Sergio_G01_CNS-LLF5RV3D8,cpeeg02,ses03,20260617_121957,2026-06-17 12:20:25.175468,NaN,9,probe,PROBE_DIGIT_OK_4,71,2026-06-17 12:30:12.064928,586.307633,0.677802,14.081364,slot#4,NaN,,,keyboard,probe_digit#4,"{""value"":""slot#4"",""entered"":null,""rt"":14.08136359998025,""note"":""probe_digit#4""}",2,0.016667,60.000000,1
Sergio_G01_CNS-LLF5RV3D8,cpeeg02,ses03,20260617_121957,2026-06-17 12:20:25.175468,NaN,9,probe,DIGIT4_OFF,149,2026-06-17 12:30:12.203097,586.985435,0.000000,,7,,,,keyboard,digit#4 off,"{""value"":7,""note"":""digit#4 off"",""pd_used"":0}",2,0.016667,60.000000,1
Sergio_G01_CNS-LLF5RV3D8,cpeeg02,ses03,20260617_121957,2026-06-17 12:20:25.175468,NaN,9,probe,POSTDIG_FIX4_ON,154,2026-06-17 12:30:12.203902,586.985435,1.921789,,,,,,keyboard,after digit#4,"{""note"":""after digit#4""}",2,0.016667,60.000000,1
Sergio_G01_CNS-LLF5RV3D8,cpeeg02,ses03,20260617_121957,2026-06-17 12:20:25.175468,NaN,9,probe,POSTDIG_FIX4_OFF,159,2026-06-17 12:30:14.124571,588.907224,0.046227,,,,,,keyboard,after digit#4,"{""note"":""after digit#4"",""pd_used"":0}",2,0.016667,60.000000,1
Sergio_G01_CNS-LLF5RV3D8,cpeeg02,ses03,20260617_121957,2026-06-17 12:20:25.175468,NaN,9,probe,DIGIT_RECALL_LINE_5,165,2026-06-17 12:30:14.176005,588.953451,0.871389,,5,,,,keyboard,next recall question,"{""value"":5,""note"":""next recall question"",""pd_used"":1}",2,0.016667,60.000000,1
Sergio_G01_CNS-LLF5RV3D8,cpeeg02,ses03,20260617_121957,2026-06-17 12:20:25.175468,NaN,9,probe,PROBE_DIGIT_OK_5,71,2026-06-17 12:30:15.594122,589.824840,0.701857,17.598570,slot#5,NaN,,,keyboard,probe_digit#5,"{""value"":""slot#5"",""entered"":null,""rt"":17.598570199974347,""note"":""probe_digit#5""}",2,0.016667,60.000000,1
Sergio_G01_CNS-LLF5RV3D8,cpeeg02,ses03,20260617_121957,2026-06-17 12:20:25.175468,NaN,9,probe,DIGIT5_OFF,150,2026-06-17 12:30:15.743681,590.526697,0.000000,,7,,,,keyboard,digit#5 off,"{""value"":7,""note"":""digit#5 off"",""pd_used"":0}",2,0.016667,60.000000,1
Sergio_G01_CNS-LLF5RV3D8,cpeeg02,ses03,20260617_121957,2026-06-17 12:20:25.175468,NaN,9,probe,POSTDIG_FIX5_ON,155,2026-06-17 12:30:15.744457,590.526697,3.416486,,,,,,keyboard,after digit#5,"{""note"":""after digit#5""}",2,0.016667,60.000000,1
Sergio_G01_CNS-LLF5RV3D8,cpeeg02,ses03,20260617_121957,2026-06-17 12:20:25.175468,NaN,9,probe,POSTDIG_FIX5_OFF,160,2026-06-17 12:30:19.160406,593.943183,0.043610,,,,,,keyboard,after digit#5,"{""note"":""after digit#5"",""pd_used"":0}",2,0.016667,60.000000,1
Sergio_G01_CNS-LLF5RV3D8,cpeeg02,ses03,20260617_121957,2026-06-17 12:20:25.175468,NaN,9,probe,PROBE_DONE,73,2026-06-17 12:30:19.162108,593.986793,0.000670,,,,,,keyboard,probe complete,"{""value"":"""",""note"":""probe complete""}",2,0.016667,60.000000,1
Sergio_G01_CNS-LLF5RV3D8,cpeeg02,ses03,20260617_121957,2026-06-17 12:20:25.175468,NaN,9,probe,TRIAL_END,21,2026-06-17 12:30:19.162667,593.987463,0.109175,,,,,,keyboard,,{},2,0.016667,60.000000,1
Sergio_G01_CNS-LLF5RV3D8,cpeeg02,ses03,20260617_121957,2026-06-17 12:20:25.175468,NaN,10,probe,TRIAL_CHANGE,22,2026-06-17 12:30:19.272134,594.096637,0.000971,,,,,,keyboard,trial transition,"{""note"":""trial transition""}",2,0.016667,60.000000,1
Sergio_G01_CNS-LLF5RV3D8,cpeeg02,ses03,20260617_121957,2026-06-17 12:20:25.175468,NaN,10,probe,TRIAL_START,20,2026-06-17 12:30:19.272837,594.097609,0.044042,,,,,,keyboard,,{},2,0.016667,60.000000,1
Sergio_G01_CNS-LLF5RV3D8,cpeeg02,ses03,20260617_121957,2026-06-17 12:20:25.175468,NaN,10,fix1,FIX1_ON,30,2026-06-17 12:30:19.367354,594.141651,3.235194,,,,,,keyboard,,"{""pd_used"":0}",2,0.016667,60.000000,1
Sergio_G01_CNS-LLF5RV3D8,cpeeg02,ses03,20260617_121957,2026-06-17 12:20:25.175468,NaN,10,fix1,FIX1_OFF,31,2026-06-17 12:30:22.594295,597.376845,0.044463,,,,,,keyboard,,"{""pd_used"":0}",2,0.016667,60.000000,1
Sergio_G01_CNS-LLF5RV3D8,cpeeg02,ses03,20260617_121957,2026-06-17 12:20:25.175468,NaN,10,digit,DIGIT1_ON,141,2026-06-17 12:30:22.646001,597.421308,0.551613,,2,,,,keyboard,digit#1 shown,"{""value"":2,""note"":""digit#1 shown"",""pd_used"":1}",2,0.016667,60.000000,1
Sergio_G01_CNS-LLF5RV3D8,cpeeg02,ses03,20260617_121957,2026-06-17 12:20:25.175468,NaN,10,digit,DIGIT1_OFF,146,2026-06-17 12:30:23.190228,597.972921,0.000000,,2,,,,keyboard,digit#1 off,"{""value"":2,""note"":""digit#1 off"",""pd_used"":0}",2,0.016667,60.000000,1
Sergio_G01_CNS-LLF5RV3D8,cpeeg02,ses03,20260617_121957,2026-06-17 12:20:25.175468,NaN,10,digit,POSTDIG_FIX1_ON,151,2026-06-17 12:30:23.191600,597.972921,2.037035,,,,,,keyboard,after digit#1,"{""note"":""after digit#1""}",2,0.016667,60.000000,1
Sergio_G01_CNS-LLF5RV3D8,cpeeg02,ses03,20260617_121957,2026-06-17 12:20:25.175468,NaN,10,digit,POSTDIG_FIX1_OFF,156,2026-06-17 12:30:25.227146,600.009956,0.043836,,,,,,keyboard,after digit#1,"{""note"":""after digit#1"",""pd_used"":0}",2,0.016667,60.000000,1
Sergio_G01_CNS-LLF5RV3D8,cpeeg02,ses03,20260617_121957,2026-06-17 12:20:25.175468,NaN,10,digit,DIGIT2_ON,142,2026-06-17 12:30:25.278396,600.053792,0.551548,,1,,,,keyboard,digit#2 shown,"{""value"":1,""note"":""digit#2 shown"",""pd_used"":1}",2,0.016667,60.000000,1
Sergio_G01_CNS-LLF5RV3D8,cpeeg02,ses03,20260617_121957,2026-06-17 12:20:25.175468,NaN,10,digit,DIGIT2_OFF,147,2026-06-17 12:30:25.822579,600.605340,0.000000,,1,,,,keyboard,digit#2 off,"{""value"":1,""note"":""digit#2 off"",""pd_used"":0}",2,0.016667,60.000000,1
Sergio_G01_CNS-LLF5RV3D8,cpeeg02,ses03,20260617_121957,2026-06-17 12:20:25.175468,NaN,10,digit,POSTDIG_FIX2_ON,152,2026-06-17 12:30:25.823388,600.605340,1.711703,,,,,,keyboard,after digit#2,"{""note"":""after digit#2""}",2,0.016667,60.000000,1
Sergio_G01_CNS-LLF5RV3D8,cpeeg02,ses03,20260617_121957,2026-06-17 12:20:25.175468,NaN,10,digit,POSTDIG_FIX2_OFF,157,2026-06-17 12:30:27.534554,602.317043,0.044226,,,,,,keyboard,after digit#2,"{""note"":""after digit#2"",""pd_used"":0}",2,0.016667,60.000000,1
Sergio_G01_CNS-LLF5RV3D8,cpeeg02,ses03,20260617_121957,2026-06-17 12:20:25.175468,NaN,10,digit,DIGIT3_ON,143,2026-06-17 12:30:27.585744,602.361270,0.551212,,1,,,,keyboard,digit#3 shown,"{""value"":1,""note"":""digit#3 shown"",""pd_used"":1}",2,0.016667,60.000000,1
Sergio_G01_CNS-LLF5RV3D8,cpeeg02,ses03,20260617_121957,2026-06-17 12:20:25.175468,NaN,10,digit,DIGIT3_OFF,148,2026-06-17 12:30:28.129590,602.912482,0.000000,,1,,,,keyboard,digit#3 off,"{""value"":1,""note"":""digit#3 off"",""pd_used"":0}",2,0.016667,60.000000,1
Sergio_G01_CNS-LLF5RV3D8,cpeeg02,ses03,20260617_121957,2026-06-17 12:20:25.175468,NaN,10,digit,POSTDIG_FIX3_ON,153,2026-06-17 12:30:28.130370,602.912482,1.732956,,,,,,keyboard,after digit#3,"{""note"":""after digit#3""}",2,0.016667,60.000000,1
Sergio_G01_CNS-LLF5RV3D8,cpeeg02,ses03,20260617_121957,2026-06-17 12:20:25.175468,NaN,10,digit,POSTDIG_FIX3_OFF,158,2026-06-17 12:30:29.862868,604.645438,0.044099,,,,,,keyboard,after digit#3,"{""note"":""after digit#3"",""pd_used"":0}",2,0.016667,60.000000,1
Sergio_G01_CNS-LLF5RV3D8,cpeeg02,ses03,20260617_121957,2026-06-17 12:20:25.175468,NaN,10,digit,DIGIT4_ON,144,2026-06-17 12:30:29.914505,604.689537,0.551950,,1,,,,keyboard,digit#4 shown,"{""value"":1,""note"":""digit#4 shown"",""pd_used"":1}",2,0.016667,60.000000,1
Sergio_G01_CNS-LLF5RV3D8,cpeeg02,ses03,20260617_121957,2026-06-17 12:20:25.175468,NaN,10,digit,DIGIT4_OFF,149,2026-06-17 12:30:30.458762,605.241487,0.000000,,1,,,,keyboard,digit#4 off,"{""value"":1,""note"":""digit#4 off"",""pd_used"":0}",2,0.016667,60.000000,1
Sergio_G01_CNS-LLF5RV3D8,cpeeg02,ses03,20260617_121957,2026-06-17 12:20:25.175468,NaN,10,digit,POSTDIG_FIX4_ON,154,2026-06-17 12:30:30.459574,605.241487,1.947308,,,,,,keyboard,after digit#4,"{""note"":""after digit#4""}",2,0.016667,60.000000,1
Sergio_G01_CNS-LLF5RV3D8,cpeeg02,ses03,20260617_121957,2026-06-17 12:20:25.175468,NaN,10,digit,POSTDIG_FIX4_OFF,159,2026-06-17 12:30:32.405983,607.188795,0.044113,,,,,,keyboard,after digit#4,"{""note"":""after digit#4"",""pd_used"":0}",2,0.016667,60.000000,1
Sergio_G01_CNS-LLF5RV3D8,cpeeg02,ses03,20260617_121957,2026-06-17 12:20:25.175468,NaN,10,digit,DIGIT5_ON,145,2026-06-17 12:30:32.457365,607.232907,0.551156,,0,,,,keyboard,digit#5 shown,"{""value"":0,""note"":""digit#5 shown"",""pd_used"":1}",2,0.016667,60.000000,1
Sergio_G01_CNS-LLF5RV3D8,cpeeg02,ses03,20260617_121957,2026-06-17 12:20:25.175468,NaN,10,digit,DIGIT5_OFF,150,2026-06-17 12:30:33.001243,607.784064,0.000000,,0,,,,keyboard,digit#5 off,"{""value"":0,""note"":""digit#5 off"",""pd_used"":0}",2,0.016667,60.000000,1
Sergio_G01_CNS-LLF5RV3D8,cpeeg02,ses03,20260617_121957,2026-06-17 12:20:25.175468,NaN,10,digit,POSTDIG_FIX5_ON,155,2026-06-17 12:30:33.002020,607.784064,3.049190,,,,,,keyboard,after digit#5,"{""note"":""after digit#5""}",2,0.016667,60.000000,1
Sergio_G01_CNS-LLF5RV3D8,cpeeg02,ses03,20260617_121957,2026-06-17 12:20:25.175468,NaN,10,digit,POSTDIG_FIX5_OFF,160,2026-06-17 12:30:36.050281,610.833253,0.043837,,,,,,keyboard,after digit#5,"{""note"":""after digit#5"",""pd_used"":0}",2,0.016667,60.000000,1
Sergio_G01_CNS-LLF5RV3D8,cpeeg02,ses03,20260617_121957,2026-06-17 12:20:25.175468,NaN,10,distractor,DISTRACTOR_ON,50,2026-06-17 12:30:36.102179,610.877091,4.897326,,7+6=15,,,,keyboard,,"{""value"":""7+6=15"",""isCorrectTruth"":false,""trueSum"":13,""pd_used"":1}",2,0.016667,60.000000,1
Sergio_G01_CNS-LLF5RV3D8,cpeeg02,ses03,20260617_121957,2026-06-17 12:20:25.175468,NaN,10,distractor,DISTRACTOR_ANS,51,2026-06-17 12:30:41.586339,615.774416,0.000000,4.897326,7+6=15,F,1,,keyboard,key= (False),"{""value"":""7+6=15"",""entered"":""F"",""rt"":4.8973256000317633,""correct"":1,""note"":""key= (False)"",""truth"":false,""trueSum"":13,""shownSum"":15,""a"":7,""b"":6}",2,0.016667,60.000000,1
Sergio_G01_CNS-LLF5RV3D8,cpeeg02,ses03,20260617_121957,2026-06-17 12:20:25.175468,NaN,10,distractor,ANS_CORRECT,100,2026-06-17 12:30:41.629177,615.774416,0.681918,,,,,,keyboard,,{},2,0.016667,60.000000,1
Sergio_G01_CNS-LLF5RV3D8,cpeeg02,ses03,20260617_121957,2026-06-17 12:20:25.175468,NaN,10,distractor,DISTRACTOR_OFF,52,2026-06-17 12:30:41.680527,616.456335,0.000000,,,,,,keyboard,,"{""pd_used"":0}",2,0.016667,60.000000,1
Sergio_G01_CNS-LLF5RV3D8,cpeeg02,ses03,20260617_121957,2026-06-17 12:20:25.175468,NaN,10,distractor,FIX2_ON,60,2026-06-17 12:30:41.681222,616.456335,3.169103,,,,,,keyboard,immediate after response,"{""note"":""immediate after response""}",2,0.016667,60.000000,1
Sergio_G01_CNS-LLF5RV3D8,cpeeg02,ses03,20260617_121957,2026-06-17 12:20:25.175468,NaN,10,fix2,FIX2_OFF,61,2026-06-17 12:30:44.842581,619.625438,0.043845,,,,,,keyboard,,"{""pd_used"":0}",2,0.016667,60.000000,1
Sergio_G01_CNS-LLF5RV3D8,cpeeg02,ses03,20260617_121957,2026-06-17 12:20:25.175468,NaN,10,probe,DIGIT_RECALL_LINE_1,161,2026-06-17 12:30:44.893971,619.669282,1.007799,,1,,,,keyboard,first recall question,"{""value"":1,""note"":""first recall question"",""pd_used"":1}",2,0.016667,60.000000,1
Sergio_G01_CNS-LLF5RV3D8,cpeeg02,ses03,20260617_121957,2026-06-17 12:20:25.175468,NaN,10,probe,PROBE_DIGIT_OK_1,71,2026-06-17 12:30:46.414957,620.677082,0.667002,1.008991,slot#1,NaN,,,keyboard,probe_digit#1,"{""value"":""slot#1"",""entered"":null,""rt"":1.0089911000104621,""note"":""probe_digit#1""}",2,0.016667,60.000000,1
Sergio_G01_CNS-LLF5RV3D8,cpeeg02,ses03,20260617_121957,2026-06-17 12:20:25.175468,NaN,10,probe,DIGIT1_OFF,146,2026-06-17 12:30:46.561310,621.344083,0.000000,,0,,,,keyboard,digit#1 off,"{""value"":0,""note"":""digit#1 off"",""pd_used"":0}",2,0.016667,60.000000,1
Sergio_G01_CNS-LLF5RV3D8,cpeeg02,ses03,20260617_121957,2026-06-17 12:20:25.175468,NaN,10,probe,POSTDIG_FIX1_ON,151,2026-06-17 12:30:46.562748,621.344083,1.619146,,,,,,keyboard,after digit#1,"{""note"":""after digit#1""}",2,0.016667,60.000000,1
Sergio_G01_CNS-LLF5RV3D8,cpeeg02,ses03,20260617_121957,2026-06-17 12:20:25.175468,NaN,10,probe,POSTDIG_FIX1_OFF,156,2026-06-17 12:30:48.180396,622.963229,0.046345,,,,,,keyboard,after digit#1,"{""note"":""after digit#1"",""pd_used"":0}",2,0.016667,60.000000,1
Sergio_G01_CNS-LLF5RV3D8,cpeeg02,ses03,20260617_121957,2026-06-17 12:20:25.175468,NaN,10,probe,DIGIT_RECALL_LINE_2,162,2026-06-17 12:30:48.231750,623.009574,0.857696,,2,,,,keyboard,next recall question,"{""value"":2,""note"":""next recall question"",""pd_used"":1}",2,0.016667,60.000000,1
Sergio_G01_CNS-LLF5RV3D8,cpeeg02,ses03,20260617_121957,2026-06-17 12:20:25.175468,NaN,10,probe,PROBE_DIGIT_OK_2,71,2026-06-17 12:30:49.475309,623.867271,0.532683,4.199180,slot#2,NaN,,,keyboard,probe_digit#2,"{""value"":""slot#2"",""entered"":null,""rt"":4.199180299998261,""note"":""probe_digit#2""}",2,0.016667,60.000000,1
Sergio_G01_CNS-LLF5RV3D8,cpeeg02,ses03,20260617_121957,2026-06-17 12:20:25.175468,NaN,10,probe,DIGIT2_OFF,147,2026-06-17 12:30:49.616979,624.399954,0.000000,,0,,,,keyboard,digit#2 off,"{""value"":0,""note"":""digit#2 off"",""pd_used"":0}",2,0.016667,60.000000,1
Sergio_G01_CNS-LLF5RV3D8,cpeeg02,ses03,20260617_121957,2026-06-17 12:20:25.175468,NaN,10,probe,POSTDIG_FIX2_ON,152,2026-06-17 12:30:49.617740,624.399954,1.952275,,,,,,keyboard,after digit#2,"{""note"":""after digit#2""}",2,0.016667,60.000000,1
Sergio_G01_CNS-LLF5RV3D8,cpeeg02,ses03,20260617_121957,2026-06-17 12:20:25.175468,NaN,10,probe,POSTDIG_FIX2_OFF,157,2026-06-17 12:30:51.569421,626.352229,0.045991,,,,,,keyboard,after digit#2,"{""note"":""after digit#2"",""pd_used"":0}",2,0.016667,60.000000,1
Sergio_G01_CNS-LLF5RV3D8,cpeeg02,ses03,20260617_121957,2026-06-17 12:20:25.175468,NaN,10,probe,DIGIT_RECALL_LINE_3,163,2026-06-17 12:30:51.620829,626.398220,1.718326,,3,,,,keyboard,next recall question,"{""value"":3,""note"":""next recall question"",""pd_used"":1}",2,0.016667,60.000000,1
Sergio_G01_CNS-LLF5RV3D8,cpeeg02,ses03,20260617_121957,2026-06-17 12:20:25.175468,NaN,10,probe,PROBE_DIGIT_OK_3,71,2026-06-17 12:30:53.783850,628.116546,0.591284,8.448455,slot#3,NaN,,,keyboard,probe_digit#3,"{""value"":""slot#3"",""entered"":null,""rt"":8.4484553000074811,""note"":""probe_digit#3""}",2,0.016667,60.000000,1
Sergio_G01_CNS-LLF5RV3D8,cpeeg02,ses03,20260617_121957,2026-06-17 12:20:25.175468,NaN,10,probe,DIGIT3_OFF,148,2026-06-17 12:30:53.925061,628.707830,0.000000,,0,,,,keyboard,digit#3 off,"{""value"":0,""note"":""digit#3 off"",""pd_used"":0}",2,0.016667,60.000000,1
Sergio_G01_CNS-LLF5RV3D8,cpeeg02,ses03,20260617_121957,2026-06-17 12:20:25.175468,NaN,10,probe,POSTDIG_FIX3_ON,153,2026-06-17 12:30:53.925821,628.707830,1.946749,,,,,,keyboard,after digit#3,"{""note"":""after digit#3""}",2,0.016667,60.000000,1
Sergio_G01_CNS-LLF5RV3D8,cpeeg02,ses03,20260617_121957,2026-06-17 12:20:25.175468,NaN,10,probe,POSTDIG_FIX3_OFF,158,2026-06-17 12:30:55.871965,630.654579,0.046484,,,,,,keyboard,after digit#3,"{""note"":""after digit#3"",""pd_used"":0}",2,0.016667,60.000000,1
Sergio_G01_CNS-LLF5RV3D8,cpeeg02,ses03,20260617_121957,2026-06-17 12:20:25.175468,NaN,10,probe,DIGIT_RECALL_LINE_4,164,2026-06-17 12:30:55.923163,630.701064,4.189191,,4,,,,keyboard,next recall question,"{""value"":4,""note"":""next recall question"",""pd_used"":1}",2,0.016667,60.000000,1
Sergio_G01_CNS-LLF5RV3D8,cpeeg02,ses03,20260617_121957,2026-06-17 12:20:25.175468,NaN,10,probe,PROBE_DIGIT_OK_4,71,2026-06-17 12:31:00.475839,634.890254,0.510005,15.222164,slot#4,NaN,,,keyboard,probe_digit#4,"{""value"":""slot#4"",""entered"":null,""rt"":15.222163999977056,""note"":""probe_digit#4""}",2,0.016667,60.000000,1
Sergio_G01_CNS-LLF5RV3D8,cpeeg02,ses03,20260617_121957,2026-06-17 12:20:25.175468,NaN,10,probe,DIGIT4_OFF,149,2026-06-17 12:31:00.617390,635.400260,0.000000,,0,,,,keyboard,digit#4 off,"{""value"":0,""note"":""digit#4 off"",""pd_used"":0}",2,0.016667,60.000000,1
Sergio_G01_CNS-LLF5RV3D8,cpeeg02,ses03,20260617_121957,2026-06-17 12:20:25.175468,NaN,10,probe,POSTDIG_FIX4_ON,154,2026-06-17 12:31:00.618171,635.400260,1.926540,,,,,,keyboard,after digit#4,"{""note"":""after digit#4""}",2,0.016667,60.000000,1
Sergio_G01_CNS-LLF5RV3D8,cpeeg02,ses03,20260617_121957,2026-06-17 12:20:25.175468,NaN,10,probe,POSTDIG_FIX4_OFF,159,2026-06-17 12:31:02.544049,637.326800,0.045972,,,,,,keyboard,after digit#4,"{""note"":""after digit#4"",""pd_used"":0}",2,0.016667,60.000000,1
Sergio_G01_CNS-LLF5RV3D8,cpeeg02,ses03,20260617_121957,2026-06-17 12:20:25.175468,NaN,10,probe,DIGIT_RECALL_LINE_5,165,2026-06-17 12:31:02.595395,637.372772,2.843224,,5,,,,keyboard,next recall question,"{""value"":5,""note"":""next recall question"",""pd_used"":1}",2,0.016667,60.000000,1
Sergio_G01_CNS-LLF5RV3D8,cpeeg02,ses03,20260617_121957,2026-06-17 12:20:25.175468,NaN,10,probe,PROBE_DIGIT_OK_5,71,2026-06-17 12:31:05.965115,640.215996,0.672051,20.547906,slot#5,NaN,,,keyboard,probe_digit#5,"{""value"":""slot#5"",""entered"":null,""rt"":20.54790609999327,""note"":""probe_digit#5""}",2,0.016667,60.000000,1
Sergio_G01_CNS-LLF5RV3D8,cpeeg02,ses03,20260617_121957,2026-06-17 12:20:25.175468,NaN,10,probe,DIGIT5_OFF,150,2026-06-17 12:31:06.105285,640.888048,0.000000,,0,,,,keyboard,digit#5 off,"{""value"":0,""note"":""digit#5 off"",""pd_used"":0}",2,0.016667,60.000000,1
Sergio_G01_CNS-LLF5RV3D8,cpeeg02,ses03,20260617_121957,2026-06-17 12:20:25.175468,NaN,10,probe,POSTDIG_FIX5_ON,155,2026-06-17 12:31:06.106068,640.888048,3.513477,,,,,,keyboard,after digit#5,"{""note"":""after digit#5""}",2,0.016667,60.000000,1
Sergio_G01_CNS-LLF5RV3D8,cpeeg02,ses03,20260617_121957,2026-06-17 12:20:25.175468,NaN,10,probe,POSTDIG_FIX5_OFF,160,2026-06-17 12:31:09.618862,644.401524,0.043701,,,,,,keyboard,after digit#5,"{""note"":""after digit#5"",""pd_used"":0}",2,0.016667,60.000000,1
Sergio_G01_CNS-LLF5RV3D8,cpeeg02,ses03,20260617_121957,2026-06-17 12:20:25.175468,NaN,10,probe,PROBE_DONE,73,2026-06-17 12:31:09.620509,644.445225,0.000623,,,,,,keyboard,probe complete,"{""value"":"""",""note"":""probe complete""}",2,0.016667,60.000000,1
Sergio_G01_CNS-LLF5RV3D8,cpeeg02,ses03,20260617_121957,2026-06-17 12:20:25.175468,NaN,10,probe,TRIAL_END,21,2026-06-17 12:31:09.621057,644.445848,0.114141,,,,,,keyboard,,{},2,0.016667,60.000000,1
Sergio_G01_CNS-LLF5RV3D8,cpeeg02,ses03,20260617_121957,2026-06-17 12:20:25.175468,NaN,10,probe,BLOCK_END,11,2026-06-17 12:31:09.735543,644.559989,0.214572,,,,,,keyboard,,{},2,0.016667,60.000000,1
Sergio_G01_CNS-LLF5RV3D8,cpeeg02,ses03,20260617_121957,2026-06-17 12:20:25.175468,NaN,10,probe,SESSION_END,3,2026-06-17 12:31:09.950343,644.774561,NaN,,,,,,keyboard,,{},2,0.016667,60.000000,1
