file_version,subject,condition,session,task_start_time,block,trial,phase,event_name,event_code,wall_clock,t_rel_sec,duration_to_next,rt,value_shown,entered_value,correct,key_name,device,note,json,screen_index,ifi,refresh_hz,pd_used
Sergio_G01_CNS-LLF5RV3D8,cpeeg02,ses05,20260827_123026,2026-08-27 12:30:58.568337,NaN,NaN,,MIC_NOISEFLOOR,6,2026-08-27 12:31:03.591449,5.022755,4.147992,,,,,,keyboard,,{},1,NaN,NaN,1
Sergio_G01_CNS-LLF5RV3D8,cpeeg02,ses05,20260827_123026,2026-08-27 12:30:58.568337,NaN,NaN,,MIC_REC_SPEECH,7,2026-08-27 12:31:07.739318,9.170747,6.657513,,,,,,keyboard,,{},1,NaN,NaN,1
Sergio_G01_CNS-LLF5RV3D8,cpeeg02,ses05,20260827_123026,2026-08-27 12:30:58.568337,NaN,NaN,,SESSION_START,1,2026-08-27 12:32:36.252997,97.684270,0.001164,,,,,,keyboard,,{},1,0.016664,60.008471,1
Sergio_G01_CNS-LLF5RV3D8,cpeeg02,ses05,20260827_123026,2026-08-27 12:30:58.568337,NaN,NaN,,BLOCK_START,10,2026-08-27 12:32:36.253708,97.685434,0.121194,,,,,,keyboard,,{},1,0.016664,60.008471,1
Sergio_G01_CNS-LLF5RV3D8,cpeeg02,ses05,20260827_123026,2026-08-27 12:30:58.568337,NaN,0,reading,START_PAGE_ON,4,2026-08-27 12:32:36.417292,97.806627,0.049835,,,,,,keyboard,,"{""pd_used"":0}",1,0.016664,60.008471,1
Sergio_G01_CNS-LLF5RV3D8,cpeeg02,ses05,20260827_123026,2026-08-27 12:30:58.568337,NaN,0,reading,START_PAGE_ON,4,2026-08-27 12:32:36.417292,97.806627,5.652815,,,,,,keyboard,,"{""pd_used"":0}",1,0.016664,60.008471,1
Sergio_G01_CNS-LLF5RV3D8,cpeeg02,ses05,20260827_123026,2026-08-27 12:30:58.568337,NaN,0,reading,START_PAGE_ON,4,2026-08-27 12:32:36.417292,97.806627,6.076425,,,,,,keyboard,,"{""pd_used"":0}",1,0.016664,60.008471,1
Sergio_G01_CNS-LLF5RV3D8,cpeeg02,ses05,20260827_123026,2026-08-27 12:30:58.568337,NaN,0,reading,READING_START,23,2026-08-27 12:32:42.451586,103.883052,0.123516,,,,,,keyboard,,{},1,0.016664,60.008471,1
Sergio_G01_CNS-LLF5RV3D8,cpeeg02,ses05,20260827_123026,2026-08-27 12:30:58.568337,NaN,0,reading,DIGIT_READ1_ON,101,2026-08-27 12:32:42.616729,104.006568,2.985169,,3,,,,keyboard,digit#1 shown,"{""value"":3,""note"":""digit#1 shown"",""pd_used"":1}",1,0.016664,60.008471,1
Sergio_G01_CNS-LLF5RV3D8,cpeeg02,ses05,20260827_123026,2026-08-27 12:30:58.568337,NaN,0,reading,PROBE_COUNT_OK_1,71,2026-08-27 12:32:45.993287,106.991737,0.481522,9.201530,slot#1,NaN,,,keyboard,probe_digit#1,"{""value"":""slot#1"",""entered"":null,""rt"":9.2015296998433769,""note"":""probe_digit#1""}",1,0.016664,60.008471,1
Sergio_G01_CNS-LLF5RV3D8,cpeeg02,ses05,20260827_123026,2026-08-27 12:30:58.568337,NaN,0,reading,DIGIT_READ1_OFF,116,2026-08-27 12:32:46.089622,107.473259,0.000000,,3,,,,keyboard,digit#1 off,"{""value"":3,""note"":""digit#1 off"",""pd_used"":0}",1,0.016664,60.008471,1
Sergio_G01_CNS-LLF5RV3D8,cpeeg02,ses05,20260827_123026,2026-08-27 12:30:58.568337,NaN,0,reading,POSTREAD_FIX1_ON,201,2026-08-27 12:32:46.090788,107.473259,1.716537,,,,,,keyboard,after digit#1,"{""note"":""after digit#1""}",1,0.016664,60.008471,1
Sergio_G01_CNS-LLF5RV3D8,cpeeg02,ses05,20260827_123026,2026-08-27 12:30:58.568337,NaN,0,reading,POSTREAD_FIX1_OFF,216,2026-08-27 12:32:47.799931,109.189796,0.066977,,,,,,keyboard,after digit#1,"{""note"":""after digit#1"",""pd_used"":0}",1,0.016664,60.008471,1
Sergio_G01_CNS-LLF5RV3D8,cpeeg02,ses05,20260827_123026,2026-08-27 12:30:58.568337,NaN,0,reading,DIGIT_READ2_ON,102,2026-08-27 12:32:47.866907,109.256773,1.433519,,6,,,,keyboard,digit#2 shown,"{""value"":6,""note"":""digit#2 shown"",""pd_used"":1}",1,0.016664,60.008471,1
Sergio_G01_CNS-LLF5RV3D8,cpeeg02,ses05,20260827_123026,2026-08-27 12:30:58.568337,NaN,0,reading,PROBE_COUNT_OK_2,71,2026-08-27 12:32:49.749704,110.690292,0.549642,12.900085,slot#2,NaN,,,keyboard,probe_digit#2,"{""value"":""slot#2"",""entered"":null,""rt"":12.900084899738431,""note"":""probe_digit#2""}",1,0.016664,60.008471,1
Sergio_G01_CNS-LLF5RV3D8,cpeeg02,ses05,20260827_123026,2026-08-27 12:30:58.568337,NaN,0,reading,DIGIT_READ2_OFF,117,2026-08-27 12:32:49.850017,111.239934,0.000000,,6,,,,keyboard,digit#2 off,"{""value"":6,""note"":""digit#2 off"",""pd_used"":0}",1,0.016664,60.008471,1
Sergio_G01_CNS-LLF5RV3D8,cpeeg02,ses05,20260827_123026,2026-08-27 12:30:58.568337,NaN,0,reading,POSTREAD_FIX2_ON,202,2026-08-27 12:32:49.850858,111.239934,1.616658,,,,,,keyboard,after digit#2,"{""note"":""after digit#2""}",1,0.016664,60.008471,1
Sergio_G01_CNS-LLF5RV3D8,cpeeg02,ses05,20260827_123026,2026-08-27 12:30:58.568337,NaN,0,reading,POSTREAD_FIX2_OFF,217,2026-08-27 12:32:51.466924,112.856592,0.066800,,,,,,keyboard,after digit#2,"{""note"":""after digit#2"",""pd_used"":0}",1,0.016664,60.008471,1
Sergio_G01_CNS-LLF5RV3D8,cpeeg02,ses05,20260827_123026,2026-08-27 12:30:58.568337,NaN,0,reading,DIGIT_READ3_ON,103,2026-08-27 12:32:51.533945,112.923392,1.092565,,2,,,,keyboard,digit#3 shown,"{""value"":2,""note"":""digit#3 shown"",""pd_used"":1}",1,0.016664,60.008471,1
Sergio_G01_CNS-LLF5RV3D8,cpeeg02,ses05,20260827_123026,2026-08-27 12:30:58.568337,NaN,0,reading,PROBE_COUNT_OK_3,71,2026-08-27 12:32:53.195031,114.015957,0.657277,16.225750,slot#3,NaN,,,keyboard,probe_digit#3,"{""value"":""slot#3"",""entered"":null,""rt"":16.225749799981713,""note"":""probe_digit#3""}",1,0.016664,60.008471,1
Sergio_G01_CNS-LLF5RV3D8,cpeeg02,ses05,20260827_123026,2026-08-27 12:30:58.568337,NaN,0,reading,DIGIT_READ3_OFF,118,2026-08-27 12:32:53.289028,114.673235,0.000000,,2,,,,keyboard,digit#3 off,"{""value"":2,""note"":""digit#3 off"",""pd_used"":0}",1,0.016664,60.008471,1
Sergio_G01_CNS-LLF5RV3D8,cpeeg02,ses05,20260827_123026,2026-08-27 12:30:58.568337,NaN,0,reading,POSTREAD_FIX3_ON,203,2026-08-27 12:32:53.289818,114.673235,1.683507,,,,,,keyboard,after digit#3,"{""note"":""after digit#3""}",1,0.016664,60.008471,1
Sergio_G01_CNS-LLF5RV3D8,cpeeg02,ses05,20260827_123026,2026-08-27 12:30:58.568337,NaN,0,reading,POSTREAD_FIX3_OFF,218,2026-08-27 12:32:54.967159,116.356742,0.066759,,,,,,keyboard,after digit#3,"{""note"":""after digit#3"",""pd_used"":0}",1,0.016664,60.008471,1
Sergio_G01_CNS-LLF5RV3D8,cpeeg02,ses05,20260827_123026,2026-08-27 12:30:58.568337,NaN,0,reading,DIGIT_READ4_ON,104,2026-08-27 12:32:55.033762,116.423500,1.195828,,5,,,,keyboard,digit#4 shown,"{""value"":5,""note"":""digit#4 shown"",""pd_used"":1}",1,0.016664,60.008471,1
Sergio_G01_CNS-LLF5RV3D8,cpeeg02,ses05,20260827_123026,2026-08-27 12:30:58.568337,NaN,0,reading,PROBE_COUNT_OK_4,71,2026-08-27 12:32:56.899089,117.619328,0.770630,19.829121,slot#4,NaN,,,keyboard,probe_digit#4,"{""value"":""slot#4"",""entered"":null,""rt"":19.829120699781924,""note"":""probe_digit#4""}",1,0.016664,60.008471,1
Sergio_G01_CNS-LLF5RV3D8,cpeeg02,ses05,20260827_123026,2026-08-27 12:30:58.568337,NaN,0,reading,DIGIT_READ4_OFF,119,2026-08-27 12:32:57.000056,118.389958,0.000000,,5,,,,keyboard,digit#4 off,"{""value"":5,""note"":""digit#4 off"",""pd_used"":0}",1,0.016664,60.008471,1
Sergio_G01_CNS-LLF5RV3D8,cpeeg02,ses05,20260827_123026,2026-08-27 12:30:58.568337,NaN,0,reading,POSTREAD_FIX4_ON,204,2026-08-27 12:32:57.000868,118.389958,1.733217,,,,,,keyboard,after digit#4,"{""note"":""after digit#4""}",1,0.016664,60.008471,1
Sergio_G01_CNS-LLF5RV3D8,cpeeg02,ses05,20260827_123026,2026-08-27 12:30:58.568337,NaN,0,reading,POSTREAD_FIX4_OFF,219,2026-08-27 12:32:58.733612,120.123175,0.067052,,,,,,keyboard,after digit#4,"{""note"":""after digit#4"",""pd_used"":0}",1,0.016664,60.008471,1
Sergio_G01_CNS-LLF5RV3D8,cpeeg02,ses05,20260827_123026,2026-08-27 12:30:58.568337,NaN,0,reading,DIGIT_READ5_ON,105,2026-08-27 12:32:58.800490,120.190227,1.015106,,1,,,,keyboard,digit#5 shown,"{""value"":1,""note"":""digit#5 shown"",""pd_used"":1}",1,0.016664,60.008471,1
Sergio_G01_CNS-LLF5RV3D8,cpeeg02,ses05,20260827_123026,2026-08-27 12:30:58.568337,NaN,0,reading,PROBE_COUNT_OK_5,71,2026-08-27 12:33:00.498707,121.205333,0.784673,23.415126,slot#5,NaN,,,keyboard,probe_digit#5,"{""value"":""slot#5"",""entered"":null,""rt"":23.415125700179487,""note"":""probe_digit#5""}",1,0.016664,60.008471,1
Sergio_G01_CNS-LLF5RV3D8,cpeeg02,ses05,20260827_123026,2026-08-27 12:30:58.568337,NaN,0,reading,DIGIT_READ5_OFF,120,2026-08-27 12:33:00.600369,121.990006,0.000000,,1,,,,keyboard,digit#5 off,"{""value"":1,""note"":""digit#5 off"",""pd_used"":0}",1,0.016664,60.008471,1
Sergio_G01_CNS-LLF5RV3D8,cpeeg02,ses05,20260827_123026,2026-08-27 12:30:58.568337,NaN,0,reading,POSTREAD_FIX5_ON,205,2026-08-27 12:33:00.601156,121.990006,1.783054,,,,,,keyboard,after digit#5,"{""note"":""after digit#5""}",1,0.016664,60.008471,1
Sergio_G01_CNS-LLF5RV3D8,cpeeg02,ses05,20260827_123026,2026-08-27 12:30:58.568337,NaN,0,reading,POSTREAD_FIX5_OFF,220,2026-08-27 12:33:02.383282,123.773060,0.067105,,,,,,keyboard,after digit#5,"{""note"":""after digit#5"",""pd_used"":0}",1,0.016664,60.008471,1
Sergio_G01_CNS-LLF5RV3D8,cpeeg02,ses05,20260827_123026,2026-08-27 12:30:58.568337,NaN,0,reading,DIGIT_READ6_ON,106,2026-08-27 12:33:02.450609,123.840165,2.302810,,9,,,,keyboard,digit#6 shown,"{""value"":9,""note"":""digit#6 shown"",""pd_used"":1}",1,0.016664,60.008471,1
Sergio_G01_CNS-LLF5RV3D8,cpeeg02,ses05,20260827_123026,2026-08-27 12:30:58.568337,NaN,0,reading,PROBE_COUNT_OK_6,71,2026-08-27 12:33:05.495130,126.142975,0.830429,28.352768,slot#6,NaN,,,keyboard,probe_digit#6,"{""value"":""slot#6"",""entered"":null,""rt"":28.352767699863762,""note"":""probe_digit#6""}",1,0.016664,60.008471,1
Sergio_G01_CNS-LLF5RV3D8,cpeeg02,ses05,20260827_123026,2026-08-27 12:30:58.568337,NaN,0,reading,DIGIT_READ6_OFF,121,2026-08-27 12:33:05.589225,126.973404,0.000000,,9,,,,keyboard,digit#6 off,"{""value"":9,""note"":""digit#6 off"",""pd_used"":0}",1,0.016664,60.008471,1
Sergio_G01_CNS-LLF5RV3D8,cpeeg02,ses05,20260827_123026,2026-08-27 12:30:58.568337,NaN,0,reading,POSTREAD_FIX6_ON,206,2026-08-27 12:33:05.590009,126.973404,1.933286,,,,,,keyboard,after digit#6,"{""note"":""after digit#6""}",1,0.016664,60.008471,1
Sergio_G01_CNS-LLF5RV3D8,cpeeg02,ses05,20260827_123026,2026-08-27 12:30:58.568337,NaN,0,reading,POSTREAD_FIX6_OFF,221,2026-08-27 12:33:07.516957,128.906690,0.066780,,,,,,keyboard,after digit#6,"{""note"":""after digit#6"",""pd_used"":0}",1,0.016664,60.008471,1
Sergio_G01_CNS-LLF5RV3D8,cpeeg02,ses05,20260827_123026,2026-08-27 12:30:58.568337,NaN,0,reading,DIGIT_READ7_ON,107,2026-08-27 12:33:07.583664,128.973470,2.620767,,0,,,,keyboard,digit#7 shown,"{""value"":0,""note"":""digit#7 shown"",""pd_used"":1}",1,0.016664,60.008471,1
Sergio_G01_CNS-LLF5RV3D8,cpeeg02,ses05,20260827_123026,2026-08-27 12:30:58.568337,NaN,0,reading,PROBE_COUNT_OK_7,71,2026-08-27 12:33:10.935501,131.594238,0.829121,33.804030,slot#7,NaN,,,keyboard,probe_digit#7,"{""value"":""slot#7"",""entered"":null,""rt"":33.804030399769545,""note"":""probe_digit#7""}",1,0.016664,60.008471,1
Sergio_G01_CNS-LLF5RV3D8,cpeeg02,ses05,20260827_123026,2026-08-27 12:30:58.568337,NaN,0,reading,DIGIT_READ7_OFF,122,2026-08-27 12:33:11.033568,132.423359,0.000000,,0,,,,keyboard,digit#7 off,"{""value"":0,""note"":""digit#7 off"",""pd_used"":0}",1,0.016664,60.008471,1
Sergio_G01_CNS-LLF5RV3D8,cpeeg02,ses05,20260827_123026,2026-08-27 12:30:58.568337,NaN,0,reading,POSTREAD_FIX7_ON,207,2026-08-27 12:33:11.034418,132.423359,1.616569,,,,,,keyboard,after digit#7,"{""note"":""after digit#7""}",1,0.016664,60.008471,1
Sergio_G01_CNS-LLF5RV3D8,cpeeg02,ses05,20260827_123026,2026-08-27 12:30:58.568337,NaN,0,reading,POSTREAD_FIX7_OFF,222,2026-08-27 12:33:12.650195,134.039928,0.067120,,,,,,keyboard,after digit#7,"{""note"":""after digit#7"",""pd_used"":0}",1,0.016664,60.008471,1
Sergio_G01_CNS-LLF5RV3D8,cpeeg02,ses05,20260827_123026,2026-08-27 12:30:58.568337,NaN,0,reading,DIGIT_READ8_ON,108,2026-08-27 12:33:12.717335,134.107048,3.034140,,7,,,,keyboard,digit#8 shown,"{""value"":7,""note"":""digit#8 shown"",""pd_used"":1}",1,0.016664,60.008471,1
Sergio_G01_CNS-LLF5RV3D8,cpeeg02,ses05,20260827_123026,2026-08-27 12:30:58.568337,NaN,0,reading,PROBE_COUNT_OK_8,71,2026-08-27 12:33:16.435939,137.141188,0.782089,39.350981,slot#8,NaN,,,keyboard,probe_digit#8,"{""value"":""slot#8"",""entered"":null,""rt"":39.35098069999367,""note"":""probe_digit#8""}",1,0.016664,60.008471,1
Sergio_G01_CNS-LLF5RV3D8,cpeeg02,ses05,20260827_123026,2026-08-27 12:30:58.568337,NaN,0,reading,DIGIT_READ8_OFF,123,2026-08-27 12:33:16.533329,137.923277,0.000000,,7,,,,keyboard,digit#8 off,"{""value"":7,""note"":""digit#8 off"",""pd_used"":0}",1,0.016664,60.008471,1
Sergio_G01_CNS-LLF5RV3D8,cpeeg02,ses05,20260827_123026,2026-08-27 12:30:58.568337,NaN,0,reading,POSTREAD_FIX8_ON,208,2026-08-27 12:33:16.534104,137.923277,1.566511,,,,,,keyboard,after digit#8,"{""note"":""after digit#8""}",1,0.016664,60.008471,1
Sergio_G01_CNS-LLF5RV3D8,cpeeg02,ses05,20260827_123026,2026-08-27 12:30:58.568337,NaN,0,reading,POSTREAD_FIX8_OFF,223,2026-08-27 12:33:18.099969,139.489788,0.067151,,,,,,keyboard,after digit#8,"{""note"":""after digit#8"",""pd_used"":0}",1,0.016664,60.008471,1
Sergio_G01_CNS-LLF5RV3D8,cpeeg02,ses05,20260827_123026,2026-08-27 12:30:58.568337,NaN,0,reading,DIGIT_READ9_ON,109,2026-08-27 12:33:18.167546,139.556939,2.204043,,7,,,,keyboard,digit#9 shown,"{""value"":7,""note"":""digit#9 shown"",""pd_used"":1}",1,0.016664,60.008471,1
Sergio_G01_CNS-LLF5RV3D8,cpeeg02,ses05,20260827_123026,2026-08-27 12:30:58.568337,NaN,0,reading,PROBE_COUNT_OK_9,71,2026-08-27 12:33:21.147776,141.760982,0.862467,43.970775,slot#9,NaN,,,keyboard,probe_digit#9,"{""value"":""slot#9"",""entered"":null,""rt"":43.97077459981665,""note"":""probe_digit#9""}",1,0.016664,60.008471,1
Sergio_G01_CNS-LLF5RV3D8,cpeeg02,ses05,20260827_123026,2026-08-27 12:30:58.568337,NaN,0,reading,DIGIT_READ9_OFF,124,2026-08-27 12:33:21.241701,142.623449,0.000000,,7,,,,keyboard,digit#9 off,"{""value"":7,""note"":""digit#9 off"",""pd_used"":0}",1,0.016664,60.008471,1
Sergio_G01_CNS-LLF5RV3D8,cpeeg02,ses05,20260827_123026,2026-08-27 12:30:58.568337,NaN,0,reading,POSTREAD_FIX9_ON,209,2026-08-27 12:33:21.242501,142.623449,1.666619,,,,,,keyboard,after digit#9,"{""note"":""after digit#9""}",1,0.016664,60.008471,1
Sergio_G01_CNS-LLF5RV3D8,cpeeg02,ses05,20260827_123026,2026-08-27 12:30:58.568337,NaN,0,reading,POSTREAD_FIX9_OFF,224,2026-08-27 12:33:22.900597,144.290068,0.066667,,,,,,keyboard,after digit#9,"{""note"":""after digit#9"",""pd_used"":0}",1,0.016664,60.008471,1
Sergio_G01_CNS-LLF5RV3D8,cpeeg02,ses05,20260827_123026,2026-08-27 12:30:58.568337,NaN,0,reading,DIGIT_READ10_ON,110,2026-08-27 12:33:22.967108,144.356734,0.977508,,6,,,,keyboard,digit#10 shown,"{""value"":6,""note"":""digit#10 shown"",""pd_used"":1}",1,0.016664,60.008471,1
Sergio_G01_CNS-LLF5RV3D8,cpeeg02,ses05,20260827_123026,2026-08-27 12:30:58.568337,NaN,0,reading,PROBE_COUNT_OK_10,71,2026-08-27 12:33:24.254174,145.334242,0.405744,47.544035,slot#10,NaN,,,keyboard,probe_digit#10,"{""value"":""slot#10"",""entered"":null,""rt"":47.544034800026566,""note"":""probe_digit#10""}",1,0.016664,60.008471,1
Sergio_G01_CNS-LLF5RV3D8,cpeeg02,ses05,20260827_123026,2026-08-27 12:30:58.568337,NaN,0,reading,DIGIT_READ10_OFF,125,2026-08-27 12:33:24.350131,145.739986,0.000000,,6,,,,keyboard,digit#10 off,"{""value"":6,""note"":""digit#10 off"",""pd_used"":0}",1,0.016664,60.008471,1
Sergio_G01_CNS-LLF5RV3D8,cpeeg02,ses05,20260827_123026,2026-08-27 12:30:58.568337,NaN,0,reading,POSTREAD_FIX10_ON,210,2026-08-27 12:33:24.350950,145.739986,1.850142,,,,,,keyboard,after digit#10,"{""note"":""after digit#10""}",1,0.016664,60.008471,1
Sergio_G01_CNS-LLF5RV3D8,cpeeg02,ses05,20260827_123026,2026-08-27 12:30:58.568337,NaN,0,reading,POSTREAD_FIX10_OFF,225,2026-08-27 12:33:26.200545,147.590128,0.066779,,,,,,keyboard,after digit#10,"{""note"":""after digit#10"",""pd_used"":0}",1,0.016664,60.008471,1
Sergio_G01_CNS-LLF5RV3D8,cpeeg02,ses05,20260827_123026,2026-08-27 12:30:58.568337,NaN,0,reading,DIGIT_READ11_ON,111,2026-08-27 12:33:26.267138,147.656907,0.927850,,3,,,,keyboard,digit#11 shown,"{""value"":3,""note"":""digit#11 shown"",""pd_used"":1}",1,0.016664,60.008471,1
Sergio_G01_CNS-LLF5RV3D8,cpeeg02,ses05,20260827_123026,2026-08-27 12:30:58.568337,NaN,0,reading,PROBE_COUNT_OK_11,71,2026-08-27 12:33:27.823931,148.584757,0.721939,50.794550,slot#11,NaN,,,keyboard,probe_digit#11,"{""value"":""slot#11"",""entered"":null,""rt"":50.7945499997586,""note"":""probe_digit#11""}",1,0.016664,60.008471,1
Sergio_G01_CNS-LLF5RV3D8,cpeeg02,ses05,20260827_123026,2026-08-27 12:30:58.568337,NaN,0,reading,DIGIT_READ11_OFF,126,2026-08-27 12:33:27.917784,149.306696,0.000000,,3,,,,keyboard,digit#11 off,"{""value"":3,""note"":""digit#11 off"",""pd_used"":0}",1,0.016664,60.008471,1
Sergio_G01_CNS-LLF5RV3D8,cpeeg02,ses05,20260827_123026,2026-08-27 12:30:58.568337,NaN,0,reading,POSTREAD_FIX11_ON,211,2026-08-27 12:33:27.918552,149.306696,1.850012,,,,,,keyboard,after digit#11,"{""note"":""after digit#11""}",1,0.016664,60.008471,1
Sergio_G01_CNS-LLF5RV3D8,cpeeg02,ses05,20260827_123026,2026-08-27 12:30:58.568337,NaN,0,reading,POSTREAD_FIX11_OFF,226,2026-08-27 12:33:29.767016,151.156709,0.066738,,,,,,keyboard,after digit#11,"{""note"":""after digit#11"",""pd_used"":0}",1,0.016664,60.008471,1
Sergio_G01_CNS-LLF5RV3D8,cpeeg02,ses05,20260827_123026,2026-08-27 12:30:58.568337,NaN,0,reading,DIGIT_READ12_ON,112,2026-08-27 12:33:29.833690,151.223446,1.589556,,2,,,,keyboard,digit#12 shown,"{""value"":2,""note"":""digit#12 shown"",""pd_used"":1}",1,0.016664,60.008471,1
Sergio_G01_CNS-LLF5RV3D8,cpeeg02,ses05,20260827_123026,2026-08-27 12:30:58.568337,NaN,0,reading,PROBE_COUNT_OK_12,71,2026-08-27 12:33:31.995222,152.813002,0.660514,55.022795,slot#12,NaN,,,keyboard,probe_digit#12,"{""value"":""slot#12"",""entered"":null,""rt"":55.022794699762017,""note"":""probe_digit#12""}",1,0.016664,60.008471,1
Sergio_G01_CNS-LLF5RV3D8,cpeeg02,ses05,20260827_123026,2026-08-27 12:30:58.568337,NaN,0,reading,DIGIT_READ12_OFF,127,2026-08-27 12:33:32.089119,153.473516,0.000000,,2,,,,keyboard,digit#12 off,"{""value"":2,""note"":""digit#12 off"",""pd_used"":0}",1,0.016664,60.008471,1
Sergio_G01_CNS-LLF5RV3D8,cpeeg02,ses05,20260827_123026,2026-08-27 12:30:58.568337,NaN,0,reading,POSTREAD_FIX12_ON,212,2026-08-27 12:33:32.089891,153.473516,1.733402,,,,,,keyboard,after digit#12,"{""note"":""after digit#12""}",1,0.016664,60.008471,1
Sergio_G01_CNS-LLF5RV3D8,cpeeg02,ses05,20260827_123026,2026-08-27 12:30:58.568337,NaN,0,reading,POSTREAD_FIX12_OFF,227,2026-08-27 12:33:33.817336,155.206917,0.066798,,,,,,keyboard,after digit#12,"{""note"":""after digit#12"",""pd_used"":0}",1,0.016664,60.008471,1
Sergio_G01_CNS-LLF5RV3D8,cpeeg02,ses05,20260827_123026,2026-08-27 12:30:58.568337,NaN,0,reading,DIGIT_READ13_ON,113,2026-08-27 12:33:33.884005,155.273715,1.397104,,1,,,,keyboard,digit#13 shown,"{""value"":1,""note"":""digit#13 shown"",""pd_used"":1}",1,0.016664,60.008471,1
Sergio_G01_CNS-LLF5RV3D8,cpeeg02,ses05,20260827_123026,2026-08-27 12:30:58.568337,NaN,0,reading,PROBE_COUNT_OK_13,71,2026-08-27 12:33:35.827614,156.670820,0.636021,58.880612,slot#13,NaN,,,keyboard,probe_digit#13,"{""value"":""slot#13"",""entered"":null,""rt"":58.880612299777567,""note"":""probe_digit#13""}",1,0.016664,60.008471,1
Sergio_G01_CNS-LLF5RV3D8,cpeeg02,ses05,20260827_123026,2026-08-27 12:30:58.568337,NaN,0,reading,DIGIT_READ13_OFF,128,2026-08-27 12:33:35.921851,157.306841,0.000000,,1,,,,keyboard,digit#13 off,"{""value"":1,""note"":""digit#13 off"",""pd_used"":0}",1,0.016664,60.008471,1
Sergio_G01_CNS-LLF5RV3D8,cpeeg02,ses05,20260827_123026,2026-08-27 12:30:58.568337,NaN,0,reading,POSTREAD_FIX13_ON,213,2026-08-27 12:33:35.922641,157.306841,1.833067,,,,,,keyboard,after digit#13,"{""note"":""after digit#13""}",1,0.016664,60.008471,1
Sergio_G01_CNS-LLF5RV3D8,cpeeg02,ses05,20260827_123026,2026-08-27 12:30:58.568337,NaN,0,reading,POSTREAD_FIX13_OFF,228,2026-08-27 12:33:37.750310,159.139907,0.067171,,,,,,keyboard,after digit#13,"{""note"":""after digit#13"",""pd_used"":0}",1,0.016664,60.008471,1
Sergio_G01_CNS-LLF5RV3D8,cpeeg02,ses05,20260827_123026,2026-08-27 12:30:58.568337,NaN,0,reading,DIGIT_READ14_ON,114,2026-08-27 12:33:37.817111,159.207078,2.041979,,7,,,,keyboard,digit#14 shown,"{""value"":7,""note"":""digit#14 shown"",""pd_used"":1}",1,0.016664,60.008471,1
Sergio_G01_CNS-LLF5RV3D8,cpeeg02,ses05,20260827_123026,2026-08-27 12:30:58.568337,NaN,0,reading,PROBE_COUNT_OK_14,71,2026-08-27 12:33:40.575424,161.249057,0.807617,63.458850,slot#14,NaN,,,keyboard,probe_digit#14,"{""value"":""slot#14"",""entered"":null,""rt"":63.458850100170821,""note"":""probe_digit#14""}",1,0.016664,60.008471,1
Sergio_G01_CNS-LLF5RV3D8,cpeeg02,ses05,20260827_123026,2026-08-27 12:30:58.568337,NaN,0,reading,DIGIT_READ14_OFF,129,2026-08-27 12:33:40.669256,162.056674,0.000000,,7,,,,keyboard,digit#14 off,"{""value"":7,""note"":""digit#14 off"",""pd_used"":0}",1,0.016664,60.008471,1
Sergio_G01_CNS-LLF5RV3D8,cpeeg02,ses05,20260827_123026,2026-08-27 12:30:58.568337,NaN,0,reading,POSTREAD_FIX14_ON,214,2026-08-27 12:33:40.670020,162.056674,1.583316,,,,,,keyboard,after digit#14,"{""note"":""after digit#14""}",1,0.016664,60.008471,1
Sergio_G01_CNS-LLF5RV3D8,cpeeg02,ses05,20260827_123026,2026-08-27 12:30:58.568337,NaN,0,reading,POSTREAD_FIX14_OFF,229,2026-08-27 12:33:42.250210,163.639990,0.066904,,,,,,keyboard,after digit#14,"{""note"":""after digit#14"",""pd_used"":0}",1,0.016664,60.008471,1
Sergio_G01_CNS-LLF5RV3D8,cpeeg02,ses05,20260827_123026,2026-08-27 12:30:58.568337,NaN,0,reading,DIGIT_READ15_ON,115,2026-08-27 12:33:42.316979,163.706894,1.708000,,9,,,,keyboard,digit#15 shown,"{""value"":9,""note"":""digit#15 shown"",""pd_used"":1}",1,0.016664,60.008471,1
Sergio_G01_CNS-LLF5RV3D8,cpeeg02,ses05,20260827_123026,2026-08-27 12:30:58.568337,NaN,0,reading,PROBE_COUNT_OK_15,71,2026-08-27 12:33:44.734204,165.414894,0.808593,67.624687,slot#15,NaN,,,keyboard,probe_digit#15,"{""value"":""slot#15"",""entered"":null,""rt"":67.62468669982627,""note"":""probe_digit#15""}",1,0.016664,60.008471,1
Sergio_G01_CNS-LLF5RV3D8,cpeeg02,ses05,20260827_123026,2026-08-27 12:30:58.568337,NaN,0,reading,DIGIT_READ15_OFF,130,2026-08-27 12:33:44.833668,166.223487,0.000000,,9,,,,keyboard,digit#15 off,"{""value"":9,""note"":""digit#15 off"",""pd_used"":0}",1,0.016664,60.008471,1
Sergio_G01_CNS-LLF5RV3D8,cpeeg02,ses05,20260827_123026,2026-08-27 12:30:58.568337,NaN,0,reading,POSTREAD_FIX15_ON,215,2026-08-27 12:33:44.834451,166.223487,3.283391,,,,,,keyboard,after digit#15,"{""note"":""after digit#15""}",1,0.016664,60.008471,1
Sergio_G01_CNS-LLF5RV3D8,cpeeg02,ses05,20260827_123026,2026-08-27 12:30:58.568337,NaN,0,reading,POSTREAD_FIX15_OFF,230,2026-08-27 12:33:48.117329,169.506878,0.049986,,,,,,keyboard,after digit#15,"{""note"":""after digit#15"",""pd_used"":0}",1,0.016664,60.008471,1
Sergio_G01_CNS-LLF5RV3D8,cpeeg02,ses05,20260827_123026,2026-08-27 12:30:58.568337,NaN,0,reading,READING_END,24,2026-08-27 12:33:48.125395,169.556864,0.050111,,,,,,keyboard,,{},1,0.016664,60.008471,1
Sergio_G01_CNS-LLF5RV3D8,cpeeg02,ses05,20260827_123026,2026-08-27 12:30:58.568337,NaN,0,reading,START_PAGE_ON,4,2026-08-27 12:33:48.220306,169.606974,0.049745,,,,,,keyboard,,"{""pd_used"":0}",1,0.016664,60.008471,1
Sergio_G01_CNS-LLF5RV3D8,cpeeg02,ses05,20260827_123026,2026-08-27 12:30:58.568337,NaN,0,reading,START_PAGE_ON,4,2026-08-27 12:33:48.220306,169.606974,11.655478,,,,,,keyboard,,"{""pd_used"":0}",1,0.016664,60.008471,1
Sergio_G01_CNS-LLF5RV3D8,cpeeg02,ses05,20260827_123026,2026-08-27 12:30:58.568337,NaN,0,reading,START_PAGE_ON,4,2026-08-27 12:33:48.220306,169.606974,12.029792,,,,,,keyboard,,"{""pd_used"":0}",1,0.016664,60.008471,1
Sergio_G01_CNS-LLF5RV3D8,cpeeg02,ses05,20260827_123026,2026-08-27 12:30:58.568337,NaN,1,reading,TRIAL_CHANGE,22,2026-08-27 12:34:00.205351,181.636766,0.001130,,,,,,keyboard,trial transition,"{""note"":""trial transition""}",1,0.016664,60.008471,1
Sergio_G01_CNS-LLF5RV3D8,cpeeg02,ses05,20260827_123026,2026-08-27 12:30:58.568337,NaN,1,reading,TRIAL_START,20,2026-08-27 12:34:00.206174,181.637897,0.052214,,,,,,keyboard,,{},1,0.016664,60.008471,1
Sergio_G01_CNS-LLF5RV3D8,cpeeg02,ses05,20260827_123026,2026-08-27 12:30:58.568337,NaN,1,fix1,FIX1_ON,30,2026-08-27 12:34:00.307987,181.690111,3.200697,,,,,,keyboard,,"{""pd_used"":0}",1,0.016664,60.008471,1
Sergio_G01_CNS-LLF5RV3D8,cpeeg02,ses05,20260827_123026,2026-08-27 12:30:58.568337,NaN,1,fix1,FIX1_OFF,31,2026-08-27 12:34:03.501078,184.890808,0.049206,,,,,,keyboard,,"{""pd_used"":0}",1,0.016664,60.008471,1
Sergio_G01_CNS-LLF5RV3D8,cpeeg02,ses05,20260827_123026,2026-08-27 12:30:58.568337,NaN,1,digit,DIGIT1_ON,141,2026-08-27 12:34:03.552578,184.940014,0.550164,,6,,,,keyboard,digit#1 shown,"{""value"":6,""note"":""digit#1 shown"",""pd_used"":1}",1,0.016664,60.008471,1
Sergio_G01_CNS-LLF5RV3D8,cpeeg02,ses05,20260827_123026,2026-08-27 12:30:58.568337,NaN,1,digit,DIGIT1_OFF,146,2026-08-27 12:34:04.100380,185.490178,0.000000,,6,,,,keyboard,digit#1 off,"{""value"":6,""note"":""digit#1 off"",""pd_used"":0}",1,0.016664,60.008471,1
Sergio_G01_CNS-LLF5RV3D8,cpeeg02,ses05,20260827_123026,2026-08-27 12:30:58.568337,NaN,1,digit,POSTDIG_FIX1_ON,151,2026-08-27 12:34:04.101403,185.490178,1.550121,,,,,,keyboard,after digit#1,"{""note"":""after digit#1""}",1,0.016664,60.008471,1
Sergio_G01_CNS-LLF5RV3D8,cpeeg02,ses05,20260827_123026,2026-08-27 12:30:58.568337,NaN,1,digit,POSTDIG_FIX1_OFF,156,2026-08-27 12:34:05.650614,187.040299,0.049927,,,,,,keyboard,after digit#1,"{""note"":""after digit#1"",""pd_used"":0}",1,0.016664,60.008471,1
Sergio_G01_CNS-LLF5RV3D8,cpeeg02,ses05,20260827_123026,2026-08-27 12:30:58.568337,NaN,1,digit,DIGIT2_ON,142,2026-08-27 12:34:05.702167,187.090227,0.549953,,7,,,,keyboard,digit#2 shown,"{""value"":7,""note"":""digit#2 shown"",""pd_used"":1}",1,0.016664,60.008471,1
Sergio_G01_CNS-LLF5RV3D8,cpeeg02,ses05,20260827_123026,2026-08-27 12:30:58.568337,NaN,1,digit,DIGIT2_OFF,147,2026-08-27 12:34:06.250578,187.640179,0.000000,,7,,,,keyboard,digit#2 off,"{""value"":7,""note"":""digit#2 off"",""pd_used"":0}",1,0.016664,60.008471,1
Sergio_G01_CNS-LLF5RV3D8,cpeeg02,ses05,20260827_123026,2026-08-27 12:30:58.568337,NaN,1,digit,POSTDIG_FIX2_ON,152,2026-08-27 12:34:06.251414,187.640179,1.766714,,,,,,keyboard,after digit#2,"{""note"":""after digit#2""}",1,0.016664,60.008471,1
Sergio_G01_CNS-LLF5RV3D8,cpeeg02,ses05,20260827_123026,2026-08-27 12:30:58.568337,NaN,1,digit,POSTDIG_FIX2_OFF,157,2026-08-27 12:34:08.017583,189.406894,0.049987,,,,,,keyboard,after digit#2,"{""note"":""after digit#2"",""pd_used"":0}",1,0.016664,60.008471,1
Sergio_G01_CNS-LLF5RV3D8,cpeeg02,ses05,20260827_123026,2026-08-27 12:30:58.568337,NaN,1,digit,DIGIT3_ON,143,2026-08-27 12:34:08.069107,189.456881,0.550073,,7,,,,keyboard,digit#3 shown,"{""value"":7,""note"":""digit#3 shown"",""pd_used"":1}",1,0.016664,60.008471,1
Sergio_G01_CNS-LLF5RV3D8,cpeeg02,ses05,20260827_123026,2026-08-27 12:30:58.568337,NaN,1,digit,DIGIT3_OFF,148,2026-08-27 12:34:08.617122,190.006954,0.000000,,7,,,,keyboard,digit#3 off,"{""value"":7,""note"":""digit#3 off"",""pd_used"":0}",1,0.016664,60.008471,1
Sergio_G01_CNS-LLF5RV3D8,cpeeg02,ses05,20260827_123026,2026-08-27 12:30:58.568337,NaN,1,digit,POSTDIG_FIX3_ON,153,2026-08-27 12:34:08.617975,190.006954,1.816570,,,,,,keyboard,after digit#3,"{""note"":""after digit#3""}",1,0.016664,60.008471,1
Sergio_G01_CNS-LLF5RV3D8,cpeeg02,ses05,20260827_123026,2026-08-27 12:30:58.568337,NaN,1,digit,POSTDIG_FIX3_OFF,158,2026-08-27 12:34:10.433729,191.823523,0.049942,,,,,,keyboard,after digit#3,"{""note"":""after digit#3"",""pd_used"":0}",1,0.016664,60.008471,1
Sergio_G01_CNS-LLF5RV3D8,cpeeg02,ses05,20260827_123026,2026-08-27 12:30:58.568337,NaN,1,digit,DIGIT4_ON,144,2026-08-27 12:34:10.485222,191.873465,0.549941,,6,,,,keyboard,digit#4 shown,"{""value"":6,""note"":""digit#4 shown"",""pd_used"":1}",1,0.016664,60.008471,1
Sergio_G01_CNS-LLF5RV3D8,cpeeg02,ses05,20260827_123026,2026-08-27 12:30:58.568337,NaN,1,digit,DIGIT4_OFF,149,2026-08-27 12:34:11.033670,192.423407,0.000000,,6,,,,keyboard,digit#4 off,"{""value"":6,""note"":""digit#4 off"",""pd_used"":0}",1,0.016664,60.008471,1
Sergio_G01_CNS-LLF5RV3D8,cpeeg02,ses05,20260827_123026,2026-08-27 12:30:58.568337,NaN,1,digit,POSTDIG_FIX4_ON,154,2026-08-27 12:34:11.034685,192.423407,1.866798,,,,,,keyboard,after digit#4,"{""note"":""after digit#4""}",1,0.016664,60.008471,1
Sergio_G01_CNS-LLF5RV3D8,cpeeg02,ses05,20260827_123026,2026-08-27 12:30:58.568337,NaN,1,digit,POSTDIG_FIX4_OFF,159,2026-08-27 12:34:12.900657,194.290205,0.049937,,,,,,keyboard,after digit#4,"{""note"":""after digit#4"",""pd_used"":0}",1,0.016664,60.008471,1
Sergio_G01_CNS-LLF5RV3D8,cpeeg02,ses05,20260827_123026,2026-08-27 12:30:58.568337,NaN,1,digit,DIGIT5_ON,145,2026-08-27 12:34:12.952064,194.340142,0.550230,,2,,,,keyboard,digit#5 shown,"{""value"":2,""note"":""digit#5 shown"",""pd_used"":1}",1,0.016664,60.008471,1
Sergio_G01_CNS-LLF5RV3D8,cpeeg02,ses05,20260827_123026,2026-08-27 12:30:58.568337,NaN,1,digit,DIGIT5_OFF,150,2026-08-27 12:34:13.500612,194.890372,0.000000,,2,,,,keyboard,digit#5 off,"{""value"":2,""note"":""digit#5 off"",""pd_used"":0}",1,0.016664,60.008471,1
Sergio_G01_CNS-LLF5RV3D8,cpeeg02,ses05,20260827_123026,2026-08-27 12:30:58.568337,NaN,1,digit,POSTDIG_FIX5_ON,155,2026-08-27 12:34:13.501395,194.890372,3.266441,,,,,,keyboard,after digit#5,"{""note"":""after digit#5""}",1,0.016664,60.008471,1
Sergio_G01_CNS-LLF5RV3D8,cpeeg02,ses05,20260827_123026,2026-08-27 12:30:58.568337,NaN,1,digit,POSTDIG_FIX5_OFF,160,2026-08-27 12:34:16.767034,198.156813,0.050050,,,,,,keyboard,after digit#5,"{""note"":""after digit#5"",""pd_used"":0}",1,0.016664,60.008471,1
Sergio_G01_CNS-LLF5RV3D8,cpeeg02,ses05,20260827_123026,2026-08-27 12:30:58.568337,NaN,1,distractor,DISTRACTOR_ON,50,2026-08-27 12:34:16.818472,198.206863,5.950593,,4+9=16,,,,keyboard,,"{""value"":""4+9=16"",""isCorrectTruth"":false,""trueSum"":13,""pd_used"":1}",1,0.016664,60.008471,1
Sergio_G01_CNS-LLF5RV3D8,cpeeg02,ses05,20260827_123026,2026-08-27 12:30:58.568337,NaN,1,distractor,DISTRACTOR_ANS,51,2026-08-27 12:34:23.235226,204.157457,0.000000,5.950593,4+9=16,F,1,,keyboard,key= (False),"{""value"":""4+9=16"",""entered"":""F"",""rt"":5.9505934999324381,""correct"":1,""note"":""key= (False)"",""truth"":false,""trueSum"":13,""shownSum"":16,""a"":4,""b"":9}",1,0.016664,60.008471,1
Sergio_G01_CNS-LLF5RV3D8,cpeeg02,ses05,20260827_123026,2026-08-27 12:30:58.568337,NaN,1,distractor,ANS_CORRECT,100,2026-08-27 12:34:23.277983,204.157457,0.566164,,,,,,keyboard,,{},1,0.016664,60.008471,1
Sergio_G01_CNS-LLF5RV3D8,cpeeg02,ses05,20260827_123026,2026-08-27 12:30:58.568337,NaN,1,distractor,DISTRACTOR_OFF,52,2026-08-27 12:34:23.333739,204.723621,0.000000,,,,,,keyboard,,"{""pd_used"":0}",1,0.016664,60.008471,1
Sergio_G01_CNS-LLF5RV3D8,cpeeg02,ses05,20260827_123026,2026-08-27 12:30:58.568337,NaN,1,distractor,FIX2_ON,60,2026-08-27 12:34:23.334619,204.723621,3.266575,,,,,,keyboard,immediate after response,"{""note"":""immediate after response""}",1,0.016664,60.008471,1
Sergio_G01_CNS-LLF5RV3D8,cpeeg02,ses05,20260827_123026,2026-08-27 12:30:58.568337,NaN,1,fix2,FIX2_OFF,61,2026-08-27 12:34:26.600484,207.990196,0.049994,,,,,,keyboard,,"{""pd_used"":0}",1,0.016664,60.008471,1
Sergio_G01_CNS-LLF5RV3D8,cpeeg02,ses05,20260827_123026,2026-08-27 12:30:58.568337,NaN,1,probe,DIGIT_RECALL_LINE_1,161,2026-08-27 12:34:26.651991,208.040190,1.563076,,1,,,,keyboard,first recall question,"{""value"":1,""note"":""first recall question"",""pd_used"":1}",1,0.016664,60.008471,1
Sergio_G01_CNS-LLF5RV3D8,cpeeg02,ses05,20260827_123026,2026-08-27 12:30:58.568337,NaN,1,probe,PROBE_DIGIT_OK_1,71,2026-08-27 12:34:28.674160,209.603266,0.603687,1.570173,slot#1,NaN,,,keyboard,probe_digit#1,"{""value"":""slot#1"",""entered"":null,""rt"":1.5701729999855161,""note"":""probe_digit#1""}",1,0.016664,60.008471,1
Sergio_G01_CNS-LLF5RV3D8,cpeeg02,ses05,20260827_123026,2026-08-27 12:30:58.568337,NaN,1,probe,DIGIT1_OFF,146,2026-08-27 12:34:28.817063,210.206953,0.000000,,2,,,,keyboard,digit#1 off,"{""value"":2,""note"":""digit#1 off"",""pd_used"":0}",1,0.016664,60.008471,1
Sergio_G01_CNS-LLF5RV3D8,cpeeg02,ses05,20260827_123026,2026-08-27 12:30:58.568337,NaN,1,probe,POSTDIG_FIX1_ON,151,2026-08-27 12:34:28.818090,210.206953,1.599946,,,,,,keyboard,after digit#1,"{""note"":""after digit#1""}",1,0.016664,60.008471,1
Sergio_G01_CNS-LLF5RV3D8,cpeeg02,ses05,20260827_123026,2026-08-27 12:30:58.568337,NaN,1,probe,POSTDIG_FIX1_OFF,156,2026-08-27 12:34:30.417299,211.806899,0.067070,,,,,,keyboard,after digit#1,"{""note"":""after digit#1"",""pd_used"":0}",1,0.016664,60.008471,1
Sergio_G01_CNS-LLF5RV3D8,cpeeg02,ses05,20260827_123026,2026-08-27 12:30:58.568337,NaN,1,probe,DIGIT_RECALL_LINE_2,162,2026-08-27 12:34:30.484142,211.873968,0.859899,,2,,,,keyboard,next recall question,"{""value"":2,""note"":""next recall question"",""pd_used"":1}",1,0.016664,60.008471,1
Sergio_G01_CNS-LLF5RV3D8,cpeeg02,ses05,20260827_123026,2026-08-27 12:30:58.568337,NaN,1,probe,PROBE_DIGIT_OK_2,71,2026-08-27 12:34:32.036127,212.733867,0.839805,4.700774,slot#2,NaN,,,keyboard,probe_digit#2,"{""value"":""slot#2"",""entered"":null,""rt"":4.7007741001434624,""note"":""probe_digit#2""}",1,0.016664,60.008471,1
Sergio_G01_CNS-LLF5RV3D8,cpeeg02,ses05,20260827_123026,2026-08-27 12:30:58.568337,NaN,1,probe,DIGIT2_OFF,147,2026-08-27 12:34:32.183907,213.573673,0.000000,,2,,,,keyboard,digit#2 off,"{""value"":2,""note"":""digit#2 off"",""pd_used"":0}",1,0.016664,60.008471,1
Sergio_G01_CNS-LLF5RV3D8,cpeeg02,ses05,20260827_123026,2026-08-27 12:30:58.568337,NaN,1,probe,POSTDIG_FIX2_ON,152,2026-08-27 12:34:32.184751,213.573673,1.900021,,,,,,keyboard,after digit#2,"{""note"":""after digit#2""}",1,0.016664,60.008471,1
Sergio_G01_CNS-LLF5RV3D8,cpeeg02,ses05,20260827_123026,2026-08-27 12:30:58.568337,NaN,1,probe,POSTDIG_FIX2_OFF,157,2026-08-27 12:34:34.084001,215.473694,0.066953,,,,,,keyboard,after digit#2,"{""note"":""after digit#2"",""pd_used"":0}",1,0.016664,60.008471,1
Sergio_G01_CNS-LLF5RV3D8,cpeeg02,ses05,20260827_123026,2026-08-27 12:30:58.568337,NaN,1,probe,DIGIT_RECALL_LINE_3,163,2026-08-27 12:34:34.150833,215.540647,2.412246,,3,,,,keyboard,next recall question,"{""value"":3,""note"":""next recall question"",""pd_used"":1}",1,0.016664,60.008471,1
Sergio_G01_CNS-LLF5RV3D8,cpeeg02,ses05,20260827_123026,2026-08-27 12:30:58.568337,NaN,1,probe,PROBE_DIGIT_OK_3,71,2026-08-27 12:34:37.024298,217.952892,0.620780,9.919799,slot#3,NaN,,,keyboard,probe_digit#3,"{""value"":""slot#3"",""entered"":null,""rt"":9.9197991001419723,""note"":""probe_digit#3""}",1,0.016664,60.008471,1
Sergio_G01_CNS-LLF5RV3D8,cpeeg02,ses05,20260827_123026,2026-08-27 12:30:58.568337,NaN,1,probe,DIGIT3_OFF,148,2026-08-27 12:34:37.183914,218.573673,0.000000,,2,,,,keyboard,digit#3 off,"{""value"":2,""note"":""digit#3 off"",""pd_used"":0}",1,0.016664,60.008471,1
Sergio_G01_CNS-LLF5RV3D8,cpeeg02,ses05,20260827_123026,2026-08-27 12:30:58.568337,NaN,1,probe,POSTDIG_FIX3_ON,153,2026-08-27 12:34:37.184721,218.573673,1.899963,,,,,,keyboard,after digit#3,"{""note"":""after digit#3""}",1,0.016664,60.008471,1
Sergio_G01_CNS-LLF5RV3D8,cpeeg02,ses05,20260827_123026,2026-08-27 12:30:58.568337,NaN,1,probe,POSTDIG_FIX3_OFF,158,2026-08-27 12:34:39.083956,220.473636,0.066835,,,,,,keyboard,after digit#3,"{""note"":""after digit#3"",""pd_used"":0}",1,0.016664,60.008471,1
Sergio_G01_CNS-LLF5RV3D8,cpeeg02,ses05,20260827_123026,2026-08-27 12:30:58.568337,NaN,1,probe,DIGIT_RECALL_LINE_4,164,2026-08-27 12:34:39.150564,220.540471,0.904283,,4,,,,keyboard,next recall question,"{""value"":4,""note"":""next recall question"",""pd_used"":1}",1,0.016664,60.008471,1
Sergio_G01_CNS-LLF5RV3D8,cpeeg02,ses05,20260827_123026,2026-08-27 12:30:58.568337,NaN,1,probe,PROBE_DIGIT_OK_4,71,2026-08-27 12:34:40.714722,221.444754,0.812314,13.411661,slot#4,NaN,,,keyboard,probe_digit#4,"{""value"":""slot#4"",""entered"":null,""rt"":13.411660899873823,""note"":""probe_digit#4""}",1,0.016664,60.008471,1
Sergio_G01_CNS-LLF5RV3D8,cpeeg02,ses05,20260827_123026,2026-08-27 12:30:58.568337,NaN,1,probe,DIGIT4_OFF,149,2026-08-27 12:34:40.867262,222.257069,0.000000,,2,,,,keyboard,digit#4 off,"{""value"":2,""note"":""digit#4 off"",""pd_used"":0}",1,0.016664,60.008471,1
Sergio_G01_CNS-LLF5RV3D8,cpeeg02,ses05,20260827_123026,2026-08-27 12:30:58.568337,NaN,1,probe,POSTDIG_FIX4_ON,154,2026-08-27 12:34:40.868086,222.257069,1.966444,,,,,,keyboard,after digit#4,"{""note"":""after digit#4""}",1,0.016664,60.008471,1
Sergio_G01_CNS-LLF5RV3D8,cpeeg02,ses05,20260827_123026,2026-08-27 12:30:58.568337,NaN,1,probe,POSTDIG_FIX4_OFF,159,2026-08-27 12:34:42.833862,224.223512,0.067037,,,,,,keyboard,after digit#4,"{""note"":""after digit#4"",""pd_used"":0}",1,0.016664,60.008471,1
Sergio_G01_CNS-LLF5RV3D8,cpeeg02,ses05,20260827_123026,2026-08-27 12:30:58.568337,NaN,1,probe,DIGIT_RECALL_LINE_5,165,2026-08-27 12:34:42.900766,224.290550,3.183242,,5,,,,keyboard,next recall question,"{""value"":5,""note"":""next recall question"",""pd_used"":1}",1,0.016664,60.008471,1
Sergio_G01_CNS-LLF5RV3D8,cpeeg02,ses05,20260827_123026,2026-08-27 12:30:58.568337,NaN,1,probe,PROBE_DIGIT_OK_5,71,2026-08-27 12:34:46.661773,227.473792,0.733217,19.440698,slot#5,NaN,,,keyboard,probe_digit#5,"{""value"":""slot#5"",""entered"":null,""rt"":19.440698499791324,""note"":""probe_digit#5""}",1,0.016664,60.008471,1
Sergio_G01_CNS-LLF5RV3D8,cpeeg02,ses05,20260827_123026,2026-08-27 12:30:58.568337,NaN,1,probe,DIGIT5_OFF,150,2026-08-27 12:34:46.817178,228.207009,0.000000,,2,,,,keyboard,digit#5 off,"{""value"":2,""note"":""digit#5 off"",""pd_used"":0}",1,0.016664,60.008471,1
Sergio_G01_CNS-LLF5RV3D8,cpeeg02,ses05,20260827_123026,2026-08-27 12:30:58.568337,NaN,1,probe,POSTDIG_FIX5_ON,155,2026-08-27 12:34:46.818005,228.207009,3.333328,,,,,,keyboard,after digit#5,"{""note"":""after digit#5""}",1,0.016664,60.008471,1
Sergio_G01_CNS-LLF5RV3D8,cpeeg02,ses05,20260827_123026,2026-08-27 12:30:58.568337,NaN,1,probe,POSTDIG_FIX5_OFF,160,2026-08-27 12:34:50.150774,231.540337,0.050168,,,,,,keyboard,after digit#5,"{""note"":""after digit#5"",""pd_used"":0}",1,0.016664,60.008471,1
Sergio_G01_CNS-LLF5RV3D8,cpeeg02,ses05,20260827_123026,2026-08-27 12:30:58.568337,NaN,1,probe,PROBE_DONE,73,2026-08-27 12:34:50.158965,231.590505,0.000948,,,,,,keyboard,probe complete,"{""value"":"""",""note"":""probe complete""}",1,0.016664,60.008471,1
Sergio_G01_CNS-LLF5RV3D8,cpeeg02,ses05,20260827_123026,2026-08-27 12:30:58.568337,NaN,1,probe,TRIAL_END,21,2026-08-27 12:34:50.159715,231.591454,0.119315,,,,,,keyboard,,{},1,0.016664,60.008471,1
Sergio_G01_CNS-LLF5RV3D8,cpeeg02,ses05,20260827_123026,2026-08-27 12:30:58.568337,NaN,2,probe,TRIAL_CHANGE,22,2026-08-27 12:34:50.279320,231.710769,0.001339,,,,,,keyboard,trial transition,"{""note"":""trial transition""}",1,0.016664,60.008471,1
Sergio_G01_CNS-LLF5RV3D8,cpeeg02,ses05,20260827_123026,2026-08-27 12:30:58.568337,NaN,2,probe,TRIAL_START,20,2026-08-27 12:34:50.280537,231.712108,0.061525,,,,,,keyboard,,{},1,0.016664,60.008471,1
Sergio_G01_CNS-LLF5RV3D8,cpeeg02,ses05,20260827_123026,2026-08-27 12:30:58.568337,NaN,2,fix1,FIX1_ON,30,2026-08-27 12:34:50.383916,231.773633,3.400139,,,,,,keyboard,,"{""pd_used"":0}",1,0.016664,60.008471,1
Sergio_G01_CNS-LLF5RV3D8,cpeeg02,ses05,20260827_123026,2026-08-27 12:30:58.568337,NaN,2,fix1,FIX1_OFF,31,2026-08-27 12:34:53.784159,235.173772,0.049777,,,,,,keyboard,,"{""pd_used"":0}",1,0.016664,60.008471,1
Sergio_G01_CNS-LLF5RV3D8,cpeeg02,ses05,20260827_123026,2026-08-27 12:30:58.568337,NaN,2,digit,DIGIT1_ON,141,2026-08-27 12:34:53.835594,235.223549,0.550204,,6,,,,keyboard,digit#1 shown,"{""value"":6,""note"":""digit#1 shown"",""pd_used"":1}",1,0.016664,60.008471,1
Sergio_G01_CNS-LLF5RV3D8,cpeeg02,ses05,20260827_123026,2026-08-27 12:30:58.568337,NaN,2,digit,DIGIT1_OFF,146,2026-08-27 12:34:54.383957,235.773753,0.000000,,6,,,,keyboard,digit#1 off,"{""value"":6,""note"":""digit#1 off"",""pd_used"":0}",1,0.016664,60.008471,1
Sergio_G01_CNS-LLF5RV3D8,cpeeg02,ses05,20260827_123026,2026-08-27 12:30:58.568337,NaN,2,digit,POSTDIG_FIX1_ON,151,2026-08-27 12:34:54.384770,235.773753,1.850130,,,,,,keyboard,after digit#1,"{""note"":""after digit#1""}",1,0.016664,60.008471,1
Sergio_G01_CNS-LLF5RV3D8,cpeeg02,ses05,20260827_123026,2026-08-27 12:30:58.568337,NaN,2,digit,POSTDIG_FIX1_OFF,156,2026-08-27 12:34:56.234259,237.623884,0.049706,,,,,,keyboard,after digit#1,"{""note"":""after digit#1"",""pd_used"":0}",1,0.016664,60.008471,1
Sergio_G01_CNS-LLF5RV3D8,cpeeg02,ses05,20260827_123026,2026-08-27 12:30:58.568337,NaN,2,digit,DIGIT2_ON,142,2026-08-27 12:34:56.285835,237.673590,0.550134,,8,,,,keyboard,digit#2 shown,"{""value"":8,""note"":""digit#2 shown"",""pd_used"":1}",1,0.016664,60.008471,1
Sergio_G01_CNS-LLF5RV3D8,cpeeg02,ses05,20260827_123026,2026-08-27 12:30:58.568337,NaN,2,digit,DIGIT2_OFF,147,2026-08-27 12:34:56.833887,238.223724,0.000000,,8,,,,keyboard,digit#2 off,"{""value"":8,""note"":""digit#2 off"",""pd_used"":0}",1,0.016664,60.008471,1
Sergio_G01_CNS-LLF5RV3D8,cpeeg02,ses05,20260827_123026,2026-08-27 12:30:58.568337,NaN,2,digit,POSTDIG_FIX2_ON,152,2026-08-27 12:34:56.834734,238.223724,1.949966,,,,,,keyboard,after digit#2,"{""note"":""after digit#2""}",1,0.016664,60.008471,1
Sergio_G01_CNS-LLF5RV3D8,cpeeg02,ses05,20260827_123026,2026-08-27 12:30:58.568337,NaN,2,digit,POSTDIG_FIX2_OFF,157,2026-08-27 12:34:58.783858,240.173690,0.049883,,,,,,keyboard,after digit#2,"{""note"":""after digit#2"",""pd_used"":0}",1,0.016664,60.008471,1
Sergio_G01_CNS-LLF5RV3D8,cpeeg02,ses05,20260827_123026,2026-08-27 12:30:58.568337,NaN,2,digit,DIGIT3_ON,143,2026-08-27 12:34:58.835445,240.223573,0.550165,,4,,,,keyboard,digit#3 shown,"{""value"":4,""note"":""digit#3 shown"",""pd_used"":1}",1,0.016664,60.008471,1
Sergio_G01_CNS-LLF5RV3D8,cpeeg02,ses05,20260827_123026,2026-08-27 12:30:58.568337,NaN,2,digit,DIGIT3_OFF,148,2026-08-27 12:34:59.384090,240.773738,0.000000,,4,,,,keyboard,digit#3 off,"{""value"":4,""note"":""digit#3 off"",""pd_used"":0}",1,0.016664,60.008471,1
Sergio_G01_CNS-LLF5RV3D8,cpeeg02,ses05,20260827_123026,2026-08-27 12:30:58.568337,NaN,2,digit,POSTDIG_FIX3_ON,153,2026-08-27 12:34:59.384876,240.773738,1.850028,,,,,,keyboard,after digit#3,"{""note"":""after digit#3""}",1,0.016664,60.008471,1
Sergio_G01_CNS-LLF5RV3D8,cpeeg02,ses05,20260827_123026,2026-08-27 12:30:58.568337,NaN,2,digit,POSTDIG_FIX3_OFF,158,2026-08-27 12:35:01.234306,242.623765,0.049896,,,,,,keyboard,after digit#3,"{""note"":""after digit#3"",""pd_used"":0}",1,0.016664,60.008471,1
Sergio_G01_CNS-LLF5RV3D8,cpeeg02,ses05,20260827_123026,2026-08-27 12:30:58.568337,NaN,2,digit,DIGIT4_ON,144,2026-08-27 12:35:01.285759,242.673661,0.550112,,0,,,,keyboard,digit#4 shown,"{""value"":0,""note"":""digit#4 shown"",""pd_used"":1}",1,0.016664,60.008471,1
Sergio_G01_CNS-LLF5RV3D8,cpeeg02,ses05,20260827_123026,2026-08-27 12:30:58.568337,NaN,2,digit,DIGIT4_OFF,149,2026-08-27 12:35:01.834197,243.223773,0.000000,,0,,,,keyboard,digit#4 off,"{""value"":0,""note"":""digit#4 off"",""pd_used"":0}",1,0.016664,60.008471,1
Sergio_G01_CNS-LLF5RV3D8,cpeeg02,ses05,20260827_123026,2026-08-27 12:30:58.568337,NaN,2,digit,POSTDIG_FIX4_ON,154,2026-08-27 12:35:01.834993,243.223773,1.833341,,,,,,keyboard,after digit#4,"{""note"":""after digit#4""}",1,0.016664,60.008471,1
Sergio_G01_CNS-LLF5RV3D8,cpeeg02,ses05,20260827_123026,2026-08-27 12:30:58.568337,NaN,2,digit,POSTDIG_FIX4_OFF,159,2026-08-27 12:35:03.667320,245.057114,0.049887,,,,,,keyboard,after digit#4,"{""note"":""after digit#4"",""pd_used"":0}",1,0.016664,60.008471,1
Sergio_G01_CNS-LLF5RV3D8,cpeeg02,ses05,20260827_123026,2026-08-27 12:30:58.568337,NaN,2,digit,DIGIT5_ON,145,2026-08-27 12:35:03.718814,245.107001,0.550102,,2,,,,keyboard,digit#5 shown,"{""value"":2,""note"":""digit#5 shown"",""pd_used"":1}",1,0.016664,60.008471,1
Sergio_G01_CNS-LLF5RV3D8,cpeeg02,ses05,20260827_123026,2026-08-27 12:30:58.568337,NaN,2,digit,DIGIT5_OFF,150,2026-08-27 12:35:04.267329,245.657103,0.000000,,2,,,,keyboard,digit#5 off,"{""value"":2,""note"":""digit#5 off"",""pd_used"":0}",1,0.016664,60.008471,1
Sergio_G01_CNS-LLF5RV3D8,cpeeg02,ses05,20260827_123026,2026-08-27 12:30:58.568337,NaN,2,digit,POSTDIG_FIX5_ON,155,2026-08-27 12:35:04.268114,245.657103,3.216788,,,,,,keyboard,after digit#5,"{""note"":""after digit#5""}",1,0.016664,60.008471,1
Sergio_G01_CNS-LLF5RV3D8,cpeeg02,ses05,20260827_123026,2026-08-27 12:30:58.568337,NaN,2,digit,POSTDIG_FIX5_OFF,160,2026-08-27 12:35:07.484251,248.873891,0.049789,,,,,,keyboard,after digit#5,"{""note"":""after digit#5"",""pd_used"":0}",1,0.016664,60.008471,1
Sergio_G01_CNS-LLF5RV3D8,cpeeg02,ses05,20260827_123026,2026-08-27 12:30:58.568337,NaN,2,distractor,DISTRACTOR_ON,50,2026-08-27 12:35:07.535803,248.923679,4.216592,,3+2=2,,,,keyboard,,"{""value"":""3+2=2"",""isCorrectTruth"":false,""trueSum"":5,""pd_used"":1}",1,0.016664,60.008471,1
Sergio_G01_CNS-LLF5RV3D8,cpeeg02,ses05,20260827_123026,2026-08-27 12:30:58.568337,NaN,2,distractor,DISTRACTOR_ANS,51,2026-08-27 12:35:12.366884,253.140271,0.000000,4.216592,3+2=2,F,1,,keyboard,key= (False),"{""value"":""3+2=2"",""entered"":""F"",""rt"":4.2165918000973761,""correct"":1,""note"":""key= (False)"",""truth"":false,""trueSum"":5,""shownSum"":2,""a"":3,""b"":2}",1,0.016664,60.008471,1
Sergio_G01_CNS-LLF5RV3D8,cpeeg02,ses05,20260827_123026,2026-08-27 12:30:58.568337,NaN,2,distractor,ANS_CORRECT,100,2026-08-27 12:35:12.409395,253.140271,0.716944,,,,,,keyboard,,{},1,0.016664,60.008471,1
Sergio_G01_CNS-LLF5RV3D8,cpeeg02,ses05,20260827_123026,2026-08-27 12:30:58.568337,NaN,2,distractor,DISTRACTOR_OFF,52,2026-08-27 12:35:12.467722,253.857215,0.000000,,,,,,keyboard,,"{""pd_used"":0}",1,0.016664,60.008471,1
Sergio_G01_CNS-LLF5RV3D8,cpeeg02,ses05,20260827_123026,2026-08-27 12:30:58.568337,NaN,2,distractor,FIX2_ON,60,2026-08-27 12:35:12.468629,253.857215,3.266733,,,,,,keyboard,immediate after response,"{""note"":""immediate after response""}",1,0.016664,60.008471,1
Sergio_G01_CNS-LLF5RV3D8,cpeeg02,ses05,20260827_123026,2026-08-27 12:30:58.568337,NaN,2,fix2,FIX2_OFF,61,2026-08-27 12:35:15.734163,257.123947,0.049778,,,,,,keyboard,,"{""pd_used"":0}",1,0.016664,60.008471,1
Sergio_G01_CNS-LLF5RV3D8,cpeeg02,ses05,20260827_123026,2026-08-27 12:30:58.568337,NaN,2,probe,DIGIT_RECALL_LINE_1,161,2026-08-27 12:35:15.785515,257.173725,3.636487,,1,,,,keyboard,first recall question,"{""value"":1,""note"":""first recall question"",""pd_used"":1}",1,0.016664,60.008471,1
Sergio_G01_CNS-LLF5RV3D8,cpeeg02,ses05,20260827_123026,2026-08-27 12:30:58.568337,NaN,2,probe,PROBE_DIGIT_OK_1,71,2026-08-27 12:35:19.865512,260.810212,0.597067,3.643322,slot#1,NaN,,,keyboard,probe_digit#1,"{""value"":""slot#1"",""entered"":null,""rt"":3.6433215998113155,""note"":""probe_digit#1""}",1,0.016664,60.008471,1
Sergio_G01_CNS-LLF5RV3D8,cpeeg02,ses05,20260827_123026,2026-08-27 12:30:58.568337,NaN,2,probe,DIGIT1_OFF,146,2026-08-27 12:35:20.017561,261.407279,0.000000,,2,,,,keyboard,digit#1 off,"{""value"":2,""note"":""digit#1 off"",""pd_used"":0}",1,0.016664,60.008471,1
Sergio_G01_CNS-LLF5RV3D8,cpeeg02,ses05,20260827_123026,2026-08-27 12:30:58.568337,NaN,2,probe,POSTDIG_FIX1_ON,151,2026-08-27 12:35:20.018365,261.407279,1.850285,,,,,,keyboard,after digit#1,"{""note"":""after digit#1""}",1,0.016664,60.008471,1
Sergio_G01_CNS-LLF5RV3D8,cpeeg02,ses05,20260827_123026,2026-08-27 12:30:58.568337,NaN,2,probe,POSTDIG_FIX1_OFF,156,2026-08-27 12:35:21.867914,263.257564,0.066673,,,,,,keyboard,after digit#1,"{""note"":""after digit#1"",""pd_used"":0}",1,0.016664,60.008471,1
Sergio_G01_CNS-LLF5RV3D8,cpeeg02,ses05,20260827_123026,2026-08-27 12:30:58.568337,NaN,2,probe,DIGIT_RECALL_LINE_2,162,2026-08-27 12:35:21.934328,263.324237,9.032172,,2,,,,keyboard,next recall question,"{""value"":2,""note"":""next recall question"",""pd_used"":1}",1,0.016664,60.008471,1
Sergio_G01_CNS-LLF5RV3D8,cpeeg02,ses05,20260827_123026,2026-08-27 12:30:58.568337,NaN,2,probe,PROBE_DIGIT_OK_2,71,2026-08-27 12:35:31.610049,272.356409,0.784812,15.189519,slot#2,NaN,,,keyboard,probe_digit#2,"{""value"":""slot#2"",""entered"":null,""rt"":15.189518500119448,""note"":""probe_digit#2""}",1,0.016664,60.008471,1
Sergio_G01_CNS-LLF5RV3D8,cpeeg02,ses05,20260827_123026,2026-08-27 12:30:58.568337,NaN,2,probe,DIGIT2_OFF,147,2026-08-27 12:35:31.751510,273.141222,0.000000,,2,,,,keyboard,digit#2 off,"{""value"":2,""note"":""digit#2 off"",""pd_used"":0}",1,0.016664,60.008471,1
Sergio_G01_CNS-LLF5RV3D8,cpeeg02,ses05,20260827_123026,2026-08-27 12:30:58.568337,NaN,2,probe,POSTDIG_FIX2_ON,152,2026-08-27 12:35:31.752299,273.141222,1.616188,,,,,,keyboard,after digit#2,"{""note"":""after digit#2""}",1,0.016664,60.008471,1
Sergio_G01_CNS-LLF5RV3D8,cpeeg02,ses05,20260827_123026,2026-08-27 12:30:58.568337,NaN,2,probe,POSTDIG_FIX2_OFF,157,2026-08-27 12:35:33.367954,274.757410,0.066790,,,,,,keyboard,after digit#2,"{""note"":""after digit#2"",""pd_used"":0}",1,0.016664,60.008471,1
Sergio_G01_CNS-LLF5RV3D8,cpeeg02,ses05,20260827_123026,2026-08-27 12:30:58.568337,NaN,2,probe,DIGIT_RECALL_LINE_3,163,2026-08-27 12:35:33.434358,274.824200,8.685685,,3,,,,keyboard,next recall question,"{""value"":3,""note"":""next recall question"",""pd_used"":1}",1,0.016664,60.008471,1
Sergio_G01_CNS-LLF5RV3D8,cpeeg02,ses05,20260827_123026,2026-08-27 12:30:58.568337,NaN,2,probe,PROBE_DIGIT_OK_3,71,2026-08-27 12:35:42.759148,283.509885,0.780772,26.342994,slot#3,NaN,,,keyboard,probe_digit#3,"{""value"":""slot#3"",""entered"":null,""rt"":26.342993999831378,""note"":""probe_digit#3""}",1,0.016664,60.008471,1
Sergio_G01_CNS-LLF5RV3D8,cpeeg02,ses05,20260827_123026,2026-08-27 12:30:58.568337,NaN,2,probe,DIGIT3_OFF,148,2026-08-27 12:35:42.901009,284.290657,0.000000,,2,,,,keyboard,digit#3 off,"{""value"":2,""note"":""digit#3 off"",""pd_used"":0}",1,0.016664,60.008471,1
Sergio_G01_CNS-LLF5RV3D8,cpeeg02,ses05,20260827_123026,2026-08-27 12:30:58.568337,NaN,2,probe,POSTDIG_FIX3_ON,153,2026-08-27 12:35:42.901798,284.290657,1.900050,,,,,,keyboard,after digit#3,"{""note"":""after digit#3""}",1,0.016664,60.008471,1
Sergio_G01_CNS-LLF5RV3D8,cpeeg02,ses05,20260827_123026,2026-08-27 12:30:58.568337,NaN,2,probe,POSTDIG_FIX3_OFF,158,2026-08-27 12:35:44.801181,286.190707,0.066999,,,,,,keyboard,after digit#3,"{""note"":""after digit#3"",""pd_used"":0}",1,0.016664,60.008471,1
Sergio_G01_CNS-LLF5RV3D8,cpeeg02,ses05,20260827_123026,2026-08-27 12:30:58.568337,NaN,2,probe,DIGIT_RECALL_LINE_4,164,2026-08-27 12:35:44.868616,286.257705,1.966348,,4,,,,keyboard,next recall question,"{""value"":4,""note"":""next recall question"",""pd_used"":1}",1,0.016664,60.008471,1
Sergio_G01_CNS-LLF5RV3D8,cpeeg02,ses05,20260827_123026,2026-08-27 12:30:58.568337,NaN,2,probe,PROBE_DIGIT_OK_4,71,2026-08-27 12:35:47.287567,288.224053,0.599939,31.057162,slot#4,NaN,,,keyboard,probe_digit#4,"{""value"":""slot#4"",""entered"":null,""rt"":31.05716220010072,""note"":""probe_digit#4""}",1,0.016664,60.008471,1
Sergio_G01_CNS-LLF5RV3D8,cpeeg02,ses05,20260827_123026,2026-08-27 12:30:58.568337,NaN,2,probe,DIGIT4_OFF,149,2026-08-27 12:35:47.434381,288.823992,0.000000,,2,,,,keyboard,digit#4 off,"{""value"":2,""note"":""digit#4 off"",""pd_used"":0}",1,0.016664,60.008471,1
Sergio_G01_CNS-LLF5RV3D8,cpeeg02,ses05,20260827_123026,2026-08-27 12:30:58.568337,NaN,2,probe,POSTDIG_FIX4_ON,154,2026-08-27 12:35:47.435171,288.823992,1.800173,,,,,,keyboard,after digit#4,"{""note"":""after digit#4""}",1,0.016664,60.008471,1
Sergio_G01_CNS-LLF5RV3D8,cpeeg02,ses05,20260827_123026,2026-08-27 12:30:58.568337,NaN,2,probe,POSTDIG_FIX4_OFF,159,2026-08-27 12:35:49.234530,290.624164,0.066620,,,,,,keyboard,after digit#4,"{""note"":""after digit#4"",""pd_used"":0}",1,0.016664,60.008471,1
Sergio_G01_CNS-LLF5RV3D8,cpeeg02,ses05,20260827_123026,2026-08-27 12:30:58.568337,NaN,2,probe,DIGIT_RECALL_LINE_5,165,2026-08-27 12:35:49.300836,290.690784,3.172018,,5,,,,keyboard,next recall question,"{""value"":5,""note"":""next recall question"",""pd_used"":1}",1,0.016664,60.008471,1
Sergio_G01_CNS-LLF5RV3D8,cpeeg02,ses05,20260827_123026,2026-08-27 12:30:58.568337,NaN,2,probe,PROBE_DIGIT_OK_5,71,2026-08-27 12:35:53.096635,293.862802,0.777854,36.695912,slot#5,NaN,,,keyboard,probe_digit#5,"{""value"":""slot#5"",""entered"":null,""rt"":36.695911599788815,""note"":""probe_digit#5""}",1,0.016664,60.008471,1
Sergio_G01_CNS-LLF5RV3D8,cpeeg02,ses05,20260827_123026,2026-08-27 12:30:58.568337,NaN,2,probe,DIGIT5_OFF,150,2026-08-27 12:35:53.251004,294.640657,0.000000,,2,,,,keyboard,digit#5 off,"{""value"":2,""note"":""digit#5 off"",""pd_used"":0}",1,0.016664,60.008471,1
Sergio_G01_CNS-LLF5RV3D8,cpeeg02,ses05,20260827_123026,2026-08-27 12:30:58.568337,NaN,2,probe,POSTDIG_FIX5_ON,155,2026-08-27 12:35:53.251780,294.640657,3.099985,,,,,,keyboard,after digit#5,"{""note"":""after digit#5""}",1,0.016664,60.008471,1
Sergio_G01_CNS-LLF5RV3D8,cpeeg02,ses05,20260827_123026,2026-08-27 12:30:58.568337,NaN,2,probe,POSTDIG_FIX5_OFF,160,2026-08-27 12:35:56.350957,297.740641,0.051735,,,,,,keyboard,after digit#5,"{""note"":""after digit#5"",""pd_used"":0}",1,0.016664,60.008471,1
Sergio_G01_CNS-LLF5RV3D8,cpeeg02,ses05,20260827_123026,2026-08-27 12:30:58.568337,NaN,2,probe,PROBE_DONE,73,2026-08-27 12:35:56.360958,297.792376,0.001113,,,,,,keyboard,probe complete,"{""value"":"""",""note"":""probe complete""}",1,0.016664,60.008471,1
Sergio_G01_CNS-LLF5RV3D8,cpeeg02,ses05,20260827_123026,2026-08-27 12:30:58.568337,NaN,2,probe,TRIAL_END,21,2026-08-27 12:35:56.361781,297.793490,0.102438,,,,,,keyboard,,{},1,0.016664,60.008471,1
Sergio_G01_CNS-LLF5RV3D8,cpeeg02,ses05,20260827_123026,2026-08-27 12:30:58.568337,NaN,3,probe,TRIAL_CHANGE,22,2026-08-27 12:35:56.464498,297.895927,0.001109,,,,,,keyboard,trial transition,"{""note"":""trial transition""}",1,0.016664,60.008471,1
Sergio_G01_CNS-LLF5RV3D8,cpeeg02,ses05,20260827_123026,2026-08-27 12:30:58.568337,NaN,3,probe,TRIAL_START,20,2026-08-27 12:35:56.465303,297.897036,0.044161,,,,,,keyboard,,{},1,0.016664,60.008471,1
Sergio_G01_CNS-LLF5RV3D8,cpeeg02,ses05,20260827_123026,2026-08-27 12:30:58.568337,NaN,3,fix1,FIX1_ON,30,2026-08-27 12:35:56.559603,297.941197,3.466059,,,,,,keyboard,,"{""pd_used"":0}",1,0.016664,60.008471,1
Sergio_G01_CNS-LLF5RV3D8,cpeeg02,ses05,20260827_123026,2026-08-27 12:30:58.568337,NaN,3,fix1,FIX1_OFF,31,2026-08-27 12:36:00.017631,301.407256,0.049920,,,,,,keyboard,,"{""pd_used"":0}",1,0.016664,60.008471,1
Sergio_G01_CNS-LLF5RV3D8,cpeeg02,ses05,20260827_123026,2026-08-27 12:30:58.568337,NaN,3,digit,DIGIT1_ON,141,2026-08-27 12:36:00.069458,301.457176,0.550205,,3,,,,keyboard,digit#1 shown,"{""value"":3,""note"":""digit#1 shown"",""pd_used"":1}",1,0.016664,60.008471,1
Sergio_G01_CNS-LLF5RV3D8,cpeeg02,ses05,20260827_123026,2026-08-27 12:30:58.568337,NaN,3,digit,DIGIT1_OFF,146,2026-08-27 12:36:00.617700,302.007382,0.000000,,3,,,,keyboard,digit#1 off,"{""value"":3,""note"":""digit#1 off"",""pd_used"":0}",1,0.016664,60.008471,1
Sergio_G01_CNS-LLF5RV3D8,cpeeg02,ses05,20260827_123026,2026-08-27 12:30:58.568337,NaN,3,digit,POSTDIG_FIX1_ON,151,2026-08-27 12:36:00.618482,302.007382,1.616896,,,,,,keyboard,after digit#1,"{""note"":""after digit#1""}",1,0.016664,60.008471,1
Sergio_G01_CNS-LLF5RV3D8,cpeeg02,ses05,20260827_123026,2026-08-27 12:30:58.568337,NaN,3,digit,POSTDIG_FIX1_OFF,156,2026-08-27 12:36:02.234747,303.624278,0.049794,,,,,,keyboard,after digit#1,"{""note"":""after digit#1"",""pd_used"":0}",1,0.016664,60.008471,1
Sergio_G01_CNS-LLF5RV3D8,cpeeg02,ses05,20260827_123026,2026-08-27 12:30:58.568337,NaN,3,digit,DIGIT2_ON,142,2026-08-27 12:36:02.286090,303.674072,0.549949,,2,,,,keyboard,digit#2 shown,"{""value"":2,""note"":""digit#2 shown"",""pd_used"":1}",1,0.016664,60.008471,1
Sergio_G01_CNS-LLF5RV3D8,cpeeg02,ses05,20260827_123026,2026-08-27 12:30:58.568337,NaN,3,digit,DIGIT2_OFF,147,2026-08-27 12:36:02.834332,304.224021,0.000000,,2,,,,keyboard,digit#2 off,"{""value"":2,""note"":""digit#2 off"",""pd_used"":0}",1,0.016664,60.008471,1
Sergio_G01_CNS-LLF5RV3D8,cpeeg02,ses05,20260827_123026,2026-08-27 12:30:58.568337,NaN,3,digit,POSTDIG_FIX2_ON,152,2026-08-27 12:36:02.835168,304.224021,1.600255,,,,,,keyboard,after digit#2,"{""note"":""after digit#2""}",1,0.016664,60.008471,1
Sergio_G01_CNS-LLF5RV3D8,cpeeg02,ses05,20260827_123026,2026-08-27 12:30:58.568337,NaN,3,digit,POSTDIG_FIX2_OFF,157,2026-08-27 12:36:04.434670,305.824276,0.049681,,,,,,keyboard,after digit#2,"{""note"":""after digit#2"",""pd_used"":0}",1,0.016664,60.008471,1
Sergio_G01_CNS-LLF5RV3D8,cpeeg02,ses05,20260827_123026,2026-08-27 12:30:58.568337,NaN,3,digit,DIGIT3_ON,143,2026-08-27 12:36:04.486266,305.873956,0.549999,,5,,,,keyboard,digit#3 shown,"{""value"":5,""note"":""digit#3 shown"",""pd_used"":1}",1,0.016664,60.008471,1
Sergio_G01_CNS-LLF5RV3D8,cpeeg02,ses05,20260827_123026,2026-08-27 12:30:58.568337,NaN,3,digit,DIGIT3_OFF,148,2026-08-27 12:36:05.034241,306.423955,0.000000,,5,,,,keyboard,digit#3 off,"{""value"":5,""note"":""digit#3 off"",""pd_used"":0}",1,0.016664,60.008471,1
Sergio_G01_CNS-LLF5RV3D8,cpeeg02,ses05,20260827_123026,2026-08-27 12:30:58.568337,NaN,3,digit,POSTDIG_FIX3_ON,153,2026-08-27 12:36:05.035042,306.423955,1.933391,,,,,,keyboard,after digit#3,"{""note"":""after digit#3""}",1,0.016664,60.008471,1
Sergio_G01_CNS-LLF5RV3D8,cpeeg02,ses05,20260827_123026,2026-08-27 12:30:58.568337,NaN,3,digit,POSTDIG_FIX3_OFF,158,2026-08-27 12:36:06.967759,308.357346,0.049823,,,,,,keyboard,after digit#3,"{""note"":""after digit#3"",""pd_used"":0}",1,0.016664,60.008471,1
Sergio_G01_CNS-LLF5RV3D8,cpeeg02,ses05,20260827_123026,2026-08-27 12:30:58.568337,NaN,3,digit,DIGIT4_ON,144,2026-08-27 12:36:07.019206,308.407169,0.550519,,3,,,,keyboard,digit#4 shown,"{""value"":3,""note"":""digit#4 shown"",""pd_used"":1}",1,0.016664,60.008471,1
Sergio_G01_CNS-LLF5RV3D8,cpeeg02,ses05,20260827_123026,2026-08-27 12:30:58.568337,NaN,3,digit,DIGIT4_OFF,149,2026-08-27 12:36:07.568528,308.957687,0.000000,,3,,,,keyboard,digit#4 off,"{""value"":3,""note"":""digit#4 off"",""pd_used"":0}",1,0.016664,60.008471,1
Sergio_G01_CNS-LLF5RV3D8,cpeeg02,ses05,20260827_123026,2026-08-27 12:30:58.568337,NaN,3,digit,POSTDIG_FIX4_ON,154,2026-08-27 12:36:07.569381,308.957687,1.649613,,,,,,keyboard,after digit#4,"{""note"":""after digit#4""}",1,0.016664,60.008471,1
Sergio_G01_CNS-LLF5RV3D8,cpeeg02,ses05,20260827_123026,2026-08-27 12:30:58.568337,NaN,3,digit,POSTDIG_FIX4_OFF,159,2026-08-27 12:36:09.217520,310.607300,0.049926,,,,,,keyboard,after digit#4,"{""note"":""after digit#4"",""pd_used"":0}",1,0.016664,60.008471,1
Sergio_G01_CNS-LLF5RV3D8,cpeeg02,ses05,20260827_123026,2026-08-27 12:30:58.568337,NaN,3,digit,DIGIT5_ON,145,2026-08-27 12:36:09.269193,310.657227,0.550118,,0,,,,keyboard,digit#5 shown,"{""value"":0,""note"":""digit#5 shown"",""pd_used"":1}",1,0.016664,60.008471,1
Sergio_G01_CNS-LLF5RV3D8,cpeeg02,ses05,20260827_123026,2026-08-27 12:30:58.568337,NaN,3,digit,DIGIT5_OFF,150,2026-08-27 12:36:09.817652,311.207345,0.000000,,0,,,,keyboard,digit#5 off,"{""value"":0,""note"":""digit#5 off"",""pd_used"":0}",1,0.016664,60.008471,1
Sergio_G01_CNS-LLF5RV3D8,cpeeg02,ses05,20260827_123026,2026-08-27 12:30:58.568337,NaN,3,digit,POSTDIG_FIX5_ON,155,2026-08-27 12:36:09.818457,311.207345,3.516863,,,,,,keyboard,after digit#5,"{""note"":""after digit#5""}",1,0.016664,60.008471,1
Sergio_G01_CNS-LLF5RV3D8,cpeeg02,ses05,20260827_123026,2026-08-27 12:30:58.568337,NaN,3,digit,POSTDIG_FIX5_OFF,160,2026-08-27 12:36:13.334689,314.724207,0.049917,,,,,,keyboard,after digit#5,"{""note"":""after digit#5"",""pd_used"":0}",1,0.016664,60.008471,1
Sergio_G01_CNS-LLF5RV3D8,cpeeg02,ses05,20260827_123026,2026-08-27 12:30:58.568337,NaN,3,distractor,DISTRACTOR_ON,50,2026-08-27 12:36:13.386141,314.774125,8.161998,,7+9=16,,,,keyboard,,"{""value"":""7+9=16"",""isCorrectTruth"":true,""trueSum"":16,""pd_used"":1}",1,0.016664,60.008471,1
Sergio_G01_CNS-LLF5RV3D8,cpeeg02,ses05,20260827_123026,2026-08-27 12:30:58.568337,NaN,3,distractor,DISTRACTOR_ANS,51,2026-08-27 12:36:22.000600,322.936123,0.000000,8.161998,7+9=16,F,0,,keyboard,key= (False),"{""value"":""7+9=16"",""entered"":""F"",""rt"":8.1619981001131237,""correct"":0,""note"":""key= (False)"",""truth"":true,""trueSum"":16,""shownSum"":16,""a"":7,""b"":9}",1,0.016664,60.008471,1
Sergio_G01_CNS-LLF5RV3D8,cpeeg02,ses05,20260827_123026,2026-08-27 12:30:58.568337,NaN,3,distractor,ANS_WRONG,200,2026-08-27 12:36:22.043365,322.936123,0.554734,,,,,,keyboard,,{},1,0.016664,60.008471,1
Sergio_G01_CNS-LLF5RV3D8,cpeeg02,ses05,20260827_123026,2026-08-27 12:30:58.568337,NaN,3,distractor,DISTRACTOR_OFF,52,2026-08-27 12:36:22.101131,323.490857,0.000000,,,,,,keyboard,,"{""pd_used"":0}",1,0.016664,60.008471,1
Sergio_G01_CNS-LLF5RV3D8,cpeeg02,ses05,20260827_123026,2026-08-27 12:30:58.568337,NaN,3,distractor,FIX2_ON,60,2026-08-27 12:36:22.102002,323.490857,3.416788,,,,,,keyboard,immediate after response,"{""note"":""immediate after response""}",1,0.016664,60.008471,1
Sergio_G01_CNS-LLF5RV3D8,cpeeg02,ses05,20260827_123026,2026-08-27 12:30:58.568337,NaN,3,fix2,FIX2_OFF,61,2026-08-27 12:36:25.518039,326.907645,0.049795,,,,,,keyboard,,"{""pd_used"":0}",1,0.016664,60.008471,1
Sergio_G01_CNS-LLF5RV3D8,cpeeg02,ses05,20260827_123026,2026-08-27 12:30:58.568337,NaN,3,probe,DIGIT_RECALL_LINE_1,161,2026-08-27 12:36:25.569781,326.957439,2.785769,,1,,,,keyboard,first recall question,"{""value"":1,""note"":""first recall question"",""pd_used"":1}",1,0.016664,60.008471,1
Sergio_G01_CNS-LLF5RV3D8,cpeeg02,ses05,20260827_123026,2026-08-27 12:30:58.568337,NaN,3,probe,PROBE_DIGIT_OK_1,71,2026-08-27 12:36:29.099148,329.743209,0.897769,2.792564,slot#1,NaN,,,keyboard,probe_digit#1,"{""value"":""slot#1"",""entered"":null,""rt"":2.792563599999994,""note"":""probe_digit#1""}",1,0.016664,60.008471,1
Sergio_G01_CNS-LLF5RV3D8,cpeeg02,ses05,20260827_123026,2026-08-27 12:30:58.568337,NaN,3,probe,DIGIT1_OFF,146,2026-08-27 12:36:29.251291,330.640977,0.000000,,0,,,,keyboard,digit#1 off,"{""value"":0,""note"":""digit#1 off"",""pd_used"":0}",1,0.016664,60.008471,1
Sergio_G01_CNS-LLF5RV3D8,cpeeg02,ses05,20260827_123026,2026-08-27 12:30:58.568337,NaN,3,probe,POSTDIG_FIX1_ON,151,2026-08-27 12:36:29.252298,330.640977,1.999853,,,,,,keyboard,after digit#1,"{""note"":""after digit#1""}",1,0.016664,60.008471,1
Sergio_G01_CNS-LLF5RV3D8,cpeeg02,ses05,20260827_123026,2026-08-27 12:30:58.568337,NaN,3,probe,POSTDIG_FIX1_OFF,156,2026-08-27 12:36:31.251104,332.640831,0.066960,,,,,,keyboard,after digit#1,"{""note"":""after digit#1"",""pd_used"":0}",1,0.016664,60.008471,1
Sergio_G01_CNS-LLF5RV3D8,cpeeg02,ses05,20260827_123026,2026-08-27 12:30:58.568337,NaN,3,probe,DIGIT_RECALL_LINE_2,162,2026-08-27 12:36:31.318082,332.707791,1.009140,,2,,,,keyboard,next recall question,"{""value"":2,""note"":""next recall question"",""pd_used"":1}",1,0.016664,60.008471,1
Sergio_G01_CNS-LLF5RV3D8,cpeeg02,ses05,20260827_123026,2026-08-27 12:30:58.568337,NaN,3,probe,PROBE_DIGIT_OK_2,71,2026-08-27 12:36:32.876725,333.716931,0.690621,6.766286,slot#2,NaN,,,keyboard,probe_digit#2,"{""value"":""slot#2"",""entered"":null,""rt"":6.7662857002578676,""note"":""probe_digit#2""}",1,0.016664,60.008471,1
Sergio_G01_CNS-LLF5RV3D8,cpeeg02,ses05,20260827_123026,2026-08-27 12:30:58.568337,NaN,3,probe,DIGIT2_OFF,147,2026-08-27 12:36:33.017925,334.407552,0.000000,,0,,,,keyboard,digit#2 off,"{""value"":0,""note"":""digit#2 off"",""pd_used"":0}",1,0.016664,60.008471,1
Sergio_G01_CNS-LLF5RV3D8,cpeeg02,ses05,20260827_123026,2026-08-27 12:30:58.568337,NaN,3,probe,POSTDIG_FIX2_ON,152,2026-08-27 12:36:33.018722,334.407552,1.566459,,,,,,keyboard,after digit#2,"{""note"":""after digit#2""}",1,0.016664,60.008471,1
Sergio_G01_CNS-LLF5RV3D8,cpeeg02,ses05,20260827_123026,2026-08-27 12:30:58.568337,NaN,3,probe,POSTDIG_FIX2_OFF,157,2026-08-27 12:36:34.584342,335.974011,0.067144,,,,,,keyboard,after digit#2,"{""note"":""after digit#2"",""pd_used"":0}",1,0.016664,60.008471,1
Sergio_G01_CNS-LLF5RV3D8,cpeeg02,ses05,20260827_123026,2026-08-27 12:30:58.568337,NaN,3,probe,DIGIT_RECALL_LINE_3,163,2026-08-27 12:36:34.651152,336.041155,1.044049,,3,,,,keyboard,next recall question,"{""value"":3,""note"":""next recall question"",""pd_used"":1}",1,0.016664,60.008471,1
Sergio_G01_CNS-LLF5RV3D8,cpeeg02,ses05,20260827_123026,2026-08-27 12:30:58.568337,NaN,3,probe,PROBE_DIGIT_OK_3,71,2026-08-27 12:36:36.307310,337.085203,0.772390,10.134559,slot#3,NaN,,,keyboard,probe_digit#3,"{""value"":""slot#3"",""entered"":null,""rt"":10.134558500256389,""note"":""probe_digit#3""}",1,0.016664,60.008471,1
Sergio_G01_CNS-LLF5RV3D8,cpeeg02,ses05,20260827_123026,2026-08-27 12:30:58.568337,NaN,3,probe,DIGIT3_OFF,148,2026-08-27 12:36:36.467789,337.857594,0.000000,,0,,,,keyboard,digit#3 off,"{""value"":0,""note"":""digit#3 off"",""pd_used"":0}",1,0.016664,60.008471,1
Sergio_G01_CNS-LLF5RV3D8,cpeeg02,ses05,20260827_123026,2026-08-27 12:30:58.568337,NaN,3,probe,POSTDIG_FIX3_ON,153,2026-08-27 12:36:36.468556,337.857594,1.633254,,,,,,keyboard,after digit#3,"{""note"":""after digit#3""}",1,0.016664,60.008471,1
Sergio_G01_CNS-LLF5RV3D8,cpeeg02,ses05,20260827_123026,2026-08-27 12:30:58.568337,NaN,3,probe,POSTDIG_FIX3_OFF,158,2026-08-27 12:36:38.101079,339.490848,0.067043,,,,,,keyboard,after digit#3,"{""note"":""after digit#3"",""pd_used"":0}",1,0.016664,60.008471,1
Sergio_G01_CNS-LLF5RV3D8,cpeeg02,ses05,20260827_123026,2026-08-27 12:30:58.568337,NaN,3,probe,DIGIT_RECALL_LINE_4,164,2026-08-27 12:36:38.168034,339.557890,0.875070,,4,,,,keyboard,next recall question,"{""value"":4,""note"":""next recall question"",""pd_used"":1}",1,0.016664,60.008471,1
Sergio_G01_CNS-LLF5RV3D8,cpeeg02,ses05,20260827_123026,2026-08-27 12:30:58.568337,NaN,3,probe,PROBE_DIGIT_OK_4,71,2026-08-27 12:36:39.645391,340.432961,0.757897,13.482316,slot#4,NaN,,,keyboard,probe_digit#4,"{""value"":""slot#4"",""entered"":null,""rt"":13.482315700035542,""note"":""probe_digit#4""}",1,0.016664,60.008471,1
Sergio_G01_CNS-LLF5RV3D8,cpeeg02,ses05,20260827_123026,2026-08-27 12:30:58.568337,NaN,3,probe,DIGIT4_OFF,149,2026-08-27 12:36:39.800954,341.190857,0.000000,,0,,,,keyboard,digit#4 off,"{""value"":0,""note"":""digit#4 off"",""pd_used"":0}",1,0.016664,60.008471,1
Sergio_G01_CNS-LLF5RV3D8,cpeeg02,ses05,20260827_123026,2026-08-27 12:30:58.568337,NaN,3,probe,POSTDIG_FIX4_ON,154,2026-08-27 12:36:39.801737,341.190857,1.866656,,,,,,keyboard,after digit#4,"{""note"":""after digit#4""}",1,0.016664,60.008471,1
Sergio_G01_CNS-LLF5RV3D8,cpeeg02,ses05,20260827_123026,2026-08-27 12:30:58.568337,NaN,3,probe,POSTDIG_FIX4_OFF,159,2026-08-27 12:36:41.667711,343.057513,0.066944,,,,,,keyboard,after digit#4,"{""note"":""after digit#4"",""pd_used"":0}",1,0.016664,60.008471,1
Sergio_G01_CNS-LLF5RV3D8,cpeeg02,ses05,20260827_123026,2026-08-27 12:30:58.568337,NaN,3,probe,DIGIT_RECALL_LINE_5,165,2026-08-27 12:36:41.734578,343.124457,6.068775,,5,,,,keyboard,next recall question,"{""value"":5,""note"":""next recall question"",""pd_used"":1}",1,0.016664,60.008471,1
Sergio_G01_CNS-LLF5RV3D8,cpeeg02,ses05,20260827_123026,2026-08-27 12:30:58.568337,NaN,3,probe,PROBE_DIGIT_OK_5,71,2026-08-27 12:36:48.436487,349.193232,0.797739,22.242587,slot#5,NaN,,,keyboard,probe_digit#5,"{""value"":""slot#5"",""entered"":null,""rt"":22.24258690001443,""note"":""probe_digit#5""}",1,0.016664,60.008471,1
Sergio_G01_CNS-LLF5RV3D8,cpeeg02,ses05,20260827_123026,2026-08-27 12:30:58.568337,NaN,3,probe,DIGIT5_OFF,150,2026-08-27 12:36:48.601495,349.990971,0.000000,,0,,,,keyboard,digit#5 off,"{""value"":0,""note"":""digit#5 off"",""pd_used"":0}",1,0.016664,60.008471,1
Sergio_G01_CNS-LLF5RV3D8,cpeeg02,ses05,20260827_123026,2026-08-27 12:30:58.568337,NaN,3,probe,POSTDIG_FIX5_ON,155,2026-08-27 12:36:48.602292,349.990971,3.150051,,,,,,keyboard,after digit#5,"{""note"":""after digit#5""}",1,0.016664,60.008471,1
Sergio_G01_CNS-LLF5RV3D8,cpeeg02,ses05,20260827_123026,2026-08-27 12:30:58.568337,NaN,3,probe,POSTDIG_FIX5_OFF,160,2026-08-27 12:36:51.751262,353.141021,0.050164,,,,,,keyboard,after digit#5,"{""note"":""after digit#5"",""pd_used"":0}",1,0.016664,60.008471,1
Sergio_G01_CNS-LLF5RV3D8,cpeeg02,ses05,20260827_123026,2026-08-27 12:30:58.568337,NaN,3,probe,PROBE_DONE,73,2026-08-27 12:36:51.759788,353.191185,0.001133,,,,,,keyboard,probe complete,"{""value"":"""",""note"":""probe complete""}",1,0.016664,60.008471,1
Sergio_G01_CNS-LLF5RV3D8,cpeeg02,ses05,20260827_123026,2026-08-27 12:30:58.568337,NaN,3,probe,TRIAL_END,21,2026-08-27 12:36:51.760609,353.192319,0.102269,,,,,,keyboard,,{},1,0.016664,60.008471,1
Sergio_G01_CNS-LLF5RV3D8,cpeeg02,ses05,20260827_123026,2026-08-27 12:30:58.568337,NaN,4,probe,TRIAL_CHANGE,22,2026-08-27 12:36:51.863526,353.294588,0.001747,,,,,,keyboard,trial transition,"{""note"":""trial transition""}",1,0.016664,60.008471,1
Sergio_G01_CNS-LLF5RV3D8,cpeeg02,ses05,20260827_123026,2026-08-27 12:30:58.568337,NaN,4,probe,TRIAL_START,20,2026-08-27 12:36:51.864711,353.296335,0.044814,,,,,,keyboard,,{},1,0.016664,60.008471,1
Sergio_G01_CNS-LLF5RV3D8,cpeeg02,ses05,20260827_123026,2026-08-27 12:30:58.568337,NaN,4,fix1,FIX1_ON,30,2026-08-27 12:36:51.958887,353.341150,3.316624,,,,,,keyboard,,"{""pd_used"":0}",1,0.016664,60.008471,1
Sergio_G01_CNS-LLF5RV3D8,cpeeg02,ses05,20260827_123026,2026-08-27 12:30:58.568337,NaN,4,fix1,FIX1_OFF,31,2026-08-27 12:36:55.267938,356.657774,0.049580,,,,,,keyboard,,"{""pd_used"":0}",1,0.016664,60.008471,1
Sergio_G01_CNS-LLF5RV3D8,cpeeg02,ses05,20260827_123026,2026-08-27 12:30:58.568337,NaN,4,digit,DIGIT1_ON,141,2026-08-27 12:36:55.319446,356.707354,0.550177,,0,,,,keyboard,digit#1 shown,"{""value"":0,""note"":""digit#1 shown"",""pd_used"":1}",1,0.016664,60.008471,1
Sergio_G01_CNS-LLF5RV3D8,cpeeg02,ses05,20260827_123026,2026-08-27 12:30:58.568337,NaN,4,digit,DIGIT1_OFF,146,2026-08-27 12:36:55.867869,357.257531,0.000000,,0,,,,keyboard,digit#1 off,"{""value"":0,""note"":""digit#1 off"",""pd_used"":0}",1,0.016664,60.008471,1
Sergio_G01_CNS-LLF5RV3D8,cpeeg02,ses05,20260827_123026,2026-08-27 12:30:58.568337,NaN,4,digit,POSTDIG_FIX1_ON,151,2026-08-27 12:36:55.868762,357.257531,1.600063,,,,,,keyboard,after digit#1,"{""note"":""after digit#1""}",1,0.016664,60.008471,1
Sergio_G01_CNS-LLF5RV3D8,cpeeg02,ses05,20260827_123026,2026-08-27 12:30:58.568337,NaN,4,digit,POSTDIG_FIX1_OFF,156,2026-08-27 12:36:57.467980,358.857594,0.049996,,,,,,keyboard,after digit#1,"{""note"":""after digit#1"",""pd_used"":0}",1,0.016664,60.008471,1
Sergio_G01_CNS-LLF5RV3D8,cpeeg02,ses05,20260827_123026,2026-08-27 12:30:58.568337,NaN,4,digit,DIGIT2_ON,142,2026-08-27 12:36:57.519241,358.907590,0.550064,,2,,,,keyboard,digit#2 shown,"{""value"":2,""note"":""digit#2 shown"",""pd_used"":1}",1,0.016664,60.008471,1
Sergio_G01_CNS-LLF5RV3D8,cpeeg02,ses05,20260827_123026,2026-08-27 12:30:58.568337,NaN,4,digit,DIGIT2_OFF,147,2026-08-27 12:36:58.067945,359.457654,0.000000,,2,,,,keyboard,digit#2 off,"{""value"":2,""note"":""digit#2 off"",""pd_used"":0}",1,0.016664,60.008471,1
Sergio_G01_CNS-LLF5RV3D8,cpeeg02,ses05,20260827_123026,2026-08-27 12:30:58.568337,NaN,4,digit,POSTDIG_FIX2_ON,152,2026-08-27 12:36:58.068734,359.457654,1.666642,,,,,,keyboard,after digit#2,"{""note"":""after digit#2""}",1,0.016664,60.008471,1
Sergio_G01_CNS-LLF5RV3D8,cpeeg02,ses05,20260827_123026,2026-08-27 12:30:58.568337,NaN,4,digit,POSTDIG_FIX2_OFF,157,2026-08-27 12:36:59.734527,361.124295,0.050022,,,,,,keyboard,after digit#2,"{""note"":""after digit#2"",""pd_used"":0}",1,0.016664,60.008471,1
Sergio_G01_CNS-LLF5RV3D8,cpeeg02,ses05,20260827_123026,2026-08-27 12:30:58.568337,NaN,4,digit,DIGIT3_ON,143,2026-08-27 12:36:59.785925,361.174318,0.549915,,8,,,,keyboard,digit#3 shown,"{""value"":8,""note"":""digit#3 shown"",""pd_used"":1}",1,0.016664,60.008471,1
Sergio_G01_CNS-LLF5RV3D8,cpeeg02,ses05,20260827_123026,2026-08-27 12:30:58.568337,NaN,4,digit,DIGIT3_OFF,148,2026-08-27 12:37:00.334537,361.724232,0.000000,,8,,,,keyboard,digit#3 off,"{""value"":8,""note"":""digit#3 off"",""pd_used"":0}",1,0.016664,60.008471,1
Sergio_G01_CNS-LLF5RV3D8,cpeeg02,ses05,20260827_123026,2026-08-27 12:30:58.568337,NaN,4,digit,POSTDIG_FIX3_ON,153,2026-08-27 12:37:00.335351,361.724232,1.633510,,,,,,keyboard,after digit#3,"{""note"":""after digit#3""}",1,0.016664,60.008471,1
Sergio_G01_CNS-LLF5RV3D8,cpeeg02,ses05,20260827_123026,2026-08-27 12:30:58.568337,NaN,4,digit,POSTDIG_FIX3_OFF,158,2026-08-27 12:37:01.968094,363.357742,0.050195,,,,,,keyboard,after digit#3,"{""note"":""after digit#3"",""pd_used"":0}",1,0.016664,60.008471,1
Sergio_G01_CNS-LLF5RV3D8,cpeeg02,ses05,20260827_123026,2026-08-27 12:30:58.568337,NaN,4,digit,DIGIT4_ON,144,2026-08-27 12:37:02.019417,363.407937,0.549627,,1,,,,keyboard,digit#4 shown,"{""value"":1,""note"":""digit#4 shown"",""pd_used"":1}",1,0.016664,60.008471,1
Sergio_G01_CNS-LLF5RV3D8,cpeeg02,ses05,20260827_123026,2026-08-27 12:30:58.568337,NaN,4,digit,DIGIT4_OFF,149,2026-08-27 12:37:02.567905,363.957564,0.000000,,1,,,,keyboard,digit#4 off,"{""value"":1,""note"":""digit#4 off"",""pd_used"":0}",1,0.016664,60.008471,1
Sergio_G01_CNS-LLF5RV3D8,cpeeg02,ses05,20260827_123026,2026-08-27 12:30:58.568337,NaN,4,digit,POSTDIG_FIX4_ON,154,2026-08-27 12:37:02.568711,363.957564,1.883551,,,,,,keyboard,after digit#4,"{""note"":""after digit#4""}",1,0.016664,60.008471,1
Sergio_G01_CNS-LLF5RV3D8,cpeeg02,ses05,20260827_123026,2026-08-27 12:30:58.568337,NaN,4,digit,POSTDIG_FIX4_OFF,159,2026-08-27 12:37:04.451336,365.841115,0.049705,,,,,,keyboard,after digit#4,"{""note"":""after digit#4"",""pd_used"":0}",1,0.016664,60.008471,1
Sergio_G01_CNS-LLF5RV3D8,cpeeg02,ses05,20260827_123026,2026-08-27 12:30:58.568337,NaN,4,digit,DIGIT5_ON,145,2026-08-27 12:37:04.502616,365.890820,0.550170,,2,,,,keyboard,digit#5 shown,"{""value"":2,""note"":""digit#5 shown"",""pd_used"":1}",1,0.016664,60.008471,1
Sergio_G01_CNS-LLF5RV3D8,cpeeg02,ses05,20260827_123026,2026-08-27 12:30:58.568337,NaN,4,digit,DIGIT5_OFF,150,2026-08-27 12:37:05.051237,366.440990,0.000000,,2,,,,keyboard,digit#5 off,"{""value"":2,""note"":""digit#5 off"",""pd_used"":0}",1,0.016664,60.008471,1
Sergio_G01_CNS-LLF5RV3D8,cpeeg02,ses05,20260827_123026,2026-08-27 12:30:58.568337,NaN,4,digit,POSTDIG_FIX5_ON,155,2026-08-27 12:37:05.052020,366.440990,3.300131,,,,,,keyboard,after digit#5,"{""note"":""after digit#5""}",1,0.016664,60.008471,1
Sergio_G01_CNS-LLF5RV3D8,cpeeg02,ses05,20260827_123026,2026-08-27 12:30:58.568337,NaN,4,digit,POSTDIG_FIX5_OFF,160,2026-08-27 12:37:08.351468,369.741121,0.049774,,,,,,keyboard,after digit#5,"{""note"":""after digit#5"",""pd_used"":0}",1,0.016664,60.008471,1
Sergio_G01_CNS-LLF5RV3D8,cpeeg02,ses05,20260827_123026,2026-08-27 12:30:58.568337,NaN,4,distractor,DISTRACTOR_ON,50,2026-08-27 12:37:08.402837,369.790895,2.973930,,1+1=3,,,,keyboard,,"{""value"":""1+1=3"",""isCorrectTruth"":false,""trueSum"":2,""pd_used"":1}",1,0.016664,60.008471,1
Sergio_G01_CNS-LLF5RV3D8,cpeeg02,ses05,20260827_123026,2026-08-27 12:30:58.568337,NaN,4,distractor,DISTRACTOR_ANS,51,2026-08-27 12:37:12.062743,372.764825,0.000000,2.973930,1+1=3,F,1,,keyboard,key= (False),"{""value"":""1+1=3"",""entered"":""F"",""rt"":2.9739295998588204,""correct"":1,""note"":""key= (False)"",""truth"":false,""trueSum"":2,""shownSum"":3,""a"":1,""b"":1}",1,0.016664,60.008471,1
Sergio_G01_CNS-LLF5RV3D8,cpeeg02,ses05,20260827_123026,2026-08-27 12:30:58.568337,NaN,4,distractor,ANS_CORRECT,100,2026-08-27 12:37:12.106200,372.764825,0.776105,,,,,,keyboard,,{},1,0.016664,60.008471,1
Sergio_G01_CNS-LLF5RV3D8,cpeeg02,ses05,20260827_123026,2026-08-27 12:30:58.568337,NaN,4,distractor,DISTRACTOR_OFF,52,2026-08-27 12:37:12.157543,373.540930,0.000000,,,,,,keyboard,,"{""pd_used"":0}",1,0.016664,60.008471,1
Sergio_G01_CNS-LLF5RV3D8,cpeeg02,ses05,20260827_123026,2026-08-27 12:30:58.568337,NaN,4,distractor,FIX2_ON,60,2026-08-27 12:37:12.158767,373.540930,3.550132,,,,,,keyboard,immediate after response,"{""note"":""immediate after response""}",1,0.016664,60.008471,1
Sergio_G01_CNS-LLF5RV3D8,cpeeg02,ses05,20260827_123026,2026-08-27 12:30:58.568337,NaN,4,fix2,FIX2_OFF,61,2026-08-27 12:37:15.701254,377.091062,0.049988,,,,,,keyboard,,"{""pd_used"":0}",1,0.016664,60.008471,1
Sergio_G01_CNS-LLF5RV3D8,cpeeg02,ses05,20260827_123026,2026-08-27 12:30:58.568337,NaN,4,probe,DIGIT_RECALL_LINE_1,161,2026-08-27 12:37:15.752748,377.141050,3.717739,,1,,,,keyboard,first recall question,"{""value"":1,""note"":""first recall question"",""pd_used"":1}",1,0.016664,60.008471,1
Sergio_G01_CNS-LLF5RV3D8,cpeeg02,ses05,20260827_123026,2026-08-27 12:30:58.568337,NaN,4,probe,PROBE_DIGIT_OK_1,71,2026-08-27 12:37:20.125813,380.858789,0.832320,3.724645,slot#1,NaN,,,keyboard,probe_digit#1,"{""value"":""slot#1"",""entered"":null,""rt"":3.724645100068301,""note"":""probe_digit#1""}",1,0.016664,60.008471,1
Sergio_G01_CNS-LLF5RV3D8,cpeeg02,ses05,20260827_123026,2026-08-27 12:30:58.568337,NaN,4,probe,DIGIT1_OFF,146,2026-08-27 12:37:20.301563,381.691109,0.000000,,2,,,,keyboard,digit#1 off,"{""value"":2,""note"":""digit#1 off"",""pd_used"":0}",1,0.016664,60.008471,1
Sergio_G01_CNS-LLF5RV3D8,cpeeg02,ses05,20260827_123026,2026-08-27 12:30:58.568337,NaN,4,probe,POSTDIG_FIX1_ON,151,2026-08-27 12:37:20.302362,381.691109,1.849825,,,,,,keyboard,after digit#1,"{""note"":""after digit#1""}",1,0.016664,60.008471,1
Sergio_G01_CNS-LLF5RV3D8,cpeeg02,ses05,20260827_123026,2026-08-27 12:30:58.568337,NaN,4,probe,POSTDIG_FIX1_OFF,156,2026-08-27 12:37:22.151380,383.540935,0.067023,,,,,,keyboard,after digit#1,"{""note"":""after digit#1"",""pd_used"":0}",1,0.016664,60.008471,1
Sergio_G01_CNS-LLF5RV3D8,cpeeg02,ses05,20260827_123026,2026-08-27 12:30:58.568337,NaN,4,probe,DIGIT_RECALL_LINE_2,162,2026-08-27 12:37:22.218074,383.607958,1.067696,,2,,,,keyboard,next recall question,"{""value"":2,""note"":""next recall question"",""pd_used"":1}",1,0.016664,60.008471,1
Sergio_G01_CNS-LLF5RV3D8,cpeeg02,ses05,20260827_123026,2026-08-27 12:30:58.568337,NaN,4,probe,PROBE_DIGIT_OK_2,71,2026-08-27 12:37:23.774737,384.675654,0.632198,7.541510,slot#2,NaN,,,keyboard,probe_digit#2,"{""value"":""slot#2"",""entered"":null,""rt"":7.5415097000077367,""note"":""probe_digit#2""}",1,0.016664,60.008471,1
Sergio_G01_CNS-LLF5RV3D8,cpeeg02,ses05,20260827_123026,2026-08-27 12:30:58.568337,NaN,4,probe,DIGIT2_OFF,147,2026-08-27 12:37:23.917883,385.307852,0.000000,,2,,,,keyboard,digit#2 off,"{""value"":2,""note"":""digit#2 off"",""pd_used"":0}",1,0.016664,60.008471,1
Sergio_G01_CNS-LLF5RV3D8,cpeeg02,ses05,20260827_123026,2026-08-27 12:30:58.568337,NaN,4,probe,POSTDIG_FIX2_ON,152,2026-08-27 12:37:23.918652,385.307852,1.733312,,,,,,keyboard,after digit#2,"{""note"":""after digit#2""}",1,0.016664,60.008471,1
Sergio_G01_CNS-LLF5RV3D8,cpeeg02,ses05,20260827_123026,2026-08-27 12:30:58.568337,NaN,4,probe,POSTDIG_FIX2_OFF,157,2026-08-27 12:37:25.651531,387.041164,0.066978,,,,,,keyboard,after digit#2,"{""note"":""after digit#2"",""pd_used"":0}",1,0.016664,60.008471,1
Sergio_G01_CNS-LLF5RV3D8,cpeeg02,ses05,20260827_123026,2026-08-27 12:30:58.568337,NaN,4,probe,DIGIT_RECALL_LINE_3,163,2026-08-27 12:37:25.718250,387.108142,1.047024,,3,,,,keyboard,next recall question,"{""value"":3,""note"":""next recall question"",""pd_used"":1}",1,0.016664,60.008471,1
Sergio_G01_CNS-LLF5RV3D8,cpeeg02,ses05,20260827_123026,2026-08-27 12:30:58.568337,NaN,4,probe,PROBE_DIGIT_OK_3,71,2026-08-27 12:37:27.236016,388.155166,0.619228,11.021022,slot#3,NaN,,,keyboard,probe_digit#3,"{""value"":""slot#3"",""entered"":null,""rt"":11.021021600347012,""note"":""probe_digit#3""}",1,0.016664,60.008471,1
Sergio_G01_CNS-LLF5RV3D8,cpeeg02,ses05,20260827_123026,2026-08-27 12:30:58.568337,NaN,4,probe,DIGIT3_OFF,148,2026-08-27 12:37:27.384689,388.774394,0.000000,,2,,,,keyboard,digit#3 off,"{""value"":2,""note"":""digit#3 off"",""pd_used"":0}",1,0.016664,60.008471,1
Sergio_G01_CNS-LLF5RV3D8,cpeeg02,ses05,20260827_123026,2026-08-27 12:30:58.568337,NaN,4,probe,POSTDIG_FIX3_ON,153,2026-08-27 12:37:27.385490,388.774394,1.933408,,,,,,keyboard,after digit#3,"{""note"":""after digit#3""}",1,0.016664,60.008471,1
Sergio_G01_CNS-LLF5RV3D8,cpeeg02,ses05,20260827_123026,2026-08-27 12:30:58.568337,NaN,4,probe,POSTDIG_FIX3_OFF,158,2026-08-27 12:37:29.318034,390.707802,0.066923,,,,,,keyboard,after digit#3,"{""note"":""after digit#3"",""pd_used"":0}",1,0.016664,60.008471,1
Sergio_G01_CNS-LLF5RV3D8,cpeeg02,ses05,20260827_123026,2026-08-27 12:30:58.568337,NaN,4,probe,DIGIT_RECALL_LINE_4,164,2026-08-27 12:37:29.384857,390.774725,0.381856,,4,,,,keyboard,next recall question,"{""value"":4,""note"":""next recall question"",""pd_used"":1}",1,0.016664,60.008471,1
Sergio_G01_CNS-LLF5RV3D8,cpeeg02,ses05,20260827_123026,2026-08-27 12:30:58.568337,NaN,4,probe,PROBE_DIGIT_OK_4,71,2026-08-27 12:37:30.064184,391.156582,0.451592,14.022437,slot#4,NaN,,,keyboard,probe_digit#4,"{""value"":""slot#4"",""entered"":null,""rt"":14.022437300067395,""note"":""probe_digit#4""}",1,0.016664,60.008471,1
Sergio_G01_CNS-LLF5RV3D8,cpeeg02,ses05,20260827_123026,2026-08-27 12:30:58.568337,NaN,4,probe,DIGIT4_OFF,149,2026-08-27 12:37:30.218403,391.608173,0.000000,,2,,,,keyboard,digit#4 off,"{""value"":2,""note"":""digit#4 off"",""pd_used"":0}",1,0.016664,60.008471,1
Sergio_G01_CNS-LLF5RV3D8,cpeeg02,ses05,20260827_123026,2026-08-27 12:30:58.568337,NaN,4,probe,POSTDIG_FIX4_ON,154,2026-08-27 12:37:30.219179,391.608173,1.633020,,,,,,keyboard,after digit#4,"{""note"":""after digit#4""}",1,0.016664,60.008471,1
Sergio_G01_CNS-LLF5RV3D8,cpeeg02,ses05,20260827_123026,2026-08-27 12:30:58.568337,NaN,4,probe,POSTDIG_FIX4_OFF,159,2026-08-27 12:37:31.851509,393.241193,0.066890,,,,,,keyboard,after digit#4,"{""note"":""after digit#4"",""pd_used"":0}",1,0.016664,60.008471,1
Sergio_G01_CNS-LLF5RV3D8,cpeeg02,ses05,20260827_123026,2026-08-27 12:30:58.568337,NaN,4,probe,DIGIT_RECALL_LINE_5,165,2026-08-27 12:37:31.918322,393.308083,2.618363,,5,,,,keyboard,next recall question,"{""value"":5,""note"":""next recall question"",""pd_used"":1}",1,0.016664,60.008471,1
Sergio_G01_CNS-LLF5RV3D8,cpeeg02,ses05,20260827_123026,2026-08-27 12:30:58.568337,NaN,4,probe,PROBE_DIGIT_OK_5,71,2026-08-27 12:37:34.996789,395.926446,0.614726,18.792301,slot#5,NaN,,,keyboard,probe_digit#5,"{""value"":""slot#5"",""entered"":null,""rt"":18.792301299981773,""note"":""probe_digit#5""}",1,0.016664,60.008471,1
Sergio_G01_CNS-LLF5RV3D8,cpeeg02,ses05,20260827_123026,2026-08-27 12:30:58.568337,NaN,4,probe,DIGIT5_OFF,150,2026-08-27 12:37:35.151575,396.541171,0.000000,,2,,,,keyboard,digit#5 off,"{""value"":2,""note"":""digit#5 off"",""pd_used"":0}",1,0.016664,60.008471,1
Sergio_G01_CNS-LLF5RV3D8,cpeeg02,ses05,20260827_123026,2026-08-27 12:30:58.568337,NaN,4,probe,POSTDIG_FIX5_ON,155,2026-08-27 12:37:35.152377,396.541171,3.066671,,,,,,keyboard,after digit#5,"{""note"":""after digit#5""}",1,0.016664,60.008471,1
Sergio_G01_CNS-LLF5RV3D8,cpeeg02,ses05,20260827_123026,2026-08-27 12:30:58.568337,NaN,4,probe,POSTDIG_FIX5_OFF,160,2026-08-27 12:37:38.218056,399.607843,0.050343,,,,,,keyboard,after digit#5,"{""note"":""after digit#5"",""pd_used"":0}",1,0.016664,60.008471,1
Sergio_G01_CNS-LLF5RV3D8,cpeeg02,ses05,20260827_123026,2026-08-27 12:30:58.568337,NaN,4,probe,PROBE_DONE,73,2026-08-27 12:37:38.226674,399.658186,0.001016,,,,,,keyboard,probe complete,"{""value"":"""",""note"":""probe complete""}",1,0.016664,60.008471,1
Sergio_G01_CNS-LLF5RV3D8,cpeeg02,ses05,20260827_123026,2026-08-27 12:30:58.568337,NaN,4,probe,TRIAL_END,21,2026-08-27 12:37:38.227556,399.659201,0.099391,,,,,,keyboard,,{},1,0.016664,60.008471,1
Sergio_G01_CNS-LLF5RV3D8,cpeeg02,ses05,20260827_123026,2026-08-27 12:30:58.568337,NaN,5,probe,TRIAL_CHANGE,22,2026-08-27 12:37:38.327134,399.758593,0.001111,,,,,,keyboard,trial transition,"{""note"":""trial transition""}",1,0.016664,60.008471,1
Sergio_G01_CNS-LLF5RV3D8,cpeeg02,ses05,20260827_123026,2026-08-27 12:30:58.568337,NaN,5,probe,TRIAL_START,20,2026-08-27 12:37:38.327960,399.759704,0.047991,,,,,,keyboard,,{},1,0.016664,60.008471,1
Sergio_G01_CNS-LLF5RV3D8,cpeeg02,ses05,20260827_123026,2026-08-27 12:30:58.568337,NaN,5,fix1,FIX1_ON,30,2026-08-27 12:37:38.422144,399.807695,3.183552,,,,,,keyboard,,"{""pd_used"":0}",1,0.016664,60.008471,1
Sergio_G01_CNS-LLF5RV3D8,cpeeg02,ses05,20260827_123026,2026-08-27 12:30:58.568337,NaN,5,fix1,FIX1_OFF,31,2026-08-27 12:37:41.601538,402.991248,0.049776,,,,,,keyboard,,"{""pd_used"":0}",1,0.016664,60.008471,1
Sergio_G01_CNS-LLF5RV3D8,cpeeg02,ses05,20260827_123026,2026-08-27 12:30:58.568337,NaN,5,digit,DIGIT1_ON,141,2026-08-27 12:37:41.652870,403.041024,0.550104,,1,,,,keyboard,digit#1 shown,"{""value"":1,""note"":""digit#1 shown"",""pd_used"":1}",1,0.016664,60.008471,1
Sergio_G01_CNS-LLF5RV3D8,cpeeg02,ses05,20260827_123026,2026-08-27 12:30:58.568337,NaN,5,digit,DIGIT1_OFF,146,2026-08-27 12:37:42.201456,403.591128,0.000000,,1,,,,keyboard,digit#1 off,"{""value"":1,""note"":""digit#1 off"",""pd_used"":0}",1,0.016664,60.008471,1
Sergio_G01_CNS-LLF5RV3D8,cpeeg02,ses05,20260827_123026,2026-08-27 12:30:58.568337,NaN,5,digit,POSTDIG_FIX1_ON,151,2026-08-27 12:37:42.202251,403.591128,1.950208,,,,,,keyboard,after digit#1,"{""note"":""after digit#1""}",1,0.016664,60.008471,1
Sergio_G01_CNS-LLF5RV3D8,cpeeg02,ses05,20260827_123026,2026-08-27 12:30:58.568337,NaN,5,digit,POSTDIG_FIX1_OFF,156,2026-08-27 12:37:44.151629,405.541336,0.049730,,,,,,keyboard,after digit#1,"{""note"":""after digit#1"",""pd_used"":0}",1,0.016664,60.008471,1
Sergio_G01_CNS-LLF5RV3D8,cpeeg02,ses05,20260827_123026,2026-08-27 12:30:58.568337,NaN,5,digit,DIGIT2_ON,142,2026-08-27 12:37:44.203167,405.591066,0.550083,,5,,,,keyboard,digit#2 shown,"{""value"":5,""note"":""digit#2 shown"",""pd_used"":1}",1,0.016664,60.008471,1
Sergio_G01_CNS-LLF5RV3D8,cpeeg02,ses05,20260827_123026,2026-08-27 12:30:58.568337,NaN,5,digit,DIGIT2_OFF,147,2026-08-27 12:37:44.751634,406.141149,0.000000,,5,,,,keyboard,digit#2 off,"{""value"":5,""note"":""digit#2 off"",""pd_used"":0}",1,0.016664,60.008471,1
Sergio_G01_CNS-LLF5RV3D8,cpeeg02,ses05,20260827_123026,2026-08-27 12:30:58.568337,NaN,5,digit,POSTDIG_FIX2_ON,152,2026-08-27 12:37:44.752429,406.141149,1.783486,,,,,,keyboard,after digit#2,"{""note"":""after digit#2""}",1,0.016664,60.008471,1
Sergio_G01_CNS-LLF5RV3D8,cpeeg02,ses05,20260827_123026,2026-08-27 12:30:58.568337,NaN,5,digit,POSTDIG_FIX2_OFF,157,2026-08-27 12:37:46.534851,407.924635,0.049705,,,,,,keyboard,after digit#2,"{""note"":""after digit#2"",""pd_used"":0}",1,0.016664,60.008471,1
Sergio_G01_CNS-LLF5RV3D8,cpeeg02,ses05,20260827_123026,2026-08-27 12:30:58.568337,NaN,5,digit,DIGIT3_ON,143,2026-08-27 12:37:46.586500,407.974341,0.550216,,0,,,,keyboard,digit#3 shown,"{""value"":0,""note"":""digit#3 shown"",""pd_used"":1}",1,0.016664,60.008471,1
Sergio_G01_CNS-LLF5RV3D8,cpeeg02,ses05,20260827_123026,2026-08-27 12:30:58.568337,NaN,5,digit,DIGIT3_OFF,148,2026-08-27 12:37:47.134873,408.524557,0.000000,,0,,,,keyboard,digit#3 off,"{""value"":0,""note"":""digit#3 off"",""pd_used"":0}",1,0.016664,60.008471,1
Sergio_G01_CNS-LLF5RV3D8,cpeeg02,ses05,20260827_123026,2026-08-27 12:30:58.568337,NaN,5,digit,POSTDIG_FIX3_ON,153,2026-08-27 12:37:47.135666,408.524557,1.883182,,,,,,keyboard,after digit#3,"{""note"":""after digit#3""}",1,0.016664,60.008471,1
Sergio_G01_CNS-LLF5RV3D8,cpeeg02,ses05,20260827_123026,2026-08-27 12:30:58.568337,NaN,5,digit,POSTDIG_FIX3_OFF,158,2026-08-27 12:37:49.018043,410.407739,0.050064,,,,,,keyboard,after digit#3,"{""note"":""after digit#3"",""pd_used"":0}",1,0.016664,60.008471,1
Sergio_G01_CNS-LLF5RV3D8,cpeeg02,ses05,20260827_123026,2026-08-27 12:30:58.568337,NaN,5,digit,DIGIT4_ON,144,2026-08-27 12:37:49.069520,410.457803,0.550454,,5,,,,keyboard,digit#4 shown,"{""value"":5,""note"":""digit#4 shown"",""pd_used"":1}",1,0.016664,60.008471,1
Sergio_G01_CNS-LLF5RV3D8,cpeeg02,ses05,20260827_123026,2026-08-27 12:30:58.568337,NaN,5,digit,DIGIT4_OFF,149,2026-08-27 12:37:49.618512,411.008258,0.000000,,5,,,,keyboard,digit#4 off,"{""value"":5,""note"":""digit#4 off"",""pd_used"":0}",1,0.016664,60.008471,1
Sergio_G01_CNS-LLF5RV3D8,cpeeg02,ses05,20260827_123026,2026-08-27 12:30:58.568337,NaN,5,digit,POSTDIG_FIX4_ON,154,2026-08-27 12:37:49.619314,411.008258,1.582959,,,,,,keyboard,after digit#4,"{""note"":""after digit#4""}",1,0.016664,60.008471,1
Sergio_G01_CNS-LLF5RV3D8,cpeeg02,ses05,20260827_123026,2026-08-27 12:30:58.568337,NaN,5,digit,POSTDIG_FIX4_OFF,159,2026-08-27 12:37:51.201509,412.591216,0.049844,,,,,,keyboard,after digit#4,"{""note"":""after digit#4"",""pd_used"":0}",1,0.016664,60.008471,1
Sergio_G01_CNS-LLF5RV3D8,cpeeg02,ses05,20260827_123026,2026-08-27 12:30:58.568337,NaN,5,digit,DIGIT5_ON,145,2026-08-27 12:37:51.252984,412.641060,0.550118,,7,,,,keyboard,digit#5 shown,"{""value"":7,""note"":""digit#5 shown"",""pd_used"":1}",1,0.016664,60.008471,1
Sergio_G01_CNS-LLF5RV3D8,cpeeg02,ses05,20260827_123026,2026-08-27 12:30:58.568337,NaN,5,digit,DIGIT5_OFF,150,2026-08-27 12:37:51.801468,413.191178,0.000000,,7,,,,keyboard,digit#5 off,"{""value"":7,""note"":""digit#5 off"",""pd_used"":0}",1,0.016664,60.008471,1
Sergio_G01_CNS-LLF5RV3D8,cpeeg02,ses05,20260827_123026,2026-08-27 12:30:58.568337,NaN,5,digit,POSTDIG_FIX5_ON,155,2026-08-27 12:37:51.802237,413.191178,3.216572,,,,,,keyboard,after digit#5,"{""note"":""after digit#5""}",1,0.016664,60.008471,1
Sergio_G01_CNS-LLF5RV3D8,cpeeg02,ses05,20260827_123026,2026-08-27 12:30:58.568337,NaN,5,digit,POSTDIG_FIX5_OFF,160,2026-08-27 12:37:55.017954,416.407750,0.050027,,,,,,keyboard,after digit#5,"{""note"":""after digit#5"",""pd_used"":0}",1,0.016664,60.008471,1
Sergio_G01_CNS-LLF5RV3D8,cpeeg02,ses05,20260827_123026,2026-08-27 12:30:58.568337,NaN,5,distractor,DISTRACTOR_ON,50,2026-08-27 12:37:55.069516,416.457777,5.898842,,8+6=14,,,,keyboard,,"{""value"":""8+6=14"",""isCorrectTruth"":true,""trueSum"":14,""pd_used"":1}",1,0.016664,60.008471,1
Sergio_G01_CNS-LLF5RV3D8,cpeeg02,ses05,20260827_123026,2026-08-27 12:30:58.568337,NaN,5,distractor,DISTRACTOR_ANS,51,2026-08-27 12:38:01.449222,422.356619,0.000000,5.898842,8+6=14,F,0,,keyboard,key= (False),"{""value"":""8+6=14"",""entered"":""F"",""rt"":5.8988421997055411,""correct"":0,""note"":""key= (False)"",""truth"":true,""trueSum"":14,""shownSum"":14,""a"":8,""b"":6}",1,0.016664,60.008471,1
Sergio_G01_CNS-LLF5RV3D8,cpeeg02,ses05,20260827_123026,2026-08-27 12:30:58.568337,NaN,5,distractor,ANS_WRONG,200,2026-08-27 12:38:01.492233,422.356619,0.584794,,,,,,keyboard,,{},1,0.016664,60.008471,1
Sergio_G01_CNS-LLF5RV3D8,cpeeg02,ses05,20260827_123026,2026-08-27 12:30:58.568337,NaN,5,distractor,DISTRACTOR_OFF,52,2026-08-27 12:38:01.551465,422.941413,0.000000,,,,,,keyboard,,"{""pd_used"":0}",1,0.016664,60.008471,1
Sergio_G01_CNS-LLF5RV3D8,cpeeg02,ses05,20260827_123026,2026-08-27 12:30:58.568337,NaN,5,distractor,FIX2_ON,60,2026-08-27 12:38:01.552175,422.941413,3.383300,,,,,,keyboard,immediate after response,"{""note"":""immediate after response""}",1,0.016664,60.008471,1
Sergio_G01_CNS-LLF5RV3D8,cpeeg02,ses05,20260827_123026,2026-08-27 12:30:58.568337,NaN,5,fix2,FIX2_OFF,61,2026-08-27 12:38:04.935157,426.324713,0.049960,,,,,,keyboard,,"{""pd_used"":0}",1,0.016664,60.008471,1
Sergio_G01_CNS-LLF5RV3D8,cpeeg02,ses05,20260827_123026,2026-08-27 12:30:58.568337,NaN,5,probe,DIGIT_RECALL_LINE_1,161,2026-08-27 12:38:04.986461,426.374674,2.123885,,1,,,,keyboard,first recall question,"{""value"":1,""note"":""first recall question"",""pd_used"":1}",1,0.016664,60.008471,1
Sergio_G01_CNS-LLF5RV3D8,cpeeg02,ses05,20260827_123026,2026-08-27 12:30:58.568337,NaN,5,probe,PROBE_DIGIT_OK_1,71,2026-08-27 12:38:07.614368,428.498559,0.659691,2.130850,slot#1,NaN,,,keyboard,probe_digit#1,"{""value"":""slot#1"",""entered"":null,""rt"":2.1308504003100097,""note"":""probe_digit#1""}",1,0.016664,60.008471,1
Sergio_G01_CNS-LLF5RV3D8,cpeeg02,ses05,20260827_123026,2026-08-27 12:30:58.568337,NaN,5,probe,DIGIT1_OFF,146,2026-08-27 12:38:07.768501,429.158250,0.000000,,7,,,,keyboard,digit#1 off,"{""value"":7,""note"":""digit#1 off"",""pd_used"":0}",1,0.016664,60.008471,1
Sergio_G01_CNS-LLF5RV3D8,cpeeg02,ses05,20260827_123026,2026-08-27 12:30:58.568337,NaN,5,probe,POSTDIG_FIX1_ON,151,2026-08-27 12:38:07.769362,429.158250,1.866139,,,,,,keyboard,after digit#1,"{""note"":""after digit#1""}",1,0.016664,60.008471,1
Sergio_G01_CNS-LLF5RV3D8,cpeeg02,ses05,20260827_123026,2026-08-27 12:30:58.568337,NaN,5,probe,POSTDIG_FIX1_OFF,156,2026-08-27 12:38:09.634618,431.024390,0.067129,,,,,,keyboard,after digit#1,"{""note"":""after digit#1"",""pd_used"":0}",1,0.016664,60.008471,1
Sergio_G01_CNS-LLF5RV3D8,cpeeg02,ses05,20260827_123026,2026-08-27 12:30:58.568337,NaN,5,probe,DIGIT_RECALL_LINE_2,162,2026-08-27 12:38:09.701564,431.091518,0.984167,,2,,,,keyboard,next recall question,"{""value"":2,""note"":""next recall question"",""pd_used"":1}",1,0.016664,60.008471,1
Sergio_G01_CNS-LLF5RV3D8,cpeeg02,ses05,20260827_123026,2026-08-27 12:30:58.568337,NaN,5,probe,PROBE_DIGIT_OK_2,71,2026-08-27 12:38:11.334943,432.075685,0.798925,5.707976,slot#2,NaN,,,keyboard,probe_digit#2,"{""value"":""slot#2"",""entered"":null,""rt"":5.7079762001521885,""note"":""probe_digit#2""}",1,0.016664,60.008471,1
Sergio_G01_CNS-LLF5RV3D8,cpeeg02,ses05,20260827_123026,2026-08-27 12:30:58.568337,NaN,5,probe,DIGIT2_OFF,147,2026-08-27 12:38:11.484832,432.874609,0.000000,,7,,,,keyboard,digit#2 off,"{""value"":7,""note"":""digit#2 off"",""pd_used"":0}",1,0.016664,60.008471,1
Sergio_G01_CNS-LLF5RV3D8,cpeeg02,ses05,20260827_123026,2026-08-27 12:30:58.568337,NaN,5,probe,POSTDIG_FIX2_ON,152,2026-08-27 12:38:11.485605,432.874609,2.049962,,,,,,keyboard,after digit#2,"{""note"":""after digit#2""}",1,0.016664,60.008471,1
Sergio_G01_CNS-LLF5RV3D8,cpeeg02,ses05,20260827_123026,2026-08-27 12:30:58.568337,NaN,5,probe,POSTDIG_FIX2_OFF,157,2026-08-27 12:38:13.534806,434.924571,0.066993,,,,,,keyboard,after digit#2,"{""note"":""after digit#2"",""pd_used"":0}",1,0.016664,60.008471,1
Sergio_G01_CNS-LLF5RV3D8,cpeeg02,ses05,20260827_123026,2026-08-27 12:30:58.568337,NaN,5,probe,DIGIT_RECALL_LINE_3,163,2026-08-27 12:38:13.602201,434.991565,0.941814,,3,,,,keyboard,next recall question,"{""value"":3,""note"":""next recall question"",""pd_used"":1}",1,0.016664,60.008471,1
Sergio_G01_CNS-LLF5RV3D8,cpeeg02,ses05,20260827_123026,2026-08-27 12:30:58.568337,NaN,5,probe,PROBE_DIGIT_OK_3,71,2026-08-27 12:38:15.178134,435.933379,0.791338,9.565670,slot#3,NaN,,,keyboard,probe_digit#3,"{""value"":""slot#3"",""entered"":null,""rt"":9.5656700003892183,""note"":""probe_digit#3""}",1,0.016664,60.008471,1
Sergio_G01_CNS-LLF5RV3D8,cpeeg02,ses05,20260827_123026,2026-08-27 12:30:58.568337,NaN,5,probe,DIGIT3_OFF,148,2026-08-27 12:38:15.335030,436.724716,0.000000,,7,,,,keyboard,digit#3 off,"{""value"":7,""note"":""digit#3 off"",""pd_used"":0}",1,0.016664,60.008471,1
Sergio_G01_CNS-LLF5RV3D8,cpeeg02,ses05,20260827_123026,2026-08-27 12:30:58.568337,NaN,5,probe,POSTDIG_FIX3_ON,153,2026-08-27 12:38:15.335833,436.724716,1.999847,,,,,,keyboard,after digit#3,"{""note"":""after digit#3""}",1,0.016664,60.008471,1
Sergio_G01_CNS-LLF5RV3D8,cpeeg02,ses05,20260827_123026,2026-08-27 12:30:58.568337,NaN,5,probe,POSTDIG_FIX3_OFF,158,2026-08-27 12:38:17.334859,438.724563,0.066821,,,,,,keyboard,after digit#3,"{""note"":""after digit#3"",""pd_used"":0}",1,0.016664,60.008471,1
Sergio_G01_CNS-LLF5RV3D8,cpeeg02,ses05,20260827_123026,2026-08-27 12:30:58.568337,NaN,5,probe,DIGIT_RECALL_LINE_4,164,2026-08-27 12:38:17.401519,438.791384,2.198997,,4,,,,keyboard,next recall question,"{""value"":4,""note"":""next recall question"",""pd_used"":1}",1,0.016664,60.008471,1
Sergio_G01_CNS-LLF5RV3D8,cpeeg02,ses05,20260827_123026,2026-08-27 12:30:58.568337,NaN,5,probe,PROBE_DIGIT_OK_4,71,2026-08-27 12:38:20.034012,440.990380,0.601000,14.622672,slot#4,NaN,,,keyboard,probe_digit#4,"{""value"":""slot#4"",""entered"":null,""rt"":14.622671800199896,""note"":""probe_digit#4""}",1,0.016664,60.008471,1
Sergio_G01_CNS-LLF5RV3D8,cpeeg02,ses05,20260827_123026,2026-08-27 12:30:58.568337,NaN,5,probe,DIGIT4_OFF,149,2026-08-27 12:38:20.201820,441.591381,0.000000,,7,,,,keyboard,digit#4 off,"{""value"":7,""note"":""digit#4 off"",""pd_used"":0}",1,0.016664,60.008471,1
Sergio_G01_CNS-LLF5RV3D8,cpeeg02,ses05,20260827_123026,2026-08-27 12:30:58.568337,NaN,5,probe,POSTDIG_FIX4_ON,154,2026-08-27 12:38:20.202614,441.591381,2.050012,,,,,,keyboard,after digit#4,"{""note"":""after digit#4""}",1,0.016664,60.008471,1
Sergio_G01_CNS-LLF5RV3D8,cpeeg02,ses05,20260827_123026,2026-08-27 12:30:58.568337,NaN,5,probe,POSTDIG_FIX4_OFF,159,2026-08-27 12:38:22.251736,443.641393,0.066857,,,,,,keyboard,after digit#4,"{""note"":""after digit#4"",""pd_used"":0}",1,0.016664,60.008471,1
Sergio_G01_CNS-LLF5RV3D8,cpeeg02,ses05,20260827_123026,2026-08-27 12:30:58.568337,NaN,5,probe,DIGIT_RECALL_LINE_5,165,2026-08-27 12:38:22.318248,443.708250,4.369730,,5,,,,keyboard,next recall question,"{""value"":5,""note"":""next recall question"",""pd_used"":1}",1,0.016664,60.008471,1
Sergio_G01_CNS-LLF5RV3D8,cpeeg02,ses05,20260827_123026,2026-08-27 12:30:58.568337,NaN,5,probe,PROBE_DIGIT_OK_5,71,2026-08-27 12:38:27.386086,448.077980,0.846774,21.710271,slot#5,NaN,,,keyboard,probe_digit#5,"{""value"":""slot#5"",""entered"":null,""rt"":21.71027100039646,""note"":""probe_digit#5""}",1,0.016664,60.008471,1
Sergio_G01_CNS-LLF5RV3D8,cpeeg02,ses05,20260827_123026,2026-08-27 12:30:58.568337,NaN,5,probe,DIGIT5_OFF,150,2026-08-27 12:38:27.535043,448.924753,0.000000,,7,,,,keyboard,digit#5 off,"{""value"":7,""note"":""digit#5 off"",""pd_used"":0}",1,0.016664,60.008471,1
Sergio_G01_CNS-LLF5RV3D8,cpeeg02,ses05,20260827_123026,2026-08-27 12:30:58.568337,NaN,5,probe,POSTDIG_FIX5_ON,155,2026-08-27 12:38:27.535824,448.924753,3.416591,,,,,,keyboard,after digit#5,"{""note"":""after digit#5""}",1,0.016664,60.008471,1
Sergio_G01_CNS-LLF5RV3D8,cpeeg02,ses05,20260827_123026,2026-08-27 12:30:58.568337,NaN,5,probe,POSTDIG_FIX5_OFF,160,2026-08-27 12:38:30.951568,452.341344,0.050298,,,,,,keyboard,after digit#5,"{""note"":""after digit#5"",""pd_used"":0}",1,0.016664,60.008471,1
Sergio_G01_CNS-LLF5RV3D8,cpeeg02,ses05,20260827_123026,2026-08-27 12:30:58.568337,NaN,5,probe,PROBE_DONE,73,2026-08-27 12:38:30.959998,452.391642,0.000765,,,,,,keyboard,probe complete,"{""value"":"""",""note"":""probe complete""}",1,0.016664,60.008471,1
Sergio_G01_CNS-LLF5RV3D8,cpeeg02,ses05,20260827_123026,2026-08-27 12:30:58.568337,NaN,5,probe,TRIAL_END,21,2026-08-27 12:38:30.960596,452.392408,0.095489,,,,,,keyboard,,{},1,0.016664,60.008471,1
Sergio_G01_CNS-LLF5RV3D8,cpeeg02,ses05,20260827_123026,2026-08-27 12:30:58.568337,NaN,6,probe,TRIAL_CHANGE,22,2026-08-27 12:38:31.056336,452.487897,0.001335,,,,,,keyboard,trial transition,"{""note"":""trial transition""}",1,0.016664,60.008471,1
Sergio_G01_CNS-LLF5RV3D8,cpeeg02,ses05,20260827_123026,2026-08-27 12:30:58.568337,NaN,6,probe,TRIAL_START,20,2026-08-27 12:38:31.057755,452.489232,0.052106,,,,,,keyboard,,{},1,0.016664,60.008471,1
Sergio_G01_CNS-LLF5RV3D8,cpeeg02,ses05,20260827_123026,2026-08-27 12:30:58.568337,NaN,6,fix1,FIX1_ON,30,2026-08-27 12:38:31.151586,452.541338,3.183493,,,,,,keyboard,,"{""pd_used"":0}",1,0.016664,60.008471,1
Sergio_G01_CNS-LLF5RV3D8,cpeeg02,ses05,20260827_123026,2026-08-27 12:30:58.568337,NaN,6,fix1,FIX1_OFF,31,2026-08-27 12:38:34.335144,455.724831,0.049907,,,,,,keyboard,,"{""pd_used"":0}",1,0.016664,60.008471,1
Sergio_G01_CNS-LLF5RV3D8,cpeeg02,ses05,20260827_123026,2026-08-27 12:30:58.568337,NaN,6,digit,DIGIT1_ON,141,2026-08-27 12:38:34.386744,455.774738,0.549949,,9,,,,keyboard,digit#1 shown,"{""value"":9,""note"":""digit#1 shown"",""pd_used"":1}",1,0.016664,60.008471,1
Sergio_G01_CNS-LLF5RV3D8,cpeeg02,ses05,20260827_123026,2026-08-27 12:30:58.568337,NaN,6,digit,DIGIT1_OFF,146,2026-08-27 12:38:34.934873,456.324686,0.000000,,9,,,,keyboard,digit#1 off,"{""value"":9,""note"":""digit#1 off"",""pd_used"":0}",1,0.016664,60.008471,1
Sergio_G01_CNS-LLF5RV3D8,cpeeg02,ses05,20260827_123026,2026-08-27 12:30:58.568337,NaN,6,digit,POSTDIG_FIX1_ON,151,2026-08-27 12:38:34.935667,456.324686,1.966619,,,,,,keyboard,after digit#1,"{""note"":""after digit#1""}",1,0.016664,60.008471,1
Sergio_G01_CNS-LLF5RV3D8,cpeeg02,ses05,20260827_123026,2026-08-27 12:30:58.568337,NaN,6,digit,POSTDIG_FIX1_OFF,156,2026-08-27 12:38:36.901560,458.291306,0.049966,,,,,,keyboard,after digit#1,"{""note"":""after digit#1"",""pd_used"":0}",1,0.016664,60.008471,1
Sergio_G01_CNS-LLF5RV3D8,cpeeg02,ses05,20260827_123026,2026-08-27 12:30:58.568337,NaN,6,digit,DIGIT2_ON,142,2026-08-27 12:38:36.953251,458.341272,0.550161,,6,,,,keyboard,digit#2 shown,"{""value"":6,""note"":""digit#2 shown"",""pd_used"":1}",1,0.016664,60.008471,1
Sergio_G01_CNS-LLF5RV3D8,cpeeg02,ses05,20260827_123026,2026-08-27 12:30:58.568337,NaN,6,digit,DIGIT2_OFF,147,2026-08-27 12:38:37.501592,458.891434,0.000000,,6,,,,keyboard,digit#2 off,"{""value"":6,""note"":""digit#2 off"",""pd_used"":0}",1,0.016664,60.008471,1
Sergio_G01_CNS-LLF5RV3D8,cpeeg02,ses05,20260827_123026,2026-08-27 12:30:58.568337,NaN,6,digit,POSTDIG_FIX2_ON,152,2026-08-27 12:38:37.502407,458.891434,1.966742,,,,,,keyboard,after digit#2,"{""note"":""after digit#2""}",1,0.016664,60.008471,1
Sergio_G01_CNS-LLF5RV3D8,cpeeg02,ses05,20260827_123026,2026-08-27 12:30:58.568337,NaN,6,digit,POSTDIG_FIX2_OFF,157,2026-08-27 12:38:39.468626,460.858176,0.049740,,,,,,keyboard,after digit#2,"{""note"":""after digit#2"",""pd_used"":0}",1,0.016664,60.008471,1
Sergio_G01_CNS-LLF5RV3D8,cpeeg02,ses05,20260827_123026,2026-08-27 12:30:58.568337,NaN,6,digit,DIGIT3_ON,143,2026-08-27 12:38:39.520259,460.907916,0.550177,,1,,,,keyboard,digit#3 shown,"{""value"":1,""note"":""digit#3 shown"",""pd_used"":1}",1,0.016664,60.008471,1
Sergio_G01_CNS-LLF5RV3D8,cpeeg02,ses05,20260827_123026,2026-08-27 12:30:58.568337,NaN,6,digit,DIGIT3_OFF,148,2026-08-27 12:38:40.068331,461.458092,0.000000,,1,,,,keyboard,digit#3 off,"{""value"":1,""note"":""digit#3 off"",""pd_used"":0}",1,0.016664,60.008471,1
Sergio_G01_CNS-LLF5RV3D8,cpeeg02,ses05,20260827_123026,2026-08-27 12:30:58.568337,NaN,6,digit,POSTDIG_FIX3_ON,153,2026-08-27 12:38:40.069104,461.458092,1.916564,,,,,,keyboard,after digit#3,"{""note"":""after digit#3""}",1,0.016664,60.008471,1
Sergio_G01_CNS-LLF5RV3D8,cpeeg02,ses05,20260827_123026,2026-08-27 12:30:58.568337,NaN,6,digit,POSTDIG_FIX3_OFF,158,2026-08-27 12:38:41.984842,463.374657,0.049921,,,,,,keyboard,after digit#3,"{""note"":""after digit#3"",""pd_used"":0}",1,0.016664,60.008471,1
Sergio_G01_CNS-LLF5RV3D8,cpeeg02,ses05,20260827_123026,2026-08-27 12:30:58.568337,NaN,6,digit,DIGIT4_ON,144,2026-08-27 12:38:42.036289,463.424578,0.550114,,5,,,,keyboard,digit#4 shown,"{""value"":5,""note"":""digit#4 shown"",""pd_used"":1}",1,0.016664,60.008471,1
Sergio_G01_CNS-LLF5RV3D8,cpeeg02,ses05,20260827_123026,2026-08-27 12:30:58.568337,NaN,6,digit,DIGIT4_OFF,149,2026-08-27 12:38:42.584946,463.974692,0.000000,,5,,,,keyboard,digit#4 off,"{""value"":5,""note"":""digit#4 off"",""pd_used"":0}",1,0.016664,60.008471,1
Sergio_G01_CNS-LLF5RV3D8,cpeeg02,ses05,20260827_123026,2026-08-27 12:30:58.568337,NaN,6,digit,POSTDIG_FIX4_ON,154,2026-08-27 12:38:42.585750,463.974692,1.683375,,,,,,keyboard,after digit#4,"{""note"":""after digit#4""}",1,0.016664,60.008471,1
Sergio_G01_CNS-LLF5RV3D8,cpeeg02,ses05,20260827_123026,2026-08-27 12:30:58.568337,NaN,6,digit,POSTDIG_FIX4_OFF,159,2026-08-27 12:38:44.268497,465.658067,0.050148,,,,,,keyboard,after digit#4,"{""note"":""after digit#4"",""pd_used"":0}",1,0.016664,60.008471,1
Sergio_G01_CNS-LLF5RV3D8,cpeeg02,ses05,20260827_123026,2026-08-27 12:30:58.568337,NaN,6,digit,DIGIT5_ON,145,2026-08-27 12:38:44.320267,465.708215,0.549971,,8,,,,keyboard,digit#5 shown,"{""value"":8,""note"":""digit#5 shown"",""pd_used"":1}",1,0.016664,60.008471,1
Sergio_G01_CNS-LLF5RV3D8,cpeeg02,ses05,20260827_123026,2026-08-27 12:30:58.568337,NaN,6,digit,DIGIT5_OFF,150,2026-08-27 12:38:44.868894,466.258185,0.000000,,8,,,,keyboard,digit#5 off,"{""value"":8,""note"":""digit#5 off"",""pd_used"":0}",1,0.016664,60.008471,1
Sergio_G01_CNS-LLF5RV3D8,cpeeg02,ses05,20260827_123026,2026-08-27 12:30:58.568337,NaN,6,digit,POSTDIG_FIX5_ON,155,2026-08-27 12:38:44.869715,466.258185,3.183196,,,,,,keyboard,after digit#5,"{""note"":""after digit#5""}",1,0.016664,60.008471,1
Sergio_G01_CNS-LLF5RV3D8,cpeeg02,ses05,20260827_123026,2026-08-27 12:30:58.568337,NaN,6,digit,POSTDIG_FIX5_OFF,160,2026-08-27 12:38:48.051693,469.441381,0.049882,,,,,,keyboard,after digit#5,"{""note"":""after digit#5"",""pd_used"":0}",1,0.016664,60.008471,1
Sergio_G01_CNS-LLF5RV3D8,cpeeg02,ses05,20260827_123026,2026-08-27 12:30:58.568337,NaN,6,distractor,DISTRACTOR_ON,50,2026-08-27 12:38:48.103321,469.491264,7.671274,,1+6=7,,,,keyboard,,"{""value"":""1+6=7"",""isCorrectTruth"":true,""trueSum"":7,""pd_used"":1}",1,0.016664,60.008471,1
Sergio_G01_CNS-LLF5RV3D8,cpeeg02,ses05,20260827_123026,2026-08-27 12:30:58.568337,NaN,6,distractor,DISTRACTOR_ANS,51,2026-08-27 12:38:56.257049,477.162538,0.000000,7.671274,1+6=7,F,0,,keyboard,key= (False),"{""value"":""1+6=7"",""entered"":""F"",""rt"":7.6712744003161788,""correct"":0,""note"":""key= (False)"",""truth"":true,""trueSum"":7,""shownSum"":7,""a"":1,""b"":6}",1,0.016664,60.008471,1
Sergio_G01_CNS-LLF5RV3D8,cpeeg02,ses05,20260827_123026,2026-08-27 12:30:58.568337,NaN,6,distractor,ANS_WRONG,200,2026-08-27 12:38:56.299575,477.162538,0.578938,,,,,,keyboard,,{},1,0.016664,60.008471,1
Sergio_G01_CNS-LLF5RV3D8,cpeeg02,ses05,20260827_123026,2026-08-27 12:30:58.568337,NaN,6,distractor,DISTRACTOR_OFF,52,2026-08-27 12:38:56.351773,477.741476,0.000000,,,,,,keyboard,,"{""pd_used"":0}",1,0.016664,60.008471,1
Sergio_G01_CNS-LLF5RV3D8,cpeeg02,ses05,20260827_123026,2026-08-27 12:30:58.568337,NaN,6,distractor,FIX2_ON,60,2026-08-27 12:38:56.352527,477.741476,3.333501,,,,,,keyboard,immediate after response,"{""note"":""immediate after response""}",1,0.016664,60.008471,1
Sergio_G01_CNS-LLF5RV3D8,cpeeg02,ses05,20260827_123026,2026-08-27 12:30:58.568337,NaN,6,fix2,FIX2_OFF,61,2026-08-27 12:38:59.685399,481.074977,0.049754,,,,,,keyboard,,"{""pd_used"":0}",1,0.016664,60.008471,1
Sergio_G01_CNS-LLF5RV3D8,cpeeg02,ses05,20260827_123026,2026-08-27 12:30:58.568337,NaN,6,probe,DIGIT_RECALL_LINE_1,161,2026-08-27 12:38:59.736629,481.124731,2.438583,,1,,,,keyboard,first recall question,"{""value"":1,""note"":""first recall question"",""pd_used"":1}",1,0.016664,60.008471,1
Sergio_G01_CNS-LLF5RV3D8,cpeeg02,ses05,20260827_123026,2026-08-27 12:30:58.568337,NaN,6,probe,PROBE_DIGIT_OK_1,71,2026-08-27 12:39:02.744384,483.563314,0.728124,2.445367,slot#1,NaN,,,keyboard,probe_digit#1,"{""value"":""slot#1"",""entered"":null,""rt"":2.4453672999516129,""note"":""probe_digit#1""}",1,0.016664,60.008471,1
Sergio_G01_CNS-LLF5RV3D8,cpeeg02,ses05,20260827_123026,2026-08-27 12:30:58.568337,NaN,6,probe,DIGIT1_OFF,146,2026-08-27 12:39:02.901534,484.291437,0.000000,,8,,,,keyboard,digit#1 off,"{""value"":8,""note"":""digit#1 off"",""pd_used"":0}",1,0.016664,60.008471,1
Sergio_G01_CNS-LLF5RV3D8,cpeeg02,ses05,20260827_123026,2026-08-27 12:30:58.568337,NaN,6,probe,POSTDIG_FIX1_ON,151,2026-08-27 12:39:02.902310,484.291437,1.666516,,,,,,keyboard,after digit#1,"{""note"":""after digit#1""}",1,0.016664,60.008471,1
Sergio_G01_CNS-LLF5RV3D8,cpeeg02,ses05,20260827_123026,2026-08-27 12:30:58.568337,NaN,6,probe,POSTDIG_FIX1_OFF,156,2026-08-27 12:39:04.568406,485.957953,0.067059,,,,,,keyboard,after digit#1,"{""note"":""after digit#1"",""pd_used"":0}",1,0.016664,60.008471,1
Sergio_G01_CNS-LLF5RV3D8,cpeeg02,ses05,20260827_123026,2026-08-27 12:30:58.568337,NaN,6,probe,DIGIT_RECALL_LINE_2,162,2026-08-27 12:39:04.635125,486.025012,0.807785,,2,,,,keyboard,next recall question,"{""value"":2,""note"":""next recall question"",""pd_used"":1}",1,0.016664,60.008471,1
Sergio_G01_CNS-LLF5RV3D8,cpeeg02,ses05,20260827_123026,2026-08-27 12:30:58.568337,NaN,6,probe,PROBE_DIGIT_OK_2,71,2026-08-27 12:39:05.895771,486.832797,0.592404,5.714850,slot#2,NaN,,,keyboard,probe_digit#2,"{""value"":""slot#2"",""entered"":null,""rt"":5.714850400108844,""note"":""probe_digit#2""}",1,0.016664,60.008471,1
Sergio_G01_CNS-LLF5RV3D8,cpeeg02,ses05,20260827_123026,2026-08-27 12:30:58.568337,NaN,6,probe,DIGIT2_OFF,147,2026-08-27 12:39:06.035471,487.425201,0.000000,,8,,,,keyboard,digit#2 off,"{""value"":8,""note"":""digit#2 off"",""pd_used"":0}",1,0.016664,60.008471,1
Sergio_G01_CNS-LLF5RV3D8,cpeeg02,ses05,20260827_123026,2026-08-27 12:30:58.568337,NaN,6,probe,POSTDIG_FIX2_ON,152,2026-08-27 12:39:06.036248,487.425201,1.616251,,,,,,keyboard,after digit#2,"{""note"":""after digit#2""}",1,0.016664,60.008471,1
Sergio_G01_CNS-LLF5RV3D8,cpeeg02,ses05,20260827_123026,2026-08-27 12:30:58.568337,NaN,6,probe,POSTDIG_FIX2_OFF,157,2026-08-27 12:39:07.651721,489.041451,0.067022,,,,,,keyboard,after digit#2,"{""note"":""after digit#2"",""pd_used"":0}",1,0.016664,60.008471,1
Sergio_G01_CNS-LLF5RV3D8,cpeeg02,ses05,20260827_123026,2026-08-27 12:30:58.568337,NaN,6,probe,DIGIT_RECALL_LINE_3,163,2026-08-27 12:39:07.718689,489.108473,0.966915,,3,,,,keyboard,next recall question,"{""value"":3,""note"":""next recall question"",""pd_used"":1}",1,0.016664,60.008471,1
Sergio_G01_CNS-LLF5RV3D8,cpeeg02,ses05,20260827_123026,2026-08-27 12:30:58.568337,NaN,6,probe,PROBE_DIGIT_OK_3,71,2026-08-27 12:39:09.084965,490.075388,0.549479,8.957441,slot#3,NaN,,,keyboard,probe_digit#3,"{""value"":""slot#3"",""entered"":null,""rt"":8.9574413001537323,""note"":""probe_digit#3""}",1,0.016664,60.008471,1
Sergio_G01_CNS-LLF5RV3D8,cpeeg02,ses05,20260827_123026,2026-08-27 12:30:58.568337,NaN,6,probe,DIGIT3_OFF,148,2026-08-27 12:39:09.234935,490.624866,0.000000,,8,,,,keyboard,digit#3 off,"{""value"":8,""note"":""digit#3 off"",""pd_used"":0}",1,0.016664,60.008471,1
Sergio_G01_CNS-LLF5RV3D8,cpeeg02,ses05,20260827_123026,2026-08-27 12:30:58.568337,NaN,6,probe,POSTDIG_FIX3_ON,153,2026-08-27 12:39:09.235722,490.624866,2.016525,,,,,,keyboard,after digit#3,"{""note"":""after digit#3""}",1,0.016664,60.008471,1
Sergio_G01_CNS-LLF5RV3D8,cpeeg02,ses05,20260827_123026,2026-08-27 12:30:58.568337,NaN,6,probe,POSTDIG_FIX3_OFF,158,2026-08-27 12:39:11.251623,492.641391,0.067190,,,,,,keyboard,after digit#3,"{""note"":""after digit#3"",""pd_used"":0}",1,0.016664,60.008471,1
Sergio_G01_CNS-LLF5RV3D8,cpeeg02,ses05,20260827_123026,2026-08-27 12:30:58.568337,NaN,6,probe,DIGIT_RECALL_LINE_4,164,2026-08-27 12:39:11.318784,492.708581,0.652558,,4,,,,keyboard,next recall question,"{""value"":4,""note"":""next recall question"",""pd_used"":1}",1,0.016664,60.008471,1
Sergio_G01_CNS-LLF5RV3D8,cpeeg02,ses05,20260827_123026,2026-08-27 12:30:58.568337,NaN,6,probe,PROBE_DIGIT_OK_4,71,2026-08-27 12:39:12.534542,493.361139,0.713730,12.243193,slot#4,NaN,,,keyboard,probe_digit#4,"{""value"":""slot#4"",""entered"":null,""rt"":12.243193000089377,""note"":""probe_digit#4""}",1,0.016664,60.008471,1
Sergio_G01_CNS-LLF5RV3D8,cpeeg02,ses05,20260827_123026,2026-08-27 12:30:58.568337,NaN,6,probe,DIGIT4_OFF,149,2026-08-27 12:39:12.684873,494.074869,0.000000,,8,,,,keyboard,digit#4 off,"{""value"":8,""note"":""digit#4 off"",""pd_used"":0}",1,0.016664,60.008471,1
Sergio_G01_CNS-LLF5RV3D8,cpeeg02,ses05,20260827_123026,2026-08-27 12:30:58.568337,NaN,6,probe,POSTDIG_FIX4_ON,154,2026-08-27 12:39:12.685684,494.074869,1.649972,,,,,,keyboard,after digit#4,"{""note"":""after digit#4""}",1,0.016664,60.008471,1
Sergio_G01_CNS-LLF5RV3D8,cpeeg02,ses05,20260827_123026,2026-08-27 12:30:58.568337,NaN,6,probe,POSTDIG_FIX4_OFF,159,2026-08-27 12:39:14.335299,495.724842,0.067040,,,,,,keyboard,after digit#4,"{""note"":""after digit#4"",""pd_used"":0}",1,0.016664,60.008471,1
Sergio_G01_CNS-LLF5RV3D8,cpeeg02,ses05,20260827_123026,2026-08-27 12:30:58.568337,NaN,6,probe,DIGIT_RECALL_LINE_5,165,2026-08-27 12:39:14.402076,495.791882,0.971826,,5,,,,keyboard,next recall question,"{""value"":5,""note"":""next recall question"",""pd_used"":1}",1,0.016664,60.008471,1
Sergio_G01_CNS-LLF5RV3D8,cpeeg02,ses05,20260827_123026,2026-08-27 12:30:58.568337,NaN,6,probe,PROBE_DIGIT_OK_5,71,2026-08-27 12:39:15.755087,496.763708,0.544571,15.645761,slot#5,NaN,,,keyboard,probe_digit#5,"{""value"":""slot#5"",""entered"":null,""rt"":15.645761299878359,""note"":""probe_digit#5""}",1,0.016664,60.008471,1
Sergio_G01_CNS-LLF5RV3D8,cpeeg02,ses05,20260827_123026,2026-08-27 12:30:58.568337,NaN,6,probe,DIGIT5_OFF,150,2026-08-27 12:39:15.918373,497.308279,0.000000,,8,,,,keyboard,digit#5 off,"{""value"":8,""note"":""digit#5 off"",""pd_used"":0}",1,0.016664,60.008471,1
Sergio_G01_CNS-LLF5RV3D8,cpeeg02,ses05,20260827_123026,2026-08-27 12:30:58.568337,NaN,6,probe,POSTDIG_FIX5_ON,155,2026-08-27 12:39:15.919234,497.308279,3.249849,,,,,,keyboard,after digit#5,"{""note"":""after digit#5""}",1,0.016664,60.008471,1
Sergio_G01_CNS-LLF5RV3D8,cpeeg02,ses05,20260827_123026,2026-08-27 12:30:58.568337,NaN,6,probe,POSTDIG_FIX5_OFF,160,2026-08-27 12:39:19.168539,500.558127,0.050362,,,,,,keyboard,after digit#5,"{""note"":""after digit#5"",""pd_used"":0}",1,0.016664,60.008471,1
Sergio_G01_CNS-LLF5RV3D8,cpeeg02,ses05,20260827_123026,2026-08-27 12:30:58.568337,NaN,6,probe,PROBE_DONE,73,2026-08-27 12:39:19.176825,500.608489,0.000739,,,,,,keyboard,probe complete,"{""value"":"""",""note"":""probe complete""}",1,0.016664,60.008471,1
Sergio_G01_CNS-LLF5RV3D8,cpeeg02,ses05,20260827_123026,2026-08-27 12:30:58.568337,NaN,6,probe,TRIAL_END,21,2026-08-27 12:39:19.177413,500.609228,0.107053,,,,,,keyboard,,{},1,0.016664,60.008471,1
Sergio_G01_CNS-LLF5RV3D8,cpeeg02,ses05,20260827_123026,2026-08-27 12:30:58.568337,NaN,7,probe,TRIAL_CHANGE,22,2026-08-27 12:39:19.284935,500.716281,0.001311,,,,,,keyboard,trial transition,"{""note"":""trial transition""}",1,0.016664,60.008471,1
Sergio_G01_CNS-LLF5RV3D8,cpeeg02,ses05,20260827_123026,2026-08-27 12:30:58.568337,NaN,7,probe,TRIAL_START,20,2026-08-27 12:39:19.285851,500.717591,0.057315,,,,,,keyboard,,{},1,0.016664,60.008471,1
Sergio_G01_CNS-LLF5RV3D8,cpeeg02,ses05,20260827_123026,2026-08-27 12:30:58.568337,NaN,7,fix1,FIX1_ON,30,2026-08-27 12:39:19.384967,500.774906,3.133536,,,,,,keyboard,,"{""pd_used"":0}",1,0.016664,60.008471,1
Sergio_G01_CNS-LLF5RV3D8,cpeeg02,ses05,20260827_123026,2026-08-27 12:30:58.568337,NaN,7,fix1,FIX1_OFF,31,2026-08-27 12:39:22.518714,503.908442,0.049638,,,,,,keyboard,,"{""pd_used"":0}",1,0.016664,60.008471,1
Sergio_G01_CNS-LLF5RV3D8,cpeeg02,ses05,20260827_123026,2026-08-27 12:30:58.568337,NaN,7,digit,DIGIT1_ON,141,2026-08-27 12:39:22.570413,503.958081,0.550186,,7,,,,keyboard,digit#1 shown,"{""value"":7,""note"":""digit#1 shown"",""pd_used"":1}",1,0.016664,60.008471,1
Sergio_G01_CNS-LLF5RV3D8,cpeeg02,ses05,20260827_123026,2026-08-27 12:30:58.568337,NaN,7,digit,DIGIT1_OFF,146,2026-08-27 12:39:23.118456,504.508267,0.000000,,7,,,,keyboard,digit#1 off,"{""value"":7,""note"":""digit#1 off"",""pd_used"":0}",1,0.016664,60.008471,1
Sergio_G01_CNS-LLF5RV3D8,cpeeg02,ses05,20260827_123026,2026-08-27 12:30:58.568337,NaN,7,digit,POSTDIG_FIX1_ON,151,2026-08-27 12:39:23.119239,504.508267,1.833289,,,,,,keyboard,after digit#1,"{""note"":""after digit#1""}",1,0.016664,60.008471,1
Sergio_G01_CNS-LLF5RV3D8,cpeeg02,ses05,20260827_123026,2026-08-27 12:30:58.568337,NaN,7,digit,POSTDIG_FIX1_OFF,156,2026-08-27 12:39:24.951799,506.341555,0.049926,,,,,,keyboard,after digit#1,"{""note"":""after digit#1"",""pd_used"":0}",1,0.016664,60.008471,1
Sergio_G01_CNS-LLF5RV3D8,cpeeg02,ses05,20260827_123026,2026-08-27 12:30:58.568337,NaN,7,digit,DIGIT2_ON,142,2026-08-27 12:39:25.003248,506.391482,0.550058,,6,,,,keyboard,digit#2 shown,"{""value"":6,""note"":""digit#2 shown"",""pd_used"":1}",1,0.016664,60.008471,1
Sergio_G01_CNS-LLF5RV3D8,cpeeg02,ses05,20260827_123026,2026-08-27 12:30:58.568337,NaN,7,digit,DIGIT2_OFF,147,2026-08-27 12:39:25.551788,506.941540,0.000000,,6,,,,keyboard,digit#2 off,"{""value"":6,""note"":""digit#2 off"",""pd_used"":0}",1,0.016664,60.008471,1
Sergio_G01_CNS-LLF5RV3D8,cpeeg02,ses05,20260827_123026,2026-08-27 12:30:58.568337,NaN,7,digit,POSTDIG_FIX2_ON,152,2026-08-27 12:39:25.552589,506.941540,1.683228,,,,,,keyboard,after digit#2,"{""note"":""after digit#2""}",1,0.016664,60.008471,1
Sergio_G01_CNS-LLF5RV3D8,cpeeg02,ses05,20260827_123026,2026-08-27 12:30:58.568337,NaN,7,digit,POSTDIG_FIX2_OFF,157,2026-08-27 12:39:27.234997,508.624768,0.050204,,,,,,keyboard,after digit#2,"{""note"":""after digit#2"",""pd_used"":0}",1,0.016664,60.008471,1
Sergio_G01_CNS-LLF5RV3D8,cpeeg02,ses05,20260827_123026,2026-08-27 12:30:58.568337,NaN,7,digit,DIGIT3_ON,143,2026-08-27 12:39:27.286471,508.674971,0.549924,,6,,,,keyboard,digit#3 shown,"{""value"":6,""note"":""digit#3 shown"",""pd_used"":1}",1,0.016664,60.008471,1
Sergio_G01_CNS-LLF5RV3D8,cpeeg02,ses05,20260827_123026,2026-08-27 12:30:58.568337,NaN,7,digit,DIGIT3_OFF,148,2026-08-27 12:39:27.835373,509.224896,0.000000,,6,,,,keyboard,digit#3 off,"{""value"":6,""note"":""digit#3 off"",""pd_used"":0}",1,0.016664,60.008471,1
Sergio_G01_CNS-LLF5RV3D8,cpeeg02,ses05,20260827_123026,2026-08-27 12:30:58.568337,NaN,7,digit,POSTDIG_FIX3_ON,153,2026-08-27 12:39:27.836148,509.224896,1.583441,,,,,,keyboard,after digit#3,"{""note"":""after digit#3""}",1,0.016664,60.008471,1
Sergio_G01_CNS-LLF5RV3D8,cpeeg02,ses05,20260827_123026,2026-08-27 12:30:58.568337,NaN,7,digit,POSTDIG_FIX3_OFF,158,2026-08-27 12:39:29.418579,510.808337,0.049686,,,,,,keyboard,after digit#3,"{""note"":""after digit#3"",""pd_used"":0}",1,0.016664,60.008471,1
Sergio_G01_CNS-LLF5RV3D8,cpeeg02,ses05,20260827_123026,2026-08-27 12:30:58.568337,NaN,7,digit,DIGIT4_ON,144,2026-08-27 12:39:29.470041,510.858024,0.550664,,5,,,,keyboard,digit#4 shown,"{""value"":5,""note"":""digit#4 shown"",""pd_used"":1}",1,0.016664,60.008471,1
Sergio_G01_CNS-LLF5RV3D8,cpeeg02,ses05,20260827_123026,2026-08-27 12:30:58.568337,NaN,7,digit,DIGIT4_OFF,149,2026-08-27 12:39:30.018991,511.408687,0.000000,,5,,,,keyboard,digit#4 off,"{""value"":5,""note"":""digit#4 off"",""pd_used"":0}",1,0.016664,60.008471,1
Sergio_G01_CNS-LLF5RV3D8,cpeeg02,ses05,20260827_123026,2026-08-27 12:30:58.568337,NaN,7,digit,POSTDIG_FIX4_ON,154,2026-08-27 12:39:30.019778,511.408687,1.782848,,,,,,keyboard,after digit#4,"{""note"":""after digit#4""}",1,0.016664,60.008471,1
Sergio_G01_CNS-LLF5RV3D8,cpeeg02,ses05,20260827_123026,2026-08-27 12:30:58.568337,NaN,7,digit,POSTDIG_FIX4_OFF,159,2026-08-27 12:39:31.801778,513.191535,0.050011,,,,,,keyboard,after digit#4,"{""note"":""after digit#4"",""pd_used"":0}",1,0.016664,60.008471,1
Sergio_G01_CNS-LLF5RV3D8,cpeeg02,ses05,20260827_123026,2026-08-27 12:30:58.568337,NaN,7,digit,DIGIT5_ON,145,2026-08-27 12:39:31.853240,513.241546,0.549929,,5,,,,keyboard,digit#5 shown,"{""value"":5,""note"":""digit#5 shown"",""pd_used"":1}",1,0.016664,60.008471,1
Sergio_G01_CNS-LLF5RV3D8,cpeeg02,ses05,20260827_123026,2026-08-27 12:30:58.568337,NaN,7,digit,DIGIT5_OFF,150,2026-08-27 12:39:32.401704,513.791475,0.000000,,5,,,,keyboard,digit#5 off,"{""value"":5,""note"":""digit#5 off"",""pd_used"":0}",1,0.016664,60.008471,1
Sergio_G01_CNS-LLF5RV3D8,cpeeg02,ses05,20260827_123026,2026-08-27 12:30:58.568337,NaN,7,digit,POSTDIG_FIX5_ON,155,2026-08-27 12:39:32.402480,513.791475,3.250036,,,,,,keyboard,after digit#5,"{""note"":""after digit#5""}",1,0.016664,60.008471,1
Sergio_G01_CNS-LLF5RV3D8,cpeeg02,ses05,20260827_123026,2026-08-27 12:30:58.568337,NaN,7,digit,POSTDIG_FIX5_OFF,160,2026-08-27 12:39:35.651829,517.041511,0.050163,,,,,,keyboard,after digit#5,"{""note"":""after digit#5"",""pd_used"":0}",1,0.016664,60.008471,1
Sergio_G01_CNS-LLF5RV3D8,cpeeg02,ses05,20260827_123026,2026-08-27 12:30:58.568337,NaN,7,distractor,DISTRACTOR_ON,50,2026-08-27 12:39:35.703424,517.091674,13.378626,,9+5=14,,,,keyboard,,"{""value"":""9+5=14"",""isCorrectTruth"":true,""trueSum"":14,""pd_used"":1}",1,0.016664,60.008471,1
Sergio_G01_CNS-LLF5RV3D8,cpeeg02,ses05,20260827_123026,2026-08-27 12:30:58.568337,NaN,7,distractor,DISTRACTOR_ANS,51,2026-08-27 12:39:49.490475,530.470300,0.000000,13.378626,9+5=14,F,0,,keyboard,key= (False),"{""value"":""9+5=14"",""entered"":""F"",""rt"":13.378625600133091,""correct"":0,""note"":""key= (False)"",""truth"":true,""trueSum"":14,""shownSum"":14,""a"":9,""b"":5}",1,0.016664,60.008471,1
Sergio_G01_CNS-LLF5RV3D8,cpeeg02,ses05,20260827_123026,2026-08-27 12:30:58.568337,NaN,7,distractor,ANS_WRONG,200,2026-08-27 12:39:49.532990,530.470300,0.504768,,,,,,keyboard,,{},1,0.016664,60.008471,1
Sergio_G01_CNS-LLF5RV3D8,cpeeg02,ses05,20260827_123026,2026-08-27 12:30:58.568337,NaN,7,distractor,DISTRACTOR_OFF,52,2026-08-27 12:39:49.585156,530.975068,0.000000,,,,,,keyboard,,"{""pd_used"":0}",1,0.016664,60.008471,1
Sergio_G01_CNS-LLF5RV3D8,cpeeg02,ses05,20260827_123026,2026-08-27 12:30:58.568337,NaN,7,distractor,FIX2_ON,60,2026-08-27 12:39:49.585857,530.975068,3.216539,,,,,,keyboard,immediate after response,"{""note"":""immediate after response""}",1,0.016664,60.008471,1
Sergio_G01_CNS-LLF5RV3D8,cpeeg02,ses05,20260827_123026,2026-08-27 12:30:58.568337,NaN,7,fix2,FIX2_OFF,61,2026-08-27 12:39:52.802138,534.191607,0.050152,,,,,,keyboard,,"{""pd_used"":0}",1,0.016664,60.008471,1
Sergio_G01_CNS-LLF5RV3D8,cpeeg02,ses05,20260827_123026,2026-08-27 12:30:58.568337,NaN,7,probe,DIGIT_RECALL_LINE_1,161,2026-08-27 12:39:52.853795,534.241759,2.440992,,1,,,,keyboard,first recall question,"{""value"":1,""note"":""first recall question"",""pd_used"":1}",1,0.016664,60.008471,1
Sergio_G01_CNS-LLF5RV3D8,cpeeg02,ses05,20260827_123026,2026-08-27 12:30:58.568337,NaN,7,probe,PROBE_DIGIT_OK_1,71,2026-08-27 12:39:55.571679,536.682750,0.425664,2.448053,slot#1,NaN,,,keyboard,probe_digit#1,"{""value"":""slot#1"",""entered"":null,""rt"":2.448053099680692,""note"":""probe_digit#1""}",1,0.016664,60.008471,1
Sergio_G01_CNS-LLF5RV3D8,cpeeg02,ses05,20260827_123026,2026-08-27 12:30:58.568337,NaN,7,probe,DIGIT1_OFF,146,2026-08-27 12:39:55.718751,537.108415,0.000000,,5,,,,keyboard,digit#1 off,"{""value"":5,""note"":""digit#1 off"",""pd_used"":0}",1,0.016664,60.008471,1
Sergio_G01_CNS-LLF5RV3D8,cpeeg02,ses05,20260827_123026,2026-08-27 12:30:58.568337,NaN,7,probe,POSTDIG_FIX1_ON,151,2026-08-27 12:39:55.719582,537.108415,1.900288,,,,,,keyboard,after digit#1,"{""note"":""after digit#1""}",1,0.016664,60.008471,1
Sergio_G01_CNS-LLF5RV3D8,cpeeg02,ses05,20260827_123026,2026-08-27 12:30:58.568337,NaN,7,probe,POSTDIG_FIX1_OFF,156,2026-08-27 12:39:57.619134,539.008703,0.066591,,,,,,keyboard,after digit#1,"{""note"":""after digit#1"",""pd_used"":0}",1,0.016664,60.008471,1
Sergio_G01_CNS-LLF5RV3D8,cpeeg02,ses05,20260827_123026,2026-08-27 12:30:58.568337,NaN,7,probe,DIGIT_RECALL_LINE_2,162,2026-08-27 12:39:57.685434,539.075294,2.267268,,2,,,,keyboard,next recall question,"{""value"":2,""note"":""next recall question"",""pd_used"":1}",1,0.016664,60.008471,1
Sergio_G01_CNS-LLF5RV3D8,cpeeg02,ses05,20260827_123026,2026-08-27 12:30:58.568337,NaN,7,probe,PROBE_DIGIT_OK_2,71,2026-08-27 12:40:00.504913,541.342562,0.715938,7.107865,slot#2,NaN,,,keyboard,probe_digit#2,"{""value"":""slot#2"",""entered"":null,""rt"":7.1078645000234246,""note"":""probe_digit#2""}",1,0.016664,60.008471,1
Sergio_G01_CNS-LLF5RV3D8,cpeeg02,ses05,20260827_123026,2026-08-27 12:30:58.568337,NaN,7,probe,DIGIT2_OFF,147,2026-08-27 12:40:00.668923,542.058499,0.000000,,5,,,,keyboard,digit#2 off,"{""value"":5,""note"":""digit#2 off"",""pd_used"":0}",1,0.016664,60.008471,1
Sergio_G01_CNS-LLF5RV3D8,cpeeg02,ses05,20260827_123026,2026-08-27 12:30:58.568337,NaN,7,probe,POSTDIG_FIX2_ON,152,2026-08-27 12:40:00.669701,542.058499,1.883144,,,,,,keyboard,after digit#2,"{""note"":""after digit#2""}",1,0.016664,60.008471,1
Sergio_G01_CNS-LLF5RV3D8,cpeeg02,ses05,20260827_123026,2026-08-27 12:30:58.568337,NaN,7,probe,POSTDIG_FIX2_OFF,157,2026-08-27 12:40:02.551961,543.941644,0.067099,,,,,,keyboard,after digit#2,"{""note"":""after digit#2"",""pd_used"":0}",1,0.016664,60.008471,1
Sergio_G01_CNS-LLF5RV3D8,cpeeg02,ses05,20260827_123026,2026-08-27 12:30:58.568337,NaN,7,probe,DIGIT_RECALL_LINE_3,163,2026-08-27 12:40:02.618776,544.008743,0.935033,,3,,,,keyboard,next recall question,"{""value"":3,""note"":""next recall question"",""pd_used"":1}",1,0.016664,60.008471,1
Sergio_G01_CNS-LLF5RV3D8,cpeeg02,ses05,20260827_123026,2026-08-27 12:30:58.568337,NaN,7,probe,PROBE_DIGIT_OK_3,71,2026-08-27 12:40:04.137868,544.943776,0.731382,10.709079,slot#3,NaN,,,keyboard,probe_digit#3,"{""value"":""slot#3"",""entered"":null,""rt"":10.709078899584711,""note"":""probe_digit#3""}",1,0.016664,60.008471,1
Sergio_G01_CNS-LLF5RV3D8,cpeeg02,ses05,20260827_123026,2026-08-27 12:30:58.568337,NaN,7,probe,DIGIT3_OFF,148,2026-08-27 12:40:04.285365,545.675158,0.000000,,5,,,,keyboard,digit#3 off,"{""value"":5,""note"":""digit#3 off"",""pd_used"":0}",1,0.016664,60.008471,1
Sergio_G01_CNS-LLF5RV3D8,cpeeg02,ses05,20260827_123026,2026-08-27 12:30:58.568337,NaN,7,probe,POSTDIG_FIX3_ON,153,2026-08-27 12:40:04.286163,545.675158,1.833316,,,,,,keyboard,after digit#3,"{""note"":""after digit#3""}",1,0.016664,60.008471,1
Sergio_G01_CNS-LLF5RV3D8,cpeeg02,ses05,20260827_123026,2026-08-27 12:30:58.568337,NaN,7,probe,POSTDIG_FIX3_OFF,158,2026-08-27 12:40:06.118704,547.508473,0.066950,,,,,,keyboard,after digit#3,"{""note"":""after digit#3"",""pd_used"":0}",1,0.016664,60.008471,1
Sergio_G01_CNS-LLF5RV3D8,cpeeg02,ses05,20260827_123026,2026-08-27 12:30:58.568337,NaN,7,probe,DIGIT_RECALL_LINE_4,164,2026-08-27 12:40:06.185494,547.575423,0.675020,,4,,,,keyboard,next recall question,"{""value"":4,""note"":""next recall question"",""pd_used"":1}",1,0.016664,60.008471,1
Sergio_G01_CNS-LLF5RV3D8,cpeeg02,ses05,20260827_123026,2026-08-27 12:30:58.568337,NaN,7,probe,PROBE_DIGIT_OK_4,71,2026-08-27 12:40:07.614990,548.250443,0.908016,14.015746,slot#4,NaN,,,keyboard,probe_digit#4,"{""value"":""slot#4"",""entered"":null,""rt"":14.0157459997572,""note"":""probe_digit#4""}",1,0.016664,60.008471,1
Sergio_G01_CNS-LLF5RV3D8,cpeeg02,ses05,20260827_123026,2026-08-27 12:30:58.568337,NaN,7,probe,DIGIT4_OFF,149,2026-08-27 12:40:07.768788,549.158459,0.000000,,5,,,,keyboard,digit#4 off,"{""value"":5,""note"":""digit#4 off"",""pd_used"":0}",1,0.016664,60.008471,1
Sergio_G01_CNS-LLF5RV3D8,cpeeg02,ses05,20260827_123026,2026-08-27 12:30:58.568337,NaN,7,probe,POSTDIG_FIX4_ON,154,2026-08-27 12:40:07.769656,549.158459,1.683214,,,,,,keyboard,after digit#4,"{""note"":""after digit#4""}",1,0.016664,60.008471,1
Sergio_G01_CNS-LLF5RV3D8,cpeeg02,ses05,20260827_123026,2026-08-27 12:30:58.568337,NaN,7,probe,POSTDIG_FIX4_OFF,159,2026-08-27 12:40:09.452168,550.841673,0.067121,,,,,,keyboard,after digit#4,"{""note"":""after digit#4"",""pd_used"":0}",1,0.016664,60.008471,1
Sergio_G01_CNS-LLF5RV3D8,cpeeg02,ses05,20260827_123026,2026-08-27 12:30:58.568337,NaN,7,probe,DIGIT_RECALL_LINE_5,165,2026-08-27 12:40:09.518976,550.908794,1.442440,,5,,,,keyboard,next recall question,"{""value"":5,""note"":""next recall question"",""pd_used"":1}",1,0.016664,60.008471,1
Sergio_G01_CNS-LLF5RV3D8,cpeeg02,ses05,20260827_123026,2026-08-27 12:30:58.568337,NaN,7,probe,PROBE_DIGIT_OK_5,71,2026-08-27 12:40:11.606791,552.351234,0.790589,18.116537,slot#5,NaN,,,keyboard,probe_digit#5,"{""value"":""slot#5"",""entered"":null,""rt"":18.116536600049585,""note"":""probe_digit#5""}",1,0.016664,60.008471,1
Sergio_G01_CNS-LLF5RV3D8,cpeeg02,ses05,20260827_123026,2026-08-27 12:30:58.568337,NaN,7,probe,DIGIT5_OFF,150,2026-08-27 12:40:11.751857,553.141823,0.000000,,5,,,,keyboard,digit#5 off,"{""value"":5,""note"":""digit#5 off"",""pd_used"":0}",1,0.016664,60.008471,1
Sergio_G01_CNS-LLF5RV3D8,cpeeg02,ses05,20260827_123026,2026-08-27 12:30:58.568337,NaN,7,probe,POSTDIG_FIX5_ON,155,2026-08-27 12:40:11.752655,553.141823,3.516565,,,,,,keyboard,after digit#5,"{""note"":""after digit#5""}",1,0.016664,60.008471,1
Sergio_G01_CNS-LLF5RV3D8,cpeeg02,ses05,20260827_123026,2026-08-27 12:30:58.568337,NaN,7,probe,POSTDIG_FIX5_OFF,160,2026-08-27 12:40:15.268593,556.658387,0.049958,,,,,,keyboard,after digit#5,"{""note"":""after digit#5"",""pd_used"":0}",1,0.016664,60.008471,1
Sergio_G01_CNS-LLF5RV3D8,cpeeg02,ses05,20260827_123026,2026-08-27 12:30:58.568337,NaN,7,probe,PROBE_DONE,73,2026-08-27 12:40:15.276700,556.708345,0.000776,,,,,,keyboard,probe complete,"{""value"":"""",""note"":""probe complete""}",1,0.016664,60.008471,1
Sergio_G01_CNS-LLF5RV3D8,cpeeg02,ses05,20260827_123026,2026-08-27 12:30:58.568337,NaN,7,probe,TRIAL_END,21,2026-08-27 12:40:15.277310,556.709122,0.099726,,,,,,keyboard,,{},1,0.016664,60.008471,1
Sergio_G01_CNS-LLF5RV3D8,cpeeg02,ses05,20260827_123026,2026-08-27 12:30:58.568337,NaN,8,probe,TRIAL_CHANGE,22,2026-08-27 12:40:15.377284,556.808848,0.001131,,,,,,keyboard,trial transition,"{""note"":""trial transition""}",1,0.016664,60.008471,1
Sergio_G01_CNS-LLF5RV3D8,cpeeg02,ses05,20260827_123026,2026-08-27 12:30:58.568337,NaN,8,probe,TRIAL_START,20,2026-08-27 12:40:15.378178,556.809979,0.048523,,,,,,keyboard,,{},1,0.016664,60.008471,1
Sergio_G01_CNS-LLF5RV3D8,cpeeg02,ses05,20260827_123026,2026-08-27 12:30:58.568337,NaN,8,fix1,FIX1_ON,30,2026-08-27 12:40:15.471829,556.858503,3.516680,,,,,,keyboard,,"{""pd_used"":0}",1,0.016664,60.008471,1
Sergio_G01_CNS-LLF5RV3D8,cpeeg02,ses05,20260827_123026,2026-08-27 12:30:58.568337,NaN,8,fix1,FIX1_OFF,31,2026-08-27 12:40:18.985494,560.375182,0.049725,,,,,,keyboard,,"{""pd_used"":0}",1,0.016664,60.008471,1
Sergio_G01_CNS-LLF5RV3D8,cpeeg02,ses05,20260827_123026,2026-08-27 12:30:58.568337,NaN,8,digit,DIGIT1_ON,141,2026-08-27 12:40:19.037163,560.424907,0.550389,,2,,,,keyboard,digit#1 shown,"{""value"":2,""note"":""digit#1 shown"",""pd_used"":1}",1,0.016664,60.008471,1
Sergio_G01_CNS-LLF5RV3D8,cpeeg02,ses05,20260827_123026,2026-08-27 12:30:58.568337,NaN,8,digit,DIGIT1_OFF,146,2026-08-27 12:40:19.585769,560.975296,0.000000,,2,,,,keyboard,digit#1 off,"{""value"":2,""note"":""digit#1 off"",""pd_used"":0}",1,0.016664,60.008471,1
Sergio_G01_CNS-LLF5RV3D8,cpeeg02,ses05,20260827_123026,2026-08-27 12:30:58.568337,NaN,8,digit,POSTDIG_FIX1_ON,151,2026-08-27 12:40:19.586542,560.975296,1.966544,,,,,,keyboard,after digit#1,"{""note"":""after digit#1""}",1,0.016664,60.008471,1
Sergio_G01_CNS-LLF5RV3D8,cpeeg02,ses05,20260827_123026,2026-08-27 12:30:58.568337,NaN,8,digit,POSTDIG_FIX1_OFF,156,2026-08-27 12:40:21.552104,562.941840,0.049976,,,,,,keyboard,after digit#1,"{""note"":""after digit#1"",""pd_used"":0}",1,0.016664,60.008471,1
Sergio_G01_CNS-LLF5RV3D8,cpeeg02,ses05,20260827_123026,2026-08-27 12:30:58.568337,NaN,8,digit,DIGIT2_ON,142,2026-08-27 12:40:21.603512,562.991816,0.550026,,4,,,,keyboard,digit#2 shown,"{""value"":4,""note"":""digit#2 shown"",""pd_used"":1}",1,0.016664,60.008471,1
Sergio_G01_CNS-LLF5RV3D8,cpeeg02,ses05,20260827_123026,2026-08-27 12:30:58.568337,NaN,8,digit,DIGIT2_OFF,147,2026-08-27 12:40:22.152054,563.541842,0.000000,,4,,,,keyboard,digit#2 off,"{""value"":4,""note"":""digit#2 off"",""pd_used"":0}",1,0.016664,60.008471,1
Sergio_G01_CNS-LLF5RV3D8,cpeeg02,ses05,20260827_123026,2026-08-27 12:30:58.568337,NaN,8,digit,POSTDIG_FIX2_ON,152,2026-08-27 12:40:22.152854,563.541842,1.699896,,,,,,keyboard,after digit#2,"{""note"":""after digit#2""}",1,0.016664,60.008471,1
Sergio_G01_CNS-LLF5RV3D8,cpeeg02,ses05,20260827_123026,2026-08-27 12:30:58.568337,NaN,8,digit,POSTDIG_FIX2_OFF,157,2026-08-27 12:40:23.852028,565.241738,0.049917,,,,,,keyboard,after digit#2,"{""note"":""after digit#2"",""pd_used"":0}",1,0.016664,60.008471,1
Sergio_G01_CNS-LLF5RV3D8,cpeeg02,ses05,20260827_123026,2026-08-27 12:30:58.568337,NaN,8,digit,DIGIT3_ON,143,2026-08-27 12:40:23.903505,565.291655,0.550174,,2,,,,keyboard,digit#3 shown,"{""value"":2,""note"":""digit#3 shown"",""pd_used"":1}",1,0.016664,60.008471,1
Sergio_G01_CNS-LLF5RV3D8,cpeeg02,ses05,20260827_123026,2026-08-27 12:30:58.568337,NaN,8,digit,DIGIT3_OFF,148,2026-08-27 12:40:24.451876,565.841829,0.000000,,2,,,,keyboard,digit#3 off,"{""value"":2,""note"":""digit#3 off"",""pd_used"":0}",1,0.016664,60.008471,1
Sergio_G01_CNS-LLF5RV3D8,cpeeg02,ses05,20260827_123026,2026-08-27 12:30:58.568337,NaN,8,digit,POSTDIG_FIX3_ON,153,2026-08-27 12:40:24.452667,565.841829,1.916677,,,,,,keyboard,after digit#3,"{""note"":""after digit#3""}",1,0.016664,60.008471,1
Sergio_G01_CNS-LLF5RV3D8,cpeeg02,ses05,20260827_123026,2026-08-27 12:30:58.568337,NaN,8,digit,POSTDIG_FIX3_OFF,158,2026-08-27 12:40:26.368642,567.758506,0.050113,,,,,,keyboard,after digit#3,"{""note"":""after digit#3"",""pd_used"":0}",1,0.016664,60.008471,1
Sergio_G01_CNS-LLF5RV3D8,cpeeg02,ses05,20260827_123026,2026-08-27 12:30:58.568337,NaN,8,digit,DIGIT4_ON,144,2026-08-27 12:40:26.419879,567.808619,0.550130,,7,,,,keyboard,digit#4 shown,"{""value"":7,""note"":""digit#4 shown"",""pd_used"":1}",1,0.016664,60.008471,1
Sergio_G01_CNS-LLF5RV3D8,cpeeg02,ses05,20260827_123026,2026-08-27 12:30:58.568337,NaN,8,digit,DIGIT4_OFF,149,2026-08-27 12:40:26.969156,568.358748,0.000000,,7,,,,keyboard,digit#4 off,"{""value"":7,""note"":""digit#4 off"",""pd_used"":0}",1,0.016664,60.008471,1
Sergio_G01_CNS-LLF5RV3D8,cpeeg02,ses05,20260827_123026,2026-08-27 12:30:58.568337,NaN,8,digit,POSTDIG_FIX4_ON,154,2026-08-27 12:40:26.969998,568.358748,1.999943,,,,,,keyboard,after digit#4,"{""note"":""after digit#4""}",1,0.016664,60.008471,1
Sergio_G01_CNS-LLF5RV3D8,cpeeg02,ses05,20260827_123026,2026-08-27 12:30:58.568337,NaN,8,digit,POSTDIG_FIX4_OFF,159,2026-08-27 12:40:28.969038,570.358692,0.050019,,,,,,keyboard,after digit#4,"{""note"":""after digit#4"",""pd_used"":0}",1,0.016664,60.008471,1
Sergio_G01_CNS-LLF5RV3D8,cpeeg02,ses05,20260827_123026,2026-08-27 12:30:58.568337,NaN,8,digit,DIGIT5_ON,145,2026-08-27 12:40:29.020461,570.408710,0.549771,,3,,,,keyboard,digit#5 shown,"{""value"":3,""note"":""digit#5 shown"",""pd_used"":1}",1,0.016664,60.008471,1
Sergio_G01_CNS-LLF5RV3D8,cpeeg02,ses05,20260827_123026,2026-08-27 12:30:58.568337,NaN,8,digit,DIGIT5_OFF,150,2026-08-27 12:40:29.568821,570.958481,0.000000,,3,,,,keyboard,digit#5 off,"{""value"":3,""note"":""digit#5 off"",""pd_used"":0}",1,0.016664,60.008471,1
Sergio_G01_CNS-LLF5RV3D8,cpeeg02,ses05,20260827_123026,2026-08-27 12:30:58.568337,NaN,8,digit,POSTDIG_FIX5_ON,155,2026-08-27 12:40:29.569648,570.958481,3.233416,,,,,,keyboard,after digit#5,"{""note"":""after digit#5""}",1,0.016664,60.008471,1
Sergio_G01_CNS-LLF5RV3D8,cpeeg02,ses05,20260827_123026,2026-08-27 12:30:58.568337,NaN,8,digit,POSTDIG_FIX5_OFF,160,2026-08-27 12:40:32.802266,574.191897,0.049816,,,,,,keyboard,after digit#5,"{""note"":""after digit#5"",""pd_used"":0}",1,0.016664,60.008471,1
Sergio_G01_CNS-LLF5RV3D8,cpeeg02,ses05,20260827_123026,2026-08-27 12:30:58.568337,NaN,8,distractor,DISTRACTOR_ON,50,2026-08-27 12:40:32.853623,574.241712,2.370751,,7+0=8,,,,keyboard,,"{""value"":""7+0=8"",""isCorrectTruth"":false,""trueSum"":7,""pd_used"":1}",1,0.016664,60.008471,1
Sergio_G01_CNS-LLF5RV3D8,cpeeg02,ses05,20260827_123026,2026-08-27 12:30:58.568337,NaN,8,distractor,DISTRACTOR_ANS,51,2026-08-27 12:40:35.765653,576.612463,0.000000,2.370751,7+0=8,F,1,,keyboard,key= (False),"{""value"":""7+0=8"",""entered"":""F"",""rt"":2.3707507997751236,""correct"":1,""note"":""key= (False)"",""truth"":false,""trueSum"":7,""shownSum"":8,""a"":7,""b"":0}",1,0.016664,60.008471,1
Sergio_G01_CNS-LLF5RV3D8,cpeeg02,ses05,20260827_123026,2026-08-27 12:30:58.568337,NaN,8,distractor,ANS_CORRECT,100,2026-08-27 12:40:35.808472,576.612463,0.646181,,,,,,keyboard,,{},1,0.016664,60.008471,1
Sergio_G01_CNS-LLF5RV3D8,cpeeg02,ses05,20260827_123026,2026-08-27 12:30:58.568337,NaN,8,distractor,DISTRACTOR_OFF,52,2026-08-27 12:40:35.868928,577.258644,0.000000,,,,,,keyboard,,"{""pd_used"":0}",1,0.016664,60.008471,1
Sergio_G01_CNS-LLF5RV3D8,cpeeg02,ses05,20260827_123026,2026-08-27 12:30:58.568337,NaN,8,distractor,FIX2_ON,60,2026-08-27 12:40:35.869655,577.258644,3.116506,,,,,,keyboard,immediate after response,"{""note"":""immediate after response""}",1,0.016664,60.008471,1
Sergio_G01_CNS-LLF5RV3D8,cpeeg02,ses05,20260827_123026,2026-08-27 12:30:58.568337,NaN,8,fix2,FIX2_OFF,61,2026-08-27 12:40:38.985440,580.375150,0.049904,,,,,,keyboard,,"{""pd_used"":0}",1,0.016664,60.008471,1
Sergio_G01_CNS-LLF5RV3D8,cpeeg02,ses05,20260827_123026,2026-08-27 12:30:58.568337,NaN,8,probe,DIGIT_RECALL_LINE_1,161,2026-08-27 12:40:39.036760,580.425054,1.699609,,1,,,,keyboard,first recall question,"{""value"":1,""note"":""first recall question"",""pd_used"":1}",1,0.016664,60.008471,1
Sergio_G01_CNS-LLF5RV3D8,cpeeg02,ses05,20260827_123026,2026-08-27 12:30:58.568337,NaN,8,probe,PROBE_DIGIT_OK_1,71,2026-08-27 12:40:41.908265,582.124664,1.334031,1.706664,slot#1,NaN,,,keyboard,probe_digit#1,"{""value"":""slot#1"",""entered"":null,""rt"":1.706664300058037,""note"":""probe_digit#1""}",1,0.016664,60.008471,1
Sergio_G01_CNS-LLF5RV3D8,cpeeg02,ses05,20260827_123026,2026-08-27 12:30:58.568337,NaN,8,probe,DIGIT1_OFF,146,2026-08-27 12:40:42.068920,583.458695,0.000000,,3,,,,keyboard,digit#1 off,"{""value"":3,""note"":""digit#1 off"",""pd_used"":0}",1,0.016664,60.008471,1
Sergio_G01_CNS-LLF5RV3D8,cpeeg02,ses05,20260827_123026,2026-08-27 12:30:58.568337,NaN,8,probe,POSTDIG_FIX1_ON,151,2026-08-27 12:40:42.069719,583.458695,1.966454,,,,,,keyboard,after digit#1,"{""note"":""after digit#1""}",1,0.016664,60.008471,1
Sergio_G01_CNS-LLF5RV3D8,cpeeg02,ses05,20260827_123026,2026-08-27 12:30:58.568337,NaN,8,probe,POSTDIG_FIX1_OFF,156,2026-08-27 12:40:44.035493,585.425149,0.067104,,,,,,keyboard,after digit#1,"{""note"":""after digit#1"",""pd_used"":0}",1,0.016664,60.008471,1
Sergio_G01_CNS-LLF5RV3D8,cpeeg02,ses05,20260827_123026,2026-08-27 12:30:58.568337,NaN,8,probe,DIGIT_RECALL_LINE_2,162,2026-08-27 12:40:44.102627,585.492254,1.519434,,2,,,,keyboard,next recall question,"{""value"":2,""note"":""next recall question"",""pd_used"":1}",1,0.016664,60.008471,1
Sergio_G01_CNS-LLF5RV3D8,cpeeg02,ses05,20260827_123026,2026-08-27 12:30:58.568337,NaN,8,probe,PROBE_DIGIT_OK_2,71,2026-08-27 12:40:46.284336,587.011688,0.813684,6.593689,slot#2,NaN,,,keyboard,probe_digit#2,"{""value"":""slot#2"",""entered"":null,""rt"":6.5936887999996543,""note"":""probe_digit#2""}",1,0.016664,60.008471,1
Sergio_G01_CNS-LLF5RV3D8,cpeeg02,ses05,20260827_123026,2026-08-27 12:30:58.568337,NaN,8,probe,DIGIT2_OFF,147,2026-08-27 12:40:46.435630,587.825372,0.000000,,3,,,,keyboard,digit#2 off,"{""value"":3,""note"":""digit#2 off"",""pd_used"":0}",1,0.016664,60.008471,1
Sergio_G01_CNS-LLF5RV3D8,cpeeg02,ses05,20260827_123026,2026-08-27 12:30:58.568337,NaN,8,probe,POSTDIG_FIX2_ON,152,2026-08-27 12:40:46.436424,587.825372,1.816429,,,,,,keyboard,after digit#2,"{""note"":""after digit#2""}",1,0.016664,60.008471,1
Sergio_G01_CNS-LLF5RV3D8,cpeeg02,ses05,20260827_123026,2026-08-27 12:30:58.568337,NaN,8,probe,POSTDIG_FIX2_OFF,157,2026-08-27 12:40:48.252442,589.641801,0.067199,,,,,,keyboard,after digit#2,"{""note"":""after digit#2"",""pd_used"":0}",1,0.016664,60.008471,1
Sergio_G01_CNS-LLF5RV3D8,cpeeg02,ses05,20260827_123026,2026-08-27 12:30:58.568337,NaN,8,probe,DIGIT_RECALL_LINE_3,163,2026-08-27 12:40:48.319135,589.708999,4.905930,,3,,,,keyboard,next recall question,"{""value"":3,""note"":""next recall question"",""pd_used"":1}",1,0.016664,60.008471,1
Sergio_G01_CNS-LLF5RV3D8,cpeeg02,ses05,20260827_123026,2026-08-27 12:30:58.568337,NaN,8,probe,PROBE_DIGIT_OK_3,71,2026-08-27 12:40:53.928468,594.614929,0.860468,14.196930,slot#3,NaN,,,keyboard,probe_digit#3,"{""value"":""slot#3"",""entered"":null,""rt"":14.196929800324142,""note"":""probe_digit#3""}",1,0.016664,60.008471,1
Sergio_G01_CNS-LLF5RV3D8,cpeeg02,ses05,20260827_123026,2026-08-27 12:30:58.568337,NaN,8,probe,DIGIT3_OFF,148,2026-08-27 12:40:54.085545,595.475398,0.000000,,3,,,,keyboard,digit#3 off,"{""value"":3,""note"":""digit#3 off"",""pd_used"":0}",1,0.016664,60.008471,1
Sergio_G01_CNS-LLF5RV3D8,cpeeg02,ses05,20260827_123026,2026-08-27 12:30:58.568337,NaN,8,probe,POSTDIG_FIX3_ON,153,2026-08-27 12:40:54.086337,595.475398,1.816475,,,,,,keyboard,after digit#3,"{""note"":""after digit#3""}",1,0.016664,60.008471,1
Sergio_G01_CNS-LLF5RV3D8,cpeeg02,ses05,20260827_123026,2026-08-27 12:30:58.568337,NaN,8,probe,POSTDIG_FIX3_OFF,158,2026-08-27 12:40:55.902208,597.291873,0.066998,,,,,,keyboard,after digit#3,"{""note"":""after digit#3"",""pd_used"":0}",1,0.016664,60.008471,1
Sergio_G01_CNS-LLF5RV3D8,cpeeg02,ses05,20260827_123026,2026-08-27 12:30:58.568337,NaN,8,probe,DIGIT_RECALL_LINE_4,164,2026-08-27 12:40:55.969042,597.358871,3.164910,,4,,,,keyboard,next recall question,"{""value"":4,""note"":""next recall question"",""pd_used"":1}",1,0.016664,60.008471,1
Sergio_G01_CNS-LLF5RV3D8,cpeeg02,ses05,20260827_123026,2026-08-27 12:30:58.568337,NaN,8,probe,PROBE_DIGIT_OK_4,71,2026-08-27 12:40:59.565340,600.523782,0.584983,20.105782,slot#4,NaN,,,keyboard,probe_digit#4,"{""value"":""slot#4"",""entered"":null,""rt"":20.105782300233841,""note"":""probe_digit#4""}",1,0.016664,60.008471,1
Sergio_G01_CNS-LLF5RV3D8,cpeeg02,ses05,20260827_123026,2026-08-27 12:30:58.568337,NaN,8,probe,DIGIT4_OFF,149,2026-08-27 12:40:59.718847,601.108765,0.000000,,3,,,,keyboard,digit#4 off,"{""value"":3,""note"":""digit#4 off"",""pd_used"":0}",1,0.016664,60.008471,1
Sergio_G01_CNS-LLF5RV3D8,cpeeg02,ses05,20260827_123026,2026-08-27 12:30:58.568337,NaN,8,probe,POSTDIG_FIX4_ON,154,2026-08-27 12:40:59.719648,601.108765,2.049783,,,,,,keyboard,after digit#4,"{""note"":""after digit#4""}",1,0.016664,60.008471,1
Sergio_G01_CNS-LLF5RV3D8,cpeeg02,ses05,20260827_123026,2026-08-27 12:30:58.568337,NaN,8,probe,POSTDIG_FIX4_OFF,159,2026-08-27 12:41:01.768758,603.158548,0.067174,,,,,,keyboard,after digit#4,"{""note"":""after digit#4"",""pd_used"":0}",1,0.016664,60.008471,1
Sergio_G01_CNS-LLF5RV3D8,cpeeg02,ses05,20260827_123026,2026-08-27 12:30:58.568337,NaN,8,probe,DIGIT_RECALL_LINE_5,165,2026-08-27 12:41:01.835862,603.225722,2.611082,,5,,,,keyboard,next recall question,"{""value"":5,""note"":""next recall question"",""pd_used"":1}",1,0.016664,60.008471,1
Sergio_G01_CNS-LLF5RV3D8,cpeeg02,ses05,20260827_123026,2026-08-27 12:30:58.568337,NaN,8,probe,PROBE_DIGIT_OK_5,71,2026-08-27 12:41:05.013796,605.836805,0.721866,25.418805,slot#5,NaN,,,keyboard,probe_digit#5,"{""value"":""slot#5"",""entered"":null,""rt"":25.4188053002581,""note"":""probe_digit#5""}",1,0.016664,60.008471,1
Sergio_G01_CNS-LLF5RV3D8,cpeeg02,ses05,20260827_123026,2026-08-27 12:30:58.568337,NaN,8,probe,DIGIT5_OFF,150,2026-08-27 12:41:05.168847,606.558670,0.000000,,3,,,,keyboard,digit#5 off,"{""value"":3,""note"":""digit#5 off"",""pd_used"":0}",1,0.016664,60.008471,1
Sergio_G01_CNS-LLF5RV3D8,cpeeg02,ses05,20260827_123026,2026-08-27 12:30:58.568337,NaN,8,probe,POSTDIG_FIX5_ON,155,2026-08-27 12:41:05.169635,606.558670,3.049962,,,,,,keyboard,after digit#5,"{""note"":""after digit#5""}",1,0.016664,60.008471,1
Sergio_G01_CNS-LLF5RV3D8,cpeeg02,ses05,20260827_123026,2026-08-27 12:30:58.568337,NaN,8,probe,POSTDIG_FIX5_OFF,160,2026-08-27 12:41:08.218865,609.608633,0.050010,,,,,,keyboard,after digit#5,"{""note"":""after digit#5"",""pd_used"":0}",1,0.016664,60.008471,1
Sergio_G01_CNS-LLF5RV3D8,cpeeg02,ses05,20260827_123026,2026-08-27 12:30:58.568337,NaN,8,probe,PROBE_DONE,73,2026-08-27 12:41:08.227015,609.658642,0.000803,,,,,,keyboard,probe complete,"{""value"":"""",""note"":""probe complete""}",1,0.016664,60.008471,1
Sergio_G01_CNS-LLF5RV3D8,cpeeg02,ses05,20260827_123026,2026-08-27 12:30:58.568337,NaN,8,probe,TRIAL_END,21,2026-08-27 12:41:08.227644,609.659445,0.099633,,,,,,keyboard,,{},1,0.016664,60.008471,1
Sergio_G01_CNS-LLF5RV3D8,cpeeg02,ses05,20260827_123026,2026-08-27 12:30:58.568337,NaN,9,probe,TRIAL_CHANGE,22,2026-08-27 12:41:08.327515,609.759078,0.001016,,,,,,keyboard,trial transition,"{""note"":""trial transition""}",1,0.016664,60.008471,1
Sergio_G01_CNS-LLF5RV3D8,cpeeg02,ses05,20260827_123026,2026-08-27 12:30:58.568337,NaN,9,probe,TRIAL_START,20,2026-08-27 12:41:08.328375,609.760094,0.048749,,,,,,keyboard,,{},1,0.016664,60.008471,1
Sergio_G01_CNS-LLF5RV3D8,cpeeg02,ses05,20260827_123026,2026-08-27 12:30:58.568337,NaN,9,fix1,FIX1_ON,30,2026-08-27 12:41:08.422148,609.808843,3.083120,,,,,,keyboard,,"{""pd_used"":0}",1,0.016664,60.008471,1
Sergio_G01_CNS-LLF5RV3D8,cpeeg02,ses05,20260827_123026,2026-08-27 12:30:58.568337,NaN,9,fix1,FIX1_OFF,31,2026-08-27 12:41:11.502362,612.891964,0.050072,,,,,,keyboard,,"{""pd_used"":0}",1,0.016664,60.008471,1
Sergio_G01_CNS-LLF5RV3D8,cpeeg02,ses05,20260827_123026,2026-08-27 12:30:58.568337,NaN,9,digit,DIGIT1_ON,141,2026-08-27 12:41:11.553945,612.942036,0.549964,,8,,,,keyboard,digit#1 shown,"{""value"":8,""note"":""digit#1 shown"",""pd_used"":1}",1,0.016664,60.008471,1
Sergio_G01_CNS-LLF5RV3D8,cpeeg02,ses05,20260827_123026,2026-08-27 12:30:58.568337,NaN,9,digit,DIGIT1_OFF,146,2026-08-27 12:41:12.102200,613.492000,0.000000,,8,,,,keyboard,digit#1 off,"{""value"":8,""note"":""digit#1 off"",""pd_used"":0}",1,0.016664,60.008471,1
Sergio_G01_CNS-LLF5RV3D8,cpeeg02,ses05,20260827_123026,2026-08-27 12:30:58.568337,NaN,9,digit,POSTDIG_FIX1_ON,151,2026-08-27 12:41:12.102994,613.492000,1.833361,,,,,,keyboard,after digit#1,"{""note"":""after digit#1""}",1,0.016664,60.008471,1
Sergio_G01_CNS-LLF5RV3D8,cpeeg02,ses05,20260827_123026,2026-08-27 12:30:58.568337,NaN,9,digit,POSTDIG_FIX1_OFF,156,2026-08-27 12:41:13.935594,615.325362,0.049879,,,,,,keyboard,after digit#1,"{""note"":""after digit#1"",""pd_used"":0}",1,0.016664,60.008471,1
Sergio_G01_CNS-LLF5RV3D8,cpeeg02,ses05,20260827_123026,2026-08-27 12:30:58.568337,NaN,9,digit,DIGIT2_ON,142,2026-08-27 12:41:13.987369,615.375241,0.550100,,4,,,,keyboard,digit#2 shown,"{""value"":4,""note"":""digit#2 shown"",""pd_used"":1}",1,0.016664,60.008471,1
Sergio_G01_CNS-LLF5RV3D8,cpeeg02,ses05,20260827_123026,2026-08-27 12:30:58.568337,NaN,9,digit,DIGIT2_OFF,147,2026-08-27 12:41:14.535594,615.925341,0.000000,,4,,,,keyboard,digit#2 off,"{""value"":4,""note"":""digit#2 off"",""pd_used"":0}",1,0.016664,60.008471,1
Sergio_G01_CNS-LLF5RV3D8,cpeeg02,ses05,20260827_123026,2026-08-27 12:30:58.568337,NaN,9,digit,POSTDIG_FIX2_ON,152,2026-08-27 12:41:14.536385,615.925341,1.633517,,,,,,keyboard,after digit#2,"{""note"":""after digit#2""}",1,0.016664,60.008471,1
Sergio_G01_CNS-LLF5RV3D8,cpeeg02,ses05,20260827_123026,2026-08-27 12:30:58.568337,NaN,9,digit,POSTDIG_FIX2_OFF,157,2026-08-27 12:41:16.169237,617.558858,0.049950,,,,,,keyboard,after digit#2,"{""note"":""after digit#2"",""pd_used"":0}",1,0.016664,60.008471,1
Sergio_G01_CNS-LLF5RV3D8,cpeeg02,ses05,20260827_123026,2026-08-27 12:30:58.568337,NaN,9,digit,DIGIT3_ON,143,2026-08-27 12:41:16.220748,617.608807,0.549900,,5,,,,keyboard,digit#3 shown,"{""value"":5,""note"":""digit#3 shown"",""pd_used"":1}",1,0.016664,60.008471,1
Sergio_G01_CNS-LLF5RV3D8,cpeeg02,ses05,20260827_123026,2026-08-27 12:30:58.568337,NaN,9,digit,DIGIT3_OFF,148,2026-08-27 12:41:16.769052,618.158707,0.000000,,5,,,,keyboard,digit#3 off,"{""value"":5,""note"":""digit#3 off"",""pd_used"":0}",1,0.016664,60.008471,1
Sergio_G01_CNS-LLF5RV3D8,cpeeg02,ses05,20260827_123026,2026-08-27 12:30:58.568337,NaN,9,digit,POSTDIG_FIX3_ON,153,2026-08-27 12:41:16.769840,618.158707,1.850137,,,,,,keyboard,after digit#3,"{""note"":""after digit#3""}",1,0.016664,60.008471,1
Sergio_G01_CNS-LLF5RV3D8,cpeeg02,ses05,20260827_123026,2026-08-27 12:30:58.568337,NaN,9,digit,POSTDIG_FIX3_OFF,158,2026-08-27 12:41:18.619041,620.008844,0.049939,,,,,,keyboard,after digit#3,"{""note"":""after digit#3"",""pd_used"":0}",1,0.016664,60.008471,1
Sergio_G01_CNS-LLF5RV3D8,cpeeg02,ses05,20260827_123026,2026-08-27 12:30:58.568337,NaN,9,digit,DIGIT4_ON,144,2026-08-27 12:41:18.670476,620.058783,0.550225,,7,,,,keyboard,digit#4 shown,"{""value"":7,""note"":""digit#4 shown"",""pd_used"":1}",1,0.016664,60.008471,1
Sergio_G01_CNS-LLF5RV3D8,cpeeg02,ses05,20260827_123026,2026-08-27 12:30:58.568337,NaN,9,digit,DIGIT4_OFF,149,2026-08-27 12:41:19.219179,620.609008,0.000000,,7,,,,keyboard,digit#4 off,"{""value"":7,""note"":""digit#4 off"",""pd_used"":0}",1,0.016664,60.008471,1
Sergio_G01_CNS-LLF5RV3D8,cpeeg02,ses05,20260827_123026,2026-08-27 12:30:58.568337,NaN,9,digit,POSTDIG_FIX4_ON,154,2026-08-27 12:41:19.219978,620.609008,1.616951,,,,,,keyboard,after digit#4,"{""note"":""after digit#4""}",1,0.016664,60.008471,1
Sergio_G01_CNS-LLF5RV3D8,cpeeg02,ses05,20260827_123026,2026-08-27 12:30:58.568337,NaN,9,digit,POSTDIG_FIX4_OFF,159,2026-08-27 12:41:20.836737,622.225959,0.049304,,,,,,keyboard,after digit#4,"{""note"":""after digit#4"",""pd_used"":0}",1,0.016664,60.008471,1
Sergio_G01_CNS-LLF5RV3D8,cpeeg02,ses05,20260827_123026,2026-08-27 12:30:58.568337,NaN,9,digit,DIGIT5_ON,145,2026-08-27 12:41:20.888462,622.275262,0.550278,,3,,,,keyboard,digit#5 shown,"{""value"":3,""note"":""digit#5 shown"",""pd_used"":1}",1,0.016664,60.008471,1
Sergio_G01_CNS-LLF5RV3D8,cpeeg02,ses05,20260827_123026,2026-08-27 12:30:58.568337,NaN,9,digit,DIGIT5_OFF,150,2026-08-27 12:41:21.435729,622.825541,0.000000,,3,,,,keyboard,digit#5 off,"{""value"":3,""note"":""digit#5 off"",""pd_used"":0}",1,0.016664,60.008471,1
Sergio_G01_CNS-LLF5RV3D8,cpeeg02,ses05,20260827_123026,2026-08-27 12:30:58.568337,NaN,9,digit,POSTDIG_FIX5_ON,155,2026-08-27 12:41:21.436519,622.825541,3.200026,,,,,,keyboard,after digit#5,"{""note"":""after digit#5""}",1,0.016664,60.008471,1
Sergio_G01_CNS-LLF5RV3D8,cpeeg02,ses05,20260827_123026,2026-08-27 12:30:58.568337,NaN,9,digit,POSTDIG_FIX5_OFF,160,2026-08-27 12:41:24.635946,626.025567,0.049689,,,,,,keyboard,after digit#5,"{""note"":""after digit#5"",""pd_used"":0}",1,0.016664,60.008471,1
Sergio_G01_CNS-LLF5RV3D8,cpeeg02,ses05,20260827_123026,2026-08-27 12:30:58.568337,NaN,9,distractor,DISTRACTOR_ON,50,2026-08-27 12:41:24.687280,626.075256,3.079812,,8+2=7,,,,keyboard,,"{""value"":""8+2=7"",""isCorrectTruth"":false,""trueSum"":10,""pd_used"":1}",1,0.016664,60.008471,1
Sergio_G01_CNS-LLF5RV3D8,cpeeg02,ses05,20260827_123026,2026-08-27 12:30:58.568337,NaN,9,distractor,DISTRACTOR_ANS,51,2026-08-27 12:41:28.365240,629.155068,0.000000,3.079812,8+2=7,F,1,,keyboard,key= (False),"{""value"":""8+2=7"",""entered"":""F"",""rt"":3.0798116000369191,""correct"":1,""note"":""key= (False)"",""truth"":false,""trueSum"":10,""shownSum"":7,""a"":8,""b"":2}",1,0.016664,60.008471,1
Sergio_G01_CNS-LLF5RV3D8,cpeeg02,ses05,20260827_123026,2026-08-27 12:30:58.568337,NaN,9,distractor,ANS_CORRECT,100,2026-08-27 12:41:28.407760,629.155068,0.687070,,,,,,keyboard,,{},1,0.016664,60.008471,1
Sergio_G01_CNS-LLF5RV3D8,cpeeg02,ses05,20260827_123026,2026-08-27 12:30:58.568337,NaN,9,distractor,DISTRACTOR_OFF,52,2026-08-27 12:41:28.459151,629.842137,0.000000,,,,,,keyboard,,"{""pd_used"":0}",1,0.016664,60.008471,1
Sergio_G01_CNS-LLF5RV3D8,cpeeg02,ses05,20260827_123026,2026-08-27 12:30:58.568337,NaN,9,distractor,FIX2_ON,60,2026-08-27 12:41:28.459837,629.842137,3.166604,,,,,,keyboard,immediate after response,"{""note"":""immediate after response""}",1,0.016664,60.008471,1
Sergio_G01_CNS-LLF5RV3D8,cpeeg02,ses05,20260827_123026,2026-08-27 12:30:58.568337,NaN,9,fix2,FIX2_OFF,61,2026-08-27 12:41:31.618869,633.008742,0.050022,,,,,,keyboard,,"{""pd_used"":0}",1,0.016664,60.008471,1
Sergio_G01_CNS-LLF5RV3D8,cpeeg02,ses05,20260827_123026,2026-08-27 12:30:58.568337,NaN,9,probe,DIGIT_RECALL_LINE_1,161,2026-08-27 12:41:31.670409,633.058763,1.450704,,1,,,,keyboard,first recall question,"{""value"":1,""note"":""first recall question"",""pd_used"":1}",1,0.016664,60.008471,1
Sergio_G01_CNS-LLF5RV3D8,cpeeg02,ses05,20260827_123026,2026-08-27 12:30:58.568337,NaN,9,probe,PROBE_DIGIT_OK_1,71,2026-08-27 12:41:33.635104,634.509467,0.666050,1.458054,slot#1,NaN,,,keyboard,probe_digit#1,"{""value"":""slot#1"",""entered"":null,""rt"":1.4580540000461042,""note"":""probe_digit#1""}",1,0.016664,60.008471,1
Sergio_G01_CNS-LLF5RV3D8,cpeeg02,ses05,20260827_123026,2026-08-27 12:30:58.568337,NaN,9,probe,DIGIT1_OFF,146,2026-08-27 12:41:33.785972,635.175517,0.000000,,3,,,,keyboard,digit#1 off,"{""value"":3,""note"":""digit#1 off"",""pd_used"":0}",1,0.016664,60.008471,1
Sergio_G01_CNS-LLF5RV3D8,cpeeg02,ses05,20260827_123026,2026-08-27 12:30:58.568337,NaN,9,probe,POSTDIG_FIX1_ON,151,2026-08-27 12:41:33.786748,635.175517,1.599998,,,,,,keyboard,after digit#1,"{""note"":""after digit#1""}",1,0.016664,60.008471,1
Sergio_G01_CNS-LLF5RV3D8,cpeeg02,ses05,20260827_123026,2026-08-27 12:30:58.568337,NaN,9,probe,POSTDIG_FIX1_OFF,156,2026-08-27 12:41:35.385693,636.775515,0.067079,,,,,,keyboard,after digit#1,"{""note"":""after digit#1"",""pd_used"":0}",1,0.016664,60.008471,1
Sergio_G01_CNS-LLF5RV3D8,cpeeg02,ses05,20260827_123026,2026-08-27 12:30:58.568337,NaN,9,probe,DIGIT_RECALL_LINE_2,162,2026-08-27 12:41:35.452723,636.842594,0.910930,,2,,,,keyboard,next recall question,"{""value"":2,""note"":""next recall question"",""pd_used"":1}",1,0.016664,60.008471,1
Sergio_G01_CNS-LLF5RV3D8,cpeeg02,ses05,20260827_123026,2026-08-27 12:30:58.568337,NaN,9,probe,PROBE_DIGIT_OK_2,71,2026-08-27 12:41:37.025190,637.753524,0.822026,4.702111,slot#2,NaN,,,keyboard,probe_digit#2,"{""value"":""slot#2"",""entered"":null,""rt"":4.7021107999607921,""note"":""probe_digit#2""}",1,0.016664,60.008471,1
Sergio_G01_CNS-LLF5RV3D8,cpeeg02,ses05,20260827_123026,2026-08-27 12:30:58.568337,NaN,9,probe,DIGIT2_OFF,147,2026-08-27 12:41:37.185674,638.575550,0.000000,,3,,,,keyboard,digit#2 off,"{""value"":3,""note"":""digit#2 off"",""pd_used"":0}",1,0.016664,60.008471,1
Sergio_G01_CNS-LLF5RV3D8,cpeeg02,ses05,20260827_123026,2026-08-27 12:30:58.568337,NaN,9,probe,POSTDIG_FIX2_ON,152,2026-08-27 12:41:37.186439,638.575550,1.766572,,,,,,keyboard,after digit#2,"{""note"":""after digit#2""}",1,0.016664,60.008471,1
Sergio_G01_CNS-LLF5RV3D8,cpeeg02,ses05,20260827_123026,2026-08-27 12:30:58.568337,NaN,9,probe,POSTDIG_FIX2_OFF,157,2026-08-27 12:41:38.952362,640.342123,0.066885,,,,,,keyboard,after digit#2,"{""note"":""after digit#2"",""pd_used"":0}",1,0.016664,60.008471,1
Sergio_G01_CNS-LLF5RV3D8,cpeeg02,ses05,20260827_123026,2026-08-27 12:30:58.568337,NaN,9,probe,DIGIT_RECALL_LINE_3,163,2026-08-27 12:41:39.019094,640.409007,0.681894,,3,,,,keyboard,next recall question,"{""value"":3,""note"":""next recall question"",""pd_used"":1}",1,0.016664,60.008471,1
Sergio_G01_CNS-LLF5RV3D8,cpeeg02,ses05,20260827_123026,2026-08-27 12:30:58.568337,NaN,9,probe,PROBE_DIGIT_OK_3,71,2026-08-27 12:41:40.374001,641.090901,0.834692,8.039488,slot#3,NaN,,,keyboard,probe_digit#3,"{""value"":""slot#3"",""entered"":null,""rt"":8.03948780009523,""note"":""probe_digit#3""}",1,0.016664,60.008471,1
Sergio_G01_CNS-LLF5RV3D8,cpeeg02,ses05,20260827_123026,2026-08-27 12:30:58.568337,NaN,9,probe,DIGIT3_OFF,148,2026-08-27 12:41:40.535664,641.925593,0.000000,,3,,,,keyboard,digit#3 off,"{""value"":3,""note"":""digit#3 off"",""pd_used"":0}",1,0.016664,60.008471,1
Sergio_G01_CNS-LLF5RV3D8,cpeeg02,ses05,20260827_123026,2026-08-27 12:30:58.568337,NaN,9,probe,POSTDIG_FIX3_ON,153,2026-08-27 12:41:40.536461,641.925593,1.866662,,,,,,keyboard,after digit#3,"{""note"":""after digit#3""}",1,0.016664,60.008471,1
Sergio_G01_CNS-LLF5RV3D8,cpeeg02,ses05,20260827_123026,2026-08-27 12:30:58.568337,NaN,9,probe,POSTDIG_FIX3_OFF,158,2026-08-27 12:41:42.402571,643.792256,0.066844,,,,,,keyboard,after digit#3,"{""note"":""after digit#3"",""pd_used"":0}",1,0.016664,60.008471,1
Sergio_G01_CNS-LLF5RV3D8,cpeeg02,ses05,20260827_123026,2026-08-27 12:30:58.568337,NaN,9,probe,DIGIT_RECALL_LINE_4,164,2026-08-27 12:41:42.469217,643.859099,0.864345,,4,,,,keyboard,next recall question,"{""value"":4,""note"":""next recall question"",""pd_used"":1}",1,0.016664,60.008471,1
Sergio_G01_CNS-LLF5RV3D8,cpeeg02,ses05,20260827_123026,2026-08-27 12:30:58.568337,NaN,9,probe,PROBE_DIGIT_OK_4,71,2026-08-27 12:41:43.923541,644.723445,0.735503,11.672031,slot#4,NaN,,,keyboard,probe_digit#4,"{""value"":""slot#4"",""entered"":null,""rt"":11.672031400259584,""note"":""probe_digit#4""}",1,0.016664,60.008471,1
Sergio_G01_CNS-LLF5RV3D8,cpeeg02,ses05,20260827_123026,2026-08-27 12:30:58.568337,NaN,9,probe,DIGIT4_OFF,149,2026-08-27 12:41:44.069281,645.458948,0.000000,,3,,,,keyboard,digit#4 off,"{""value"":3,""note"":""digit#4 off"",""pd_used"":0}",1,0.016664,60.008471,1
Sergio_G01_CNS-LLF5RV3D8,cpeeg02,ses05,20260827_123026,2026-08-27 12:30:58.568337,NaN,9,probe,POSTDIG_FIX4_ON,154,2026-08-27 12:41:44.070075,645.458948,1.816561,,,,,,keyboard,after digit#4,"{""note"":""after digit#4""}",1,0.016664,60.008471,1
Sergio_G01_CNS-LLF5RV3D8,cpeeg02,ses05,20260827_123026,2026-08-27 12:30:58.568337,NaN,9,probe,POSTDIG_FIX4_OFF,159,2026-08-27 12:41:45.885780,647.275509,0.066924,,,,,,keyboard,after digit#4,"{""note"":""after digit#4"",""pd_used"":0}",1,0.016664,60.008471,1
Sergio_G01_CNS-LLF5RV3D8,cpeeg02,ses05,20260827_123026,2026-08-27 12:30:58.568337,NaN,9,probe,DIGIT_RECALL_LINE_5,165,2026-08-27 12:41:45.952542,647.342433,1.195312,,5,,,,keyboard,next recall question,"{""value"":5,""note"":""next recall question"",""pd_used"":1}",1,0.016664,60.008471,1
Sergio_G01_CNS-LLF5RV3D8,cpeeg02,ses05,20260827_123026,2026-08-27 12:30:58.568337,NaN,9,probe,PROBE_DIGIT_OK_5,71,2026-08-27 12:41:47.707482,648.537745,0.721280,15.486332,slot#5,NaN,,,keyboard,probe_digit#5,"{""value"":""slot#5"",""entered"":null,""rt"":15.486331700347364,""note"":""probe_digit#5""}",1,0.016664,60.008471,1
Sergio_G01_CNS-LLF5RV3D8,cpeeg02,ses05,20260827_123026,2026-08-27 12:30:58.568337,NaN,9,probe,DIGIT5_OFF,150,2026-08-27 12:41:47.869171,649.259025,0.000000,,3,,,,keyboard,digit#5 off,"{""value"":3,""note"":""digit#5 off"",""pd_used"":0}",1,0.016664,60.008471,1
Sergio_G01_CNS-LLF5RV3D8,cpeeg02,ses05,20260827_123026,2026-08-27 12:30:58.568337,NaN,9,probe,POSTDIG_FIX5_ON,155,2026-08-27 12:41:47.869957,649.259025,3.299685,,,,,,keyboard,after digit#5,"{""note"":""after digit#5""}",1,0.016664,60.008471,1
Sergio_G01_CNS-LLF5RV3D8,cpeeg02,ses05,20260827_123026,2026-08-27 12:30:58.568337,NaN,9,probe,POSTDIG_FIX5_OFF,160,2026-08-27 12:41:51.168909,652.558710,0.050280,,,,,,keyboard,after digit#5,"{""note"":""after digit#5"",""pd_used"":0}",1,0.016664,60.008471,1
Sergio_G01_CNS-LLF5RV3D8,cpeeg02,ses05,20260827_123026,2026-08-27 12:30:58.568337,NaN,9,probe,PROBE_DONE,73,2026-08-27 12:41:51.177315,652.608990,0.000719,,,,,,keyboard,probe complete,"{""value"":"""",""note"":""probe complete""}",1,0.016664,60.008471,1
Sergio_G01_CNS-LLF5RV3D8,cpeeg02,ses05,20260827_123026,2026-08-27 12:30:58.568337,NaN,9,probe,TRIAL_END,21,2026-08-27 12:41:51.177888,652.609710,0.102899,,,,,,keyboard,,{},1,0.016664,60.008471,1
Sergio_G01_CNS-LLF5RV3D8,cpeeg02,ses05,20260827_123026,2026-08-27 12:30:58.568337,NaN,10,probe,TRIAL_CHANGE,22,2026-08-27 12:41:51.281067,652.712608,0.001136,,,,,,keyboard,trial transition,"{""note"":""trial transition""}",1,0.016664,60.008471,1
Sergio_G01_CNS-LLF5RV3D8,cpeeg02,ses05,20260827_123026,2026-08-27 12:30:58.568337,NaN,10,probe,TRIAL_START,20,2026-08-27 12:41:51.282217,652.713744,0.045068,,,,,,keyboard,,{},1,0.016664,60.008471,1
Sergio_G01_CNS-LLF5RV3D8,cpeeg02,ses05,20260827_123026,2026-08-27 12:30:58.568337,NaN,10,fix1,FIX1_ON,30,2026-08-27 12:41:51.376707,652.758812,3.216744,,,,,,keyboard,,"{""pd_used"":0}",1,0.016664,60.008471,1
Sergio_G01_CNS-LLF5RV3D8,cpeeg02,ses05,20260827_123026,2026-08-27 12:30:58.568337,NaN,10,fix1,FIX1_OFF,31,2026-08-27 12:41:54.585748,655.975556,0.049946,,,,,,keyboard,,"{""pd_used"":0}",1,0.016664,60.008471,1
Sergio_G01_CNS-LLF5RV3D8,cpeeg02,ses05,20260827_123026,2026-08-27 12:30:58.568337,NaN,10,digit,DIGIT1_ON,141,2026-08-27 12:41:54.637017,656.025503,0.550095,,1,,,,keyboard,digit#1 shown,"{""value"":1,""note"":""digit#1 shown"",""pd_used"":1}",1,0.016664,60.008471,1
Sergio_G01_CNS-LLF5RV3D8,cpeeg02,ses05,20260827_123026,2026-08-27 12:30:58.568337,NaN,10,digit,DIGIT1_OFF,146,2026-08-27 12:41:55.185822,656.575598,0.000000,,1,,,,keyboard,digit#1 off,"{""value"":1,""note"":""digit#1 off"",""pd_used"":0}",1,0.016664,60.008471,1
Sergio_G01_CNS-LLF5RV3D8,cpeeg02,ses05,20260827_123026,2026-08-27 12:30:58.568337,NaN,10,digit,POSTDIG_FIX1_ON,151,2026-08-27 12:41:55.187138,656.575598,1.833167,,,,,,keyboard,after digit#1,"{""note"":""after digit#1""}",1,0.016664,60.008471,1
Sergio_G01_CNS-LLF5RV3D8,cpeeg02,ses05,20260827_123026,2026-08-27 12:30:58.568337,NaN,10,digit,POSTDIG_FIX1_OFF,156,2026-08-27 12:41:57.019284,658.408765,0.049886,,,,,,keyboard,after digit#1,"{""note"":""after digit#1"",""pd_used"":0}",1,0.016664,60.008471,1
Sergio_G01_CNS-LLF5RV3D8,cpeeg02,ses05,20260827_123026,2026-08-27 12:30:58.568337,NaN,10,digit,DIGIT2_ON,142,2026-08-27 12:41:57.070516,658.458651,0.554274,,2,,,,keyboard,digit#2 shown,"{""value"":2,""note"":""digit#2 shown"",""pd_used"":1}",1,0.016664,60.008471,1
Sergio_G01_CNS-LLF5RV3D8,cpeeg02,ses05,20260827_123026,2026-08-27 12:30:58.568337,NaN,10,digit,DIGIT2_OFF,147,2026-08-27 12:41:57.623245,659.012925,0.000000,,2,,,,keyboard,digit#2 off,"{""value"":2,""note"":""digit#2 off"",""pd_used"":0}",1,0.016664,60.008471,1
Sergio_G01_CNS-LLF5RV3D8,cpeeg02,ses05,20260827_123026,2026-08-27 12:30:58.568337,NaN,10,digit,POSTDIG_FIX2_ON,152,2026-08-27 12:41:57.624067,659.012925,1.745918,,,,,,keyboard,after digit#2,"{""note"":""after digit#2""}",1,0.016664,60.008471,1
Sergio_G01_CNS-LLF5RV3D8,cpeeg02,ses05,20260827_123026,2026-08-27 12:30:58.568337,NaN,10,digit,POSTDIG_FIX2_OFF,157,2026-08-27 12:41:59.369262,660.758843,0.050308,,,,,,keyboard,after digit#2,"{""note"":""after digit#2"",""pd_used"":0}",1,0.016664,60.008471,1
Sergio_G01_CNS-LLF5RV3D8,cpeeg02,ses05,20260827_123026,2026-08-27 12:30:58.568337,NaN,10,digit,DIGIT3_ON,143,2026-08-27 12:41:59.420791,660.809151,0.549801,,2,,,,keyboard,digit#3 shown,"{""value"":2,""note"":""digit#3 shown"",""pd_used"":1}",1,0.016664,60.008471,1
Sergio_G01_CNS-LLF5RV3D8,cpeeg02,ses05,20260827_123026,2026-08-27 12:30:58.568337,NaN,10,digit,DIGIT3_OFF,148,2026-08-27 12:41:59.969689,661.358951,0.000000,,2,,,,keyboard,digit#3 off,"{""value"":2,""note"":""digit#3 off"",""pd_used"":0}",1,0.016664,60.008471,1
Sergio_G01_CNS-LLF5RV3D8,cpeeg02,ses05,20260827_123026,2026-08-27 12:30:58.568337,NaN,10,digit,POSTDIG_FIX3_ON,153,2026-08-27 12:41:59.970537,661.358951,1.566551,,,,,,keyboard,after digit#3,"{""note"":""after digit#3""}",1,0.016664,60.008471,1
Sergio_G01_CNS-LLF5RV3D8,cpeeg02,ses05,20260827_123026,2026-08-27 12:30:58.568337,NaN,10,digit,POSTDIG_FIX3_OFF,158,2026-08-27 12:42:01.535652,662.925502,0.049893,,,,,,keyboard,after digit#3,"{""note"":""after digit#3"",""pd_used"":0}",1,0.016664,60.008471,1
Sergio_G01_CNS-LLF5RV3D8,cpeeg02,ses05,20260827_123026,2026-08-27 12:30:58.568337,NaN,10,digit,DIGIT4_ON,144,2026-08-27 12:42:01.587414,662.975395,0.550426,,6,,,,keyboard,digit#4 shown,"{""value"":6,""note"":""digit#4 shown"",""pd_used"":1}",1,0.016664,60.008471,1
Sergio_G01_CNS-LLF5RV3D8,cpeeg02,ses05,20260827_123026,2026-08-27 12:30:58.568337,NaN,10,digit,DIGIT4_OFF,149,2026-08-27 12:42:02.136134,663.525821,0.000000,,6,,,,keyboard,digit#4 off,"{""value"":6,""note"":""digit#4 off"",""pd_used"":0}",1,0.016664,60.008471,1
Sergio_G01_CNS-LLF5RV3D8,cpeeg02,ses05,20260827_123026,2026-08-27 12:30:58.568337,NaN,10,digit,POSTDIG_FIX4_ON,154,2026-08-27 12:42:02.136924,663.525821,1.583088,,,,,,keyboard,after digit#4,"{""note"":""after digit#4""}",1,0.016664,60.008471,1
Sergio_G01_CNS-LLF5RV3D8,cpeeg02,ses05,20260827_123026,2026-08-27 12:30:58.568337,NaN,10,digit,POSTDIG_FIX4_OFF,159,2026-08-27 12:42:03.719233,665.108909,0.049867,,,,,,keyboard,after digit#4,"{""note"":""after digit#4"",""pd_used"":0}",1,0.016664,60.008471,1
Sergio_G01_CNS-LLF5RV3D8,cpeeg02,ses05,20260827_123026,2026-08-27 12:30:58.568337,NaN,10,digit,DIGIT5_ON,145,2026-08-27 12:42:03.770806,665.158776,0.550150,,5,,,,keyboard,digit#5 shown,"{""value"":5,""note"":""digit#5 shown"",""pd_used"":1}",1,0.016664,60.008471,1
Sergio_G01_CNS-LLF5RV3D8,cpeeg02,ses05,20260827_123026,2026-08-27 12:30:58.568337,NaN,10,digit,DIGIT5_OFF,150,2026-08-27 12:42:04.319173,665.708926,0.000000,,5,,,,keyboard,digit#5 off,"{""value"":5,""note"":""digit#5 off"",""pd_used"":0}",1,0.016664,60.008471,1
Sergio_G01_CNS-LLF5RV3D8,cpeeg02,ses05,20260827_123026,2026-08-27 12:30:58.568337,NaN,10,digit,POSTDIG_FIX5_ON,155,2026-08-27 12:42:04.319939,665.708926,3.150183,,,,,,keyboard,after digit#5,"{""note"":""after digit#5""}",1,0.016664,60.008471,1
Sergio_G01_CNS-LLF5RV3D8,cpeeg02,ses05,20260827_123026,2026-08-27 12:30:58.568337,NaN,10,digit,POSTDIG_FIX5_OFF,160,2026-08-27 12:42:07.469377,668.859109,0.049695,,,,,,keyboard,after digit#5,"{""note"":""after digit#5"",""pd_used"":0}",1,0.016664,60.008471,1
Sergio_G01_CNS-LLF5RV3D8,cpeeg02,ses05,20260827_123026,2026-08-27 12:30:58.568337,NaN,10,distractor,DISTRACTOR_ON,50,2026-08-27 12:42:07.520758,668.908804,8.759938,,7+4=11,,,,keyboard,,"{""value"":""7+4=11"",""isCorrectTruth"":true,""trueSum"":11,""pd_used"":1}",1,0.016664,60.008471,1
Sergio_G01_CNS-LLF5RV3D8,cpeeg02,ses05,20260827_123026,2026-08-27 12:30:58.568337,NaN,10,distractor,DISTRACTOR_ANS,51,2026-08-27 12:42:16.799619,677.668742,0.000000,8.759938,7+4=11,F,0,,keyboard,key= (False),"{""value"":""7+4=11"",""entered"":""F"",""rt"":8.759937800001353,""correct"":0,""note"":""key= (False)"",""truth"":true,""trueSum"":11,""shownSum"":11,""a"":7,""b"":4}",1,0.016664,60.008471,1
Sergio_G01_CNS-LLF5RV3D8,cpeeg02,ses05,20260827_123026,2026-08-27 12:30:58.568337,NaN,10,distractor,ANS_WRONG,200,2026-08-27 12:42:16.842814,677.668742,0.623793,,,,,,keyboard,,{},1,0.016664,60.008471,1
Sergio_G01_CNS-LLF5RV3D8,cpeeg02,ses05,20260827_123026,2026-08-27 12:30:58.568337,NaN,10,distractor,DISTRACTOR_OFF,52,2026-08-27 12:42:16.902732,678.292535,0.000000,,,,,,keyboard,,"{""pd_used"":0}",1,0.016664,60.008471,1
Sergio_G01_CNS-LLF5RV3D8,cpeeg02,ses05,20260827_123026,2026-08-27 12:30:58.568337,NaN,10,distractor,FIX2_ON,60,2026-08-27 12:42:16.903494,678.292535,3.166378,,,,,,keyboard,immediate after response,"{""note"":""immediate after response""}",1,0.016664,60.008471,1
Sergio_G01_CNS-LLF5RV3D8,cpeeg02,ses05,20260827_123026,2026-08-27 12:30:58.568337,NaN,10,fix2,FIX2_OFF,61,2026-08-27 12:42:20.069412,681.458913,0.050241,,,,,,keyboard,,"{""pd_used"":0}",1,0.016664,60.008471,1
Sergio_G01_CNS-LLF5RV3D8,cpeeg02,ses05,20260827_123026,2026-08-27 12:30:58.568337,NaN,10,probe,DIGIT_RECALL_LINE_1,161,2026-08-27 12:42:20.120627,681.509153,0.917002,,1,,,,keyboard,first recall question,"{""value"":1,""note"":""first recall question"",""pd_used"":1}",1,0.016664,60.008471,1
Sergio_G01_CNS-LLF5RV3D8,cpeeg02,ses05,20260827_123026,2026-08-27 12:30:58.568337,NaN,10,probe,PROBE_DIGIT_OK_1,71,2026-08-27 12:42:21.616138,682.426155,0.732940,0.924191,slot#1,NaN,,,keyboard,probe_digit#1,"{""value"":""slot#1"",""entered"":null,""rt"":0.92419099994003773,""note"":""probe_digit#1""}",1,0.016664,60.008471,1
Sergio_G01_CNS-LLF5RV3D8,cpeeg02,ses05,20260827_123026,2026-08-27 12:30:58.568337,NaN,10,probe,DIGIT1_OFF,146,2026-08-27 12:42:21.769766,683.159095,0.000000,,5,,,,keyboard,digit#1 off,"{""value"":5,""note"":""digit#1 off"",""pd_used"":0}",1,0.016664,60.008471,1
Sergio_G01_CNS-LLF5RV3D8,cpeeg02,ses05,20260827_123026,2026-08-27 12:30:58.568337,NaN,10,probe,POSTDIG_FIX1_ON,151,2026-08-27 12:42:21.771236,683.159095,1.633154,,,,,,keyboard,after digit#1,"{""note"":""after digit#1""}",1,0.016664,60.008471,1
Sergio_G01_CNS-LLF5RV3D8,cpeeg02,ses05,20260827_123026,2026-08-27 12:30:58.568337,NaN,10,probe,POSTDIG_FIX1_OFF,156,2026-08-27 12:42:23.402695,684.792249,0.067129,,,,,,keyboard,after digit#1,"{""note"":""after digit#1"",""pd_used"":0}",1,0.016664,60.008471,1
Sergio_G01_CNS-LLF5RV3D8,cpeeg02,ses05,20260827_123026,2026-08-27 12:30:58.568337,NaN,10,probe,DIGIT_RECALL_LINE_2,162,2026-08-27 12:42:23.469905,684.859377,0.948409,,2,,,,keyboard,next recall question,"{""value"":2,""note"":""next recall question"",""pd_used"":1}",1,0.016664,60.008471,1
Sergio_G01_CNS-LLF5RV3D8,cpeeg02,ses05,20260827_123026,2026-08-27 12:30:58.568337,NaN,10,probe,PROBE_DIGIT_OK_2,71,2026-08-27 12:42:24.967456,685.807786,0.701303,4.305822,slot#2,NaN,,,keyboard,probe_digit#2,"{""value"":""slot#2"",""entered"":null,""rt"":4.3058222997933626,""note"":""probe_digit#2""}",1,0.016664,60.008471,1
Sergio_G01_CNS-LLF5RV3D8,cpeeg02,ses05,20260827_123026,2026-08-27 12:30:58.568337,NaN,10,probe,DIGIT2_OFF,147,2026-08-27 12:42:25.119273,686.509090,0.000000,,5,,,,keyboard,digit#2 off,"{""value"":5,""note"":""digit#2 off"",""pd_used"":0}",1,0.016664,60.008471,1
Sergio_G01_CNS-LLF5RV3D8,cpeeg02,ses05,20260827_123026,2026-08-27 12:30:58.568337,NaN,10,probe,POSTDIG_FIX2_ON,152,2026-08-27 12:42:25.120049,686.509090,2.033198,,,,,,keyboard,after digit#2,"{""note"":""after digit#2""}",1,0.016664,60.008471,1
Sergio_G01_CNS-LLF5RV3D8,cpeeg02,ses05,20260827_123026,2026-08-27 12:30:58.568337,NaN,10,probe,POSTDIG_FIX2_OFF,157,2026-08-27 12:42:27.152725,688.542287,0.067068,,,,,,keyboard,after digit#2,"{""note"":""after digit#2"",""pd_used"":0}",1,0.016664,60.008471,1
Sergio_G01_CNS-LLF5RV3D8,cpeeg02,ses05,20260827_123026,2026-08-27 12:30:58.568337,NaN,10,probe,DIGIT_RECALL_LINE_3,163,2026-08-27 12:42:27.219781,688.609355,0.711993,,3,,,,keyboard,next recall question,"{""value"":3,""note"":""next recall question"",""pd_used"":1}",1,0.016664,60.008471,1
Sergio_G01_CNS-LLF5RV3D8,cpeeg02,ses05,20260827_123026,2026-08-27 12:30:58.568337,NaN,10,probe,PROBE_DIGIT_OK_3,71,2026-08-27 12:42:28.477159,689.321348,0.705235,7.819384,slot#3,NaN,,,keyboard,probe_digit#3,"{""value"":""slot#3"",""entered"":null,""rt"":7.8193840999156237,""note"":""probe_digit#3""}",1,0.016664,60.008471,1
Sergio_G01_CNS-LLF5RV3D8,cpeeg02,ses05,20260827_123026,2026-08-27 12:30:58.568337,NaN,10,probe,DIGIT3_OFF,148,2026-08-27 12:42:28.636983,690.026583,0.000000,,5,,,,keyboard,digit#3 off,"{""value"":5,""note"":""digit#3 off"",""pd_used"":0}",1,0.016664,60.008471,1
Sergio_G01_CNS-LLF5RV3D8,cpeeg02,ses05,20260827_123026,2026-08-27 12:30:58.568337,NaN,10,probe,POSTDIG_FIX3_ON,153,2026-08-27 12:42:28.637850,690.026583,1.965846,,,,,,keyboard,after digit#3,"{""note"":""after digit#3""}",1,0.016664,60.008471,1
Sergio_G01_CNS-LLF5RV3D8,cpeeg02,ses05,20260827_123026,2026-08-27 12:30:58.568337,NaN,10,probe,POSTDIG_FIX3_OFF,158,2026-08-27 12:42:30.602721,691.992429,0.066972,,,,,,keyboard,after digit#3,"{""note"":""after digit#3"",""pd_used"":0}",1,0.016664,60.008471,1
Sergio_G01_CNS-LLF5RV3D8,cpeeg02,ses05,20260827_123026,2026-08-27 12:30:58.568337,NaN,10,probe,DIGIT_RECALL_LINE_4,164,2026-08-27 12:42:30.669806,692.059400,0.844719,,4,,,,keyboard,next recall question,"{""value"":4,""note"":""next recall question"",""pd_used"":1}",1,0.016664,60.008471,1
Sergio_G01_CNS-LLF5RV3D8,cpeeg02,ses05,20260827_123026,2026-08-27 12:30:58.568337,NaN,10,probe,PROBE_DIGIT_OK_4,71,2026-08-27 12:42:32.028258,692.904120,0.671734,11.402156,slot#4,NaN,,,keyboard,probe_digit#4,"{""value"":""slot#4"",""entered"":null,""rt"":11.402155599556863,""note"":""probe_digit#4""}",1,0.016664,60.008471,1
Sergio_G01_CNS-LLF5RV3D8,cpeeg02,ses05,20260827_123026,2026-08-27 12:30:58.568337,NaN,10,probe,DIGIT4_OFF,149,2026-08-27 12:42:32.185947,693.575853,0.000000,,5,,,,keyboard,digit#4 off,"{""value"":5,""note"":""digit#4 off"",""pd_used"":0}",1,0.016664,60.008471,1
Sergio_G01_CNS-LLF5RV3D8,cpeeg02,ses05,20260827_123026,2026-08-27 12:30:58.568337,NaN,10,probe,POSTDIG_FIX4_ON,154,2026-08-27 12:42:32.186722,693.575853,1.883317,,,,,,keyboard,after digit#4,"{""note"":""after digit#4""}",1,0.016664,60.008471,1
Sergio_G01_CNS-LLF5RV3D8,cpeeg02,ses05,20260827_123026,2026-08-27 12:30:58.568337,NaN,10,probe,POSTDIG_FIX4_OFF,159,2026-08-27 12:42:34.069821,695.459170,0.067157,,,,,,keyboard,after digit#4,"{""note"":""after digit#4"",""pd_used"":0}",1,0.016664,60.008471,1
Sergio_G01_CNS-LLF5RV3D8,cpeeg02,ses05,20260827_123026,2026-08-27 12:30:58.568337,NaN,10,probe,DIGIT_RECALL_LINE_5,165,2026-08-27 12:42:34.136750,695.526327,4.840158,,5,,,,keyboard,next recall question,"{""value"":5,""note"":""next recall question"",""pd_used"":1}",1,0.016664,60.008471,1
Sergio_G01_CNS-LLF5RV3D8,cpeeg02,ses05,20260827_123026,2026-08-27 12:30:58.568337,NaN,10,probe,PROBE_DIGIT_OK_5,71,2026-08-27 12:42:39.265457,700.366485,0.442692,18.864521,slot#5,NaN,,,keyboard,probe_digit#5,"{""value"":""slot#5"",""entered"":null,""rt"":18.864520899951458,""note"":""probe_digit#5""}",1,0.016664,60.008471,1
Sergio_G01_CNS-LLF5RV3D8,cpeeg02,ses05,20260827_123026,2026-08-27 12:30:58.568337,NaN,10,probe,DIGIT5_OFF,150,2026-08-27 12:42:39.419398,700.809177,0.000000,,5,,,,keyboard,digit#5 off,"{""value"":5,""note"":""digit#5 off"",""pd_used"":0}",1,0.016664,60.008471,1
Sergio_G01_CNS-LLF5RV3D8,cpeeg02,ses05,20260827_123026,2026-08-27 12:30:58.568337,NaN,10,probe,POSTDIG_FIX5_ON,155,2026-08-27 12:42:39.420193,700.809177,3.199762,,,,,,keyboard,after digit#5,"{""note"":""after digit#5""}",1,0.016664,60.008471,1
Sergio_G01_CNS-LLF5RV3D8,cpeeg02,ses05,20260827_123026,2026-08-27 12:30:58.568337,NaN,10,probe,POSTDIG_FIX5_OFF,160,2026-08-27 12:42:42.619104,704.008939,0.050083,,,,,,keyboard,after digit#5,"{""note"":""after digit#5"",""pd_used"":0}",1,0.016664,60.008471,1
Sergio_G01_CNS-LLF5RV3D8,cpeeg02,ses05,20260827_123026,2026-08-27 12:30:58.568337,NaN,10,probe,PROBE_DONE,73,2026-08-27 12:42:42.627395,704.059022,0.000792,,,,,,keyboard,probe complete,"{""value"":"""",""note"":""probe complete""}",1,0.016664,60.008471,1
Sergio_G01_CNS-LLF5RV3D8,cpeeg02,ses05,20260827_123026,2026-08-27 12:30:58.568337,NaN,10,probe,TRIAL_END,21,2026-08-27 12:42:42.628016,704.059814,0.109374,,,,,,keyboard,,{},1,0.016664,60.008471,1
Sergio_G01_CNS-LLF5RV3D8,cpeeg02,ses05,20260827_123026,2026-08-27 12:30:58.568337,NaN,10,probe,BLOCK_END,11,2026-08-27 12:42:42.737777,704.169188,0.262689,,,,,,keyboard,,{},1,0.016664,60.008471,1
Sergio_G01_CNS-LLF5RV3D8,cpeeg02,ses05,20260827_123026,2026-08-27 12:30:58.568337,NaN,10,probe,SESSION_END,3,2026-08-27 12:42:43.000516,704.431877,NaN,,,,,,keyboard,,{},1,0.016664,60.008471,1
