file_version,subject,condition,session,task_start_time,block,trial,phase,event_name,event_code,wall_clock,t_rel_sec,duration_to_next,rt,value_shown,entered_value,correct,key_name,device,note,json,screen_index,ifi,refresh_hz,pd_used
Sergio_G01_CNS-LLF5RV3D8,cpeeg02,ses05,20260827_124329,2026-08-27 12:44:12.498225,NaN,NaN,,MIC_NOISEFLOOR,6,2026-08-27 12:44:17.495787,4.997271,4.135409,,,,,,keyboard,,{},1,NaN,NaN,1
Sergio_G01_CNS-LLF5RV3D8,cpeeg02,ses05,20260827_124329,2026-08-27 12:44:12.498225,NaN,NaN,,MIC_REC_SPEECH,7,2026-08-27 12:44:21.631104,9.132680,6.645774,,,,,,keyboard,,{},1,NaN,NaN,1
Sergio_G01_CNS-LLF5RV3D8,cpeeg02,ses05,20260827_124329,2026-08-27 12:44:12.498225,NaN,NaN,,SESSION_START,1,2026-08-27 12:45:52.143697,99.645210,0.001594,,,,,,keyboard,,{},1,0.016666,60.003127,1
Sergio_G01_CNS-LLF5RV3D8,cpeeg02,ses05,20260827_124329,2026-08-27 12:44:12.498225,NaN,NaN,,BLOCK_START,10,2026-08-27 12:45:52.145130,99.646805,0.108140,,,,,,keyboard,,{},1,0.016666,60.003127,1
Sergio_G01_CNS-LLF5RV3D8,cpeeg02,ses05,20260827_124329,2026-08-27 12:44:12.498225,NaN,0,reading,START_PAGE_ON,4,2026-08-27 12:45:52.295277,99.754945,0.045492,,,,,,keyboard,,"{""pd_used"":0}",1,0.016666,60.003127,1
Sergio_G01_CNS-LLF5RV3D8,cpeeg02,ses05,20260827_124329,2026-08-27 12:44:12.498225,NaN,0,reading,START_PAGE_ON,4,2026-08-27 12:45:52.295277,99.754945,5.060464,,,,,,keyboard,,"{""pd_used"":0}",1,0.016666,60.003127,1
Sergio_G01_CNS-LLF5RV3D8,cpeeg02,ses05,20260827_124329,2026-08-27 12:44:12.498225,NaN,0,reading,START_PAGE_ON,4,2026-08-27 12:45:52.295277,99.754945,5.476799,,,,,,keyboard,,"{""pd_used"":0}",1,0.016666,60.003127,1
Sergio_G01_CNS-LLF5RV3D8,cpeeg02,ses05,20260827_124329,2026-08-27 12:44:12.498225,NaN,0,reading,READING_START,23,2026-08-27 12:45:57.730156,105.231744,0.114640,,,,,,keyboard,,{},1,0.016666,60.003127,1
Sergio_G01_CNS-LLF5RV3D8,cpeeg02,ses05,20260827_124329,2026-08-27 12:44:12.498225,NaN,0,reading,DIGIT_READ1_ON,101,2026-08-27 12:45:57.886269,105.346384,3.096216,,6,,,,keyboard,digit#1 shown,"{""value"":6,""note"":""digit#1 shown"",""pd_used"":1}",1,0.016666,60.003127,1
Sergio_G01_CNS-LLF5RV3D8,cpeeg02,ses05,20260827_124329,2026-08-27 12:44:12.498225,NaN,0,reading,PROBE_COUNT_OK_1,71,2026-08-27 12:46:01.300201,108.442600,0.403889,8.691392,slot#1,NaN,,,keyboard,probe_digit#1,"{""value"":""slot#1"",""entered"":null,""rt"":8.6913921004161239,""note"":""probe_digit#1""}",1,0.016666,60.003127,1
Sergio_G01_CNS-LLF5RV3D8,cpeeg02,ses05,20260827_124329,2026-08-27 12:44:12.498225,NaN,0,reading,DIGIT_READ1_OFF,116,2026-08-27 12:46:01.394082,108.846489,0.000000,,6,,,,keyboard,digit#1 off,"{""value"":6,""note"":""digit#1 off"",""pd_used"":0}",1,0.016666,60.003127,1
Sergio_G01_CNS-LLF5RV3D8,cpeeg02,ses05,20260827_124329,2026-08-27 12:44:12.498225,NaN,0,reading,POSTREAD_FIX1_ON,201,2026-08-27 12:46:01.395115,108.846489,2.007917,,,,,,keyboard,after digit#1,"{""note"":""after digit#1""}",1,0.016666,60.003127,1
Sergio_G01_CNS-LLF5RV3D8,cpeeg02,ses05,20260827_124329,2026-08-27 12:44:12.498225,NaN,0,reading,POSTREAD_FIX1_OFF,216,2026-08-27 12:46:03.394751,110.854407,0.046520,,,,,,keyboard,after digit#1,"{""note"":""after digit#1"",""pd_used"":0}",1,0.016666,60.003127,1
Sergio_G01_CNS-LLF5RV3D8,cpeeg02,ses05,20260827_124329,2026-08-27 12:44:12.498225,NaN,0,reading,DIGIT_READ2_ON,102,2026-08-27 12:46:03.446087,110.900926,3.385404,,3,,,,keyboard,digit#2 shown,"{""value"":3,""note"":""digit#2 shown"",""pd_used"":1}",1,0.016666,60.003127,1
Sergio_G01_CNS-LLF5RV3D8,cpeeg02,ses05,20260827_124329,2026-08-27 12:44:12.498225,NaN,0,reading,PROBE_COUNT_OK_2,71,2026-08-27 12:46:07.279001,114.286330,0.537915,14.535122,slot#2,NaN,,,keyboard,probe_digit#2,"{""value"":""slot#2"",""entered"":null,""rt"":14.535122100263834,""note"":""probe_digit#2""}",1,0.016666,60.003127,1
Sergio_G01_CNS-LLF5RV3D8,cpeeg02,ses05,20260827_124329,2026-08-27 12:44:12.498225,NaN,0,reading,DIGIT_READ2_OFF,117,2026-08-27 12:46:07.372799,114.824246,0.000000,,3,,,,keyboard,digit#2 off,"{""value"":3,""note"":""digit#2 off"",""pd_used"":0}",1,0.016666,60.003127,1
Sergio_G01_CNS-LLF5RV3D8,cpeeg02,ses05,20260827_124329,2026-08-27 12:44:12.498225,NaN,0,reading,POSTREAD_FIX2_ON,202,2026-08-27 12:46:07.373589,114.824246,1.938732,,,,,,keyboard,after digit#2,"{""note"":""after digit#2""}",1,0.016666,60.003127,1
Sergio_G01_CNS-LLF5RV3D8,cpeeg02,ses05,20260827_124329,2026-08-27 12:44:12.498225,NaN,0,reading,POSTREAD_FIX2_OFF,217,2026-08-27 12:46:09.303063,116.762977,0.045870,,,,,,keyboard,after digit#2,"{""note"":""after digit#2"",""pd_used"":0}",1,0.016666,60.003127,1
Sergio_G01_CNS-LLF5RV3D8,cpeeg02,ses05,20260827_124329,2026-08-27 12:44:12.498225,NaN,0,reading,DIGIT_READ3_ON,103,2026-08-27 12:46:09.354958,116.808847,3.569845,,0,,,,keyboard,digit#3 shown,"{""value"":0,""note"":""digit#3 shown"",""pd_used"":1}",1,0.016666,60.003127,1
Sergio_G01_CNS-LLF5RV3D8,cpeeg02,ses05,20260827_124329,2026-08-27 12:44:12.498225,NaN,0,reading,PROBE_COUNT_OK_3,71,2026-08-27 12:46:13.385858,120.378692,0.553052,20.627484,slot#3,NaN,,,keyboard,probe_digit#3,"{""value"":""slot#3"",""entered"":null,""rt"":20.627483500167727,""note"":""probe_digit#3""}",1,0.016666,60.003127,1
Sergio_G01_CNS-LLF5RV3D8,cpeeg02,ses05,20260827_124329,2026-08-27 12:44:12.498225,NaN,0,reading,DIGIT_READ3_OFF,118,2026-08-27 12:46:13.480075,120.931744,0.000000,,0,,,,keyboard,digit#3 off,"{""value"":0,""note"":""digit#3 off"",""pd_used"":0}",1,0.016666,60.003127,1
Sergio_G01_CNS-LLF5RV3D8,cpeeg02,ses05,20260827_124329,2026-08-27 12:44:12.498225,NaN,0,reading,POSTREAD_FIX3_ON,203,2026-08-27 12:46:13.480866,120.931744,1.688121,,,,,,keyboard,after digit#3,"{""note"":""after digit#3""}",1,0.016666,60.003127,1
Sergio_G01_CNS-LLF5RV3D8,cpeeg02,ses05,20260827_124329,2026-08-27 12:44:12.498225,NaN,0,reading,POSTREAD_FIX3_OFF,218,2026-08-27 12:46:15.159828,122.619865,0.046274,,,,,,keyboard,after digit#3,"{""note"":""after digit#3"",""pd_used"":0}",1,0.016666,60.003127,1
Sergio_G01_CNS-LLF5RV3D8,cpeeg02,ses05,20260827_124329,2026-08-27 12:44:12.498225,NaN,0,reading,DIGIT_READ4_ON,104,2026-08-27 12:46:15.211479,122.666139,3.095545,,0,,,,keyboard,digit#4 shown,"{""value"":0,""note"":""digit#4 shown"",""pd_used"":1}",1,0.016666,60.003127,1
Sergio_G01_CNS-LLF5RV3D8,cpeeg02,ses05,20260827_124329,2026-08-27 12:44:12.498225,NaN,0,reading,PROBE_COUNT_OK_4,71,2026-08-27 12:46:18.645644,125.761684,0.429462,26.010476,slot#4,NaN,,,keyboard,probe_digit#4,"{""value"":""slot#4"",""entered"":null,""rt"":26.010476000141352,""note"":""probe_digit#4""}",1,0.016666,60.003127,1
Sergio_G01_CNS-LLF5RV3D8,cpeeg02,ses05,20260827_124329,2026-08-27 12:44:12.498225,NaN,0,reading,DIGIT_READ4_OFF,119,2026-08-27 12:46:18.739326,126.191146,0.000000,,0,,,,keyboard,digit#4 off,"{""value"":0,""note"":""digit#4 off"",""pd_used"":0}",1,0.016666,60.003127,1
Sergio_G01_CNS-LLF5RV3D8,cpeeg02,ses05,20260827_124329,2026-08-27 12:44:12.498225,NaN,0,reading,POSTREAD_FIX4_ON,204,2026-08-27 12:46:18.740085,126.191146,2.051834,,,,,,keyboard,after digit#4,"{""note"":""after digit#4""}",1,0.016666,60.003127,1
Sergio_G01_CNS-LLF5RV3D8,cpeeg02,ses05,20260827_124329,2026-08-27 12:44:12.498225,NaN,0,reading,POSTREAD_FIX4_OFF,219,2026-08-27 12:46:20.782899,128.242980,0.046194,,,,,,keyboard,after digit#4,"{""note"":""after digit#4"",""pd_used"":0}",1,0.016666,60.003127,1
Sergio_G01_CNS-LLF5RV3D8,cpeeg02,ses05,20260827_124329,2026-08-27 12:44:12.498225,NaN,0,reading,DIGIT_READ5_ON,105,2026-08-27 12:46:20.834339,128.289174,2.140911,,5,,,,keyboard,digit#5 shown,"{""value"":5,""note"":""digit#5 shown"",""pd_used"":1}",1,0.016666,60.003127,1
Sergio_G01_CNS-LLF5RV3D8,cpeeg02,ses05,20260827_124329,2026-08-27 12:44:12.498225,NaN,0,reading,PROBE_COUNT_OK_5,71,2026-08-27 12:46:23.276493,130.430085,0.392010,30.678877,slot#5,NaN,,,keyboard,probe_digit#5,"{""value"":""slot#5"",""entered"":null,""rt"":30.678876700345427,""note"":""probe_digit#5""}",1,0.016666,60.003127,1
Sergio_G01_CNS-LLF5RV3D8,cpeeg02,ses05,20260827_124329,2026-08-27 12:44:12.498225,NaN,0,reading,DIGIT_READ5_OFF,120,2026-08-27 12:46:23.370497,130.822095,0.000000,,5,,,,keyboard,digit#5 off,"{""value"":5,""note"":""digit#5 off"",""pd_used"":0}",1,0.016666,60.003127,1
Sergio_G01_CNS-LLF5RV3D8,cpeeg02,ses05,20260827_124329,2026-08-27 12:44:12.498225,NaN,0,reading,POSTREAD_FIX5_ON,205,2026-08-27 12:46:23.371299,130.822095,1.574843,,,,,,keyboard,after digit#5,"{""note"":""after digit#5""}",1,0.016666,60.003127,1
Sergio_G01_CNS-LLF5RV3D8,cpeeg02,ses05,20260827_124329,2026-08-27 12:44:12.498225,NaN,0,reading,POSTREAD_FIX5_OFF,220,2026-08-27 12:46:24.936916,132.396938,0.045881,,,,,,keyboard,after digit#5,"{""note"":""after digit#5"",""pd_used"":0}",1,0.016666,60.003127,1
Sergio_G01_CNS-LLF5RV3D8,cpeeg02,ses05,20260827_124329,2026-08-27 12:44:12.498225,NaN,0,reading,DIGIT_READ6_ON,106,2026-08-27 12:46:24.988362,132.442819,4.437048,,7,,,,keyboard,digit#6 shown,"{""value"":7,""note"":""digit#6 shown"",""pd_used"":1}",1,0.016666,60.003127,1
Sergio_G01_CNS-LLF5RV3D8,cpeeg02,ses05,20260827_124329,2026-08-27 12:44:12.498225,NaN,0,reading,PROBE_COUNT_OK_6,71,2026-08-27 12:46:29.821505,136.879867,0.487188,37.128659,slot#6,NaN,,,keyboard,probe_digit#6,"{""value"":""slot#6"",""entered"":null,""rt"":37.128658500034362,""note"":""probe_digit#6""}",1,0.016666,60.003127,1
Sergio_G01_CNS-LLF5RV3D8,cpeeg02,ses05,20260827_124329,2026-08-27 12:44:12.498225,NaN,0,reading,DIGIT_READ6_OFF,121,2026-08-27 12:46:29.915468,137.367055,0.000000,,7,,,,keyboard,digit#6 off,"{""value"":7,""note"":""digit#6 off"",""pd_used"":0}",1,0.016666,60.003127,1
Sergio_G01_CNS-LLF5RV3D8,cpeeg02,ses05,20260827_124329,2026-08-27 12:44:12.498225,NaN,0,reading,POSTREAD_FIX6_ON,206,2026-08-27 12:46:29.916267,137.367055,2.023248,,,,,,keyboard,after digit#6,"{""note"":""after digit#6""}",1,0.016666,60.003127,1
Sergio_G01_CNS-LLF5RV3D8,cpeeg02,ses05,20260827_124329,2026-08-27 12:44:12.498225,NaN,0,reading,POSTREAD_FIX6_OFF,221,2026-08-27 12:46:31.930468,139.390303,0.046443,,,,,,keyboard,after digit#6,"{""note"":""after digit#6"",""pd_used"":0}",1,0.016666,60.003127,1
Sergio_G01_CNS-LLF5RV3D8,cpeeg02,ses05,20260827_124329,2026-08-27 12:44:12.498225,NaN,0,reading,DIGIT_READ7_ON,107,2026-08-27 12:46:31.981755,139.436745,2.132784,,4,,,,keyboard,digit#7 shown,"{""value"":4,""note"":""digit#7 shown"",""pd_used"":1}",1,0.016666,60.003127,1
Sergio_G01_CNS-LLF5RV3D8,cpeeg02,ses05,20260827_124329,2026-08-27 12:44:12.498225,NaN,0,reading,PROBE_COUNT_OK_7,71,2026-08-27 12:46:34.447046,141.569529,0.422527,41.818321,slot#7,NaN,,,keyboard,probe_digit#7,"{""value"":""slot#7"",""entered"":null,""rt"":41.818321000318974,""note"":""probe_digit#7""}",1,0.016666,60.003127,1
Sergio_G01_CNS-LLF5RV3D8,cpeeg02,ses05,20260827_124329,2026-08-27 12:44:12.498225,NaN,0,reading,DIGIT_READ7_OFF,122,2026-08-27 12:46:34.540979,141.992056,0.000000,,4,,,,keyboard,digit#7 off,"{""value"":4,""note"":""digit#7 off"",""pd_used"":0}",1,0.016666,60.003127,1
Sergio_G01_CNS-LLF5RV3D8,cpeeg02,ses05,20260827_124329,2026-08-27 12:44:12.498225,NaN,0,reading,POSTREAD_FIX7_ON,207,2026-08-27 12:46:34.541809,141.992056,1.731248,,,,,,keyboard,after digit#7,"{""note"":""after digit#7""}",1,0.016666,60.003127,1
Sergio_G01_CNS-LLF5RV3D8,cpeeg02,ses05,20260827_124329,2026-08-27 12:44:12.498225,NaN,0,reading,POSTREAD_FIX7_OFF,222,2026-08-27 12:46:36.263375,143.723305,0.045859,,,,,,keyboard,after digit#7,"{""note"":""after digit#7"",""pd_used"":0}",1,0.016666,60.003127,1
Sergio_G01_CNS-LLF5RV3D8,cpeeg02,ses05,20260827_124329,2026-08-27 12:44:12.498225,NaN,0,reading,DIGIT_READ8_ON,108,2026-08-27 12:46:36.314770,143.769164,1.352631,,0,,,,keyboard,digit#8 shown,"{""value"":0,""note"":""digit#8 shown"",""pd_used"":1}",1,0.016666,60.003127,1
Sergio_G01_CNS-LLF5RV3D8,cpeeg02,ses05,20260827_124329,2026-08-27 12:44:12.498225,NaN,0,reading,PROBE_COUNT_OK_8,71,2026-08-27 12:46:38.085565,145.121795,0.508969,45.370586,slot#8,NaN,,,keyboard,probe_digit#8,"{""value"":""slot#8"",""entered"":null,""rt"":45.370586400385946,""note"":""probe_digit#8""}",1,0.016666,60.003127,1
Sergio_G01_CNS-LLF5RV3D8,cpeeg02,ses05,20260827_124329,2026-08-27 12:44:12.498225,NaN,0,reading,DIGIT_READ8_OFF,123,2026-08-27 12:46:38.179527,145.630764,0.000000,,0,,,,keyboard,digit#8 off,"{""value"":0,""note"":""digit#8 off"",""pd_used"":0}",1,0.016666,60.003127,1
Sergio_G01_CNS-LLF5RV3D8,cpeeg02,ses05,20260827_124329,2026-08-27 12:44:12.498225,NaN,0,reading,POSTREAD_FIX8_ON,208,2026-08-27 12:46:38.180306,145.630764,2.013384,,,,,,keyboard,after digit#8,"{""note"":""after digit#8""}",1,0.016666,60.003127,1
Sergio_G01_CNS-LLF5RV3D8,cpeeg02,ses05,20260827_124329,2026-08-27 12:44:12.498225,NaN,0,reading,POSTREAD_FIX8_OFF,223,2026-08-27 12:46:40.184243,147.644148,0.046414,,,,,,keyboard,after digit#8,"{""note"":""after digit#8"",""pd_used"":0}",1,0.016666,60.003127,1
Sergio_G01_CNS-LLF5RV3D8,cpeeg02,ses05,20260827_124329,2026-08-27 12:44:12.498225,NaN,0,reading,DIGIT_READ9_ON,109,2026-08-27 12:46:40.235609,147.690563,5.360331,,4,,,,keyboard,digit#9 shown,"{""value"":4,""note"":""digit#9 shown"",""pd_used"":1}",1,0.016666,60.003127,1
Sergio_G01_CNS-LLF5RV3D8,cpeeg02,ses05,20260827_124329,2026-08-27 12:44:12.498225,NaN,0,reading,PROBE_COUNT_OK_9,71,2026-08-27 12:46:46.017468,153.050893,0.511962,53.299685,slot#9,NaN,,,keyboard,probe_digit#9,"{""value"":""slot#9"",""entered"":null,""rt"":53.299685000441968,""note"":""probe_digit#9""}",1,0.016666,60.003127,1
Sergio_G01_CNS-LLF5RV3D8,cpeeg02,ses05,20260827_124329,2026-08-27 12:44:12.498225,NaN,0,reading,DIGIT_READ9_OFF,124,2026-08-27 12:46:46.112052,153.562855,0.000000,,4,,,,keyboard,digit#9 off,"{""value"":4,""note"":""digit#9 off"",""pd_used"":0}",1,0.016666,60.003127,1
Sergio_G01_CNS-LLF5RV3D8,cpeeg02,ses05,20260827_124329,2026-08-27 12:44:12.498225,NaN,0,reading,POSTREAD_FIX9_ON,209,2026-08-27 12:46:46.112843,153.562855,1.933178,,,,,,keyboard,after digit#9,"{""note"":""after digit#9""}",1,0.016666,60.003127,1
Sergio_G01_CNS-LLF5RV3D8,cpeeg02,ses05,20260827_124329,2026-08-27 12:44:12.498225,NaN,0,reading,POSTREAD_FIX9_OFF,224,2026-08-27 12:46:48.036447,155.496033,0.047581,,,,,,keyboard,after digit#9,"{""note"":""after digit#9"",""pd_used"":0}",1,0.016666,60.003127,1
Sergio_G01_CNS-LLF5RV3D8,cpeeg02,ses05,20260827_124329,2026-08-27 12:44:12.498225,NaN,0,reading,DIGIT_READ10_ON,110,2026-08-27 12:46:48.087781,155.543614,2.809479,,9,,,,keyboard,digit#10 shown,"{""value"":9,""note"":""digit#10 shown"",""pd_used"":1}",1,0.016666,60.003127,1
Sergio_G01_CNS-LLF5RV3D8,cpeeg02,ses05,20260827_124329,2026-08-27 12:44:12.498225,NaN,0,reading,PROBE_COUNT_OK_10,71,2026-08-27 12:46:51.337027,158.353093,0.529159,58.601885,slot#10,NaN,,,keyboard,probe_digit#10,"{""value"":""slot#10"",""entered"":null,""rt"":58.601884900126606,""note"":""probe_digit#10""}",1,0.016666,60.003127,1
Sergio_G01_CNS-LLF5RV3D8,cpeeg02,ses05,20260827_124329,2026-08-27 12:44:12.498225,NaN,0,reading,DIGIT_READ10_OFF,125,2026-08-27 12:46:51.430995,158.882252,0.000000,,9,,,,keyboard,digit#10 off,"{""value"":9,""note"":""digit#10 off"",""pd_used"":0}",1,0.016666,60.003127,1
Sergio_G01_CNS-LLF5RV3D8,cpeeg02,ses05,20260827_124329,2026-08-27 12:44:12.498225,NaN,0,reading,POSTREAD_FIX10_ON,210,2026-08-27 12:46:51.431767,158.882252,1.568530,,,,,,keyboard,after digit#10,"{""note"":""after digit#10""}",1,0.016666,60.003127,1
Sergio_G01_CNS-LLF5RV3D8,cpeeg02,ses05,20260827_124329,2026-08-27 12:44:12.498225,NaN,0,reading,POSTREAD_FIX10_OFF,225,2026-08-27 12:46:52.990853,160.450782,0.046172,,,,,,keyboard,after digit#10,"{""note"":""after digit#10"",""pd_used"":0}",1,0.016666,60.003127,1
Sergio_G01_CNS-LLF5RV3D8,cpeeg02,ses05,20260827_124329,2026-08-27 12:44:12.498225,NaN,0,reading,DIGIT_READ11_ON,111,2026-08-27 12:46:53.042358,160.496954,1.544961,,8,,,,keyboard,digit#11 shown,"{""value"":8,""note"":""digit#11 shown"",""pd_used"":1}",1,0.016666,60.003127,1
Sergio_G01_CNS-LLF5RV3D8,cpeeg02,ses05,20260827_124329,2026-08-27 12:44:12.498225,NaN,0,reading,PROBE_COUNT_OK_11,71,2026-08-27 12:46:54.937089,162.041915,0.440713,62.290707,slot#11,NaN,,,keyboard,probe_digit#11,"{""value"":""slot#11"",""entered"":null,""rt"":62.290707000065595,""note"":""probe_digit#11""}",1,0.016666,60.003127,1
Sergio_G01_CNS-LLF5RV3D8,cpeeg02,ses05,20260827_124329,2026-08-27 12:44:12.498225,NaN,0,reading,DIGIT_READ11_OFF,126,2026-08-27 12:46:55.031004,162.482628,0.000000,,8,,,,keyboard,digit#11 off,"{""value"":8,""note"":""digit#11 off"",""pd_used"":0}",1,0.016666,60.003127,1
Sergio_G01_CNS-LLF5RV3D8,cpeeg02,ses05,20260827_124329,2026-08-27 12:44:12.498225,NaN,0,reading,POSTREAD_FIX11_ON,211,2026-08-27 12:46:55.031769,162.482628,1.678127,,,,,,keyboard,after digit#11,"{""note"":""after digit#11""}",1,0.016666,60.003127,1
Sergio_G01_CNS-LLF5RV3D8,cpeeg02,ses05,20260827_124329,2026-08-27 12:44:12.498225,NaN,0,reading,POSTREAD_FIX11_OFF,226,2026-08-27 12:46:56.700748,164.160755,0.046107,,,,,,keyboard,after digit#11,"{""note"":""after digit#11"",""pd_used"":0}",1,0.016666,60.003127,1
Sergio_G01_CNS-LLF5RV3D8,cpeeg02,ses05,20260827_124329,2026-08-27 12:44:12.498225,NaN,0,reading,DIGIT_READ12_ON,112,2026-08-27 12:46:56.752178,164.206862,0.804717,,8,,,,keyboard,digit#12 shown,"{""value"":8,""note"":""digit#12 shown"",""pd_used"":1}",1,0.016666,60.003127,1
Sergio_G01_CNS-LLF5RV3D8,cpeeg02,ses05,20260827_124329,2026-08-27 12:44:12.498225,NaN,0,reading,PROBE_COUNT_OK_12,71,2026-08-27 12:46:57.874767,165.011579,0.408148,65.260371,slot#12,NaN,,,keyboard,probe_digit#12,"{""value"":""slot#12"",""entered"":null,""rt"":65.260371000040323,""note"":""probe_digit#12""}",1,0.016666,60.003127,1
Sergio_G01_CNS-LLF5RV3D8,cpeeg02,ses05,20260827_124329,2026-08-27 12:44:12.498225,NaN,0,reading,DIGIT_READ12_OFF,127,2026-08-27 12:46:57.968428,165.419727,0.000000,,8,,,,keyboard,digit#12 off,"{""value"":8,""note"":""digit#12 off"",""pd_used"":0}",1,0.016666,60.003127,1
Sergio_G01_CNS-LLF5RV3D8,cpeeg02,ses05,20260827_124329,2026-08-27 12:44:12.498225,NaN,0,reading,POSTREAD_FIX12_ON,212,2026-08-27 12:46:57.969179,165.419727,1.851110,,,,,,keyboard,after digit#12,"{""note"":""after digit#12""}",1,0.016666,60.003127,1
Sergio_G01_CNS-LLF5RV3D8,cpeeg02,ses05,20260827_124329,2026-08-27 12:44:12.498225,NaN,0,reading,POSTREAD_FIX12_OFF,227,2026-08-27 12:46:59.810940,167.270837,0.046220,,,,,,keyboard,after digit#12,"{""note"":""after digit#12"",""pd_used"":0}",1,0.016666,60.003127,1
Sergio_G01_CNS-LLF5RV3D8,cpeeg02,ses05,20260827_124329,2026-08-27 12:44:12.498225,NaN,0,reading,DIGIT_READ13_ON,113,2026-08-27 12:46:59.862439,167.317057,2.051562,,3,,,,keyboard,digit#13 shown,"{""value"":3,""note"":""digit#13 shown"",""pd_used"":1}",1,0.016666,60.003127,1
Sergio_G01_CNS-LLF5RV3D8,cpeeg02,ses05,20260827_124329,2026-08-27 12:44:12.498225,NaN,0,reading,PROBE_COUNT_OK_13,71,2026-08-27 12:47:02.368092,169.368619,0.544685,69.617411,slot#13,NaN,,,keyboard,probe_digit#13,"{""value"":""slot#13"",""entered"":null,""rt"":69.617410700302571,""note"":""probe_digit#13""}",1,0.016666,60.003127,1
Sergio_G01_CNS-LLF5RV3D8,cpeeg02,ses05,20260827_124329,2026-08-27 12:44:12.498225,NaN,0,reading,DIGIT_READ13_OFF,128,2026-08-27 12:47:02.462126,169.913304,0.000000,,3,,,,keyboard,digit#13 off,"{""value"":3,""note"":""digit#13 off"",""pd_used"":0}",1,0.016666,60.003127,1
Sergio_G01_CNS-LLF5RV3D8,cpeeg02,ses05,20260827_124329,2026-08-27 12:44:12.498225,NaN,0,reading,POSTREAD_FIX13_ON,213,2026-08-27 12:47:02.462916,169.913304,1.941949,,,,,,keyboard,after digit#13,"{""note"":""after digit#13""}",1,0.016666,60.003127,1
Sergio_G01_CNS-LLF5RV3D8,cpeeg02,ses05,20260827_124329,2026-08-27 12:44:12.498225,NaN,0,reading,POSTREAD_FIX13_OFF,228,2026-08-27 12:47:04.395490,171.855253,0.046468,,,,,,keyboard,after digit#13,"{""note"":""after digit#13"",""pd_used"":0}",1,0.016666,60.003127,1
Sergio_G01_CNS-LLF5RV3D8,cpeeg02,ses05,20260827_124329,2026-08-27 12:44:12.498225,NaN,0,reading,DIGIT_READ14_ON,114,2026-08-27 12:47:04.446773,171.901722,1.652392,,7,,,,keyboard,digit#14 shown,"{""value"":7,""note"":""digit#14 shown"",""pd_used"":1}",1,0.016666,60.003127,1
Sergio_G01_CNS-LLF5RV3D8,cpeeg02,ses05,20260827_124329,2026-08-27 12:44:12.498225,NaN,0,reading,PROBE_COUNT_OK_14,71,2026-08-27 12:47:06.393939,173.554114,0.384800,73.802905,slot#14,NaN,,,keyboard,probe_digit#14,"{""value"":""slot#14"",""entered"":null,""rt"":73.802905400283635,""note"":""probe_digit#14""}",1,0.016666,60.003127,1
Sergio_G01_CNS-LLF5RV3D8,cpeeg02,ses05,20260827_124329,2026-08-27 12:44:12.498225,NaN,0,reading,DIGIT_READ14_OFF,129,2026-08-27 12:47:06.487931,173.938913,0.000000,,7,,,,keyboard,digit#14 off,"{""value"":7,""note"":""digit#14 off"",""pd_used"":0}",1,0.016666,60.003127,1
Sergio_G01_CNS-LLF5RV3D8,cpeeg02,ses05,20260827_124329,2026-08-27 12:44:12.498225,NaN,0,reading,POSTREAD_FIX14_ON,214,2026-08-27 12:47:06.488718,173.938913,1.798097,,,,,,keyboard,after digit#14,"{""note"":""after digit#14""}",1,0.016666,60.003127,1
Sergio_G01_CNS-LLF5RV3D8,cpeeg02,ses05,20260827_124329,2026-08-27 12:44:12.498225,NaN,0,reading,POSTREAD_FIX14_OFF,229,2026-08-27 12:47:08.277255,175.737011,0.046594,,,,,,keyboard,after digit#14,"{""note"":""after digit#14"",""pd_used"":0}",1,0.016666,60.003127,1
Sergio_G01_CNS-LLF5RV3D8,cpeeg02,ses05,20260827_124329,2026-08-27 12:44:12.498225,NaN,0,reading,DIGIT_READ15_ON,115,2026-08-27 12:47:08.329050,175.783605,1.790742,,7,,,,keyboard,digit#15 shown,"{""value"":7,""note"":""digit#15 shown"",""pd_used"":1}",1,0.016666,60.003127,1
Sergio_G01_CNS-LLF5RV3D8,cpeeg02,ses05,20260827_124329,2026-08-27 12:44:12.498225,NaN,0,reading,PROBE_COUNT_OK_15,71,2026-08-27 12:47:10.454185,177.574346,0.424948,77.823138,slot#15,NaN,,,keyboard,probe_digit#15,"{""value"":""slot#15"",""entered"":null,""rt"":77.8231381000951,""note"":""probe_digit#15""}",1,0.016666,60.003127,1
Sergio_G01_CNS-LLF5RV3D8,cpeeg02,ses05,20260827_124329,2026-08-27 12:44:12.498225,NaN,0,reading,DIGIT_READ15_OFF,130,2026-08-27 12:47:10.547792,177.999294,0.000000,,7,,,,keyboard,digit#15 off,"{""value"":7,""note"":""digit#15 off"",""pd_used"":0}",1,0.016666,60.003127,1
Sergio_G01_CNS-LLF5RV3D8,cpeeg02,ses05,20260827_124329,2026-08-27 12:44:12.498225,NaN,0,reading,POSTREAD_FIX15_ON,215,2026-08-27 12:47:10.548706,177.999294,3.227171,,,,,,keyboard,after digit#15,"{""note"":""after digit#15""}",1,0.016666,60.003127,1
Sergio_G01_CNS-LLF5RV3D8,cpeeg02,ses05,20260827_124329,2026-08-27 12:44:12.498225,NaN,0,reading,POSTREAD_FIX15_OFF,230,2026-08-27 12:47:13.766527,181.226465,0.043937,,,,,,keyboard,after digit#15,"{""note"":""after digit#15"",""pd_used"":0}",1,0.016666,60.003127,1
Sergio_G01_CNS-LLF5RV3D8,cpeeg02,ses05,20260827_124329,2026-08-27 12:44:12.498225,NaN,0,reading,READING_END,24,2026-08-27 12:47:13.768630,181.270402,0.051670,,,,,,keyboard,,{},1,0.016666,60.003127,1
Sergio_G01_CNS-LLF5RV3D8,cpeeg02,ses05,20260827_124329,2026-08-27 12:44:12.498225,NaN,0,reading,START_PAGE_ON,4,2026-08-27 12:47:13.869494,181.322072,0.051893,,,,,,keyboard,,"{""pd_used"":0}",1,0.016666,60.003127,1
Sergio_G01_CNS-LLF5RV3D8,cpeeg02,ses05,20260827_124329,2026-08-27 12:44:12.498225,NaN,0,reading,START_PAGE_ON,4,2026-08-27 12:47:13.869494,181.322072,7.750337,,,,,,keyboard,,"{""pd_used"":0}",1,0.016666,60.003127,1
Sergio_G01_CNS-LLF5RV3D8,cpeeg02,ses05,20260827_124329,2026-08-27 12:44:12.498225,NaN,0,reading,START_PAGE_ON,4,2026-08-27 12:47:13.869494,181.322072,8.116701,,,,,,keyboard,,"{""pd_used"":0}",1,0.016666,60.003127,1
Sergio_G01_CNS-LLF5RV3D8,cpeeg02,ses05,20260827_124329,2026-08-27 12:44:12.498225,NaN,1,reading,TRIAL_CHANGE,22,2026-08-27 12:47:21.937239,189.438773,0.001148,,,,,,keyboard,trial transition,"{""note"":""trial transition""}",1,0.016666,60.003127,1
Sergio_G01_CNS-LLF5RV3D8,cpeeg02,ses05,20260827_124329,2026-08-27 12:44:12.498225,NaN,1,reading,TRIAL_START,20,2026-08-27 12:47:21.938112,189.439921,0.051614,,,,,,keyboard,,{},1,0.016666,60.003127,1
Sergio_G01_CNS-LLF5RV3D8,cpeeg02,ses05,20260827_124329,2026-08-27 12:44:12.498225,NaN,1,fix1,FIX1_ON,30,2026-08-27 12:47:22.039668,189.491535,3.175761,,,,,,keyboard,,"{""pd_used"":0}",1,0.016666,60.003127,1
Sergio_G01_CNS-LLF5RV3D8,cpeeg02,ses05,20260827_124329,2026-08-27 12:44:12.498225,NaN,1,fix1,FIX1_OFF,31,2026-08-27 12:47:25.207245,192.667295,0.044331,,,,,,keyboard,,"{""pd_used"":0}",1,0.016666,60.003127,1
Sergio_G01_CNS-LLF5RV3D8,cpeeg02,ses05,20260827_124329,2026-08-27 12:44:12.498225,NaN,1,digit,DIGIT1_ON,141,2026-08-27 12:47:25.258535,192.711627,0.551428,,4,,,,keyboard,digit#1 shown,"{""value"":4,""note"":""digit#1 shown"",""pd_used"":1}",1,0.016666,60.003127,1
Sergio_G01_CNS-LLF5RV3D8,cpeeg02,ses05,20260827_124329,2026-08-27 12:44:12.498225,NaN,1,digit,DIGIT1_OFF,146,2026-08-27 12:47:25.803103,193.263054,0.000000,,4,,,,keyboard,digit#1 off,"{""value"":4,""note"":""digit#1 off"",""pd_used"":0}",1,0.016666,60.003127,1
Sergio_G01_CNS-LLF5RV3D8,cpeeg02,ses05,20260827_124329,2026-08-27 12:44:12.498225,NaN,1,digit,POSTDIG_FIX1_ON,151,2026-08-27 12:47:25.804129,193.263054,1.947246,,,,,,keyboard,after digit#1,"{""note"":""after digit#1""}",1,0.016666,60.003127,1
Sergio_G01_CNS-LLF5RV3D8,cpeeg02,ses05,20260827_124329,2026-08-27 12:44:12.498225,NaN,1,digit,POSTDIG_FIX1_OFF,156,2026-08-27 12:47:27.750359,195.210300,0.044214,,,,,,keyboard,after digit#1,"{""note"":""after digit#1"",""pd_used"":0}",1,0.016666,60.003127,1
Sergio_G01_CNS-LLF5RV3D8,cpeeg02,ses05,20260827_124329,2026-08-27 12:44:12.498225,NaN,1,digit,DIGIT2_ON,142,2026-08-27 12:47:27.802340,195.254514,0.551879,,6,,,,keyboard,digit#2 shown,"{""value"":6,""note"":""digit#2 shown"",""pd_used"":1}",1,0.016666,60.003127,1
Sergio_G01_CNS-LLF5RV3D8,cpeeg02,ses05,20260827_124329,2026-08-27 12:44:12.498225,NaN,1,digit,DIGIT2_OFF,147,2026-08-27 12:47:28.346593,195.806393,0.000000,,6,,,,keyboard,digit#2 off,"{""value"":6,""note"":""digit#2 off"",""pd_used"":0}",1,0.016666,60.003127,1
Sergio_G01_CNS-LLF5RV3D8,cpeeg02,ses05,20260827_124329,2026-08-27 12:44:12.498225,NaN,1,digit,POSTDIG_FIX2_ON,152,2026-08-27 12:47:28.347364,195.806393,1.898611,,,,,,keyboard,after digit#2,"{""note"":""after digit#2""}",1,0.016666,60.003127,1
Sergio_G01_CNS-LLF5RV3D8,cpeeg02,ses05,20260827_124329,2026-08-27 12:44:12.498225,NaN,1,digit,POSTDIG_FIX2_OFF,157,2026-08-27 12:47:30.245325,197.705004,0.044317,,,,,,keyboard,after digit#2,"{""note"":""after digit#2"",""pd_used"":0}",1,0.016666,60.003127,1
Sergio_G01_CNS-LLF5RV3D8,cpeeg02,ses05,20260827_124329,2026-08-27 12:44:12.498225,NaN,1,digit,DIGIT3_ON,143,2026-08-27 12:47:30.296633,197.749321,0.551325,,3,,,,keyboard,digit#3 shown,"{""value"":3,""note"":""digit#3 shown"",""pd_used"":1}",1,0.016666,60.003127,1
Sergio_G01_CNS-LLF5RV3D8,cpeeg02,ses05,20260827_124329,2026-08-27 12:44:12.498225,NaN,1,digit,DIGIT3_OFF,148,2026-08-27 12:47:30.840693,198.300646,0.000000,,3,,,,keyboard,digit#3 off,"{""value"":3,""note"":""digit#3 off"",""pd_used"":0}",1,0.016666,60.003127,1
Sergio_G01_CNS-LLF5RV3D8,cpeeg02,ses05,20260827_124329,2026-08-27 12:44:12.498225,NaN,1,digit,POSTDIG_FIX3_ON,153,2026-08-27 12:47:30.841476,198.300646,1.823285,,,,,,keyboard,after digit#3,"{""note"":""after digit#3""}",1,0.016666,60.003127,1
Sergio_G01_CNS-LLF5RV3D8,cpeeg02,ses05,20260827_124329,2026-08-27 12:44:12.498225,NaN,1,digit,POSTDIG_FIX3_OFF,158,2026-08-27 12:47:32.664053,200.123931,0.044226,,,,,,keyboard,after digit#3,"{""note"":""after digit#3"",""pd_used"":0}",1,0.016666,60.003127,1
Sergio_G01_CNS-LLF5RV3D8,cpeeg02,ses05,20260827_124329,2026-08-27 12:44:12.498225,NaN,1,digit,DIGIT4_ON,144,2026-08-27 12:47:32.715501,200.168157,0.551413,,7,,,,keyboard,digit#4 shown,"{""value"":7,""note"":""digit#4 shown"",""pd_used"":1}",1,0.016666,60.003127,1
Sergio_G01_CNS-LLF5RV3D8,cpeeg02,ses05,20260827_124329,2026-08-27 12:44:12.498225,NaN,1,digit,DIGIT4_OFF,149,2026-08-27 12:47:33.260134,200.719570,0.000000,,7,,,,keyboard,digit#4 off,"{""value"":7,""note"":""digit#4 off"",""pd_used"":0}",1,0.016666,60.003127,1
Sergio_G01_CNS-LLF5RV3D8,cpeeg02,ses05,20260827_124329,2026-08-27 12:44:12.498225,NaN,1,digit,POSTDIG_FIX4_ON,154,2026-08-27 12:47:33.260954,200.719570,1.570724,,,,,,keyboard,after digit#4,"{""note"":""after digit#4""}",1,0.016666,60.003127,1
Sergio_G01_CNS-LLF5RV3D8,cpeeg02,ses05,20260827_124329,2026-08-27 12:44:12.498225,NaN,1,digit,POSTDIG_FIX4_OFF,159,2026-08-27 12:47:34.830332,202.290293,0.044335,,,,,,keyboard,after digit#4,"{""note"":""after digit#4"",""pd_used"":0}",1,0.016666,60.003127,1
Sergio_G01_CNS-LLF5RV3D8,cpeeg02,ses05,20260827_124329,2026-08-27 12:44:12.498225,NaN,1,digit,DIGIT5_ON,145,2026-08-27 12:47:34.881657,202.334628,0.551094,,6,,,,keyboard,digit#5 shown,"{""value"":6,""note"":""digit#5 shown"",""pd_used"":1}",1,0.016666,60.003127,1
Sergio_G01_CNS-LLF5RV3D8,cpeeg02,ses05,20260827_124329,2026-08-27 12:44:12.498225,NaN,1,digit,DIGIT5_OFF,150,2026-08-27 12:47:35.425748,202.885722,0.000000,,6,,,,keyboard,digit#5 off,"{""value"":6,""note"":""digit#5 off"",""pd_used"":0}",1,0.016666,60.003127,1
Sergio_G01_CNS-LLF5RV3D8,cpeeg02,ses05,20260827_124329,2026-08-27 12:44:12.498225,NaN,1,digit,POSTDIG_FIX5_ON,155,2026-08-27 12:47:35.426552,202.885722,3.386913,,,,,,keyboard,after digit#5,"{""note"":""after digit#5""}",1,0.016666,60.003127,1
Sergio_G01_CNS-LLF5RV3D8,cpeeg02,ses05,20260827_124329,2026-08-27 12:44:12.498225,NaN,1,digit,POSTDIG_FIX5_OFF,160,2026-08-27 12:47:38.812723,206.272634,0.045081,,,,,,keyboard,after digit#5,"{""note"":""after digit#5"",""pd_used"":0}",1,0.016666,60.003127,1
Sergio_G01_CNS-LLF5RV3D8,cpeeg02,ses05,20260827_124329,2026-08-27 12:44:12.498225,NaN,1,distractor,DISTRACTOR_ON,50,2026-08-27 12:47:38.864354,206.317716,8.249153,,3+0=3,,,,keyboard,,"{""value"":""3+0=3"",""isCorrectTruth"":true,""trueSum"":3,""pd_used"":1}",1,0.016666,60.003127,1
Sergio_G01_CNS-LLF5RV3D8,cpeeg02,ses05,20260827_124329,2026-08-27 12:44:12.498225,NaN,1,distractor,DISTRACTOR_ANS,51,2026-08-27 12:47:47.469045,214.566869,0.000000,8.249153,3+0=3,F,0,,keyboard,key= (False),"{""value"":""3+0=3"",""entered"":""F"",""rt"":8.2491530999541283,""correct"":0,""note"":""key= (False)"",""truth"":true,""trueSum"":3,""shownSum"":3,""a"":3,""b"":0}",1,0.016666,60.003127,1
Sergio_G01_CNS-LLF5RV3D8,cpeeg02,ses05,20260827_124329,2026-08-27 12:44:12.498225,NaN,1,distractor,ANS_WRONG,200,2026-08-27 12:47:47.511703,214.566869,0.448803,,,,,,keyboard,,{},1,0.016666,60.003127,1
Sergio_G01_CNS-LLF5RV3D8,cpeeg02,ses05,20260827_124329,2026-08-27 12:44:12.498225,NaN,1,distractor,DISTRACTOR_OFF,52,2026-08-27 12:47:47.563005,215.015672,0.000000,,,,,,keyboard,,"{""pd_used"":0}",1,0.016666,60.003127,1
Sergio_G01_CNS-LLF5RV3D8,cpeeg02,ses05,20260827_124329,2026-08-27 12:44:12.498225,NaN,1,distractor,FIX2_ON,60,2026-08-27 12:47:47.564052,215.015672,3.373117,,,,,,keyboard,immediate after response,"{""note"":""immediate after response""}",1,0.016666,60.003127,1
Sergio_G01_CNS-LLF5RV3D8,cpeeg02,ses05,20260827_124329,2026-08-27 12:44:12.498225,NaN,1,fix2,FIX2_OFF,61,2026-08-27 12:47:50.929049,218.388788,0.045040,,,,,,keyboard,,"{""pd_used"":0}",1,0.016666,60.003127,1
Sergio_G01_CNS-LLF5RV3D8,cpeeg02,ses05,20260827_124329,2026-08-27 12:44:12.498225,NaN,1,probe,DIGIT_RECALL_LINE_1,161,2026-08-27 12:47:50.980505,218.433828,2.764537,,1,,,,keyboard,first recall question,"{""value"":1,""note"":""first recall question"",""pd_used"":1}",1,0.016666,60.003127,1
Sergio_G01_CNS-LLF5RV3D8,cpeeg02,ses05,20260827_124329,2026-08-27 12:44:12.498225,NaN,1,probe,PROBE_DIGIT_OK_1,71,2026-08-27 12:47:54.224634,221.198365,0.634559,2.766430,slot#1,NaN,,,keyboard,probe_digit#1,"{""value"":""slot#1"",""entered"":null,""rt"":2.7664302000775933,""note"":""probe_digit#1""}",1,0.016666,60.003127,1
Sergio_G01_CNS-LLF5RV3D8,cpeeg02,ses05,20260827_124329,2026-08-27 12:44:12.498225,NaN,1,probe,DIGIT1_OFF,146,2026-08-27 12:47:54.373005,221.832924,0.000000,,6,,,,keyboard,digit#1 off,"{""value"":6,""note"":""digit#1 off"",""pd_used"":0}",1,0.016666,60.003127,1
Sergio_G01_CNS-LLF5RV3D8,cpeeg02,ses05,20260827_124329,2026-08-27 12:44:12.498225,NaN,1,probe,POSTDIG_FIX1_ON,151,2026-08-27 12:47:54.374112,221.832924,1.871241,,,,,,keyboard,after digit#1,"{""note"":""after digit#1""}",1,0.016666,60.003127,1
Sergio_G01_CNS-LLF5RV3D8,cpeeg02,ses05,20260827_124329,2026-08-27 12:44:12.498225,NaN,1,probe,POSTDIG_FIX1_OFF,156,2026-08-27 12:47:56.244318,223.704165,0.046362,,,,,,keyboard,after digit#1,"{""note"":""after digit#1"",""pd_used"":0}",1,0.016666,60.003127,1
Sergio_G01_CNS-LLF5RV3D8,cpeeg02,ses05,20260827_124329,2026-08-27 12:44:12.498225,NaN,1,probe,DIGIT_RECALL_LINE_2,162,2026-08-27 12:47:56.295924,223.750527,0.832372,,2,,,,keyboard,next recall question,"{""value"":2,""note"":""next recall question"",""pd_used"":1}",1,0.016666,60.003127,1
Sergio_G01_CNS-LLF5RV3D8,cpeeg02,ses05,20260827_124329,2026-08-27 12:44:12.498225,NaN,1,probe,PROBE_DIGIT_OK_2,71,2026-08-27 12:47:57.494729,224.582899,0.522677,6.150964,slot#2,NaN,,,keyboard,probe_digit#2,"{""value"":""slot#2"",""entered"":null,""rt"":6.1509639001451433,""note"":""probe_digit#2""}",1,0.016666,60.003127,1
Sergio_G01_CNS-LLF5RV3D8,cpeeg02,ses05,20260827_124329,2026-08-27 12:44:12.498225,NaN,1,probe,DIGIT2_OFF,147,2026-08-27 12:47:57.645457,225.105576,0.000000,,6,,,,keyboard,digit#2 off,"{""value"":6,""note"":""digit#2 off"",""pd_used"":0}",1,0.016666,60.003127,1
Sergio_G01_CNS-LLF5RV3D8,cpeeg02,ses05,20260827_124329,2026-08-27 12:44:12.498225,NaN,1,probe,POSTDIG_FIX2_ON,152,2026-08-27 12:47:57.646281,225.105576,1.562080,,,,,,keyboard,after digit#2,"{""note"":""after digit#2""}",1,0.016666,60.003127,1
Sergio_G01_CNS-LLF5RV3D8,cpeeg02,ses05,20260827_124329,2026-08-27 12:44:12.498225,NaN,1,probe,POSTDIG_FIX2_OFF,157,2026-08-27 12:47:59.207630,226.667657,0.046125,,,,,,keyboard,after digit#2,"{""note"":""after digit#2"",""pd_used"":0}",1,0.016666,60.003127,1
Sergio_G01_CNS-LLF5RV3D8,cpeeg02,ses05,20260827_124329,2026-08-27 12:44:12.498225,NaN,1,probe,DIGIT_RECALL_LINE_3,163,2026-08-27 12:47:59.259451,226.713781,4.214910,,3,,,,keyboard,next recall question,"{""value"":3,""note"":""next recall question"",""pd_used"":1}",1,0.016666,60.003127,1
Sergio_G01_CNS-LLF5RV3D8,cpeeg02,ses05,20260827_124329,2026-08-27 12:44:12.498225,NaN,1,probe,PROBE_DIGIT_OK_3,71,2026-08-27 12:48:03.776108,230.928691,0.458581,12.496756,slot#3,NaN,,,keyboard,probe_digit#3,"{""value"":""slot#3"",""entered"":null,""rt"":12.496756100095809,""note"":""probe_digit#3""}",1,0.016666,60.003127,1
Sergio_G01_CNS-LLF5RV3D8,cpeeg02,ses05,20260827_124329,2026-08-27 12:44:12.498225,NaN,1,probe,DIGIT3_OFF,148,2026-08-27 12:48:03.927304,231.387272,0.000000,,6,,,,keyboard,digit#3 off,"{""value"":6,""note"":""digit#3 off"",""pd_used"":0}",1,0.016666,60.003127,1
Sergio_G01_CNS-LLF5RV3D8,cpeeg02,ses05,20260827_124329,2026-08-27 12:44:12.498225,NaN,1,probe,POSTDIG_FIX3_ON,153,2026-08-27 12:48:03.928071,231.387272,1.693764,,,,,,keyboard,after digit#3,"{""note"":""after digit#3""}",1,0.016666,60.003127,1
Sergio_G01_CNS-LLF5RV3D8,cpeeg02,ses05,20260827_124329,2026-08-27 12:44:12.498225,NaN,1,probe,POSTDIG_FIX3_OFF,158,2026-08-27 12:48:05.621250,233.081036,0.046452,,,,,,keyboard,after digit#3,"{""note"":""after digit#3"",""pd_used"":0}",1,0.016666,60.003127,1
Sergio_G01_CNS-LLF5RV3D8,cpeeg02,ses05,20260827_124329,2026-08-27 12:44:12.498225,NaN,1,probe,DIGIT_RECALL_LINE_4,164,2026-08-27 12:48:05.672384,233.127488,1.340312,,4,,,,keyboard,next recall question,"{""value"":4,""note"":""next recall question"",""pd_used"":1}",1,0.016666,60.003127,1
Sergio_G01_CNS-LLF5RV3D8,cpeeg02,ses05,20260827_124329,2026-08-27 12:44:12.498225,NaN,1,probe,PROBE_DIGIT_OK_4,71,2026-08-27 12:48:07.445310,234.467800,0.577589,16.035865,slot#4,NaN,,,keyboard,probe_digit#4,"{""value"":""slot#4"",""entered"":null,""rt"":16.035865200217813,""note"":""probe_digit#4""}",1,0.016666,60.003127,1
Sergio_G01_CNS-LLF5RV3D8,cpeeg02,ses05,20260827_124329,2026-08-27 12:44:12.498225,NaN,1,probe,DIGIT4_OFF,149,2026-08-27 12:48:07.585331,235.045389,0.000000,,6,,,,keyboard,digit#4 off,"{""value"":6,""note"":""digit#4 off"",""pd_used"":0}",1,0.016666,60.003127,1
Sergio_G01_CNS-LLF5RV3D8,cpeeg02,ses05,20260827_124329,2026-08-27 12:44:12.498225,NaN,1,probe,POSTDIG_FIX4_ON,154,2026-08-27 12:48:07.586189,235.045389,1.638726,,,,,,keyboard,after digit#4,"{""note"":""after digit#4""}",1,0.016666,60.003127,1
Sergio_G01_CNS-LLF5RV3D8,cpeeg02,ses05,20260827_124329,2026-08-27 12:44:12.498225,NaN,1,probe,POSTDIG_FIX4_OFF,159,2026-08-27 12:48:09.224247,236.684115,0.046216,,,,,,keyboard,after digit#4,"{""note"":""after digit#4"",""pd_used"":0}",1,0.016666,60.003127,1
Sergio_G01_CNS-LLF5RV3D8,cpeeg02,ses05,20260827_124329,2026-08-27 12:44:12.498225,NaN,1,probe,DIGIT_RECALL_LINE_5,165,2026-08-27 12:48:09.275508,236.730331,1.327568,,5,,,,keyboard,next recall question,"{""value"":5,""note"":""next recall question"",""pd_used"":1}",1,0.016666,60.003127,1
Sergio_G01_CNS-LLF5RV3D8,cpeeg02,ses05,20260827_124329,2026-08-27 12:44:12.498225,NaN,1,probe,PROBE_DIGIT_OK_5,71,2026-08-27 12:48:10.875364,238.057899,0.428845,19.625964,slot#5,NaN,,,keyboard,probe_digit#5,"{""value"":""slot#5"",""entered"":null,""rt"":19.625964100006968,""note"":""probe_digit#5""}",1,0.016666,60.003127,1
Sergio_G01_CNS-LLF5RV3D8,cpeeg02,ses05,20260827_124329,2026-08-27 12:44:12.498225,NaN,1,probe,DIGIT5_OFF,150,2026-08-27 12:48:11.026645,238.486744,0.000000,,6,,,,keyboard,digit#5 off,"{""value"":6,""note"":""digit#5 off"",""pd_used"":0}",1,0.016666,60.003127,1
Sergio_G01_CNS-LLF5RV3D8,cpeeg02,ses05,20260827_124329,2026-08-27 12:44:12.498225,NaN,1,probe,POSTDIG_FIX5_ON,155,2026-08-27 12:48:11.027420,238.486744,3.401351,,,,,,keyboard,after digit#5,"{""note"":""after digit#5""}",1,0.016666,60.003127,1
Sergio_G01_CNS-LLF5RV3D8,cpeeg02,ses05,20260827_124329,2026-08-27 12:44:12.498225,NaN,1,probe,POSTDIG_FIX5_OFF,160,2026-08-27 12:48:14.428471,241.888095,0.044646,,,,,,keyboard,after digit#5,"{""note"":""after digit#5"",""pd_used"":0}",1,0.016666,60.003127,1
Sergio_G01_CNS-LLF5RV3D8,cpeeg02,ses05,20260827_124329,2026-08-27 12:44:12.498225,NaN,1,probe,PROBE_DONE,73,2026-08-27 12:48:14.431064,241.932741,0.000909,,,,,,keyboard,probe complete,"{""value"":"""",""note"":""probe complete""}",1,0.016666,60.003127,1
Sergio_G01_CNS-LLF5RV3D8,cpeeg02,ses05,20260827_124329,2026-08-27 12:44:12.498225,NaN,1,probe,TRIAL_END,21,2026-08-27 12:48:14.431814,241.933650,0.100276,,,,,,keyboard,,{},1,0.016666,60.003127,1
Sergio_G01_CNS-LLF5RV3D8,cpeeg02,ses05,20260827_124329,2026-08-27 12:44:12.498225,NaN,2,probe,TRIAL_CHANGE,22,2026-08-27 12:48:14.532225,242.033926,0.001168,,,,,,keyboard,trial transition,"{""note"":""trial transition""}",1,0.016666,60.003127,1
Sergio_G01_CNS-LLF5RV3D8,cpeeg02,ses05,20260827_124329,2026-08-27 12:44:12.498225,NaN,2,probe,TRIAL_START,20,2026-08-27 12:48:14.533413,242.035095,0.043536,,,,,,keyboard,,{},1,0.016666,60.003127,1
Sergio_G01_CNS-LLF5RV3D8,cpeeg02,ses05,20260827_124329,2026-08-27 12:44:12.498225,NaN,2,fix1,FIX1_ON,30,2026-08-27 12:48:14.627508,242.078631,3.237249,,,,,,keyboard,,"{""pd_used"":0}",1,0.016666,60.003127,1
Sergio_G01_CNS-LLF5RV3D8,cpeeg02,ses05,20260827_124329,2026-08-27 12:44:12.498225,NaN,2,fix1,FIX1_OFF,31,2026-08-27 12:48:17.856059,245.315880,0.044240,,,,,,keyboard,,"{""pd_used"":0}",1,0.016666,60.003127,1
Sergio_G01_CNS-LLF5RV3D8,cpeeg02,ses05,20260827_124329,2026-08-27 12:44:12.498225,NaN,2,digit,DIGIT1_ON,141,2026-08-27 12:48:17.907776,245.360120,0.551880,,2,,,,keyboard,digit#1 shown,"{""value"":2,""note"":""digit#1 shown"",""pd_used"":1}",1,0.016666,60.003127,1
Sergio_G01_CNS-LLF5RV3D8,cpeeg02,ses05,20260827_124329,2026-08-27 12:44:12.498225,NaN,2,digit,DIGIT1_OFF,146,2026-08-27 12:48:18.452027,245.912000,0.000000,,2,,,,keyboard,digit#1 off,"{""value"":2,""note"":""digit#1 off"",""pd_used"":0}",1,0.016666,60.003127,1
Sergio_G01_CNS-LLF5RV3D8,cpeeg02,ses05,20260827_124329,2026-08-27 12:44:12.498225,NaN,2,digit,POSTDIG_FIX1_ON,151,2026-08-27 12:48:18.452846,245.912000,1.881812,,,,,,keyboard,after digit#1,"{""note"":""after digit#1""}",1,0.016666,60.003127,1
Sergio_G01_CNS-LLF5RV3D8,cpeeg02,ses05,20260827_124329,2026-08-27 12:44:12.498225,NaN,2,digit,POSTDIG_FIX1_OFF,156,2026-08-27 12:48:20.333844,247.793812,0.044165,,,,,,keyboard,after digit#1,"{""note"":""after digit#1"",""pd_used"":0}",1,0.016666,60.003127,1
Sergio_G01_CNS-LLF5RV3D8,cpeeg02,ses05,20260827_124329,2026-08-27 12:44:12.498225,NaN,2,digit,DIGIT2_ON,142,2026-08-27 12:48:20.385054,247.837977,0.551154,,6,,,,keyboard,digit#2 shown,"{""value"":6,""note"":""digit#2 shown"",""pd_used"":1}",1,0.016666,60.003127,1
Sergio_G01_CNS-LLF5RV3D8,cpeeg02,ses05,20260827_124329,2026-08-27 12:44:12.498225,NaN,2,digit,DIGIT2_OFF,147,2026-08-27 12:48:20.929262,248.389131,0.000000,,6,,,,keyboard,digit#2 off,"{""value"":6,""note"":""digit#2 off"",""pd_used"":0}",1,0.016666,60.003127,1
Sergio_G01_CNS-LLF5RV3D8,cpeeg02,ses05,20260827_124329,2026-08-27 12:44:12.498225,NaN,2,digit,POSTDIG_FIX2_ON,152,2026-08-27 12:48:20.930093,248.389131,1.711163,,,,,,keyboard,after digit#2,"{""note"":""after digit#2""}",1,0.016666,60.003127,1
Sergio_G01_CNS-LLF5RV3D8,cpeeg02,ses05,20260827_124329,2026-08-27 12:44:12.498225,NaN,2,digit,POSTDIG_FIX2_OFF,157,2026-08-27 12:48:22.640995,250.100295,0.044858,,,,,,keyboard,after digit#2,"{""note"":""after digit#2"",""pd_used"":0}",1,0.016666,60.003127,1
Sergio_G01_CNS-LLF5RV3D8,cpeeg02,ses05,20260827_124329,2026-08-27 12:44:12.498225,NaN,2,digit,DIGIT3_ON,143,2026-08-27 12:48:22.692662,250.145153,0.551777,,4,,,,keyboard,digit#3 shown,"{""value"":4,""note"":""digit#3 shown"",""pd_used"":1}",1,0.016666,60.003127,1
Sergio_G01_CNS-LLF5RV3D8,cpeeg02,ses05,20260827_124329,2026-08-27 12:44:12.498225,NaN,2,digit,DIGIT3_OFF,148,2026-08-27 12:48:23.237028,250.696930,0.000000,,4,,,,keyboard,digit#3 off,"{""value"":4,""note"":""digit#3 off"",""pd_used"":0}",1,0.016666,60.003127,1
Sergio_G01_CNS-LLF5RV3D8,cpeeg02,ses05,20260827_124329,2026-08-27 12:44:12.498225,NaN,2,digit,POSTDIG_FIX3_ON,153,2026-08-27 12:48:23.237832,250.696930,1.678979,,,,,,keyboard,after digit#3,"{""note"":""after digit#3""}",1,0.016666,60.003127,1
Sergio_G01_CNS-LLF5RV3D8,cpeeg02,ses05,20260827_124329,2026-08-27 12:44:12.498225,NaN,2,digit,POSTDIG_FIX3_OFF,158,2026-08-27 12:48:24.916195,252.375909,0.044063,,,,,,keyboard,after digit#3,"{""note"":""after digit#3"",""pd_used"":0}",1,0.016666,60.003127,1
Sergio_G01_CNS-LLF5RV3D8,cpeeg02,ses05,20260827_124329,2026-08-27 12:44:12.498225,NaN,2,digit,DIGIT4_ON,144,2026-08-27 12:48:24.967530,252.419972,0.551770,,4,,,,keyboard,digit#4 shown,"{""value"":4,""note"":""digit#4 shown"",""pd_used"":1}",1,0.016666,60.003127,1
Sergio_G01_CNS-LLF5RV3D8,cpeeg02,ses05,20260827_124329,2026-08-27 12:44:12.498225,NaN,2,digit,DIGIT4_OFF,149,2026-08-27 12:48:25.511802,252.971742,0.000000,,4,,,,keyboard,digit#4 off,"{""value"":4,""note"":""digit#4 off"",""pd_used"":0}",1,0.016666,60.003127,1
Sergio_G01_CNS-LLF5RV3D8,cpeeg02,ses05,20260827_124329,2026-08-27 12:44:12.498225,NaN,2,digit,POSTDIG_FIX4_ON,154,2026-08-27 12:48:25.512631,252.971742,1.953511,,,,,,keyboard,after digit#4,"{""note"":""after digit#4""}",1,0.016666,60.003127,1
Sergio_G01_CNS-LLF5RV3D8,cpeeg02,ses05,20260827_124329,2026-08-27 12:44:12.498225,NaN,2,digit,POSTDIG_FIX4_OFF,159,2026-08-27 12:48:27.465447,254.925253,0.044553,,,,,,keyboard,after digit#4,"{""note"":""after digit#4"",""pd_used"":0}",1,0.016666,60.003127,1
Sergio_G01_CNS-LLF5RV3D8,cpeeg02,ses05,20260827_124329,2026-08-27 12:44:12.498225,NaN,2,digit,DIGIT5_ON,145,2026-08-27 12:48:27.516980,254.969807,0.551548,,4,,,,keyboard,digit#5 shown,"{""value"":4,""note"":""digit#5 shown"",""pd_used"":1}",1,0.016666,60.003127,1
Sergio_G01_CNS-LLF5RV3D8,cpeeg02,ses05,20260827_124329,2026-08-27 12:44:12.498225,NaN,2,digit,DIGIT5_OFF,150,2026-08-27 12:48:28.061431,255.521354,0.000000,,4,,,,keyboard,digit#5 off,"{""value"":4,""note"":""digit#5 off"",""pd_used"":0}",1,0.016666,60.003127,1
Sergio_G01_CNS-LLF5RV3D8,cpeeg02,ses05,20260827_124329,2026-08-27 12:44:12.498225,NaN,2,digit,POSTDIG_FIX5_ON,155,2026-08-27 12:48:28.062304,255.521354,3.258253,,,,,,keyboard,after digit#5,"{""note"":""after digit#5""}",1,0.016666,60.003127,1
Sergio_G01_CNS-LLF5RV3D8,cpeeg02,ses05,20260827_124329,2026-08-27 12:44:12.498225,NaN,2,digit,POSTDIG_FIX5_OFF,160,2026-08-27 12:48:31.319693,258.779608,0.044499,,,,,,keyboard,after digit#5,"{""note"":""after digit#5"",""pd_used"":0}",1,0.016666,60.003127,1
Sergio_G01_CNS-LLF5RV3D8,cpeeg02,ses05,20260827_124329,2026-08-27 12:44:12.498225,NaN,2,distractor,DISTRACTOR_ON,50,2026-08-27 12:48:31.371039,258.824107,8.085373,,4+9=13,,,,keyboard,,"{""value"":""4+9=13"",""isCorrectTruth"":true,""trueSum"":13,""pd_used"":1}",1,0.016666,60.003127,1
Sergio_G01_CNS-LLF5RV3D8,cpeeg02,ses05,20260827_124329,2026-08-27 12:44:12.498225,NaN,2,distractor,DISTRACTOR_ANS,51,2026-08-27 12:48:39.837276,266.909479,0.000000,8.085373,4+9=13,F,0,,keyboard,key= (False),"{""value"":""4+9=13"",""entered"":""F"",""rt"":8.0853726998902857,""correct"":0,""note"":""key= (False)"",""truth"":true,""trueSum"":13,""shownSum"":13,""a"":4,""b"":9}",1,0.016666,60.003127,1
Sergio_G01_CNS-LLF5RV3D8,cpeeg02,ses05,20260827_124329,2026-08-27 12:44:12.498225,NaN,2,distractor,ANS_WRONG,200,2026-08-27 12:48:39.880053,266.909479,0.474670,,,,,,keyboard,,{},1,0.016666,60.003127,1
Sergio_G01_CNS-LLF5RV3D8,cpeeg02,ses05,20260827_124329,2026-08-27 12:44:12.498225,NaN,2,distractor,DISTRACTOR_OFF,52,2026-08-27 12:48:39.931957,267.384149,0.000000,,,,,,keyboard,,"{""pd_used"":0}",1,0.016666,60.003127,1
Sergio_G01_CNS-LLF5RV3D8,cpeeg02,ses05,20260827_124329,2026-08-27 12:44:12.498225,NaN,2,distractor,FIX2_ON,60,2026-08-27 12:48:39.932744,267.384149,3.508709,,,,,,keyboard,immediate after response,"{""note"":""immediate after response""}",1,0.016666,60.003127,1
Sergio_G01_CNS-LLF5RV3D8,cpeeg02,ses05,20260827_124329,2026-08-27 12:44:12.498225,NaN,2,fix2,FIX2_OFF,61,2026-08-27 12:48:43.432869,270.892858,0.044309,,,,,,keyboard,,"{""pd_used"":0}",1,0.016666,60.003127,1
Sergio_G01_CNS-LLF5RV3D8,cpeeg02,ses05,20260827_124329,2026-08-27 12:44:12.498225,NaN,2,probe,DIGIT_RECALL_LINE_1,161,2026-08-27 12:48:43.484516,270.937168,6.594294,,1,,,,keyboard,first recall question,"{""value"":1,""note"":""first recall question"",""pd_used"":1}",1,0.016666,60.003127,1
Sergio_G01_CNS-LLF5RV3D8,cpeeg02,ses05,20260827_124329,2026-08-27 12:44:12.498225,NaN,2,probe,PROBE_DIGIT_OK_1,71,2026-08-27 12:48:50.416041,277.531462,0.498260,6.595775,slot#1,NaN,,,keyboard,probe_digit#1,"{""value"":""slot#1"",""entered"":null,""rt"":6.5957746002823114,""note"":""probe_digit#1""}",1,0.016666,60.003127,1
Sergio_G01_CNS-LLF5RV3D8,cpeeg02,ses05,20260827_124329,2026-08-27 12:44:12.498225,NaN,2,probe,DIGIT1_OFF,146,2026-08-27 12:48:50.569876,278.029721,0.000000,,4,,,,keyboard,digit#1 off,"{""value"":4,""note"":""digit#1 off"",""pd_used"":0}",1,0.016666,60.003127,1
Sergio_G01_CNS-LLF5RV3D8,cpeeg02,ses05,20260827_124329,2026-08-27 12:44:12.498225,NaN,2,probe,POSTDIG_FIX1_ON,151,2026-08-27 12:48:50.570707,278.029721,1.773924,,,,,,keyboard,after digit#1,"{""note"":""after digit#1""}",1,0.016666,60.003127,1
Sergio_G01_CNS-LLF5RV3D8,cpeeg02,ses05,20260827_124329,2026-08-27 12:44:12.498225,NaN,2,probe,POSTDIG_FIX1_OFF,156,2026-08-27 12:48:52.343728,279.803646,0.046240,,,,,,keyboard,after digit#1,"{""note"":""after digit#1"",""pd_used"":0}",1,0.016666,60.003127,1
Sergio_G01_CNS-LLF5RV3D8,cpeeg02,ses05,20260827_124329,2026-08-27 12:44:12.498225,NaN,2,probe,DIGIT_RECALL_LINE_2,162,2026-08-27 12:48:52.395228,279.849886,2.890732,,2,,,,keyboard,next recall question,"{""value"":2,""note"":""next recall question"",""pd_used"":1}",1,0.016666,60.003127,1
Sergio_G01_CNS-LLF5RV3D8,cpeeg02,ses05,20260827_124329,2026-08-27 12:44:12.498225,NaN,2,probe,PROBE_DIGIT_OK_2,71,2026-08-27 12:48:55.676016,282.740618,0.544866,11.804931,slot#2,NaN,,,keyboard,probe_digit#2,"{""value"":""slot#2"",""entered"":null,""rt"":11.804930800106376,""note"":""probe_digit#2""}",1,0.016666,60.003127,1
Sergio_G01_CNS-LLF5RV3D8,cpeeg02,ses05,20260827_124329,2026-08-27 12:44:12.498225,NaN,2,probe,DIGIT2_OFF,147,2026-08-27 12:48:55.825667,283.285483,0.000000,,4,,,,keyboard,digit#2 off,"{""value"":4,""note"":""digit#2 off"",""pd_used"":0}",1,0.016666,60.003127,1
Sergio_G01_CNS-LLF5RV3D8,cpeeg02,ses05,20260827_124329,2026-08-27 12:44:12.498225,NaN,2,probe,POSTDIG_FIX2_ON,152,2026-08-27 12:48:55.826438,283.285483,1.552684,,,,,,keyboard,after digit#2,"{""note"":""after digit#2""}",1,0.016666,60.003127,1
Sergio_G01_CNS-LLF5RV3D8,cpeeg02,ses05,20260827_124329,2026-08-27 12:44:12.498225,NaN,2,probe,POSTDIG_FIX2_OFF,157,2026-08-27 12:48:57.378292,284.838168,0.047122,,,,,,keyboard,after digit#2,"{""note"":""after digit#2"",""pd_used"":0}",1,0.016666,60.003127,1
Sergio_G01_CNS-LLF5RV3D8,cpeeg02,ses05,20260827_124329,2026-08-27 12:44:12.498225,NaN,2,probe,DIGIT_RECALL_LINE_3,163,2026-08-27 12:48:57.429847,284.885290,5.954815,,3,,,,keyboard,next recall question,"{""value"":3,""note"":""next recall question"",""pd_used"":1}",1,0.016666,60.003127,1
Sergio_G01_CNS-LLF5RV3D8,cpeeg02,ses05,20260827_124329,2026-08-27 12:44:12.498225,NaN,2,probe,PROBE_DIGIT_OK_3,71,2026-08-27 12:49:03.715739,290.840104,0.478973,19.904417,slot#3,NaN,,,keyboard,probe_digit#3,"{""value"":""slot#3"",""entered"":null,""rt"":19.904417499899864,""note"":""probe_digit#3""}",1,0.016666,60.003127,1
Sergio_G01_CNS-LLF5RV3D8,cpeeg02,ses05,20260827_124329,2026-08-27 12:44:12.498225,NaN,2,probe,DIGIT3_OFF,148,2026-08-27 12:49:03.859130,291.319077,0.000000,,4,,,,keyboard,digit#3 off,"{""value"":4,""note"":""digit#3 off"",""pd_used"":0}",1,0.016666,60.003127,1
Sergio_G01_CNS-LLF5RV3D8,cpeeg02,ses05,20260827_124329,2026-08-27 12:44:12.498225,NaN,2,probe,POSTDIG_FIX3_ON,153,2026-08-27 12:49:03.860184,291.319077,1.906652,,,,,,keyboard,after digit#3,"{""note"":""after digit#3""}",1,0.016666,60.003127,1
Sergio_G01_CNS-LLF5RV3D8,cpeeg02,ses05,20260827_124329,2026-08-27 12:44:12.498225,NaN,2,probe,POSTDIG_FIX3_OFF,158,2026-08-27 12:49:05.765800,293.225729,0.046381,,,,,,keyboard,after digit#3,"{""note"":""after digit#3"",""pd_used"":0}",1,0.016666,60.003127,1
Sergio_G01_CNS-LLF5RV3D8,cpeeg02,ses05,20260827_124329,2026-08-27 12:44:12.498225,NaN,2,probe,DIGIT_RECALL_LINE_4,164,2026-08-27 12:49:05.817443,293.272110,7.729470,,4,,,,keyboard,next recall question,"{""value"":4,""note"":""next recall question"",""pd_used"":1}",1,0.016666,60.003127,1
Sergio_G01_CNS-LLF5RV3D8,cpeeg02,ses05,20260827_124329,2026-08-27 12:44:12.498225,NaN,2,probe,PROBE_DIGIT_OK_4,71,2026-08-27 12:49:13.966490,301.001580,0.578909,30.065894,slot#4,NaN,,,keyboard,probe_digit#4,"{""value"":""slot#4"",""entered"":null,""rt"":30.065893500111997,""note"":""probe_digit#4""}",1,0.016666,60.003127,1
Sergio_G01_CNS-LLF5RV3D8,cpeeg02,ses05,20260827_124329,2026-08-27 12:44:12.498225,NaN,2,probe,DIGIT4_OFF,149,2026-08-27 12:49:14.120806,301.580489,0.000000,,4,,,,keyboard,digit#4 off,"{""value"":4,""note"":""digit#4 off"",""pd_used"":0}",1,0.016666,60.003127,1
Sergio_G01_CNS-LLF5RV3D8,cpeeg02,ses05,20260827_124329,2026-08-27 12:44:12.498225,NaN,2,probe,POSTDIG_FIX4_ON,154,2026-08-27 12:49:14.121593,301.580489,1.989096,,,,,,keyboard,after digit#4,"{""note"":""after digit#4""}",1,0.016666,60.003127,1
Sergio_G01_CNS-LLF5RV3D8,cpeeg02,ses05,20260827_124329,2026-08-27 12:44:12.498225,NaN,2,probe,POSTDIG_FIX4_OFF,159,2026-08-27 12:49:16.109725,303.569585,0.046088,,,,,,keyboard,after digit#4,"{""note"":""after digit#4"",""pd_used"":0}",1,0.016666,60.003127,1
Sergio_G01_CNS-LLF5RV3D8,cpeeg02,ses05,20260827_124329,2026-08-27 12:44:12.498225,NaN,2,probe,DIGIT_RECALL_LINE_5,165,2026-08-27 12:49:16.161114,303.615673,5.053573,,5,,,,keyboard,next recall question,"{""value"":5,""note"":""next recall question"",""pd_used"":1}",1,0.016666,60.003127,1
Sergio_G01_CNS-LLF5RV3D8,cpeeg02,ses05,20260827_124329,2026-08-27 12:44:12.498225,NaN,2,probe,PROBE_DIGIT_OK_5,71,2026-08-27 12:49:21.673895,308.669246,0.603820,37.733559,slot#5,NaN,,,keyboard,probe_digit#5,"{""value"":""slot#5"",""entered"":null,""rt"":37.733558900188655,""note"":""probe_digit#5""}",1,0.016666,60.003127,1
Sergio_G01_CNS-LLF5RV3D8,cpeeg02,ses05,20260827_124329,2026-08-27 12:44:12.498225,NaN,2,probe,DIGIT5_OFF,150,2026-08-27 12:49:21.812909,309.273065,0.000000,,4,,,,keyboard,digit#5 off,"{""value"":4,""note"":""digit#5 off"",""pd_used"":0}",1,0.016666,60.003127,1
Sergio_G01_CNS-LLF5RV3D8,cpeeg02,ses05,20260827_124329,2026-08-27 12:44:12.498225,NaN,2,probe,POSTDIG_FIX5_ON,155,2026-08-27 12:49:21.813640,309.273065,3.103057,,,,,,keyboard,after digit#5,"{""note"":""after digit#5""}",1,0.016666,60.003127,1
Sergio_G01_CNS-LLF5RV3D8,cpeeg02,ses05,20260827_124329,2026-08-27 12:44:12.498225,NaN,2,probe,POSTDIG_FIX5_OFF,160,2026-08-27 12:49:24.916156,312.376123,0.043788,,,,,,keyboard,after digit#5,"{""note"":""after digit#5"",""pd_used"":0}",1,0.016666,60.003127,1
Sergio_G01_CNS-LLF5RV3D8,cpeeg02,ses05,20260827_124329,2026-08-27 12:44:12.498225,NaN,2,probe,PROBE_DONE,73,2026-08-27 12:49:24.918021,312.419910,0.000669,,,,,,keyboard,probe complete,"{""value"":"""",""note"":""probe complete""}",1,0.016666,60.003127,1
Sergio_G01_CNS-LLF5RV3D8,cpeeg02,ses05,20260827_124329,2026-08-27 12:44:12.498225,NaN,2,probe,TRIAL_END,21,2026-08-27 12:49:24.918568,312.420579,0.104126,,,,,,keyboard,,{},1,0.016666,60.003127,1
Sergio_G01_CNS-LLF5RV3D8,cpeeg02,ses05,20260827_124329,2026-08-27 12:44:12.498225,NaN,3,probe,TRIAL_CHANGE,22,2026-08-27 12:49:25.022978,312.524705,0.000947,,,,,,keyboard,trial transition,"{""note"":""trial transition""}",1,0.016666,60.003127,1
Sergio_G01_CNS-LLF5RV3D8,cpeeg02,ses05,20260827_124329,2026-08-27 12:44:12.498225,NaN,3,probe,TRIAL_START,20,2026-08-27 12:49:25.023678,312.525652,0.043309,,,,,,keyboard,,{},1,0.016666,60.003127,1
Sergio_G01_CNS-LLF5RV3D8,cpeeg02,ses05,20260827_124329,2026-08-27 12:44:12.498225,NaN,3,fix1,FIX1_ON,30,2026-08-27 12:49:25.117423,312.568961,3.320871,,,,,,keyboard,,"{""pd_used"":0}",1,0.016666,60.003127,1
Sergio_G01_CNS-LLF5RV3D8,cpeeg02,ses05,20260827_124329,2026-08-27 12:44:12.498225,NaN,3,fix1,FIX1_OFF,31,2026-08-27 12:49:28.429890,315.889832,0.044211,,,,,,keyboard,,"{""pd_used"":0}",1,0.016666,60.003127,1
Sergio_G01_CNS-LLF5RV3D8,cpeeg02,ses05,20260827_124329,2026-08-27 12:44:12.498225,NaN,3,digit,DIGIT1_ON,141,2026-08-27 12:49:28.481601,315.934043,0.551709,,8,,,,keyboard,digit#1 shown,"{""value"":8,""note"":""digit#1 shown"",""pd_used"":1}",1,0.016666,60.003127,1
Sergio_G01_CNS-LLF5RV3D8,cpeeg02,ses05,20260827_124329,2026-08-27 12:44:12.498225,NaN,3,digit,DIGIT1_OFF,146,2026-08-27 12:49:29.025858,316.485752,0.000000,,8,,,,keyboard,digit#1 off,"{""value"":8,""note"":""digit#1 off"",""pd_used"":0}",1,0.016666,60.003127,1
Sergio_G01_CNS-LLF5RV3D8,cpeeg02,ses05,20260827_124329,2026-08-27 12:44:12.498225,NaN,3,digit,POSTDIG_FIX1_ON,151,2026-08-27 12:49:29.026685,316.485752,1.958338,,,,,,keyboard,after digit#1,"{""note"":""after digit#1""}",1,0.016666,60.003127,1
Sergio_G01_CNS-LLF5RV3D8,cpeeg02,ses05,20260827_124329,2026-08-27 12:44:12.498225,NaN,3,digit,POSTDIG_FIX1_OFF,156,2026-08-27 12:49:30.984304,318.444090,0.044324,,,,,,keyboard,after digit#1,"{""note"":""after digit#1"",""pd_used"":0}",1,0.016666,60.003127,1
Sergio_G01_CNS-LLF5RV3D8,cpeeg02,ses05,20260827_124329,2026-08-27 12:44:12.498225,NaN,3,digit,DIGIT2_ON,142,2026-08-27 12:49:31.035637,318.488414,0.551284,,5,,,,keyboard,digit#2 shown,"{""value"":5,""note"":""digit#2 shown"",""pd_used"":1}",1,0.016666,60.003127,1
Sergio_G01_CNS-LLF5RV3D8,cpeeg02,ses05,20260827_124329,2026-08-27 12:44:12.498225,NaN,3,digit,DIGIT2_OFF,147,2026-08-27 12:49:31.579663,319.039698,0.000000,,5,,,,keyboard,digit#2 off,"{""value"":5,""note"":""digit#2 off"",""pd_used"":0}",1,0.016666,60.003127,1
Sergio_G01_CNS-LLF5RV3D8,cpeeg02,ses05,20260827_124329,2026-08-27 12:44:12.498225,NaN,3,digit,POSTDIG_FIX2_ON,152,2026-08-27 12:49:31.580435,319.039698,1.665721,,,,,,keyboard,after digit#2,"{""note"":""after digit#2""}",1,0.016666,60.003127,1
Sergio_G01_CNS-LLF5RV3D8,cpeeg02,ses05,20260827_124329,2026-08-27 12:44:12.498225,NaN,3,digit,POSTDIG_FIX2_OFF,157,2026-08-27 12:49:33.245406,320.705419,0.044140,,,,,,keyboard,after digit#2,"{""note"":""after digit#2"",""pd_used"":0}",1,0.016666,60.003127,1
Sergio_G01_CNS-LLF5RV3D8,cpeeg02,ses05,20260827_124329,2026-08-27 12:44:12.498225,NaN,3,digit,DIGIT3_ON,143,2026-08-27 12:49:33.296715,320.749559,0.551239,,1,,,,keyboard,digit#3 shown,"{""value"":1,""note"":""digit#3 shown"",""pd_used"":1}",1,0.016666,60.003127,1
Sergio_G01_CNS-LLF5RV3D8,cpeeg02,ses05,20260827_124329,2026-08-27 12:44:12.498225,NaN,3,digit,DIGIT3_OFF,148,2026-08-27 12:49:33.841299,321.300797,0.000000,,1,,,,keyboard,digit#3 off,"{""value"":1,""note"":""digit#3 off"",""pd_used"":0}",1,0.016666,60.003127,1
Sergio_G01_CNS-LLF5RV3D8,cpeeg02,ses05,20260827_124329,2026-08-27 12:44:12.498225,NaN,3,digit,POSTDIG_FIX3_ON,153,2026-08-27 12:49:33.842079,321.300797,1.791608,,,,,,keyboard,after digit#3,"{""note"":""after digit#3""}",1,0.016666,60.003127,1
Sergio_G01_CNS-LLF5RV3D8,cpeeg02,ses05,20260827_124329,2026-08-27 12:44:12.498225,NaN,3,digit,POSTDIG_FIX3_OFF,158,2026-08-27 12:49:35.632494,323.092406,0.044216,,,,,,keyboard,after digit#3,"{""note"":""after digit#3"",""pd_used"":0}",1,0.016666,60.003127,1
Sergio_G01_CNS-LLF5RV3D8,cpeeg02,ses05,20260827_124329,2026-08-27 12:44:12.498225,NaN,3,digit,DIGIT4_ON,144,2026-08-27 12:49:35.684336,323.136622,0.551831,,4,,,,keyboard,digit#4 shown,"{""value"":4,""note"":""digit#4 shown"",""pd_used"":1}",1,0.016666,60.003127,1
Sergio_G01_CNS-LLF5RV3D8,cpeeg02,ses05,20260827_124329,2026-08-27 12:44:12.498225,NaN,3,digit,DIGIT4_OFF,149,2026-08-27 12:49:36.228626,323.688452,0.000000,,4,,,,keyboard,digit#4 off,"{""value"":4,""note"":""digit#4 off"",""pd_used"":0}",1,0.016666,60.003127,1
Sergio_G01_CNS-LLF5RV3D8,cpeeg02,ses05,20260827_124329,2026-08-27 12:44:12.498225,NaN,3,digit,POSTDIG_FIX4_ON,154,2026-08-27 12:49:36.229380,323.688452,1.679179,,,,,,keyboard,after digit#4,"{""note"":""after digit#4""}",1,0.016666,60.003127,1
Sergio_G01_CNS-LLF5RV3D8,cpeeg02,ses05,20260827_124329,2026-08-27 12:44:12.498225,NaN,3,digit,POSTDIG_FIX4_OFF,159,2026-08-27 12:49:37.907626,325.367631,0.044122,,,,,,keyboard,after digit#4,"{""note"":""after digit#4"",""pd_used"":0}",1,0.016666,60.003127,1
Sergio_G01_CNS-LLF5RV3D8,cpeeg02,ses05,20260827_124329,2026-08-27 12:44:12.498225,NaN,3,digit,DIGIT5_ON,145,2026-08-27 12:49:37.958973,325.411754,0.551516,,3,,,,keyboard,digit#5 shown,"{""value"":3,""note"":""digit#5 shown"",""pd_used"":1}",1,0.016666,60.003127,1
Sergio_G01_CNS-LLF5RV3D8,cpeeg02,ses05,20260827_124329,2026-08-27 12:44:12.498225,NaN,3,digit,DIGIT5_OFF,150,2026-08-27 12:49:38.503398,325.963269,0.000000,,3,,,,keyboard,digit#5 off,"{""value"":3,""note"":""digit#5 off"",""pd_used"":0}",1,0.016666,60.003127,1
Sergio_G01_CNS-LLF5RV3D8,cpeeg02,ses05,20260827_124329,2026-08-27 12:44:12.498225,NaN,3,digit,POSTDIG_FIX5_ON,155,2026-08-27 12:49:38.504166,325.963269,3.349169,,,,,,keyboard,after digit#5,"{""note"":""after digit#5""}",1,0.016666,60.003127,1
Sergio_G01_CNS-LLF5RV3D8,cpeeg02,ses05,20260827_124329,2026-08-27 12:44:12.498225,NaN,3,digit,POSTDIG_FIX5_OFF,160,2026-08-27 12:49:41.852659,329.312438,0.048827,,,,,,keyboard,after digit#5,"{""note"":""after digit#5"",""pd_used"":0}",1,0.016666,60.003127,1
Sergio_G01_CNS-LLF5RV3D8,cpeeg02,ses05,20260827_124329,2026-08-27 12:44:12.498225,NaN,3,distractor,DISTRACTOR_ON,50,2026-08-27 12:49:41.904178,329.361265,2.110402,,0+8=10,,,,keyboard,,"{""value"":""0+8=10"",""isCorrectTruth"":false,""trueSum"":8,""pd_used"":1}",1,0.016666,60.003127,1
Sergio_G01_CNS-LLF5RV3D8,cpeeg02,ses05,20260827_124329,2026-08-27 12:44:12.498225,NaN,3,distractor,DISTRACTOR_ANS,51,2026-08-27 12:49:44.394537,331.471667,0.000000,2.110402,0+8=10,F,1,,keyboard,key= (False),"{""value"":""0+8=10"",""entered"":""F"",""rt"":2.1104021999053657,""correct"":1,""note"":""key= (False)"",""truth"":false,""trueSum"":8,""shownSum"":10,""a"":0,""b"":8}",1,0.016666,60.003127,1
Sergio_G01_CNS-LLF5RV3D8,cpeeg02,ses05,20260827_124329,2026-08-27 12:44:12.498225,NaN,3,distractor,ANS_CORRECT,100,2026-08-27 12:49:44.437343,331.471667,0.469646,,,,,,keyboard,,{},1,0.016666,60.003127,1
Sergio_G01_CNS-LLF5RV3D8,cpeeg02,ses05,20260827_124329,2026-08-27 12:44:12.498225,NaN,3,distractor,DISTRACTOR_OFF,52,2026-08-27 12:49:44.488707,331.941314,0.000000,,,,,,keyboard,,"{""pd_used"":0}",1,0.016666,60.003127,1
Sergio_G01_CNS-LLF5RV3D8,cpeeg02,ses05,20260827_124329,2026-08-27 12:44:12.498225,NaN,3,distractor,FIX2_ON,60,2026-08-27 12:49:44.489414,331.941314,3.165272,,,,,,keyboard,immediate after response,"{""note"":""immediate after response""}",1,0.016666,60.003127,1
Sergio_G01_CNS-LLF5RV3D8,cpeeg02,ses05,20260827_124329,2026-08-27 12:44:12.498225,NaN,3,fix2,FIX2_OFF,61,2026-08-27 12:49:47.646668,335.106585,0.043976,,,,,,keyboard,,"{""pd_used"":0}",1,0.016666,60.003127,1
Sergio_G01_CNS-LLF5RV3D8,cpeeg02,ses05,20260827_124329,2026-08-27 12:44:12.498225,NaN,3,probe,DIGIT_RECALL_LINE_1,161,2026-08-27 12:49:47.698296,335.150562,8.426948,,1,,,,keyboard,first recall question,"{""value"":1,""note"":""first recall question"",""pd_used"":1}",1,0.016666,60.003127,1
Sergio_G01_CNS-LLF5RV3D8,cpeeg02,ses05,20260827_124329,2026-08-27 12:44:12.498225,NaN,3,probe,PROBE_DIGIT_OK_1,71,2026-08-27 12:49:56.567160,343.577509,0.597524,8.428124,slot#1,NaN,,,keyboard,probe_digit#1,"{""value"":""slot#1"",""entered"":null,""rt"":8.42812449997291,""note"":""probe_digit#1""}",1,0.016666,60.003127,1
Sergio_G01_CNS-LLF5RV3D8,cpeeg02,ses05,20260827_124329,2026-08-27 12:44:12.498225,NaN,3,probe,DIGIT1_OFF,146,2026-08-27 12:49:56.714920,344.175033,0.000000,,3,,,,keyboard,digit#1 off,"{""value"":3,""note"":""digit#1 off"",""pd_used"":0}",1,0.016666,60.003127,1
Sergio_G01_CNS-LLF5RV3D8,cpeeg02,ses05,20260827_124329,2026-08-27 12:44:12.498225,NaN,3,probe,POSTDIG_FIX1_ON,151,2026-08-27 12:49:56.715663,344.175033,1.959579,,,,,,keyboard,after digit#1,"{""note"":""after digit#1""}",1,0.016666,60.003127,1
Sergio_G01_CNS-LLF5RV3D8,cpeeg02,ses05,20260827_124329,2026-08-27 12:44:12.498225,NaN,3,probe,POSTDIG_FIX1_OFF,156,2026-08-27 12:49:58.674620,346.134613,0.046129,,,,,,keyboard,after digit#1,"{""note"":""after digit#1"",""pd_used"":0}",1,0.016666,60.003127,1
Sergio_G01_CNS-LLF5RV3D8,cpeeg02,ses05,20260827_124329,2026-08-27 12:44:12.498225,NaN,3,probe,DIGIT_RECALL_LINE_2,162,2026-08-27 12:49:58.725935,346.180742,4.125556,,2,,,,keyboard,next recall question,"{""value"":2,""note"":""next recall question"",""pd_used"":1}",1,0.016666,60.003127,1
Sergio_G01_CNS-LLF5RV3D8,cpeeg02,ses05,20260827_124329,2026-08-27 12:44:12.498225,NaN,3,probe,PROBE_DIGIT_OK_2,71,2026-08-27 12:50:03.338865,350.306298,0.634048,15.156913,slot#2,NaN,,,keyboard,probe_digit#2,"{""value"":""slot#2"",""entered"":null,""rt"":15.156913199927658,""note"":""probe_digit#2""}",1,0.016666,60.003127,1
Sergio_G01_CNS-LLF5RV3D8,cpeeg02,ses05,20260827_124329,2026-08-27 12:44:12.498225,NaN,3,probe,DIGIT2_OFF,147,2026-08-27 12:50:03.480391,350.940346,0.000000,,3,,,,keyboard,digit#2 off,"{""value"":3,""note"":""digit#2 off"",""pd_used"":0}",1,0.016666,60.003127,1
Sergio_G01_CNS-LLF5RV3D8,cpeeg02,ses05,20260827_124329,2026-08-27 12:44:12.498225,NaN,3,probe,POSTDIG_FIX2_ON,152,2026-08-27 12:50:03.481145,350.940346,1.998026,,,,,,keyboard,after digit#2,"{""note"":""after digit#2""}",1,0.016666,60.003127,1
Sergio_G01_CNS-LLF5RV3D8,cpeeg02,ses05,20260827_124329,2026-08-27 12:44:12.498225,NaN,3,probe,POSTDIG_FIX2_OFF,157,2026-08-27 12:50:05.478505,352.938372,0.046854,,,,,,keyboard,after digit#2,"{""note"":""after digit#2"",""pd_used"":0}",1,0.016666,60.003127,1
Sergio_G01_CNS-LLF5RV3D8,cpeeg02,ses05,20260827_124329,2026-08-27 12:44:12.498225,NaN,3,probe,DIGIT_RECALL_LINE_3,163,2026-08-27 12:50:05.529972,352.985226,1.810148,,3,,,,keyboard,next recall question,"{""value"":3,""note"":""next recall question"",""pd_used"":1}",1,0.016666,60.003127,1
Sergio_G01_CNS-LLF5RV3D8,cpeeg02,ses05,20260827_124329,2026-08-27 12:44:12.498225,NaN,3,probe,PROBE_DIGIT_OK_3,71,2026-08-27 12:50:07.765380,354.795374,0.581829,19.645989,slot#3,NaN,,,keyboard,probe_digit#3,"{""value"":""slot#3"",""entered"":null,""rt"":19.645989099983126,""note"":""probe_digit#3""}",1,0.016666,60.003127,1
Sergio_G01_CNS-LLF5RV3D8,cpeeg02,ses05,20260827_124329,2026-08-27 12:44:12.498225,NaN,3,probe,DIGIT3_OFF,148,2026-08-27 12:50:07.917500,355.377203,0.000000,,3,,,,keyboard,digit#3 off,"{""value"":3,""note"":""digit#3 off"",""pd_used"":0}",1,0.016666,60.003127,1
Sergio_G01_CNS-LLF5RV3D8,cpeeg02,ses05,20260827_124329,2026-08-27 12:44:12.498225,NaN,3,probe,POSTDIG_FIX3_ON,153,2026-08-27 12:50:07.918271,355.377203,1.572131,,,,,,keyboard,after digit#3,"{""note"":""after digit#3""}",1,0.016666,60.003127,1
Sergio_G01_CNS-LLF5RV3D8,cpeeg02,ses05,20260827_124329,2026-08-27 12:44:12.498225,NaN,3,probe,POSTDIG_FIX3_OFF,158,2026-08-27 12:50:09.489295,356.949335,0.046069,,,,,,keyboard,after digit#3,"{""note"":""after digit#3"",""pd_used"":0}",1,0.016666,60.003127,1
Sergio_G01_CNS-LLF5RV3D8,cpeeg02,ses05,20260827_124329,2026-08-27 12:44:12.498225,NaN,3,probe,DIGIT_RECALL_LINE_4,164,2026-08-27 12:50:09.540673,356.995403,9.346778,,4,,,,keyboard,next recall question,"{""value"":4,""note"":""next recall question"",""pd_used"":1}",1,0.016666,60.003127,1
Sergio_G01_CNS-LLF5RV3D8,cpeeg02,ses05,20260827_124329,2026-08-27 12:44:12.498225,NaN,3,probe,PROBE_DIGIT_OK_4,71,2026-08-27 12:50:19.317681,366.342181,0.585140,31.192796,slot#4,NaN,,,keyboard,probe_digit#4,"{""value"":""slot#4"",""entered"":null,""rt"":31.192796200048178,""note"":""probe_digit#4""}",1,0.016666,60.003127,1
Sergio_G01_CNS-LLF5RV3D8,cpeeg02,ses05,20260827_124329,2026-08-27 12:44:12.498225,NaN,3,probe,DIGIT4_OFF,149,2026-08-27 12:50:19.467479,366.927321,0.000000,,3,,,,keyboard,digit#4 off,"{""value"":3,""note"":""digit#4 off"",""pd_used"":0}",1,0.016666,60.003127,1
Sergio_G01_CNS-LLF5RV3D8,cpeeg02,ses05,20260827_124329,2026-08-27 12:44:12.498225,NaN,3,probe,POSTDIG_FIX4_ON,154,2026-08-27 12:50:19.468236,366.927321,1.895540,,,,,,keyboard,after digit#4,"{""note"":""after digit#4""}",1,0.016666,60.003127,1
Sergio_G01_CNS-LLF5RV3D8,cpeeg02,ses05,20260827_124329,2026-08-27 12:44:12.498225,NaN,3,probe,POSTDIG_FIX4_OFF,159,2026-08-27 12:50:21.362964,368.822861,0.046294,,,,,,keyboard,after digit#4,"{""note"":""after digit#4"",""pd_used"":0}",1,0.016666,60.003127,1
Sergio_G01_CNS-LLF5RV3D8,cpeeg02,ses05,20260827_124329,2026-08-27 12:44:12.498225,NaN,3,probe,DIGIT_RECALL_LINE_5,165,2026-08-27 12:50:21.414333,368.869155,4.734403,,5,,,,keyboard,next recall question,"{""value"":5,""note"":""next recall question"",""pd_used"":1}",1,0.016666,60.003127,1
Sergio_G01_CNS-LLF5RV3D8,cpeeg02,ses05,20260827_124329,2026-08-27 12:44:12.498225,NaN,3,probe,PROBE_DIGIT_OK_5,71,2026-08-27 12:50:26.715215,373.603558,0.721404,38.454173,slot#5,NaN,,,keyboard,probe_digit#5,"{""value"":""slot#5"",""entered"":null,""rt"":38.454173000063747,""note"":""probe_digit#5""}",1,0.016666,60.003127,1
Sergio_G01_CNS-LLF5RV3D8,cpeeg02,ses05,20260827_124329,2026-08-27 12:44:12.498225,NaN,3,probe,DIGIT5_OFF,150,2026-08-27 12:50:26.865045,374.324962,0.000000,,3,,,,keyboard,digit#5 off,"{""value"":3,""note"":""digit#5 off"",""pd_used"":0}",1,0.016666,60.003127,1
Sergio_G01_CNS-LLF5RV3D8,cpeeg02,ses05,20260827_124329,2026-08-27 12:44:12.498225,NaN,3,probe,POSTDIG_FIX5_ON,155,2026-08-27 12:50:26.865809,374.324962,3.432016,,,,,,keyboard,after digit#5,"{""note"":""after digit#5""}",1,0.016666,60.003127,1
Sergio_G01_CNS-LLF5RV3D8,cpeeg02,ses05,20260827_124329,2026-08-27 12:44:12.498225,NaN,3,probe,POSTDIG_FIX5_OFF,160,2026-08-27 12:50:30.297064,377.756978,0.043421,,,,,,keyboard,after digit#5,"{""note"":""after digit#5"",""pd_used"":0}",1,0.016666,60.003127,1
Sergio_G01_CNS-LLF5RV3D8,cpeeg02,ses05,20260827_124329,2026-08-27 12:44:12.498225,NaN,3,probe,PROBE_DONE,73,2026-08-27 12:50:30.298493,377.800399,0.000646,,,,,,keyboard,probe complete,"{""value"":"""",""note"":""probe complete""}",1,0.016666,60.003127,1
Sergio_G01_CNS-LLF5RV3D8,cpeeg02,ses05,20260827_124329,2026-08-27 12:44:12.498225,NaN,3,probe,TRIAL_END,21,2026-08-27 12:50:30.299037,377.801045,0.102632,,,,,,keyboard,,{},1,0.016666,60.003127,1
Sergio_G01_CNS-LLF5RV3D8,cpeeg02,ses05,20260827_124329,2026-08-27 12:44:12.498225,NaN,4,probe,TRIAL_CHANGE,22,2026-08-27 12:50:30.401918,377.903677,0.001053,,,,,,keyboard,trial transition,"{""note"":""trial transition""}",1,0.016666,60.003127,1
Sergio_G01_CNS-LLF5RV3D8,cpeeg02,ses05,20260827_124329,2026-08-27 12:44:12.498225,NaN,4,probe,TRIAL_START,20,2026-08-27 12:50:30.403004,377.904729,0.043522,,,,,,keyboard,,{},1,0.016666,60.003127,1
Sergio_G01_CNS-LLF5RV3D8,cpeeg02,ses05,20260827_124329,2026-08-27 12:44:12.498225,NaN,4,fix1,FIX1_ON,30,2026-08-27 12:50:30.496767,377.948251,3.192918,,,,,,keyboard,,"{""pd_used"":0}",1,0.016666,60.003127,1
Sergio_G01_CNS-LLF5RV3D8,cpeeg02,ses05,20260827_124329,2026-08-27 12:44:12.498225,NaN,4,fix1,FIX1_OFF,31,2026-08-27 12:50:33.681337,381.141170,0.044387,,,,,,keyboard,,"{""pd_used"":0}",1,0.016666,60.003127,1
Sergio_G01_CNS-LLF5RV3D8,cpeeg02,ses05,20260827_124329,2026-08-27 12:44:12.498225,NaN,4,digit,DIGIT1_ON,141,2026-08-27 12:50:33.732962,381.185557,0.551520,,5,,,,keyboard,digit#1 shown,"{""value"":5,""note"":""digit#1 shown"",""pd_used"":1}",1,0.016666,60.003127,1
Sergio_G01_CNS-LLF5RV3D8,cpeeg02,ses05,20260827_124329,2026-08-27 12:44:12.498225,NaN,4,digit,DIGIT1_OFF,146,2026-08-27 12:50:34.277159,381.737077,0.000000,,5,,,,keyboard,digit#1 off,"{""value"":5,""note"":""digit#1 off"",""pd_used"":0}",1,0.016666,60.003127,1
Sergio_G01_CNS-LLF5RV3D8,cpeeg02,ses05,20260827_124329,2026-08-27 12:44:12.498225,NaN,4,digit,POSTDIG_FIX1_ON,151,2026-08-27 12:50:34.277903,381.737077,1.952184,,,,,,keyboard,after digit#1,"{""note"":""after digit#1""}",1,0.016666,60.003127,1
Sergio_G01_CNS-LLF5RV3D8,cpeeg02,ses05,20260827_124329,2026-08-27 12:44:12.498225,NaN,4,digit,POSTDIG_FIX1_OFF,156,2026-08-27 12:50:36.229295,383.689261,0.043999,,,,,,keyboard,after digit#1,"{""note"":""after digit#1"",""pd_used"":0}",1,0.016666,60.003127,1
Sergio_G01_CNS-LLF5RV3D8,cpeeg02,ses05,20260827_124329,2026-08-27 12:44:12.498225,NaN,4,digit,DIGIT2_ON,142,2026-08-27 12:50:36.281027,383.733260,0.551811,,9,,,,keyboard,digit#2 shown,"{""value"":9,""note"":""digit#2 shown"",""pd_used"":1}",1,0.016666,60.003127,1
Sergio_G01_CNS-LLF5RV3D8,cpeeg02,ses05,20260827_124329,2026-08-27 12:44:12.498225,NaN,4,digit,DIGIT2_OFF,147,2026-08-27 12:50:36.824975,384.285071,0.000000,,9,,,,keyboard,digit#2 off,"{""value"":9,""note"":""digit#2 off"",""pd_used"":0}",1,0.016666,60.003127,1
Sergio_G01_CNS-LLF5RV3D8,cpeeg02,ses05,20260827_124329,2026-08-27 12:44:12.498225,NaN,4,digit,POSTDIG_FIX2_ON,152,2026-08-27 12:50:36.825740,384.285071,1.901045,,,,,,keyboard,after digit#2,"{""note"":""after digit#2""}",1,0.016666,60.003127,1
Sergio_G01_CNS-LLF5RV3D8,cpeeg02,ses05,20260827_124329,2026-08-27 12:44:12.498225,NaN,4,digit,POSTDIG_FIX2_OFF,157,2026-08-27 12:50:38.726252,386.186116,0.044103,,,,,,keyboard,after digit#2,"{""note"":""after digit#2"",""pd_used"":0}",1,0.016666,60.003127,1
Sergio_G01_CNS-LLF5RV3D8,cpeeg02,ses05,20260827_124329,2026-08-27 12:44:12.498225,NaN,4,digit,DIGIT3_ON,143,2026-08-27 12:50:38.777487,386.230219,0.551505,,8,,,,keyboard,digit#3 shown,"{""value"":8,""note"":""digit#3 shown"",""pd_used"":1}",1,0.016666,60.003127,1
Sergio_G01_CNS-LLF5RV3D8,cpeeg02,ses05,20260827_124329,2026-08-27 12:44:12.498225,NaN,4,digit,DIGIT3_OFF,148,2026-08-27 12:50:39.321799,386.781724,0.000000,,8,,,,keyboard,digit#3 off,"{""value"":8,""note"":""digit#3 off"",""pd_used"":0}",1,0.016666,60.003127,1
Sergio_G01_CNS-LLF5RV3D8,cpeeg02,ses05,20260827_124329,2026-08-27 12:44:12.498225,NaN,4,digit,POSTDIG_FIX3_ON,153,2026-08-27 12:50:39.322552,386.781724,1.570274,,,,,,keyboard,after digit#3,"{""note"":""after digit#3""}",1,0.016666,60.003127,1
Sergio_G01_CNS-LLF5RV3D8,cpeeg02,ses05,20260827_124329,2026-08-27 12:44:12.498225,NaN,4,digit,POSTDIG_FIX3_OFF,158,2026-08-27 12:50:40.891961,388.351999,0.049179,,,,,,keyboard,after digit#3,"{""note"":""after digit#3"",""pd_used"":0}",1,0.016666,60.003127,1
Sergio_G01_CNS-LLF5RV3D8,cpeeg02,ses05,20260827_124329,2026-08-27 12:44:12.498225,NaN,4,digit,DIGIT4_ON,144,2026-08-27 12:50:40.943560,388.401177,0.546650,,9,,,,keyboard,digit#4 shown,"{""value"":9,""note"":""digit#4 shown"",""pd_used"":1}",1,0.016666,60.003127,1
Sergio_G01_CNS-LLF5RV3D8,cpeeg02,ses05,20260827_124329,2026-08-27 12:44:12.498225,NaN,4,digit,DIGIT4_OFF,149,2026-08-27 12:50:41.487825,388.947827,0.000000,,9,,,,keyboard,digit#4 off,"{""value"":9,""note"":""digit#4 off"",""pd_used"":0}",1,0.016666,60.003127,1
Sergio_G01_CNS-LLF5RV3D8,cpeeg02,ses05,20260827_124329,2026-08-27 12:44:12.498225,NaN,4,digit,POSTDIG_FIX4_ON,154,2026-08-27 12:50:41.488714,388.947827,1.697945,,,,,,keyboard,after digit#4,"{""note"":""after digit#4""}",1,0.016666,60.003127,1
Sergio_G01_CNS-LLF5RV3D8,cpeeg02,ses05,20260827_124329,2026-08-27 12:44:12.498225,NaN,4,digit,POSTDIG_FIX4_OFF,159,2026-08-27 12:50:43.185884,390.645772,0.044246,,,,,,keyboard,after digit#4,"{""note"":""after digit#4"",""pd_used"":0}",1,0.016666,60.003127,1
Sergio_G01_CNS-LLF5RV3D8,cpeeg02,ses05,20260827_124329,2026-08-27 12:44:12.498225,NaN,4,digit,DIGIT5_ON,145,2026-08-27 12:50:43.237140,390.690018,0.551040,,6,,,,keyboard,digit#5 shown,"{""value"":6,""note"":""digit#5 shown"",""pd_used"":1}",1,0.016666,60.003127,1
Sergio_G01_CNS-LLF5RV3D8,cpeeg02,ses05,20260827_124329,2026-08-27 12:44:12.498225,NaN,4,digit,DIGIT5_OFF,150,2026-08-27 12:50:43.781068,391.241058,0.000000,,6,,,,keyboard,digit#5 off,"{""value"":6,""note"":""digit#5 off"",""pd_used"":0}",1,0.016666,60.003127,1
Sergio_G01_CNS-LLF5RV3D8,cpeeg02,ses05,20260827_124329,2026-08-27 12:44:12.498225,NaN,4,digit,POSTDIG_FIX5_ON,155,2026-08-27 12:50:43.781832,391.241058,3.537149,,,,,,keyboard,after digit#5,"{""note"":""after digit#5""}",1,0.016666,60.003127,1
Sergio_G01_CNS-LLF5RV3D8,cpeeg02,ses05,20260827_124329,2026-08-27 12:44:12.498225,NaN,4,digit,POSTDIG_FIX5_OFF,160,2026-08-27 12:50:47.318482,394.778207,0.044499,,,,,,keyboard,after digit#5,"{""note"":""after digit#5"",""pd_used"":0}",1,0.016666,60.003127,1
Sergio_G01_CNS-LLF5RV3D8,cpeeg02,ses05,20260827_124329,2026-08-27 12:44:12.498225,NaN,4,distractor,DISTRACTOR_ON,50,2026-08-27 12:50:47.369825,394.822707,6.143731,,6+5=11,,,,keyboard,,"{""value"":""6+5=11"",""isCorrectTruth"":true,""trueSum"":11,""pd_used"":1}",1,0.016666,60.003127,1
Sergio_G01_CNS-LLF5RV3D8,cpeeg02,ses05,20260827_124329,2026-08-27 12:44:12.498225,NaN,4,distractor,DISTRACTOR_ANS,51,2026-08-27 12:50:53.787862,400.966438,0.000000,6.143731,6+5=11,F,0,,keyboard,key= (False),"{""value"":""6+5=11"",""entered"":""F"",""rt"":6.143731199670583,""correct"":0,""note"":""key= (False)"",""truth"":true,""trueSum"":11,""shownSum"":11,""a"":6,""b"":5}",1,0.016666,60.003127,1
Sergio_G01_CNS-LLF5RV3D8,cpeeg02,ses05,20260827_124329,2026-08-27 12:44:12.498225,NaN,4,distractor,ANS_WRONG,200,2026-08-27 12:50:53.830222,400.966438,0.367649,,,,,,keyboard,,{},1,0.016666,60.003127,1
Sergio_G01_CNS-LLF5RV3D8,cpeeg02,ses05,20260827_124329,2026-08-27 12:44:12.498225,NaN,4,distractor,DISTRACTOR_OFF,52,2026-08-27 12:50:53.881755,401.334087,0.000000,,,,,,keyboard,,"{""pd_used"":0}",1,0.016666,60.003127,1
Sergio_G01_CNS-LLF5RV3D8,cpeeg02,ses05,20260827_124329,2026-08-27 12:44:12.498225,NaN,4,distractor,FIX2_ON,60,2026-08-27 12:50:53.882427,401.334087,3.448087,,,,,,keyboard,immediate after response,"{""note"":""immediate after response""}",1,0.016666,60.003127,1
Sergio_G01_CNS-LLF5RV3D8,cpeeg02,ses05,20260827_124329,2026-08-27 12:44:12.498225,NaN,4,fix2,FIX2_OFF,61,2026-08-27 12:50:57.322351,404.782174,0.044218,,,,,,keyboard,,"{""pd_used"":0}",1,0.016666,60.003127,1
Sergio_G01_CNS-LLF5RV3D8,cpeeg02,ses05,20260827_124329,2026-08-27 12:44:12.498225,NaN,4,probe,DIGIT_RECALL_LINE_1,161,2026-08-27 12:50:57.373710,404.826392,3.906449,,1,,,,keyboard,first recall question,"{""value"":1,""note"":""first recall question"",""pd_used"":1}",1,0.016666,60.003127,1
Sergio_G01_CNS-LLF5RV3D8,cpeeg02,ses05,20260827_124329,2026-08-27 12:44:12.498225,NaN,4,probe,PROBE_DIGIT_OK_1,71,2026-08-27 12:51:01.635473,408.732841,0.512956,3.907759,slot#1,NaN,,,keyboard,probe_digit#1,"{""value"":""slot#1"",""entered"":null,""rt"":3.9077591001987457,""note"":""probe_digit#1""}",1,0.016666,60.003127,1
Sergio_G01_CNS-LLF5RV3D8,cpeeg02,ses05,20260827_124329,2026-08-27 12:44:12.498225,NaN,4,probe,DIGIT1_OFF,146,2026-08-27 12:51:01.786013,409.245798,0.000000,,6,,,,keyboard,digit#1 off,"{""value"":6,""note"":""digit#1 off"",""pd_used"":0}",1,0.016666,60.003127,1
Sergio_G01_CNS-LLF5RV3D8,cpeeg02,ses05,20260827_124329,2026-08-27 12:44:12.498225,NaN,4,probe,POSTDIG_FIX1_ON,151,2026-08-27 12:51:01.786748,409.245798,1.632580,,,,,,keyboard,after digit#1,"{""note"":""after digit#1""}",1,0.016666,60.003127,1
Sergio_G01_CNS-LLF5RV3D8,cpeeg02,ses05,20260827_124329,2026-08-27 12:44:12.498225,NaN,4,probe,POSTDIG_FIX1_OFF,156,2026-08-27 12:51:03.418664,410.878378,0.046433,,,,,,keyboard,after digit#1,"{""note"":""after digit#1"",""pd_used"":0}",1,0.016666,60.003127,1
Sergio_G01_CNS-LLF5RV3D8,cpeeg02,ses05,20260827_124329,2026-08-27 12:44:12.498225,NaN,4,probe,DIGIT_RECALL_LINE_2,162,2026-08-27 12:51:03.469923,410.924811,1.093404,,2,,,,keyboard,next recall question,"{""value"":2,""note"":""next recall question"",""pd_used"":1}",1,0.016666,60.003127,1
Sergio_G01_CNS-LLF5RV3D8,cpeeg02,ses05,20260827_124329,2026-08-27 12:44:12.498225,NaN,4,probe,PROBE_DIGIT_OK_2,71,2026-08-27 12:51:05.115864,412.018215,0.701746,7.193133,slot#2,NaN,,,keyboard,probe_digit#2,"{""value"":""slot#2"",""entered"":null,""rt"":7.1931325001642108,""note"":""probe_digit#2""}",1,0.016666,60.003127,1
Sergio_G01_CNS-LLF5RV3D8,cpeeg02,ses05,20260827_124329,2026-08-27 12:44:12.498225,NaN,4,probe,DIGIT2_OFF,147,2026-08-27 12:51:05.260074,412.719961,0.000000,,6,,,,keyboard,digit#2 off,"{""value"":6,""note"":""digit#2 off"",""pd_used"":0}",1,0.016666,60.003127,1
Sergio_G01_CNS-LLF5RV3D8,cpeeg02,ses05,20260827_124329,2026-08-27 12:44:12.498225,NaN,4,probe,POSTDIG_FIX2_ON,152,2026-08-27 12:51:05.260821,412.719961,1.785259,,,,,,keyboard,after digit#2,"{""note"":""after digit#2""}",1,0.016666,60.003127,1
Sergio_G01_CNS-LLF5RV3D8,cpeeg02,ses05,20260827_124329,2026-08-27 12:44:12.498225,NaN,4,probe,POSTDIG_FIX2_OFF,157,2026-08-27 12:51:07.045222,414.505219,0.046151,,,,,,keyboard,after digit#2,"{""note"":""after digit#2"",""pd_used"":0}",1,0.016666,60.003127,1
Sergio_G01_CNS-LLF5RV3D8,cpeeg02,ses05,20260827_124329,2026-08-27 12:44:12.498225,NaN,4,probe,DIGIT_RECALL_LINE_3,163,2026-08-27 12:51:07.096655,414.551370,1.236227,,3,,,,keyboard,next recall question,"{""value"":3,""note"":""next recall question"",""pd_used"":1}",1,0.016666,60.003127,1
Sergio_G01_CNS-LLF5RV3D8,cpeeg02,ses05,20260827_124329,2026-08-27 12:44:12.498225,NaN,4,probe,PROBE_DIGIT_OK_3,71,2026-08-27 12:51:08.776350,415.787597,0.591969,10.962514,slot#3,NaN,,,keyboard,probe_digit#3,"{""value"":""slot#3"",""entered"":null,""rt"":10.962514200247824,""note"":""probe_digit#3""}",1,0.016666,60.003127,1
Sergio_G01_CNS-LLF5RV3D8,cpeeg02,ses05,20260827_124329,2026-08-27 12:44:12.498225,NaN,4,probe,DIGIT3_OFF,148,2026-08-27 12:51:08.919609,416.379565,0.000000,,6,,,,keyboard,digit#3 off,"{""value"":6,""note"":""digit#3 off"",""pd_used"":0}",1,0.016666,60.003127,1
Sergio_G01_CNS-LLF5RV3D8,cpeeg02,ses05,20260827_124329,2026-08-27 12:44:12.498225,NaN,4,probe,POSTDIG_FIX3_ON,153,2026-08-27 12:51:08.920344,416.379565,1.978149,,,,,,keyboard,after digit#3,"{""note"":""after digit#3""}",1,0.016666,60.003127,1
Sergio_G01_CNS-LLF5RV3D8,cpeeg02,ses05,20260827_124329,2026-08-27 12:44:12.498225,NaN,4,probe,POSTDIG_FIX3_OFF,158,2026-08-27 12:51:10.897832,418.357714,0.046316,,,,,,keyboard,after digit#3,"{""note"":""after digit#3"",""pd_used"":0}",1,0.016666,60.003127,1
Sergio_G01_CNS-LLF5RV3D8,cpeeg02,ses05,20260827_124329,2026-08-27 12:44:12.498225,NaN,4,probe,DIGIT_RECALL_LINE_4,164,2026-08-27 12:51:10.949155,418.404031,3.939798,,4,,,,keyboard,next recall question,"{""value"":4,""note"":""next recall question"",""pd_used"":1}",1,0.016666,60.003127,1
Sergio_G01_CNS-LLF5RV3D8,cpeeg02,ses05,20260827_124329,2026-08-27 12:44:12.498225,NaN,4,probe,PROBE_DIGIT_OK_4,71,2026-08-27 12:51:15.276798,422.343828,0.534515,17.518746,slot#4,NaN,,,keyboard,probe_digit#4,"{""value"":""slot#4"",""entered"":null,""rt"":17.518745900131762,""note"":""probe_digit#4""}",1,0.016666,60.003127,1
Sergio_G01_CNS-LLF5RV3D8,cpeeg02,ses05,20260827_124329,2026-08-27 12:44:12.498225,NaN,4,probe,DIGIT4_OFF,149,2026-08-27 12:51:15.418527,422.878343,0.000000,,6,,,,keyboard,digit#4 off,"{""value"":6,""note"":""digit#4 off"",""pd_used"":0}",1,0.016666,60.003127,1
Sergio_G01_CNS-LLF5RV3D8,cpeeg02,ses05,20260827_124329,2026-08-27 12:44:12.498225,NaN,4,probe,POSTDIG_FIX4_ON,154,2026-08-27 12:51:15.419299,422.878343,1.933827,,,,,,keyboard,after digit#4,"{""note"":""after digit#4""}",1,0.016666,60.003127,1
Sergio_G01_CNS-LLF5RV3D8,cpeeg02,ses05,20260827_124329,2026-08-27 12:44:12.498225,NaN,4,probe,POSTDIG_FIX4_OFF,159,2026-08-27 12:51:17.352138,424.812171,0.045971,,,,,,keyboard,after digit#4,"{""note"":""after digit#4"",""pd_used"":0}",1,0.016666,60.003127,1
Sergio_G01_CNS-LLF5RV3D8,cpeeg02,ses05,20260827_124329,2026-08-27 12:44:12.498225,NaN,4,probe,DIGIT_RECALL_LINE_5,165,2026-08-27 12:51:17.403618,424.858142,6.805158,,5,,,,keyboard,next recall question,"{""value"":5,""note"":""next recall question"",""pd_used"":1}",1,0.016666,60.003127,1
Sergio_G01_CNS-LLF5RV3D8,cpeeg02,ses05,20260827_124329,2026-08-27 12:44:12.498225,NaN,4,probe,PROBE_DIGIT_OK_5,71,2026-08-27 12:51:24.696884,431.663300,0.644572,26.838218,slot#5,NaN,,,keyboard,probe_digit#5,"{""value"":""slot#5"",""entered"":null,""rt"":26.838217800017446,""note"":""probe_digit#5""}",1,0.016666,60.003127,1
Sergio_G01_CNS-LLF5RV3D8,cpeeg02,ses05,20260827_124329,2026-08-27 12:44:12.498225,NaN,4,probe,DIGIT5_OFF,150,2026-08-27 12:51:24.847770,432.307872,0.000000,,6,,,,keyboard,digit#5 off,"{""value"":6,""note"":""digit#5 off"",""pd_used"":0}",1,0.016666,60.003127,1
Sergio_G01_CNS-LLF5RV3D8,cpeeg02,ses05,20260827_124329,2026-08-27 12:44:12.498225,NaN,4,probe,POSTDIG_FIX5_ON,155,2026-08-27 12:51:24.848516,432.307872,3.069235,,,,,,keyboard,after digit#5,"{""note"":""after digit#5""}",1,0.016666,60.003127,1
Sergio_G01_CNS-LLF5RV3D8,cpeeg02,ses05,20260827_124329,2026-08-27 12:44:12.498225,NaN,4,probe,POSTDIG_FIX5_OFF,160,2026-08-27 12:51:27.917141,435.377108,0.043824,,,,,,keyboard,after digit#5,"{""note"":""after digit#5"",""pd_used"":0}",1,0.016666,60.003127,1
Sergio_G01_CNS-LLF5RV3D8,cpeeg02,ses05,20260827_124329,2026-08-27 12:44:12.498225,NaN,4,probe,PROBE_DONE,73,2026-08-27 12:51:27.919054,435.420931,0.000680,,,,,,keyboard,probe complete,"{""value"":"""",""note"":""probe complete""}",1,0.016666,60.003127,1
Sergio_G01_CNS-LLF5RV3D8,cpeeg02,ses05,20260827_124329,2026-08-27 12:44:12.498225,NaN,4,probe,TRIAL_END,21,2026-08-27 12:51:27.919601,435.421611,0.112428,,,,,,keyboard,,{},1,0.016666,60.003127,1
Sergio_G01_CNS-LLF5RV3D8,cpeeg02,ses05,20260827_124329,2026-08-27 12:44:12.498225,NaN,5,probe,TRIAL_CHANGE,22,2026-08-27 12:51:28.032277,435.534039,0.000906,,,,,,keyboard,trial transition,"{""note"":""trial transition""}",1,0.016666,60.003127,1
Sergio_G01_CNS-LLF5RV3D8,cpeeg02,ses05,20260827_124329,2026-08-27 12:44:12.498225,NaN,5,probe,TRIAL_START,20,2026-08-27 12:51:28.032954,435.534945,0.043115,,,,,,keyboard,,{},1,0.016666,60.003127,1
Sergio_G01_CNS-LLF5RV3D8,cpeeg02,ses05,20260827_124329,2026-08-27 12:44:12.498225,NaN,5,fix1,FIX1_ON,30,2026-08-27 12:51:28.126402,435.578061,3.543371,,,,,,keyboard,,"{""pd_used"":0}",1,0.016666,60.003127,1
Sergio_G01_CNS-LLF5RV3D8,cpeeg02,ses05,20260827_124329,2026-08-27 12:44:12.498225,NaN,5,fix1,FIX1_OFF,31,2026-08-27 12:51:31.661494,439.121432,0.043990,,,,,,keyboard,,"{""pd_used"":0}",1,0.016666,60.003127,1
Sergio_G01_CNS-LLF5RV3D8,cpeeg02,ses05,20260827_124329,2026-08-27 12:44:12.498225,NaN,5,digit,DIGIT1_ON,141,2026-08-27 12:51:31.712748,439.165422,0.551304,,8,,,,keyboard,digit#1 shown,"{""value"":8,""note"":""digit#1 shown"",""pd_used"":1}",1,0.016666,60.003127,1
Sergio_G01_CNS-LLF5RV3D8,cpeeg02,ses05,20260827_124329,2026-08-27 12:44:12.498225,NaN,5,digit,DIGIT1_OFF,146,2026-08-27 12:51:32.256975,439.716726,0.000000,,8,,,,keyboard,digit#1 off,"{""value"":8,""note"":""digit#1 off"",""pd_used"":0}",1,0.016666,60.003127,1
Sergio_G01_CNS-LLF5RV3D8,cpeeg02,ses05,20260827_124329,2026-08-27 12:44:12.498225,NaN,5,digit,POSTDIG_FIX1_ON,151,2026-08-27 12:51:32.257707,439.716726,1.788843,,,,,,keyboard,after digit#1,"{""note"":""after digit#1""}",1,0.016666,60.003127,1
Sergio_G01_CNS-LLF5RV3D8,cpeeg02,ses05,20260827_124329,2026-08-27 12:44:12.498225,NaN,5,digit,POSTDIG_FIX1_OFF,156,2026-08-27 12:51:34.045504,441.505569,0.044330,,,,,,keyboard,after digit#1,"{""note"":""after digit#1"",""pd_used"":0}",1,0.016666,60.003127,1
Sergio_G01_CNS-LLF5RV3D8,cpeeg02,ses05,20260827_124329,2026-08-27 12:44:12.498225,NaN,5,digit,DIGIT2_ON,142,2026-08-27 12:51:34.096903,441.549899,0.551117,,8,,,,keyboard,digit#2 shown,"{""value"":8,""note"":""digit#2 shown"",""pd_used"":1}",1,0.016666,60.003127,1
Sergio_G01_CNS-LLF5RV3D8,cpeeg02,ses05,20260827_124329,2026-08-27 12:44:12.498225,NaN,5,digit,DIGIT2_OFF,147,2026-08-27 12:51:34.641681,442.101016,0.000000,,8,,,,keyboard,digit#2 off,"{""value"":8,""note"":""digit#2 off"",""pd_used"":0}",1,0.016666,60.003127,1
Sergio_G01_CNS-LLF5RV3D8,cpeeg02,ses05,20260827_124329,2026-08-27 12:44:12.498225,NaN,5,digit,POSTDIG_FIX2_ON,152,2026-08-27 12:51:34.642428,442.101016,1.547319,,,,,,keyboard,after digit#2,"{""note"":""after digit#2""}",1,0.016666,60.003127,1
Sergio_G01_CNS-LLF5RV3D8,cpeeg02,ses05,20260827_124329,2026-08-27 12:44:12.498225,NaN,5,digit,POSTDIG_FIX2_OFF,157,2026-08-27 12:51:36.188240,443.648335,0.043719,,,,,,keyboard,after digit#2,"{""note"":""after digit#2"",""pd_used"":0}",1,0.016666,60.003127,1
Sergio_G01_CNS-LLF5RV3D8,cpeeg02,ses05,20260827_124329,2026-08-27 12:44:12.498225,NaN,5,digit,DIGIT3_ON,143,2026-08-27 12:51:36.239682,443.692054,0.552130,,7,,,,keyboard,digit#3 shown,"{""value"":7,""note"":""digit#3 shown"",""pd_used"":1}",1,0.016666,60.003127,1
Sergio_G01_CNS-LLF5RV3D8,cpeeg02,ses05,20260827_124329,2026-08-27 12:44:12.498225,NaN,5,digit,DIGIT3_OFF,148,2026-08-27 12:51:36.784373,444.244184,0.000000,,7,,,,keyboard,digit#3 off,"{""value"":7,""note"":""digit#3 off"",""pd_used"":0}",1,0.016666,60.003127,1
Sergio_G01_CNS-LLF5RV3D8,cpeeg02,ses05,20260827_124329,2026-08-27 12:44:12.498225,NaN,5,digit,POSTDIG_FIX3_ON,153,2026-08-27 12:51:36.785184,444.244184,2.003032,,,,,,keyboard,after digit#3,"{""note"":""after digit#3""}",1,0.016666,60.003127,1
Sergio_G01_CNS-LLF5RV3D8,cpeeg02,ses05,20260827_124329,2026-08-27 12:44:12.498225,NaN,5,digit,POSTDIG_FIX3_OFF,158,2026-08-27 12:51:38.787458,446.247216,0.044415,,,,,,keyboard,after digit#3,"{""note"":""after digit#3"",""pd_used"":0}",1,0.016666,60.003127,1
Sergio_G01_CNS-LLF5RV3D8,cpeeg02,ses05,20260827_124329,2026-08-27 12:44:12.498225,NaN,5,digit,DIGIT4_ON,144,2026-08-27 12:51:38.839067,446.291632,0.552214,,2,,,,keyboard,digit#4 shown,"{""value"":2,""note"":""digit#4 shown"",""pd_used"":1}",1,0.016666,60.003127,1
Sergio_G01_CNS-LLF5RV3D8,cpeeg02,ses05,20260827_124329,2026-08-27 12:44:12.498225,NaN,5,digit,DIGIT4_OFF,149,2026-08-27 12:51:39.384098,446.843846,0.000000,,2,,,,keyboard,digit#4 off,"{""value"":2,""note"":""digit#4 off"",""pd_used"":0}",1,0.016666,60.003127,1
Sergio_G01_CNS-LLF5RV3D8,cpeeg02,ses05,20260827_124329,2026-08-27 12:44:12.498225,NaN,5,digit,POSTDIG_FIX4_ON,154,2026-08-27 12:51:39.384946,446.843846,1.707985,,,,,,keyboard,after digit#4,"{""note"":""after digit#4""}",1,0.016666,60.003127,1
Sergio_G01_CNS-LLF5RV3D8,cpeeg02,ses05,20260827_124329,2026-08-27 12:44:12.498225,NaN,5,digit,POSTDIG_FIX4_OFF,159,2026-08-27 12:51:41.091697,448.551830,0.043912,,,,,,keyboard,after digit#4,"{""note"":""after digit#4"",""pd_used"":0}",1,0.016666,60.003127,1
Sergio_G01_CNS-LLF5RV3D8,cpeeg02,ses05,20260827_124329,2026-08-27 12:44:12.498225,NaN,5,digit,DIGIT5_ON,145,2026-08-27 12:51:41.143123,448.595742,0.551652,,8,,,,keyboard,digit#5 shown,"{""value"":8,""note"":""digit#5 shown"",""pd_used"":1}",1,0.016666,60.003127,1
Sergio_G01_CNS-LLF5RV3D8,cpeeg02,ses05,20260827_124329,2026-08-27 12:44:12.498225,NaN,5,digit,DIGIT5_OFF,150,2026-08-27 12:51:41.687740,449.147393,0.000000,,8,,,,keyboard,digit#5 off,"{""value"":8,""note"":""digit#5 off"",""pd_used"":0}",1,0.016666,60.003127,1
Sergio_G01_CNS-LLF5RV3D8,cpeeg02,ses05,20260827_124329,2026-08-27 12:44:12.498225,NaN,5,digit,POSTDIG_FIX5_ON,155,2026-08-27 12:51:41.688482,449.147393,3.373597,,,,,,keyboard,after digit#5,"{""note"":""after digit#5""}",1,0.016666,60.003127,1
Sergio_G01_CNS-LLF5RV3D8,cpeeg02,ses05,20260827_124329,2026-08-27 12:44:12.498225,NaN,5,digit,POSTDIG_FIX5_OFF,160,2026-08-27 12:51:45.061387,452.520990,0.044457,,,,,,keyboard,after digit#5,"{""note"":""after digit#5"",""pd_used"":0}",1,0.016666,60.003127,1
Sergio_G01_CNS-LLF5RV3D8,cpeeg02,ses05,20260827_124329,2026-08-27 12:44:12.498225,NaN,5,distractor,DISTRACTOR_ON,50,2026-08-27 12:51:45.112857,452.565447,6.803452,,8+6=14,,,,keyboard,,"{""value"":""8+6=14"",""isCorrectTruth"":true,""trueSum"":14,""pd_used"":1}",1,0.016666,60.003127,1
Sergio_G01_CNS-LLF5RV3D8,cpeeg02,ses05,20260827_124329,2026-08-27 12:44:12.498225,NaN,5,distractor,DISTRACTOR_ANS,51,2026-08-27 12:51:52.345079,459.368899,0.000000,6.803452,8+6=14,F,0,,keyboard,key= (False),"{""value"":""8+6=14"",""entered"":""F"",""rt"":6.8034518002532423,""correct"":0,""note"":""key= (False)"",""truth"":true,""trueSum"":14,""shownSum"":14,""a"":8,""b"":6}",1,0.016666,60.003127,1
Sergio_G01_CNS-LLF5RV3D8,cpeeg02,ses05,20260827_124329,2026-08-27 12:44:12.498225,NaN,5,distractor,ANS_WRONG,200,2026-08-27 12:51:52.387460,459.368899,0.522492,,,,,,keyboard,,{},1,0.016666,60.003127,1
Sergio_G01_CNS-LLF5RV3D8,cpeeg02,ses05,20260827_124329,2026-08-27 12:44:12.498225,NaN,5,distractor,DISTRACTOR_OFF,52,2026-08-27 12:51:52.438953,459.891391,0.000000,,,,,,keyboard,,"{""pd_used"":0}",1,0.016666,60.003127,1
Sergio_G01_CNS-LLF5RV3D8,cpeeg02,ses05,20260827_124329,2026-08-27 12:44:12.498225,NaN,5,distractor,FIX2_ON,60,2026-08-27 12:51:52.439623,459.891391,3.371216,,,,,,keyboard,immediate after response,"{""note"":""immediate after response""}",1,0.016666,60.003127,1
Sergio_G01_CNS-LLF5RV3D8,cpeeg02,ses05,20260827_124329,2026-08-27 12:44:12.498225,NaN,5,fix2,FIX2_OFF,61,2026-08-27 12:51:55.802851,463.262607,0.044325,,,,,,keyboard,,"{""pd_used"":0}",1,0.016666,60.003127,1
Sergio_G01_CNS-LLF5RV3D8,cpeeg02,ses05,20260827_124329,2026-08-27 12:44:12.498225,NaN,5,probe,DIGIT_RECALL_LINE_1,161,2026-08-27 12:51:55.854127,463.306931,3.174993,,1,,,,keyboard,first recall question,"{""value"":1,""note"":""first recall question"",""pd_used"":1}",1,0.016666,60.003127,1
Sergio_G01_CNS-LLF5RV3D8,cpeeg02,ses05,20260827_124329,2026-08-27 12:44:12.498225,NaN,5,probe,PROBE_DIGIT_OK_1,71,2026-08-27 12:51:59.374842,466.481925,0.494884,3.176344,slot#1,NaN,,,keyboard,probe_digit#1,"{""value"":""slot#1"",""entered"":null,""rt"":3.176344099920243,""note"":""probe_digit#1""}",1,0.016666,60.003127,1
Sergio_G01_CNS-LLF5RV3D8,cpeeg02,ses05,20260827_124329,2026-08-27 12:44:12.498225,NaN,5,probe,DIGIT1_OFF,146,2026-08-27 12:51:59.516873,466.976808,0.000000,,8,,,,keyboard,digit#1 off,"{""value"":8,""note"":""digit#1 off"",""pd_used"":0}",1,0.016666,60.003127,1
Sergio_G01_CNS-LLF5RV3D8,cpeeg02,ses05,20260827_124329,2026-08-27 12:44:12.498225,NaN,5,probe,POSTDIG_FIX1_ON,151,2026-08-27 12:51:59.517622,466.976808,1.915368,,,,,,keyboard,after digit#1,"{""note"":""after digit#1""}",1,0.016666,60.003127,1
Sergio_G01_CNS-LLF5RV3D8,cpeeg02,ses05,20260827_124329,2026-08-27 12:44:12.498225,NaN,5,probe,POSTDIG_FIX1_OFF,156,2026-08-27 12:52:01.432215,468.892176,0.046100,,,,,,keyboard,after digit#1,"{""note"":""after digit#1"",""pd_used"":0}",1,0.016666,60.003127,1
Sergio_G01_CNS-LLF5RV3D8,cpeeg02,ses05,20260827_124329,2026-08-27 12:44:12.498225,NaN,5,probe,DIGIT_RECALL_LINE_2,162,2026-08-27 12:52:01.483517,468.938276,3.639023,,2,,,,keyboard,next recall question,"{""value"":2,""note"":""next recall question"",""pd_used"":1}",1,0.016666,60.003127,1
Sergio_G01_CNS-LLF5RV3D8,cpeeg02,ses05,20260827_124329,2026-08-27 12:44:12.498225,NaN,5,probe,PROBE_DIGIT_OK_2,71,2026-08-27 12:52:05.554568,472.577299,0.580628,9.271718,slot#2,NaN,,,keyboard,probe_digit#2,"{""value"":""slot#2"",""entered"":null,""rt"":9.271718299947679,""note"":""probe_digit#2""}",1,0.016666,60.003127,1
Sergio_G01_CNS-LLF5RV3D8,cpeeg02,ses05,20260827_124329,2026-08-27 12:44:12.498225,NaN,5,probe,DIGIT2_OFF,147,2026-08-27 12:52:05.697818,473.157927,0.000000,,8,,,,keyboard,digit#2 off,"{""value"":8,""note"":""digit#2 off"",""pd_used"":0}",1,0.016666,60.003127,1
Sergio_G01_CNS-LLF5RV3D8,cpeeg02,ses05,20260827_124329,2026-08-27 12:44:12.498225,NaN,5,probe,POSTDIG_FIX2_ON,152,2026-08-27 12:52:05.698586,473.157927,1.989885,,,,,,keyboard,after digit#2,"{""note"":""after digit#2""}",1,0.016666,60.003127,1
Sergio_G01_CNS-LLF5RV3D8,cpeeg02,ses05,20260827_124329,2026-08-27 12:44:12.498225,NaN,5,probe,POSTDIG_FIX2_OFF,157,2026-08-27 12:52:07.687722,475.147812,0.045984,,,,,,keyboard,after digit#2,"{""note"":""after digit#2"",""pd_used"":0}",1,0.016666,60.003127,1
Sergio_G01_CNS-LLF5RV3D8,cpeeg02,ses05,20260827_124329,2026-08-27 12:44:12.498225,NaN,5,probe,DIGIT_RECALL_LINE_3,163,2026-08-27 12:52:07.739273,475.193796,3.321301,,3,,,,keyboard,next recall question,"{""value"":3,""note"":""next recall question"",""pd_used"":1}",1,0.016666,60.003127,1
Sergio_G01_CNS-LLF5RV3D8,cpeeg02,ses05,20260827_124329,2026-08-27 12:44:12.498225,NaN,5,probe,PROBE_DIGIT_OK_3,71,2026-08-27 12:52:11.457510,478.515097,0.546811,15.209517,slot#3,NaN,,,keyboard,probe_digit#3,"{""value"":""slot#3"",""entered"":null,""rt"":15.209516500122845,""note"":""probe_digit#3""}",1,0.016666,60.003127,1
Sergio_G01_CNS-LLF5RV3D8,cpeeg02,ses05,20260827_124329,2026-08-27 12:44:12.498225,NaN,5,probe,DIGIT3_OFF,148,2026-08-27 12:52:11.601928,479.061908,0.000000,,8,,,,keyboard,digit#3 off,"{""value"":8,""note"":""digit#3 off"",""pd_used"":0}",1,0.016666,60.003127,1
Sergio_G01_CNS-LLF5RV3D8,cpeeg02,ses05,20260827_124329,2026-08-27 12:44:12.498225,NaN,5,probe,POSTDIG_FIX3_ON,153,2026-08-27 12:52:11.602689,479.061908,1.561461,,,,,,keyboard,after digit#3,"{""note"":""after digit#3""}",1,0.016666,60.003127,1
Sergio_G01_CNS-LLF5RV3D8,cpeeg02,ses05,20260827_124329,2026-08-27 12:44:12.498225,NaN,5,probe,POSTDIG_FIX3_OFF,158,2026-08-27 12:52:13.163438,480.623369,0.045990,,,,,,keyboard,after digit#3,"{""note"":""after digit#3"",""pd_used"":0}",1,0.016666,60.003127,1
Sergio_G01_CNS-LLF5RV3D8,cpeeg02,ses05,20260827_124329,2026-08-27 12:44:12.498225,NaN,5,probe,DIGIT_RECALL_LINE_4,164,2026-08-27 12:52:13.214831,480.669359,4.615275,,4,,,,keyboard,next recall question,"{""value"":4,""note"":""next recall question"",""pd_used"":1}",1,0.016666,60.003127,1
Sergio_G01_CNS-LLF5RV3D8,cpeeg02,ses05,20260827_124329,2026-08-27 12:44:12.498225,NaN,5,probe,PROBE_DIGIT_OK_4,71,2026-08-27 12:52:18.365652,485.284635,0.690736,21.979054,slot#4,NaN,,,keyboard,probe_digit#4,"{""value"":""slot#4"",""entered"":null,""rt"":21.979054000228643,""note"":""probe_digit#4""}",1,0.016666,60.003127,1
Sergio_G01_CNS-LLF5RV3D8,cpeeg02,ses05,20260827_124329,2026-08-27 12:44:12.498225,NaN,5,probe,DIGIT4_OFF,149,2026-08-27 12:52:18.515259,485.975371,0.000000,,8,,,,keyboard,digit#4 off,"{""value"":8,""note"":""digit#4 off"",""pd_used"":0}",1,0.016666,60.003127,1
Sergio_G01_CNS-LLF5RV3D8,cpeeg02,ses05,20260827_124329,2026-08-27 12:44:12.498225,NaN,5,probe,POSTDIG_FIX4_ON,154,2026-08-27 12:52:18.515998,485.975371,1.731051,,,,,,keyboard,after digit#4,"{""note"":""after digit#4""}",1,0.016666,60.003127,1
Sergio_G01_CNS-LLF5RV3D8,cpeeg02,ses05,20260827_124329,2026-08-27 12:44:12.498225,NaN,5,probe,POSTDIG_FIX4_OFF,159,2026-08-27 12:52:20.246417,487.706422,0.046244,,,,,,keyboard,after digit#4,"{""note"":""after digit#4"",""pd_used"":0}",1,0.016666,60.003127,1
Sergio_G01_CNS-LLF5RV3D8,cpeeg02,ses05,20260827_124329,2026-08-27 12:44:12.498225,NaN,5,probe,DIGIT_RECALL_LINE_5,165,2026-08-27 12:52:20.297674,487.752667,1.438687,,5,,,,keyboard,next recall question,"{""value"":5,""note"":""next recall question"",""pd_used"":1}",1,0.016666,60.003127,1
Sergio_G01_CNS-LLF5RV3D8,cpeeg02,ses05,20260827_124329,2026-08-27 12:44:12.498225,NaN,5,probe,PROBE_DIGIT_OK_5,71,2026-08-27 12:52:22.047461,489.191353,0.459949,25.885773,slot#5,NaN,,,keyboard,probe_digit#5,"{""value"":""slot#5"",""entered"":null,""rt"":25.885772699955851,""note"":""probe_digit#5""}",1,0.016666,60.003127,1
Sergio_G01_CNS-LLF5RV3D8,cpeeg02,ses05,20260827_124329,2026-08-27 12:44:12.498225,NaN,5,probe,DIGIT5_OFF,150,2026-08-27 12:52:22.191210,489.651302,0.000000,,8,,,,keyboard,digit#5 off,"{""value"":8,""note"":""digit#5 off"",""pd_used"":0}",1,0.016666,60.003127,1
Sergio_G01_CNS-LLF5RV3D8,cpeeg02,ses05,20260827_124329,2026-08-27 12:44:12.498225,NaN,5,probe,POSTDIG_FIX5_ON,155,2026-08-27 12:52:22.191949,489.651302,3.457739,,,,,,keyboard,after digit#5,"{""note"":""after digit#5""}",1,0.016666,60.003127,1
Sergio_G01_CNS-LLF5RV3D8,cpeeg02,ses05,20260827_124329,2026-08-27 12:44:12.498225,NaN,5,probe,POSTDIG_FIX5_OFF,160,2026-08-27 12:52:25.649189,493.109041,0.043976,,,,,,keyboard,after digit#5,"{""note"":""after digit#5"",""pd_used"":0}",1,0.016666,60.003127,1
Sergio_G01_CNS-LLF5RV3D8,cpeeg02,ses05,20260827_124329,2026-08-27 12:44:12.498225,NaN,5,probe,PROBE_DONE,73,2026-08-27 12:52:25.651156,493.153017,0.000708,,,,,,keyboard,probe complete,"{""value"":"""",""note"":""probe complete""}",1,0.016666,60.003127,1
Sergio_G01_CNS-LLF5RV3D8,cpeeg02,ses05,20260827_124329,2026-08-27 12:44:12.498225,NaN,5,probe,TRIAL_END,21,2026-08-27 12:52:25.651718,493.153725,0.105255,,,,,,keyboard,,{},1,0.016666,60.003127,1
Sergio_G01_CNS-LLF5RV3D8,cpeeg02,ses05,20260827_124329,2026-08-27 12:44:12.498225,NaN,6,probe,TRIAL_CHANGE,22,2026-08-27 12:52:25.757211,493.258980,0.001066,,,,,,keyboard,trial transition,"{""note"":""trial transition""}",1,0.016666,60.003127,1
Sergio_G01_CNS-LLF5RV3D8,cpeeg02,ses05,20260827_124329,2026-08-27 12:44:12.498225,NaN,6,probe,TRIAL_START,20,2026-08-27 12:52:25.758396,493.260046,0.043805,,,,,,keyboard,,{},1,0.016666,60.003127,1
Sergio_G01_CNS-LLF5RV3D8,cpeeg02,ses05,20260827_124329,2026-08-27 12:44:12.498225,NaN,6,fix1,FIX1_ON,30,2026-08-27 12:52:25.852094,493.303851,3.225705,,,,,,keyboard,,"{""pd_used"":0}",1,0.016666,60.003127,1
Sergio_G01_CNS-LLF5RV3D8,cpeeg02,ses05,20260827_124329,2026-08-27 12:44:12.498225,NaN,6,fix1,FIX1_OFF,31,2026-08-27 12:52:29.069567,496.529556,0.044111,,,,,,keyboard,,"{""pd_used"":0}",1,0.016666,60.003127,1
Sergio_G01_CNS-LLF5RV3D8,cpeeg02,ses05,20260827_124329,2026-08-27 12:44:12.498225,NaN,6,digit,DIGIT1_ON,141,2026-08-27 12:52:29.120978,496.573667,0.551251,,5,,,,keyboard,digit#1 shown,"{""value"":5,""note"":""digit#1 shown"",""pd_used"":1}",1,0.016666,60.003127,1
Sergio_G01_CNS-LLF5RV3D8,cpeeg02,ses05,20260827_124329,2026-08-27 12:44:12.498225,NaN,6,digit,DIGIT1_OFF,146,2026-08-27 12:52:29.665134,497.124918,0.000000,,5,,,,keyboard,digit#1 off,"{""value"":5,""note"":""digit#1 off"",""pd_used"":0}",1,0.016666,60.003127,1
Sergio_G01_CNS-LLF5RV3D8,cpeeg02,ses05,20260827_124329,2026-08-27 12:44:12.498225,NaN,6,digit,POSTDIG_FIX1_ON,151,2026-08-27 12:52:29.665917,497.124918,1.641978,,,,,,keyboard,after digit#1,"{""note"":""after digit#1""}",1,0.016666,60.003127,1
Sergio_G01_CNS-LLF5RV3D8,cpeeg02,ses05,20260827_124329,2026-08-27 12:44:12.498225,NaN,6,digit,POSTDIG_FIX1_OFF,156,2026-08-27 12:52:31.306909,498.766897,0.044027,,,,,,keyboard,after digit#1,"{""note"":""after digit#1"",""pd_used"":0}",1,0.016666,60.003127,1
Sergio_G01_CNS-LLF5RV3D8,cpeeg02,ses05,20260827_124329,2026-08-27 12:44:12.498225,NaN,6,digit,DIGIT2_ON,142,2026-08-27 12:52:31.358278,498.810924,0.551691,,3,,,,keyboard,digit#2 shown,"{""value"":3,""note"":""digit#2 shown"",""pd_used"":1}",1,0.016666,60.003127,1
Sergio_G01_CNS-LLF5RV3D8,cpeeg02,ses05,20260827_124329,2026-08-27 12:44:12.498225,NaN,6,digit,DIGIT2_OFF,147,2026-08-27 12:52:31.902707,499.362615,0.000000,,3,,,,keyboard,digit#2 off,"{""value"":3,""note"":""digit#2 off"",""pd_used"":0}",1,0.016666,60.003127,1
Sergio_G01_CNS-LLF5RV3D8,cpeeg02,ses05,20260827_124329,2026-08-27 12:44:12.498225,NaN,6,digit,POSTDIG_FIX2_ON,152,2026-08-27 12:52:31.903468,499.362615,1.807440,,,,,,keyboard,after digit#2,"{""note"":""after digit#2""}",1,0.016666,60.003127,1
Sergio_G01_CNS-LLF5RV3D8,cpeeg02,ses05,20260827_124329,2026-08-27 12:44:12.498225,NaN,6,digit,POSTDIG_FIX2_OFF,157,2026-08-27 12:52:33.710031,501.170054,0.044029,,,,,,keyboard,after digit#2,"{""note"":""after digit#2"",""pd_used"":0}",1,0.016666,60.003127,1
Sergio_G01_CNS-LLF5RV3D8,cpeeg02,ses05,20260827_124329,2026-08-27 12:44:12.498225,NaN,6,digit,DIGIT3_ON,143,2026-08-27 12:52:33.761670,501.214084,0.551799,,4,,,,keyboard,digit#3 shown,"{""value"":4,""note"":""digit#3 shown"",""pd_used"":1}",1,0.016666,60.003127,1
Sergio_G01_CNS-LLF5RV3D8,cpeeg02,ses05,20260827_124329,2026-08-27 12:44:12.498225,NaN,6,digit,DIGIT3_OFF,148,2026-08-27 12:52:34.306068,501.765883,0.000000,,4,,,,keyboard,digit#3 off,"{""value"":4,""note"":""digit#3 off"",""pd_used"":0}",1,0.016666,60.003127,1
Sergio_G01_CNS-LLF5RV3D8,cpeeg02,ses05,20260827_124329,2026-08-27 12:44:12.498225,NaN,6,digit,POSTDIG_FIX3_ON,153,2026-08-27 12:52:34.306829,501.765883,1.702992,,,,,,keyboard,after digit#3,"{""note"":""after digit#3""}",1,0.016666,60.003127,1
Sergio_G01_CNS-LLF5RV3D8,cpeeg02,ses05,20260827_124329,2026-08-27 12:44:12.498225,NaN,6,digit,POSTDIG_FIX3_OFF,158,2026-08-27 12:52:36.008914,503.468875,0.044074,,,,,,keyboard,after digit#3,"{""note"":""after digit#3"",""pd_used"":0}",1,0.016666,60.003127,1
Sergio_G01_CNS-LLF5RV3D8,cpeeg02,ses05,20260827_124329,2026-08-27 12:44:12.498225,NaN,6,digit,DIGIT4_ON,144,2026-08-27 12:52:36.060160,503.512949,0.551355,,0,,,,keyboard,digit#4 shown,"{""value"":0,""note"":""digit#4 shown"",""pd_used"":1}",1,0.016666,60.003127,1
Sergio_G01_CNS-LLF5RV3D8,cpeeg02,ses05,20260827_124329,2026-08-27 12:44:12.498225,NaN,6,digit,DIGIT4_OFF,149,2026-08-27 12:52:36.604201,504.064303,0.000000,,0,,,,keyboard,digit#4 off,"{""value"":0,""note"":""digit#4 off"",""pd_used"":0}",1,0.016666,60.003127,1
Sergio_G01_CNS-LLF5RV3D8,cpeeg02,ses05,20260827_124329,2026-08-27 12:44:12.498225,NaN,6,digit,POSTDIG_FIX4_ON,154,2026-08-27 12:52:36.604928,504.064303,1.830584,,,,,,keyboard,after digit#4,"{""note"":""after digit#4""}",1,0.016666,60.003127,1
Sergio_G01_CNS-LLF5RV3D8,cpeeg02,ses05,20260827_124329,2026-08-27 12:44:12.498225,NaN,6,digit,POSTDIG_FIX4_OFF,159,2026-08-27 12:52:38.434983,505.894888,0.044228,,,,,,keyboard,after digit#4,"{""note"":""after digit#4"",""pd_used"":0}",1,0.016666,60.003127,1
Sergio_G01_CNS-LLF5RV3D8,cpeeg02,ses05,20260827_124329,2026-08-27 12:44:12.498225,NaN,6,digit,DIGIT5_ON,145,2026-08-27 12:52:38.486240,505.939116,0.551098,,8,,,,keyboard,digit#5 shown,"{""value"":8,""note"":""digit#5 shown"",""pd_used"":1}",1,0.016666,60.003127,1
Sergio_G01_CNS-LLF5RV3D8,cpeeg02,ses05,20260827_124329,2026-08-27 12:44:12.498225,NaN,6,digit,DIGIT5_OFF,150,2026-08-27 12:52:39.030226,506.490214,0.000000,,8,,,,keyboard,digit#5 off,"{""value"":8,""note"":""digit#5 off"",""pd_used"":0}",1,0.016666,60.003127,1
Sergio_G01_CNS-LLF5RV3D8,cpeeg02,ses05,20260827_124329,2026-08-27 12:44:12.498225,NaN,6,digit,POSTDIG_FIX5_ON,155,2026-08-27 12:52:39.031001,506.490214,3.275261,,,,,,keyboard,after digit#5,"{""note"":""after digit#5""}",1,0.016666,60.003127,1
Sergio_G01_CNS-LLF5RV3D8,cpeeg02,ses05,20260827_124329,2026-08-27 12:44:12.498225,NaN,6,digit,POSTDIG_FIX5_OFF,160,2026-08-27 12:52:42.305631,509.765476,0.044183,,,,,,keyboard,after digit#5,"{""note"":""after digit#5"",""pd_used"":0}",1,0.016666,60.003127,1
Sergio_G01_CNS-LLF5RV3D8,cpeeg02,ses05,20260827_124329,2026-08-27 12:44:12.498225,NaN,6,distractor,DISTRACTOR_ON,50,2026-08-27 12:52:42.356979,509.809658,4.712335,,1+4=5,,,,keyboard,,"{""value"":""1+4=5"",""isCorrectTruth"":true,""trueSum"":5,""pd_used"":1}",1,0.016666,60.003127,1
Sergio_G01_CNS-LLF5RV3D8,cpeeg02,ses05,20260827_124329,2026-08-27 12:44:12.498225,NaN,6,distractor,DISTRACTOR_ANS,51,2026-08-27 12:52:47.514715,514.521994,0.000000,4.712335,1+4=5,F,0,,keyboard,key= (False),"{""value"":""1+4=5"",""entered"":""F"",""rt"":4.7123354999348521,""correct"":0,""note"":""key= (False)"",""truth"":true,""trueSum"":5,""shownSum"":5,""a"":1,""b"":4}",1,0.016666,60.003127,1
Sergio_G01_CNS-LLF5RV3D8,cpeeg02,ses05,20260827_124329,2026-08-27 12:44:12.498225,NaN,6,distractor,ANS_WRONG,200,2026-08-27 12:52:47.557152,514.521994,0.538674,,,,,,keyboard,,{},1,0.016666,60.003127,1
Sergio_G01_CNS-LLF5RV3D8,cpeeg02,ses05,20260827_124329,2026-08-27 12:44:12.498225,NaN,6,distractor,DISTRACTOR_OFF,52,2026-08-27 12:52:47.608641,515.060668,0.000000,,,,,,keyboard,,"{""pd_used"":0}",1,0.016666,60.003127,1
Sergio_G01_CNS-LLF5RV3D8,cpeeg02,ses05,20260827_124329,2026-08-27 12:44:12.498225,NaN,6,distractor,FIX2_ON,60,2026-08-27 12:52:47.609304,515.060668,3.239860,,,,,,keyboard,immediate after response,"{""note"":""immediate after response""}",1,0.016666,60.003127,1
Sergio_G01_CNS-LLF5RV3D8,cpeeg02,ses05,20260827_124329,2026-08-27 12:44:12.498225,NaN,6,fix2,FIX2_OFF,61,2026-08-27 12:52:50.840774,518.300528,0.044325,,,,,,keyboard,,"{""pd_used"":0}",1,0.016666,60.003127,1
Sergio_G01_CNS-LLF5RV3D8,cpeeg02,ses05,20260827_124329,2026-08-27 12:44:12.498225,NaN,6,probe,DIGIT_RECALL_LINE_1,161,2026-08-27 12:52:50.892223,518.344852,3.290278,,1,,,,keyboard,first recall question,"{""value"":1,""note"":""first recall question"",""pd_used"":1}",1,0.016666,60.003127,1
Sergio_G01_CNS-LLF5RV3D8,cpeeg02,ses05,20260827_124329,2026-08-27 12:44:12.498225,NaN,6,probe,PROBE_DIGIT_OK_1,71,2026-08-27 12:52:54.826336,521.635130,0.797076,3.291602,slot#1,NaN,,,keyboard,probe_digit#1,"{""value"":""slot#1"",""entered"":null,""rt"":3.2916023000143468,""note"":""probe_digit#1""}",1,0.016666,60.003127,1
Sergio_G01_CNS-LLF5RV3D8,cpeeg02,ses05,20260827_124329,2026-08-27 12:44:12.498225,NaN,6,probe,DIGIT1_OFF,146,2026-08-27 12:52:54.972126,522.432206,0.000000,,8,,,,keyboard,digit#1 off,"{""value"":8,""note"":""digit#1 off"",""pd_used"":0}",1,0.016666,60.003127,1
Sergio_G01_CNS-LLF5RV3D8,cpeeg02,ses05,20260827_124329,2026-08-27 12:44:12.498225,NaN,6,probe,POSTDIG_FIX1_ON,151,2026-08-27 12:52:54.972865,522.432206,1.582465,,,,,,keyboard,after digit#1,"{""note"":""after digit#1""}",1,0.016666,60.003127,1
Sergio_G01_CNS-LLF5RV3D8,cpeeg02,ses05,20260827_124329,2026-08-27 12:44:12.498225,NaN,6,probe,POSTDIG_FIX1_OFF,156,2026-08-27 12:52:56.554726,524.014671,0.046641,,,,,,keyboard,after digit#1,"{""note"":""after digit#1"",""pd_used"":0}",1,0.016666,60.003127,1
Sergio_G01_CNS-LLF5RV3D8,cpeeg02,ses05,20260827_124329,2026-08-27 12:44:12.498225,NaN,6,probe,DIGIT_RECALL_LINE_2,162,2026-08-27 12:52:56.606199,524.061312,1.814869,,2,,,,keyboard,next recall question,"{""value"":2,""note"":""next recall question"",""pd_used"":1}",1,0.016666,60.003127,1
Sergio_G01_CNS-LLF5RV3D8,cpeeg02,ses05,20260827_124329,2026-08-27 12:44:12.498225,NaN,6,probe,PROBE_DIGIT_OK_2,71,2026-08-27 12:52:58.966876,525.876181,0.690641,7.532653,slot#2,NaN,,,keyboard,probe_digit#2,"{""value"":""slot#2"",""entered"":null,""rt"":7.5326531999744475,""note"":""probe_digit#2""}",1,0.016666,60.003127,1
Sergio_G01_CNS-LLF5RV3D8,cpeeg02,ses05,20260827_124329,2026-08-27 12:44:12.498225,NaN,6,probe,DIGIT2_OFF,147,2026-08-27 12:52:59.107109,526.566822,0.000000,,8,,,,keyboard,digit#2 off,"{""value"":8,""note"":""digit#2 off"",""pd_used"":0}",1,0.016666,60.003127,1
Sergio_G01_CNS-LLF5RV3D8,cpeeg02,ses05,20260827_124329,2026-08-27 12:44:12.498225,NaN,6,probe,POSTDIG_FIX2_ON,152,2026-08-27 12:52:59.107854,526.566822,1.674753,,,,,,keyboard,after digit#2,"{""note"":""after digit#2""}",1,0.016666,60.003127,1
Sergio_G01_CNS-LLF5RV3D8,cpeeg02,ses05,20260827_124329,2026-08-27 12:44:12.498225,NaN,6,probe,POSTDIG_FIX2_OFF,157,2026-08-27 12:53:00.781961,528.241575,0.046214,,,,,,keyboard,after digit#2,"{""note"":""after digit#2"",""pd_used"":0}",1,0.016666,60.003127,1
Sergio_G01_CNS-LLF5RV3D8,cpeeg02,ses05,20260827_124329,2026-08-27 12:44:12.498225,NaN,6,probe,DIGIT_RECALL_LINE_3,163,2026-08-27 12:53:00.833348,528.287789,4.047776,,3,,,,keyboard,next recall question,"{""value"":3,""note"":""next recall question"",""pd_used"":1}",1,0.016666,60.003127,1
Sergio_G01_CNS-LLF5RV3D8,cpeeg02,ses05,20260827_124329,2026-08-27 12:44:12.498225,NaN,6,probe,PROBE_DIGIT_OK_3,71,2026-08-27 12:53:05.279861,532.335564,0.554853,13.992037,slot#3,NaN,,,keyboard,probe_digit#3,"{""value"":""slot#3"",""entered"":null,""rt"":13.992036500014365,""note"":""probe_digit#3""}",1,0.016666,60.003127,1
Sergio_G01_CNS-LLF5RV3D8,cpeeg02,ses05,20260827_124329,2026-08-27 12:44:12.498225,NaN,6,probe,DIGIT3_OFF,148,2026-08-27 12:53:05.430258,532.890417,0.000000,,8,,,,keyboard,digit#3 off,"{""value"":8,""note"":""digit#3 off"",""pd_used"":0}",1,0.016666,60.003127,1
Sergio_G01_CNS-LLF5RV3D8,cpeeg02,ses05,20260827_124329,2026-08-27 12:44:12.498225,NaN,6,probe,POSTDIG_FIX3_ON,153,2026-08-27 12:53:05.431237,532.890417,1.549361,,,,,,keyboard,after digit#3,"{""note"":""after digit#3""}",1,0.016666,60.003127,1
Sergio_G01_CNS-LLF5RV3D8,cpeeg02,ses05,20260827_124329,2026-08-27 12:44:12.498225,NaN,6,probe,POSTDIG_FIX3_OFF,158,2026-08-27 12:53:06.979905,534.439777,0.050002,,,,,,keyboard,after digit#3,"{""note"":""after digit#3"",""pd_used"":0}",1,0.016666,60.003127,1
Sergio_G01_CNS-LLF5RV3D8,cpeeg02,ses05,20260827_124329,2026-08-27 12:44:12.498225,NaN,6,probe,DIGIT_RECALL_LINE_4,164,2026-08-27 12:53:07.031303,534.489779,3.466288,,4,,,,keyboard,next recall question,"{""value"":4,""note"":""next recall question"",""pd_used"":1}",1,0.016666,60.003127,1
Sergio_G01_CNS-LLF5RV3D8,cpeeg02,ses05,20260827_124329,2026-08-27 12:44:12.498225,NaN,6,probe,PROBE_DIGIT_OK_4,71,2026-08-27 12:53:10.990701,537.956067,0.633141,19.612540,slot#4,NaN,,,keyboard,probe_digit#4,"{""value"":""slot#4"",""entered"":null,""rt"":19.612539700232446,""note"":""probe_digit#4""}",1,0.016666,60.003127,1
Sergio_G01_CNS-LLF5RV3D8,cpeeg02,ses05,20260827_124329,2026-08-27 12:44:12.498225,NaN,6,probe,DIGIT4_OFF,149,2026-08-27 12:53:11.129096,538.589208,0.000000,,8,,,,keyboard,digit#4 off,"{""value"":8,""note"":""digit#4 off"",""pd_used"":0}",1,0.016666,60.003127,1
Sergio_G01_CNS-LLF5RV3D8,cpeeg02,ses05,20260827_124329,2026-08-27 12:44:12.498225,NaN,6,probe,POSTDIG_FIX4_ON,154,2026-08-27 12:53:11.129826,538.589208,1.715501,,,,,,keyboard,after digit#4,"{""note"":""after digit#4""}",1,0.016666,60.003127,1
Sergio_G01_CNS-LLF5RV3D8,cpeeg02,ses05,20260827_124329,2026-08-27 12:44:12.498225,NaN,6,probe,POSTDIG_FIX4_OFF,159,2026-08-27 12:53:12.844689,540.304709,0.046210,,,,,,keyboard,after digit#4,"{""note"":""after digit#4"",""pd_used"":0}",1,0.016666,60.003127,1
Sergio_G01_CNS-LLF5RV3D8,cpeeg02,ses05,20260827_124329,2026-08-27 12:44:12.498225,NaN,6,probe,DIGIT_RECALL_LINE_5,165,2026-08-27 12:53:12.896131,540.350919,5.563741,,5,,,,keyboard,next recall question,"{""value"":5,""note"":""next recall question"",""pd_used"":1}",1,0.016666,60.003127,1
Sergio_G01_CNS-LLF5RV3D8,cpeeg02,ses05,20260827_124329,2026-08-27 12:44:12.498225,NaN,6,probe,PROBE_DIGIT_OK_5,71,2026-08-27 12:53:18.813964,545.914660,0.519266,27.571133,slot#5,NaN,,,keyboard,probe_digit#5,"{""value"":""slot#5"",""entered"":null,""rt"":27.57113269995898,""note"":""probe_digit#5""}",1,0.016666,60.003127,1
Sergio_G01_CNS-LLF5RV3D8,cpeeg02,ses05,20260827_124329,2026-08-27 12:44:12.498225,NaN,6,probe,DIGIT5_OFF,150,2026-08-27 12:53:18.973869,546.433926,0.000000,,8,,,,keyboard,digit#5 off,"{""value"":8,""note"":""digit#5 off"",""pd_used"":0}",1,0.016666,60.003127,1
Sergio_G01_CNS-LLF5RV3D8,cpeeg02,ses05,20260827_124329,2026-08-27 12:44:12.498225,NaN,6,probe,POSTDIG_FIX5_ON,155,2026-08-27 12:53:18.974604,546.433926,3.430421,,,,,,keyboard,after digit#5,"{""note"":""after digit#5""}",1,0.016666,60.003127,1
Sergio_G01_CNS-LLF5RV3D8,cpeeg02,ses05,20260827_124329,2026-08-27 12:44:12.498225,NaN,6,probe,POSTDIG_FIX5_OFF,160,2026-08-27 12:53:22.404223,549.864347,0.043669,,,,,,keyboard,after digit#5,"{""note"":""after digit#5"",""pd_used"":0}",1,0.016666,60.003127,1
Sergio_G01_CNS-LLF5RV3D8,cpeeg02,ses05,20260827_124329,2026-08-27 12:44:12.498225,NaN,6,probe,PROBE_DONE,73,2026-08-27 12:53:22.406134,549.908015,0.000679,,,,,,keyboard,probe complete,"{""value"":"""",""note"":""probe complete""}",1,0.016666,60.003127,1
Sergio_G01_CNS-LLF5RV3D8,cpeeg02,ses05,20260827_124329,2026-08-27 12:44:12.498225,NaN,6,probe,TRIAL_END,21,2026-08-27 12:53:22.406692,549.908695,0.104046,,,,,,keyboard,,{},1,0.016666,60.003127,1
Sergio_G01_CNS-LLF5RV3D8,cpeeg02,ses05,20260827_124329,2026-08-27 12:44:12.498225,NaN,7,probe,TRIAL_CHANGE,22,2026-08-27 12:53:22.510972,550.012741,0.000992,,,,,,keyboard,trial transition,"{""note"":""trial transition""}",1,0.016666,60.003127,1
Sergio_G01_CNS-LLF5RV3D8,cpeeg02,ses05,20260827_124329,2026-08-27 12:44:12.498225,NaN,7,probe,TRIAL_START,20,2026-08-27 12:53:22.511983,550.013733,0.043496,,,,,,keyboard,,{},1,0.016666,60.003127,1
Sergio_G01_CNS-LLF5RV3D8,cpeeg02,ses05,20260827_124329,2026-08-27 12:44:12.498225,NaN,7,fix1,FIX1_ON,30,2026-08-27 12:53:22.605803,550.057230,3.278544,,,,,,keyboard,,"{""pd_used"":0}",1,0.016666,60.003127,1
Sergio_G01_CNS-LLF5RV3D8,cpeeg02,ses05,20260827_124329,2026-08-27 12:44:12.498225,NaN,7,fix1,FIX1_OFF,31,2026-08-27 12:53:25.875820,553.335774,0.044123,,,,,,keyboard,,"{""pd_used"":0}",1,0.016666,60.003127,1
Sergio_G01_CNS-LLF5RV3D8,cpeeg02,ses05,20260827_124329,2026-08-27 12:44:12.498225,NaN,7,digit,DIGIT1_ON,141,2026-08-27 12:53:25.927230,553.379897,0.551525,,1,,,,keyboard,digit#1 shown,"{""value"":1,""note"":""digit#1 shown"",""pd_used"":1}",1,0.016666,60.003127,1
Sergio_G01_CNS-LLF5RV3D8,cpeeg02,ses05,20260827_124329,2026-08-27 12:44:12.498225,NaN,7,digit,DIGIT1_OFF,146,2026-08-27 12:53:26.471350,553.931422,0.000000,,1,,,,keyboard,digit#1 off,"{""value"":1,""note"":""digit#1 off"",""pd_used"":0}",1,0.016666,60.003127,1
Sergio_G01_CNS-LLF5RV3D8,cpeeg02,ses05,20260827_124329,2026-08-27 12:44:12.498225,NaN,7,digit,POSTDIG_FIX1_ON,151,2026-08-27 12:53:26.472092,553.931422,1.548863,,,,,,keyboard,after digit#1,"{""note"":""after digit#1""}",1,0.016666,60.003127,1
Sergio_G01_CNS-LLF5RV3D8,cpeeg02,ses05,20260827_124329,2026-08-27 12:44:12.498225,NaN,7,digit,POSTDIG_FIX1_OFF,156,2026-08-27 12:53:28.020364,555.480285,0.044062,,,,,,keyboard,after digit#1,"{""note"":""after digit#1"",""pd_used"":0}",1,0.016666,60.003127,1
Sergio_G01_CNS-LLF5RV3D8,cpeeg02,ses05,20260827_124329,2026-08-27 12:44:12.498225,NaN,7,digit,DIGIT2_ON,142,2026-08-27 12:53:28.071770,555.524348,0.551691,,9,,,,keyboard,digit#2 shown,"{""value"":9,""note"":""digit#2 shown"",""pd_used"":1}",1,0.016666,60.003127,1
Sergio_G01_CNS-LLF5RV3D8,cpeeg02,ses05,20260827_124329,2026-08-27 12:44:12.498225,NaN,7,digit,DIGIT2_OFF,147,2026-08-27 12:53:28.615978,556.076039,0.000000,,9,,,,keyboard,digit#2 off,"{""value"":9,""note"":""digit#2 off"",""pd_used"":0}",1,0.016666,60.003127,1
Sergio_G01_CNS-LLF5RV3D8,cpeeg02,ses05,20260827_124329,2026-08-27 12:44:12.498225,NaN,7,digit,POSTDIG_FIX2_ON,152,2026-08-27 12:53:28.616762,556.076039,1.877014,,,,,,keyboard,after digit#2,"{""note"":""after digit#2""}",1,0.016666,60.003127,1
Sergio_G01_CNS-LLF5RV3D8,cpeeg02,ses05,20260827_124329,2026-08-27 12:44:12.498225,NaN,7,digit,POSTDIG_FIX2_OFF,157,2026-08-27 12:53:30.493199,557.953053,0.044171,,,,,,keyboard,after digit#2,"{""note"":""after digit#2"",""pd_used"":0}",1,0.016666,60.003127,1
Sergio_G01_CNS-LLF5RV3D8,cpeeg02,ses05,20260827_124329,2026-08-27 12:44:12.498225,NaN,7,digit,DIGIT3_ON,143,2026-08-27 12:53:30.544906,557.997224,0.551936,,2,,,,keyboard,digit#3 shown,"{""value"":2,""note"":""digit#3 shown"",""pd_used"":1}",1,0.016666,60.003127,1
Sergio_G01_CNS-LLF5RV3D8,cpeeg02,ses05,20260827_124329,2026-08-27 12:44:12.498225,NaN,7,digit,DIGIT3_OFF,148,2026-08-27 12:53:31.089241,558.549160,0.000000,,2,,,,keyboard,digit#3 off,"{""value"":2,""note"":""digit#3 off"",""pd_used"":0}",1,0.016666,60.003127,1
Sergio_G01_CNS-LLF5RV3D8,cpeeg02,ses05,20260827_124329,2026-08-27 12:44:12.498225,NaN,7,digit,POSTDIG_FIX3_ON,153,2026-08-27 12:53:31.089982,558.549160,1.674770,,,,,,keyboard,after digit#3,"{""note"":""after digit#3""}",1,0.016666,60.003127,1
Sergio_G01_CNS-LLF5RV3D8,cpeeg02,ses05,20260827_124329,2026-08-27 12:44:12.498225,NaN,7,digit,POSTDIG_FIX3_OFF,158,2026-08-27 12:53:32.763859,560.223930,0.044060,,,,,,keyboard,after digit#3,"{""note"":""after digit#3"",""pd_used"":0}",1,0.016666,60.003127,1
Sergio_G01_CNS-LLF5RV3D8,cpeeg02,ses05,20260827_124329,2026-08-27 12:44:12.498225,NaN,7,digit,DIGIT4_ON,144,2026-08-27 12:53:32.815434,560.267989,0.551552,,1,,,,keyboard,digit#4 shown,"{""value"":1,""note"":""digit#4 shown"",""pd_used"":1}",1,0.016666,60.003127,1
Sergio_G01_CNS-LLF5RV3D8,cpeeg02,ses05,20260827_124329,2026-08-27 12:44:12.498225,NaN,7,digit,DIGIT4_OFF,149,2026-08-27 12:53:33.359637,560.819541,0.000000,,1,,,,keyboard,digit#4 off,"{""value"":1,""note"":""digit#4 off"",""pd_used"":0}",1,0.016666,60.003127,1
Sergio_G01_CNS-LLF5RV3D8,cpeeg02,ses05,20260827_124329,2026-08-27 12:44:12.498225,NaN,7,digit,POSTDIG_FIX4_ON,154,2026-08-27 12:53:33.360396,560.819541,1.670395,,,,,,keyboard,after digit#4,"{""note"":""after digit#4""}",1,0.016666,60.003127,1
Sergio_G01_CNS-LLF5RV3D8,cpeeg02,ses05,20260827_124329,2026-08-27 12:44:12.498225,NaN,7,digit,POSTDIG_FIX4_OFF,159,2026-08-27 12:53:35.029899,562.489937,0.044090,,,,,,keyboard,after digit#4,"{""note"":""after digit#4"",""pd_used"":0}",1,0.016666,60.003127,1
Sergio_G01_CNS-LLF5RV3D8,cpeeg02,ses05,20260827_124329,2026-08-27 12:44:12.498225,NaN,7,digit,DIGIT5_ON,145,2026-08-27 12:53:35.081560,562.534027,0.551542,,6,,,,keyboard,digit#5 shown,"{""value"":6,""note"":""digit#5 shown"",""pd_used"":1}",1,0.016666,60.003127,1
Sergio_G01_CNS-LLF5RV3D8,cpeeg02,ses05,20260827_124329,2026-08-27 12:44:12.498225,NaN,7,digit,DIGIT5_OFF,150,2026-08-27 12:53:35.625526,563.085569,0.000000,,6,,,,keyboard,digit#5 off,"{""value"":6,""note"":""digit#5 off"",""pd_used"":0}",1,0.016666,60.003127,1
Sergio_G01_CNS-LLF5RV3D8,cpeeg02,ses05,20260827_124329,2026-08-27 12:44:12.498225,NaN,7,digit,POSTDIG_FIX5_ON,155,2026-08-27 12:53:35.626267,563.085569,3.086167,,,,,,keyboard,after digit#5,"{""note"":""after digit#5""}",1,0.016666,60.003127,1
Sergio_G01_CNS-LLF5RV3D8,cpeeg02,ses05,20260827_124329,2026-08-27 12:44:12.498225,NaN,7,digit,POSTDIG_FIX5_OFF,160,2026-08-27 12:53:38.711785,566.171736,0.044160,,,,,,keyboard,after digit#5,"{""note"":""after digit#5"",""pd_used"":0}",1,0.016666,60.003127,1
Sergio_G01_CNS-LLF5RV3D8,cpeeg02,ses05,20260827_124329,2026-08-27 12:44:12.498225,NaN,7,distractor,DISTRACTOR_ON,50,2026-08-27 12:53:38.763171,566.215896,3.510204,,4+4=8,,,,keyboard,,"{""value"":""4+4=8"",""isCorrectTruth"":true,""trueSum"":8,""pd_used"":1}",1,0.016666,60.003127,1
Sergio_G01_CNS-LLF5RV3D8,cpeeg02,ses05,20260827_124329,2026-08-27 12:44:12.498225,NaN,7,distractor,DISTRACTOR_ANS,51,2026-08-27 12:53:42.677938,569.726100,0.000000,3.510204,4+4=8,F,0,,keyboard,key= (False),"{""value"":""4+4=8"",""entered"":""F"",""rt"":3.5102038001641631,""correct"":0,""note"":""key= (False)"",""truth"":true,""trueSum"":8,""shownSum"":8,""a"":4,""b"":4}",1,0.016666,60.003127,1
Sergio_G01_CNS-LLF5RV3D8,cpeeg02,ses05,20260827_124329,2026-08-27 12:44:12.498225,NaN,7,distractor,ANS_WRONG,200,2026-08-27 12:53:42.720546,569.726100,0.498386,,,,,,keyboard,,{},1,0.016666,60.003127,1
Sergio_G01_CNS-LLF5RV3D8,cpeeg02,ses05,20260827_124329,2026-08-27 12:44:12.498225,NaN,7,distractor,DISTRACTOR_OFF,52,2026-08-27 12:53:42.772273,570.224486,0.000000,,,,,,keyboard,,"{""pd_used"":0}",1,0.016666,60.003127,1
Sergio_G01_CNS-LLF5RV3D8,cpeeg02,ses05,20260827_124329,2026-08-27 12:44:12.498225,NaN,7,distractor,FIX2_ON,60,2026-08-27 12:53:42.773004,570.224486,3.295725,,,,,,keyboard,immediate after response,"{""note"":""immediate after response""}",1,0.016666,60.003127,1
Sergio_G01_CNS-LLF5RV3D8,cpeeg02,ses05,20260827_124329,2026-08-27 12:44:12.498225,NaN,7,fix2,FIX2_OFF,61,2026-08-27 12:53:46.060340,573.520210,0.044223,,,,,,keyboard,,"{""pd_used"":0}",1,0.016666,60.003127,1
Sergio_G01_CNS-LLF5RV3D8,cpeeg02,ses05,20260827_124329,2026-08-27 12:44:12.498225,NaN,7,probe,DIGIT_RECALL_LINE_1,161,2026-08-27 12:53:46.111873,573.564434,2.207397,,1,,,,keyboard,first recall question,"{""value"":1,""note"":""first recall question"",""pd_used"":1}",1,0.016666,60.003127,1
Sergio_G01_CNS-LLF5RV3D8,cpeeg02,ses05,20260827_124329,2026-08-27 12:44:12.498225,NaN,7,probe,PROBE_DIGIT_OK_1,71,2026-08-27 12:53:48.715142,575.771830,0.541554,2.208664,slot#1,NaN,,,keyboard,probe_digit#1,"{""value"":""slot#1"",""entered"":null,""rt"":2.2086644996888936,""note"":""probe_digit#1""}",1,0.016666,60.003127,1
Sergio_G01_CNS-LLF5RV3D8,cpeeg02,ses05,20260827_124329,2026-08-27 12:44:12.498225,NaN,7,probe,DIGIT1_OFF,146,2026-08-27 12:53:48.853245,576.313385,0.000000,,6,,,,keyboard,digit#1 off,"{""value"":6,""note"":""digit#1 off"",""pd_used"":0}",1,0.016666,60.003127,1
Sergio_G01_CNS-LLF5RV3D8,cpeeg02,ses05,20260827_124329,2026-08-27 12:44:12.498225,NaN,7,probe,POSTDIG_FIX1_ON,151,2026-08-27 12:53:48.853984,576.313385,1.813362,,,,,,keyboard,after digit#1,"{""note"":""after digit#1""}",1,0.016666,60.003127,1
Sergio_G01_CNS-LLF5RV3D8,cpeeg02,ses05,20260827_124329,2026-08-27 12:44:12.498225,NaN,7,probe,POSTDIG_FIX1_OFF,156,2026-08-27 12:53:50.666699,578.126747,0.046122,,,,,,keyboard,after digit#1,"{""note"":""after digit#1"",""pd_used"":0}",1,0.016666,60.003127,1
Sergio_G01_CNS-LLF5RV3D8,cpeeg02,ses05,20260827_124329,2026-08-27 12:44:12.498225,NaN,7,probe,DIGIT_RECALL_LINE_2,162,2026-08-27 12:53:50.718192,578.172869,1.062234,,2,,,,keyboard,next recall question,"{""value"":2,""note"":""next recall question"",""pd_used"":1}",1,0.016666,60.003127,1
Sergio_G01_CNS-LLF5RV3D8,cpeeg02,ses05,20260827_124329,2026-08-27 12:44:12.498225,NaN,7,probe,PROBE_DIGIT_OK_2,71,2026-08-27 12:53:52.173560,579.235103,0.548084,5.671937,slot#2,NaN,,,keyboard,probe_digit#2,"{""value"":""slot#2"",""entered"":null,""rt"":5.6719371001236141,""note"":""probe_digit#2""}",1,0.016666,60.003127,1
Sergio_G01_CNS-LLF5RV3D8,cpeeg02,ses05,20260827_124329,2026-08-27 12:44:12.498225,NaN,7,probe,DIGIT2_OFF,147,2026-08-27 12:53:52.323309,579.783187,0.000000,,6,,,,keyboard,digit#2 off,"{""value"":6,""note"":""digit#2 off"",""pd_used"":0}",1,0.016666,60.003127,1
Sergio_G01_CNS-LLF5RV3D8,cpeeg02,ses05,20260827_124329,2026-08-27 12:44:12.498225,NaN,7,probe,POSTDIG_FIX2_ON,152,2026-08-27 12:53:52.324059,579.783187,1.774021,,,,,,keyboard,after digit#2,"{""note"":""after digit#2""}",1,0.016666,60.003127,1
Sergio_G01_CNS-LLF5RV3D8,cpeeg02,ses05,20260827_124329,2026-08-27 12:44:12.498225,NaN,7,probe,POSTDIG_FIX2_OFF,157,2026-08-27 12:53:54.097478,581.557208,0.046492,,,,,,keyboard,after digit#2,"{""note"":""after digit#2"",""pd_used"":0}",1,0.016666,60.003127,1
Sergio_G01_CNS-LLF5RV3D8,cpeeg02,ses05,20260827_124329,2026-08-27 12:44:12.498225,NaN,7,probe,DIGIT_RECALL_LINE_3,163,2026-08-27 12:53:54.148939,581.603700,1.435994,,3,,,,keyboard,next recall question,"{""value"":3,""note"":""next recall question"",""pd_used"":1}",1,0.016666,60.003127,1
Sergio_G01_CNS-LLF5RV3D8,cpeeg02,ses05,20260827_124329,2026-08-27 12:44:12.498225,NaN,7,probe,PROBE_DIGIT_OK_3,71,2026-08-27 12:53:55.893898,583.039694,0.460625,9.476528,slot#3,NaN,,,keyboard,probe_digit#3,"{""value"":""slot#3"",""entered"":null,""rt"":9.4765276997350156,""note"":""probe_digit#3""}",1,0.016666,60.003127,1
Sergio_G01_CNS-LLF5RV3D8,cpeeg02,ses05,20260827_124329,2026-08-27 12:44:12.498225,NaN,7,probe,DIGIT3_OFF,148,2026-08-27 12:53:56.040568,583.500318,0.000000,,6,,,,keyboard,digit#3 off,"{""value"":6,""note"":""digit#3 off"",""pd_used"":0}",1,0.016666,60.003127,1
Sergio_G01_CNS-LLF5RV3D8,cpeeg02,ses05,20260827_124329,2026-08-27 12:44:12.498225,NaN,7,probe,POSTDIG_FIX3_ON,153,2026-08-27 12:53:56.041375,583.500318,1.579020,,,,,,keyboard,after digit#3,"{""note"":""after digit#3""}",1,0.016666,60.003127,1
Sergio_G01_CNS-LLF5RV3D8,cpeeg02,ses05,20260827_124329,2026-08-27 12:44:12.498225,NaN,7,probe,POSTDIG_FIX3_OFF,158,2026-08-27 12:53:57.619581,585.079339,0.046419,,,,,,keyboard,after digit#3,"{""note"":""after digit#3"",""pd_used"":0}",1,0.016666,60.003127,1
Sergio_G01_CNS-LLF5RV3D8,cpeeg02,ses05,20260827_124329,2026-08-27 12:44:12.498225,NaN,7,probe,DIGIT_RECALL_LINE_4,164,2026-08-27 12:53:57.671186,585.125757,5.520489,,4,,,,keyboard,next recall question,"{""value"":4,""note"":""next recall question"",""pd_used"":1}",1,0.016666,60.003127,1
Sergio_G01_CNS-LLF5RV3D8,cpeeg02,ses05,20260827_124329,2026-08-27 12:44:12.498225,NaN,7,probe,PROBE_DIGIT_OK_4,71,2026-08-27 12:54:03.636277,590.646246,0.594687,17.083080,slot#4,NaN,,,keyboard,probe_digit#4,"{""value"":""slot#4"",""entered"":null,""rt"":17.08308030012995,""note"":""probe_digit#4""}",1,0.016666,60.003127,1
Sergio_G01_CNS-LLF5RV3D8,cpeeg02,ses05,20260827_124329,2026-08-27 12:44:12.498225,NaN,7,probe,DIGIT4_OFF,149,2026-08-27 12:54:03.780684,591.240933,0.000000,,6,,,,keyboard,digit#4 off,"{""value"":6,""note"":""digit#4 off"",""pd_used"":0}",1,0.016666,60.003127,1
Sergio_G01_CNS-LLF5RV3D8,cpeeg02,ses05,20260827_124329,2026-08-27 12:44:12.498225,NaN,7,probe,POSTDIG_FIX4_ON,154,2026-08-27 12:54:03.781505,591.240933,2.017468,,,,,,keyboard,after digit#4,"{""note"":""after digit#4""}",1,0.016666,60.003127,1
Sergio_G01_CNS-LLF5RV3D8,cpeeg02,ses05,20260827_124329,2026-08-27 12:44:12.498225,NaN,7,probe,POSTDIG_FIX4_OFF,159,2026-08-27 12:54:05.798629,593.258400,0.046111,,,,,,keyboard,after digit#4,"{""note"":""after digit#4"",""pd_used"":0}",1,0.016666,60.003127,1
Sergio_G01_CNS-LLF5RV3D8,cpeeg02,ses05,20260827_124329,2026-08-27 12:44:12.498225,NaN,7,probe,DIGIT_RECALL_LINE_5,165,2026-08-27 12:54:05.849942,593.304511,4.364419,,5,,,,keyboard,next recall question,"{""value"":5,""note"":""next recall question"",""pd_used"":1}",1,0.016666,60.003127,1
Sergio_G01_CNS-LLF5RV3D8,cpeeg02,ses05,20260827_124329,2026-08-27 12:44:12.498225,NaN,7,probe,PROBE_DIGIT_OK_5,71,2026-08-27 12:54:10.631620,597.668931,0.573652,24.105765,slot#5,NaN,,,keyboard,probe_digit#5,"{""value"":""slot#5"",""entered"":null,""rt"":24.105764700099826,""note"":""probe_digit#5""}",1,0.016666,60.003127,1
Sergio_G01_CNS-LLF5RV3D8,cpeeg02,ses05,20260827_124329,2026-08-27 12:44:12.498225,NaN,7,probe,DIGIT5_OFF,150,2026-08-27 12:54:10.782527,598.242583,0.000000,,6,,,,keyboard,digit#5 off,"{""value"":6,""note"":""digit#5 off"",""pd_used"":0}",1,0.016666,60.003127,1
Sergio_G01_CNS-LLF5RV3D8,cpeeg02,ses05,20260827_124329,2026-08-27 12:44:12.498225,NaN,7,probe,POSTDIG_FIX5_ON,155,2026-08-27 12:54:10.783256,598.242583,3.260488,,,,,,keyboard,after digit#5,"{""note"":""after digit#5""}",1,0.016666,60.003127,1
Sergio_G01_CNS-LLF5RV3D8,cpeeg02,ses05,20260827_124329,2026-08-27 12:44:12.498225,NaN,7,probe,POSTDIG_FIX5_OFF,160,2026-08-27 12:54:14.043031,601.503071,0.043607,,,,,,keyboard,after digit#5,"{""note"":""after digit#5"",""pd_used"":0}",1,0.016666,60.003127,1
Sergio_G01_CNS-LLF5RV3D8,cpeeg02,ses05,20260827_124329,2026-08-27 12:44:12.498225,NaN,7,probe,PROBE_DONE,73,2026-08-27 12:54:14.044795,601.546678,0.000683,,,,,,keyboard,probe complete,"{""value"":"""",""note"":""probe complete""}",1,0.016666,60.003127,1
Sergio_G01_CNS-LLF5RV3D8,cpeeg02,ses05,20260827_124329,2026-08-27 12:44:12.498225,NaN,7,probe,TRIAL_END,21,2026-08-27 12:54:14.045362,601.547361,0.101634,,,,,,keyboard,,{},1,0.016666,60.003127,1
Sergio_G01_CNS-LLF5RV3D8,cpeeg02,ses05,20260827_124329,2026-08-27 12:44:12.498225,NaN,8,probe,TRIAL_CHANGE,22,2026-08-27 12:54:14.147229,601.648996,0.000982,,,,,,keyboard,trial transition,"{""note"":""trial transition""}",1,0.016666,60.003127,1
Sergio_G01_CNS-LLF5RV3D8,cpeeg02,ses05,20260827_124329,2026-08-27 12:44:12.498225,NaN,8,probe,TRIAL_START,20,2026-08-27 12:54:14.148266,601.649978,0.043756,,,,,,keyboard,,{},1,0.016666,60.003127,1
Sergio_G01_CNS-LLF5RV3D8,cpeeg02,ses05,20260827_124329,2026-08-27 12:44:12.498225,NaN,8,fix1,FIX1_ON,30,2026-08-27 12:54:14.242273,601.693733,3.169478,,,,,,keyboard,,"{""pd_used"":0}",1,0.016666,60.003127,1
Sergio_G01_CNS-LLF5RV3D8,cpeeg02,ses05,20260827_124329,2026-08-27 12:44:12.498225,NaN,8,fix1,FIX1_OFF,31,2026-08-27 12:54:17.403619,604.863211,0.044540,,,,,,keyboard,,"{""pd_used"":0}",1,0.016666,60.003127,1
Sergio_G01_CNS-LLF5RV3D8,cpeeg02,ses05,20260827_124329,2026-08-27 12:44:12.498225,NaN,8,digit,DIGIT1_ON,141,2026-08-27 12:54:17.454857,604.907751,0.550979,,6,,,,keyboard,digit#1 shown,"{""value"":6,""note"":""digit#1 shown"",""pd_used"":1}",1,0.016666,60.003127,1
Sergio_G01_CNS-LLF5RV3D8,cpeeg02,ses05,20260827_124329,2026-08-27 12:44:12.498225,NaN,8,digit,DIGIT1_OFF,146,2026-08-27 12:54:17.998818,605.458729,0.000000,,6,,,,keyboard,digit#1 off,"{""value"":6,""note"":""digit#1 off"",""pd_used"":0}",1,0.016666,60.003127,1
Sergio_G01_CNS-LLF5RV3D8,cpeeg02,ses05,20260827_124329,2026-08-27 12:44:12.498225,NaN,8,digit,POSTDIG_FIX1_ON,151,2026-08-27 12:54:17.999593,605.458729,1.843873,,,,,,keyboard,after digit#1,"{""note"":""after digit#1""}",1,0.016666,60.003127,1
Sergio_G01_CNS-LLF5RV3D8,cpeeg02,ses05,20260827_124329,2026-08-27 12:44:12.498225,NaN,8,digit,POSTDIG_FIX1_OFF,156,2026-08-27 12:54:19.842774,607.302603,0.044230,,,,,,keyboard,after digit#1,"{""note"":""after digit#1"",""pd_used"":0}",1,0.016666,60.003127,1
Sergio_G01_CNS-LLF5RV3D8,cpeeg02,ses05,20260827_124329,2026-08-27 12:44:12.498225,NaN,8,digit,DIGIT2_ON,142,2026-08-27 12:54:19.894222,607.346833,0.551597,,3,,,,keyboard,digit#2 shown,"{""value"":3,""note"":""digit#2 shown"",""pd_used"":1}",1,0.016666,60.003127,1
Sergio_G01_CNS-LLF5RV3D8,cpeeg02,ses05,20260827_124329,2026-08-27 12:44:12.498225,NaN,8,digit,DIGIT2_OFF,147,2026-08-27 12:54:20.438461,607.898430,0.000000,,3,,,,keyboard,digit#2 off,"{""value"":3,""note"":""digit#2 off"",""pd_used"":0}",1,0.016666,60.003127,1
Sergio_G01_CNS-LLF5RV3D8,cpeeg02,ses05,20260827_124329,2026-08-27 12:44:12.498225,NaN,8,digit,POSTDIG_FIX2_ON,152,2026-08-27 12:54:20.439197,607.898430,1.575658,,,,,,keyboard,after digit#2,"{""note"":""after digit#2""}",1,0.016666,60.003127,1
Sergio_G01_CNS-LLF5RV3D8,cpeeg02,ses05,20260827_124329,2026-08-27 12:44:12.498225,NaN,8,digit,POSTDIG_FIX2_OFF,157,2026-08-27 12:54:22.014473,609.474088,0.044520,,,,,,keyboard,after digit#2,"{""note"":""after digit#2"",""pd_used"":0}",1,0.016666,60.003127,1
Sergio_G01_CNS-LLF5RV3D8,cpeeg02,ses05,20260827_124329,2026-08-27 12:44:12.498225,NaN,8,digit,DIGIT3_ON,143,2026-08-27 12:54:22.065787,609.518608,0.551184,,3,,,,keyboard,digit#3 shown,"{""value"":3,""note"":""digit#3 shown"",""pd_used"":1}",1,0.016666,60.003127,1
Sergio_G01_CNS-LLF5RV3D8,cpeeg02,ses05,20260827_124329,2026-08-27 12:44:12.498225,NaN,8,digit,DIGIT3_OFF,148,2026-08-27 12:54:22.609623,610.069792,0.000000,,3,,,,keyboard,digit#3 off,"{""value"":3,""note"":""digit#3 off"",""pd_used"":0}",1,0.016666,60.003127,1
Sergio_G01_CNS-LLF5RV3D8,cpeeg02,ses05,20260827_124329,2026-08-27 12:44:12.498225,NaN,8,digit,POSTDIG_FIX3_ON,153,2026-08-27 12:54:22.610370,610.069792,1.678490,,,,,,keyboard,after digit#3,"{""note"":""after digit#3""}",1,0.016666,60.003127,1
Sergio_G01_CNS-LLF5RV3D8,cpeeg02,ses05,20260827_124329,2026-08-27 12:44:12.498225,NaN,8,digit,POSTDIG_FIX3_OFF,158,2026-08-27 12:54:24.288287,611.748282,0.044132,,,,,,keyboard,after digit#3,"{""note"":""after digit#3"",""pd_used"":0}",1,0.016666,60.003127,1
Sergio_G01_CNS-LLF5RV3D8,cpeeg02,ses05,20260827_124329,2026-08-27 12:44:12.498225,NaN,8,digit,DIGIT4_ON,144,2026-08-27 12:54:24.339571,611.792414,0.551431,,4,,,,keyboard,digit#4 shown,"{""value"":4,""note"":""digit#4 shown"",""pd_used"":1}",1,0.016666,60.003127,1
Sergio_G01_CNS-LLF5RV3D8,cpeeg02,ses05,20260827_124329,2026-08-27 12:44:12.498225,NaN,8,digit,DIGIT4_OFF,149,2026-08-27 12:54:24.883887,612.343845,0.000000,,4,,,,keyboard,digit#4 off,"{""value"":4,""note"":""digit#4 off"",""pd_used"":0}",1,0.016666,60.003127,1
Sergio_G01_CNS-LLF5RV3D8,cpeeg02,ses05,20260827_124329,2026-08-27 12:44:12.498225,NaN,8,digit,POSTDIG_FIX4_ON,154,2026-08-27 12:54:24.884629,612.343845,1.797455,,,,,,keyboard,after digit#4,"{""note"":""after digit#4""}",1,0.016666,60.003127,1
Sergio_G01_CNS-LLF5RV3D8,cpeeg02,ses05,20260827_124329,2026-08-27 12:44:12.498225,NaN,8,digit,POSTDIG_FIX4_OFF,159,2026-08-27 12:54:26.681326,614.141300,0.044242,,,,,,keyboard,after digit#4,"{""note"":""after digit#4"",""pd_used"":0}",1,0.016666,60.003127,1
Sergio_G01_CNS-LLF5RV3D8,cpeeg02,ses05,20260827_124329,2026-08-27 12:44:12.498225,NaN,8,digit,DIGIT5_ON,145,2026-08-27 12:54:26.732804,614.185542,0.551275,,5,,,,keyboard,digit#5 shown,"{""value"":5,""note"":""digit#5 shown"",""pd_used"":1}",1,0.016666,60.003127,1
Sergio_G01_CNS-LLF5RV3D8,cpeeg02,ses05,20260827_124329,2026-08-27 12:44:12.498225,NaN,8,digit,DIGIT5_OFF,150,2026-08-27 12:54:27.276732,614.736817,0.000000,,5,,,,keyboard,digit#5 off,"{""value"":5,""note"":""digit#5 off"",""pd_used"":0}",1,0.016666,60.003127,1
Sergio_G01_CNS-LLF5RV3D8,cpeeg02,ses05,20260827_124329,2026-08-27 12:44:12.498225,NaN,8,digit,POSTDIG_FIX5_ON,155,2026-08-27 12:54:27.277501,614.736817,3.356201,,,,,,keyboard,after digit#5,"{""note"":""after digit#5""}",1,0.016666,60.003127,1
Sergio_G01_CNS-LLF5RV3D8,cpeeg02,ses05,20260827_124329,2026-08-27 12:44:12.498225,NaN,8,digit,POSTDIG_FIX5_OFF,160,2026-08-27 12:54:30.632943,618.093018,0.044094,,,,,,keyboard,after digit#5,"{""note"":""after digit#5"",""pd_used"":0}",1,0.016666,60.003127,1
Sergio_G01_CNS-LLF5RV3D8,cpeeg02,ses05,20260827_124329,2026-08-27 12:44:12.498225,NaN,8,distractor,DISTRACTOR_ON,50,2026-08-27 12:54:30.684392,618.137112,2.535061,,1+4=6,,,,keyboard,,"{""value"":""1+4=6"",""isCorrectTruth"":false,""trueSum"":5,""pd_used"":1}",1,0.016666,60.003127,1
Sergio_G01_CNS-LLF5RV3D8,cpeeg02,ses05,20260827_124329,2026-08-27 12:44:12.498225,NaN,8,distractor,DISTRACTOR_ANS,51,2026-08-27 12:54:33.545622,620.672173,0.000000,2.535061,1+4=6,F,1,,keyboard,key= (False),"{""value"":""1+4=6"",""entered"":""F"",""rt"":2.5350608001463115,""correct"":1,""note"":""key= (False)"",""truth"":false,""trueSum"":5,""shownSum"":6,""a"":1,""b"":4}",1,0.016666,60.003127,1
Sergio_G01_CNS-LLF5RV3D8,cpeeg02,ses05,20260827_124329,2026-08-27 12:44:12.498225,NaN,8,distractor,ANS_CORRECT,100,2026-08-27 12:54:33.588157,620.672173,0.419958,,,,,,keyboard,,{},1,0.016666,60.003127,1
Sergio_G01_CNS-LLF5RV3D8,cpeeg02,ses05,20260827_124329,2026-08-27 12:44:12.498225,NaN,8,distractor,DISTRACTOR_OFF,52,2026-08-27 12:54:33.639431,621.092132,0.000000,,,,,,keyboard,,"{""pd_used"":0}",1,0.016666,60.003127,1
Sergio_G01_CNS-LLF5RV3D8,cpeeg02,ses05,20260827_124329,2026-08-27 12:44:12.498225,NaN,8,distractor,FIX2_ON,60,2026-08-27 12:54:33.640097,621.092132,3.334005,,,,,,keyboard,immediate after response,"{""note"":""immediate after response""}",1,0.016666,60.003127,1
Sergio_G01_CNS-LLF5RV3D8,cpeeg02,ses05,20260827_124329,2026-08-27 12:44:12.498225,NaN,8,fix2,FIX2_OFF,61,2026-08-27 12:54:36.966189,624.426136,0.043966,,,,,,keyboard,,"{""pd_used"":0}",1,0.016666,60.003127,1
Sergio_G01_CNS-LLF5RV3D8,cpeeg02,ses05,20260827_124329,2026-08-27 12:44:12.498225,NaN,8,probe,DIGIT_RECALL_LINE_1,161,2026-08-27 12:54:37.017483,624.470102,4.510495,,1,,,,keyboard,first recall question,"{""value"":1,""note"":""first recall question"",""pd_used"":1}",1,0.016666,60.003127,1
Sergio_G01_CNS-LLF5RV3D8,cpeeg02,ses05,20260827_124329,2026-08-27 12:44:12.498225,NaN,8,probe,PROBE_DIGIT_OK_1,71,2026-08-27 12:54:42.052396,628.980597,0.673363,4.511678,slot#1,NaN,,,keyboard,probe_digit#1,"{""value"":""slot#1"",""entered"":null,""rt"":4.5116778998635709,""note"":""probe_digit#1""}",1,0.016666,60.003127,1
Sergio_G01_CNS-LLF5RV3D8,cpeeg02,ses05,20260827_124329,2026-08-27 12:44:12.498225,NaN,8,probe,DIGIT1_OFF,146,2026-08-27 12:54:42.193733,629.653960,0.000000,,5,,,,keyboard,digit#1 off,"{""value"":5,""note"":""digit#1 off"",""pd_used"":0}",1,0.016666,60.003127,1
Sergio_G01_CNS-LLF5RV3D8,cpeeg02,ses05,20260827_124329,2026-08-27 12:44:12.498225,NaN,8,probe,POSTDIG_FIX1_ON,151,2026-08-27 12:54:42.194454,629.653960,1.950811,,,,,,keyboard,after digit#1,"{""note"":""after digit#1""}",1,0.016666,60.003127,1
Sergio_G01_CNS-LLF5RV3D8,cpeeg02,ses05,20260827_124329,2026-08-27 12:44:12.498225,NaN,8,probe,POSTDIG_FIX1_OFF,156,2026-08-27 12:54:44.144711,631.604772,0.045968,,,,,,keyboard,after digit#1,"{""note"":""after digit#1"",""pd_used"":0}",1,0.016666,60.003127,1
Sergio_G01_CNS-LLF5RV3D8,cpeeg02,ses05,20260827_124329,2026-08-27 12:44:12.498225,NaN,8,probe,DIGIT_RECALL_LINE_2,162,2026-08-27 12:54:44.196101,631.650739,0.993769,,2,,,,keyboard,next recall question,"{""value"":2,""note"":""next recall question"",""pd_used"":1}",1,0.016666,60.003127,1
Sergio_G01_CNS-LLF5RV3D8,cpeeg02,ses05,20260827_124329,2026-08-27 12:44:12.498225,NaN,8,probe,PROBE_DIGIT_OK_2,71,2026-08-27 12:54:45.484870,632.644508,0.449583,8.175589,slot#2,NaN,,,keyboard,probe_digit#2,"{""value"":""slot#2"",""entered"":null,""rt"":8.1755888001061976,""note"":""probe_digit#2""}",1,0.016666,60.003127,1
Sergio_G01_CNS-LLF5RV3D8,cpeeg02,ses05,20260827_124329,2026-08-27 12:44:12.498225,NaN,8,probe,DIGIT2_OFF,147,2026-08-27 12:54:45.634081,633.094091,0.000000,,5,,,,keyboard,digit#2 off,"{""value"":5,""note"":""digit#2 off"",""pd_used"":0}",1,0.016666,60.003127,1
Sergio_G01_CNS-LLF5RV3D8,cpeeg02,ses05,20260827_124329,2026-08-27 12:44:12.498225,NaN,8,probe,POSTDIG_FIX2_ON,152,2026-08-27 12:54:45.634818,633.094091,1.646759,,,,,,keyboard,after digit#2,"{""note"":""after digit#2""}",1,0.016666,60.003127,1
Sergio_G01_CNS-LLF5RV3D8,cpeeg02,ses05,20260827_124329,2026-08-27 12:44:12.498225,NaN,8,probe,POSTDIG_FIX2_OFF,157,2026-08-27 12:54:47.280829,634.740850,0.046122,,,,,,keyboard,after digit#2,"{""note"":""after digit#2"",""pd_used"":0}",1,0.016666,60.003127,1
Sergio_G01_CNS-LLF5RV3D8,cpeeg02,ses05,20260827_124329,2026-08-27 12:44:12.498225,NaN,8,probe,DIGIT_RECALL_LINE_3,163,2026-08-27 12:54:47.332379,634.786971,0.704318,,3,,,,keyboard,next recall question,"{""value"":3,""note"":""next recall question"",""pd_used"":1}",1,0.016666,60.003127,1
Sergio_G01_CNS-LLF5RV3D8,cpeeg02,ses05,20260827_124329,2026-08-27 12:44:12.498225,NaN,8,probe,PROBE_DIGIT_OK_3,71,2026-08-27 12:54:48.418203,635.491289,0.532277,11.022370,slot#3,NaN,,,keyboard,probe_digit#3,"{""value"":""slot#3"",""entered"":null,""rt"":11.022370200138539,""note"":""probe_digit#3""}",1,0.016666,60.003127,1
Sergio_G01_CNS-LLF5RV3D8,cpeeg02,ses05,20260827_124329,2026-08-27 12:44:12.498225,NaN,8,probe,DIGIT3_OFF,148,2026-08-27 12:54:48.563896,636.023566,0.000000,,5,,,,keyboard,digit#3 off,"{""value"":5,""note"":""digit#3 off"",""pd_used"":0}",1,0.016666,60.003127,1
Sergio_G01_CNS-LLF5RV3D8,cpeeg02,ses05,20260827_124329,2026-08-27 12:44:12.498225,NaN,8,probe,POSTDIG_FIX3_ON,153,2026-08-27 12:54:48.564641,636.023566,1.655696,,,,,,keyboard,after digit#3,"{""note"":""after digit#3""}",1,0.016666,60.003127,1
Sergio_G01_CNS-LLF5RV3D8,cpeeg02,ses05,20260827_124329,2026-08-27 12:44:12.498225,NaN,8,probe,POSTDIG_FIX3_OFF,158,2026-08-27 12:54:50.219218,637.679262,0.046452,,,,,,keyboard,after digit#3,"{""note"":""after digit#3"",""pd_used"":0}",1,0.016666,60.003127,1
Sergio_G01_CNS-LLF5RV3D8,cpeeg02,ses05,20260827_124329,2026-08-27 12:44:12.498225,NaN,8,probe,DIGIT_RECALL_LINE_4,164,2026-08-27 12:54:50.270688,637.725714,7.412222,,4,,,,keyboard,next recall question,"{""value"":4,""note"":""next recall question"",""pd_used"":1}",1,0.016666,60.003127,1
Sergio_G01_CNS-LLF5RV3D8,cpeeg02,ses05,20260827_124329,2026-08-27 12:44:12.498225,NaN,8,probe,PROBE_DIGIT_OK_4,71,2026-08-27 12:54:58.168943,645.137936,0.643088,20.669017,slot#4,NaN,,,keyboard,probe_digit#4,"{""value"":""slot#4"",""entered"":null,""rt"":20.669017300009727,""note"":""probe_digit#4""}",1,0.016666,60.003127,1
Sergio_G01_CNS-LLF5RV3D8,cpeeg02,ses05,20260827_124329,2026-08-27 12:44:12.498225,NaN,8,probe,DIGIT4_OFF,149,2026-08-27 12:54:58.321108,645.781025,0.000000,,5,,,,keyboard,digit#4 off,"{""value"":5,""note"":""digit#4 off"",""pd_used"":0}",1,0.016666,60.003127,1
Sergio_G01_CNS-LLF5RV3D8,cpeeg02,ses05,20260827_124329,2026-08-27 12:44:12.498225,NaN,8,probe,POSTDIG_FIX4_ON,154,2026-08-27 12:54:58.321934,645.781025,1.762130,,,,,,keyboard,after digit#4,"{""note"":""after digit#4""}",1,0.016666,60.003127,1
Sergio_G01_CNS-LLF5RV3D8,cpeeg02,ses05,20260827_124329,2026-08-27 12:44:12.498225,NaN,8,probe,POSTDIG_FIX4_OFF,159,2026-08-27 12:55:00.083241,647.543154,0.046479,,,,,,keyboard,after digit#4,"{""note"":""after digit#4"",""pd_used"":0}",1,0.016666,60.003127,1
Sergio_G01_CNS-LLF5RV3D8,cpeeg02,ses05,20260827_124329,2026-08-27 12:44:12.498225,NaN,8,probe,DIGIT_RECALL_LINE_5,165,2026-08-27 12:55:00.134659,647.589633,2.100748,,5,,,,keyboard,next recall question,"{""value"":5,""note"":""next recall question"",""pd_used"":1}",1,0.016666,60.003127,1
Sergio_G01_CNS-LLF5RV3D8,cpeeg02,ses05,20260827_124329,2026-08-27 12:44:12.498225,NaN,8,probe,PROBE_DIGIT_OK_5,71,2026-08-27 12:55:02.765670,649.690381,0.677326,25.221462,slot#5,NaN,,,keyboard,probe_digit#5,"{""value"":""slot#5"",""entered"":null,""rt"":25.221462099812925,""note"":""probe_digit#5""}",1,0.016666,60.003127,1
Sergio_G01_CNS-LLF5RV3D8,cpeeg02,ses05,20260827_124329,2026-08-27 12:44:12.498225,NaN,8,probe,DIGIT5_OFF,150,2026-08-27 12:55:02.907597,650.367708,0.000000,,5,,,,keyboard,digit#5 off,"{""value"":5,""note"":""digit#5 off"",""pd_used"":0}",1,0.016666,60.003127,1
Sergio_G01_CNS-LLF5RV3D8,cpeeg02,ses05,20260827_124329,2026-08-27 12:44:12.498225,NaN,8,probe,POSTDIG_FIX5_ON,155,2026-08-27 12:55:02.908424,650.367708,3.311510,,,,,,keyboard,after digit#5,"{""note"":""after digit#5""}",1,0.016666,60.003127,1
Sergio_G01_CNS-LLF5RV3D8,cpeeg02,ses05,20260827_124329,2026-08-27 12:44:12.498225,NaN,8,probe,POSTDIG_FIX5_OFF,160,2026-08-27 12:55:06.219446,653.679218,0.044154,,,,,,keyboard,after digit#5,"{""note"":""after digit#5"",""pd_used"":0}",1,0.016666,60.003127,1
Sergio_G01_CNS-LLF5RV3D8,cpeeg02,ses05,20260827_124329,2026-08-27 12:44:12.498225,NaN,8,probe,PROBE_DONE,73,2026-08-27 12:55:06.221500,653.723372,0.000695,,,,,,keyboard,probe complete,"{""value"":"""",""note"":""probe complete""}",1,0.016666,60.003127,1
Sergio_G01_CNS-LLF5RV3D8,cpeeg02,ses05,20260827_124329,2026-08-27 12:44:12.498225,NaN,8,probe,TRIAL_END,21,2026-08-27 12:55:06.222060,653.724067,0.112756,,,,,,keyboard,,{},1,0.016666,60.003127,1
Sergio_G01_CNS-LLF5RV3D8,cpeeg02,ses05,20260827_124329,2026-08-27 12:44:12.498225,NaN,9,probe,TRIAL_CHANGE,22,2026-08-27 12:55:06.335052,653.836823,0.000970,,,,,,keyboard,trial transition,"{""note"":""trial transition""}",1,0.016666,60.003127,1
Sergio_G01_CNS-LLF5RV3D8,cpeeg02,ses05,20260827_124329,2026-08-27 12:44:12.498225,NaN,9,probe,TRIAL_START,20,2026-08-27 12:55:06.336057,653.837793,0.043415,,,,,,keyboard,,{},1,0.016666,60.003127,1
Sergio_G01_CNS-LLF5RV3D8,cpeeg02,ses05,20260827_124329,2026-08-27 12:44:12.498225,NaN,9,fix1,FIX1_ON,30,2026-08-27 12:55:06.429751,653.881207,3.320215,,,,,,keyboard,,"{""pd_used"":0}",1,0.016666,60.003127,1
Sergio_G01_CNS-LLF5RV3D8,cpeeg02,ses05,20260827_124329,2026-08-27 12:44:12.498225,NaN,9,fix1,FIX1_OFF,31,2026-08-27 12:55:09.741545,657.201423,0.044238,,,,,,keyboard,,"{""pd_used"":0}",1,0.016666,60.003127,1
Sergio_G01_CNS-LLF5RV3D8,cpeeg02,ses05,20260827_124329,2026-08-27 12:44:12.498225,NaN,9,digit,DIGIT1_ON,141,2026-08-27 12:55:09.792883,657.245661,0.551455,,6,,,,keyboard,digit#1 shown,"{""value"":6,""note"":""digit#1 shown"",""pd_used"":1}",1,0.016666,60.003127,1
Sergio_G01_CNS-LLF5RV3D8,cpeeg02,ses05,20260827_124329,2026-08-27 12:44:12.498225,NaN,9,digit,DIGIT1_OFF,146,2026-08-27 12:55:10.337151,657.797116,0.000000,,6,,,,keyboard,digit#1 off,"{""value"":6,""note"":""digit#1 off"",""pd_used"":0}",1,0.016666,60.003127,1
Sergio_G01_CNS-LLF5RV3D8,cpeeg02,ses05,20260827_124329,2026-08-27 12:44:12.498225,NaN,9,digit,POSTDIG_FIX1_ON,151,2026-08-27 12:55:10.337896,657.797116,1.864838,,,,,,keyboard,after digit#1,"{""note"":""after digit#1""}",1,0.016666,60.003127,1
Sergio_G01_CNS-LLF5RV3D8,cpeeg02,ses05,20260827_124329,2026-08-27 12:44:12.498225,NaN,9,digit,POSTDIG_FIX1_OFF,156,2026-08-27 12:55:12.202438,659.661954,0.044572,,,,,,keyboard,after digit#1,"{""note"":""after digit#1"",""pd_used"":0}",1,0.016666,60.003127,1
Sergio_G01_CNS-LLF5RV3D8,cpeeg02,ses05,20260827_124329,2026-08-27 12:44:12.498225,NaN,9,digit,DIGIT2_ON,142,2026-08-27 12:55:12.253917,659.706526,0.551652,,4,,,,keyboard,digit#2 shown,"{""value"":4,""note"":""digit#2 shown"",""pd_used"":1}",1,0.016666,60.003127,1
Sergio_G01_CNS-LLF5RV3D8,cpeeg02,ses05,20260827_124329,2026-08-27 12:44:12.498225,NaN,9,digit,DIGIT2_OFF,147,2026-08-27 12:55:12.798079,660.258177,0.000000,,4,,,,keyboard,digit#2 off,"{""value"":4,""note"":""digit#2 off"",""pd_used"":0}",1,0.016666,60.003127,1
Sergio_G01_CNS-LLF5RV3D8,cpeeg02,ses05,20260827_124329,2026-08-27 12:44:12.498225,NaN,9,digit,POSTDIG_FIX2_ON,152,2026-08-27 12:55:12.798887,660.258177,1.626415,,,,,,keyboard,after digit#2,"{""note"":""after digit#2""}",1,0.016666,60.003127,1
Sergio_G01_CNS-LLF5RV3D8,cpeeg02,ses05,20260827_124329,2026-08-27 12:44:12.498225,NaN,9,digit,POSTDIG_FIX2_OFF,157,2026-08-27 12:55:14.424739,661.884593,0.044127,,,,,,keyboard,after digit#2,"{""note"":""after digit#2"",""pd_used"":0}",1,0.016666,60.003127,1
Sergio_G01_CNS-LLF5RV3D8,cpeeg02,ses05,20260827_124329,2026-08-27 12:44:12.498225,NaN,9,digit,DIGIT3_ON,143,2026-08-27 12:55:14.476450,661.928719,0.551992,,2,,,,keyboard,digit#3 shown,"{""value"":2,""note"":""digit#3 shown"",""pd_used"":1}",1,0.016666,60.003127,1
Sergio_G01_CNS-LLF5RV3D8,cpeeg02,ses05,20260827_124329,2026-08-27 12:44:12.498225,NaN,9,digit,DIGIT3_OFF,148,2026-08-27 12:55:15.020829,662.480711,0.000000,,2,,,,keyboard,digit#3 off,"{""value"":2,""note"":""digit#3 off"",""pd_used"":0}",1,0.016666,60.003127,1
Sergio_G01_CNS-LLF5RV3D8,cpeeg02,ses05,20260827_124329,2026-08-27 12:44:12.498225,NaN,9,digit,POSTDIG_FIX3_ON,153,2026-08-27 12:55:15.021762,662.480711,1.929386,,,,,,keyboard,after digit#3,"{""note"":""after digit#3""}",1,0.016666,60.003127,1
Sergio_G01_CNS-LLF5RV3D8,cpeeg02,ses05,20260827_124329,2026-08-27 12:44:12.498225,NaN,9,digit,POSTDIG_FIX3_OFF,158,2026-08-27 12:55:16.950208,664.410098,0.044243,,,,,,keyboard,after digit#3,"{""note"":""after digit#3"",""pd_used"":0}",1,0.016666,60.003127,1
Sergio_G01_CNS-LLF5RV3D8,cpeeg02,ses05,20260827_124329,2026-08-27 12:44:12.498225,NaN,9,digit,DIGIT4_ON,144,2026-08-27 12:55:17.001686,664.454341,0.551303,,4,,,,keyboard,digit#4 shown,"{""value"":4,""note"":""digit#4 shown"",""pd_used"":1}",1,0.016666,60.003127,1
Sergio_G01_CNS-LLF5RV3D8,cpeeg02,ses05,20260827_124329,2026-08-27 12:44:12.498225,NaN,9,digit,DIGIT4_OFF,149,2026-08-27 12:55:17.545848,665.005644,0.000000,,4,,,,keyboard,digit#4 off,"{""value"":4,""note"":""digit#4 off"",""pd_used"":0}",1,0.016666,60.003127,1
Sergio_G01_CNS-LLF5RV3D8,cpeeg02,ses05,20260827_124329,2026-08-27 12:44:12.498225,NaN,9,digit,POSTDIG_FIX4_ON,154,2026-08-27 12:55:17.546605,665.005644,1.908873,,,,,,keyboard,after digit#4,"{""note"":""after digit#4""}",1,0.016666,60.003127,1
Sergio_G01_CNS-LLF5RV3D8,cpeeg02,ses05,20260827_124329,2026-08-27 12:44:12.498225,NaN,9,digit,POSTDIG_FIX4_OFF,159,2026-08-27 12:55:19.454532,666.914516,0.044096,,,,,,keyboard,after digit#4,"{""note"":""after digit#4"",""pd_used"":0}",1,0.016666,60.003127,1
Sergio_G01_CNS-LLF5RV3D8,cpeeg02,ses05,20260827_124329,2026-08-27 12:44:12.498225,NaN,9,digit,DIGIT5_ON,145,2026-08-27 12:55:19.505958,666.958613,0.551459,,5,,,,keyboard,digit#5 shown,"{""value"":5,""note"":""digit#5 shown"",""pd_used"":1}",1,0.016666,60.003127,1
Sergio_G01_CNS-LLF5RV3D8,cpeeg02,ses05,20260827_124329,2026-08-27 12:44:12.498225,NaN,9,digit,DIGIT5_OFF,150,2026-08-27 12:55:20.050151,667.510072,0.000000,,5,,,,keyboard,digit#5 off,"{""value"":5,""note"":""digit#5 off"",""pd_used"":0}",1,0.016666,60.003127,1
Sergio_G01_CNS-LLF5RV3D8,cpeeg02,ses05,20260827_124329,2026-08-27 12:44:12.498225,NaN,9,digit,POSTDIG_FIX5_ON,155,2026-08-27 12:55:20.050898,667.510072,3.095517,,,,,,keyboard,after digit#5,"{""note"":""after digit#5""}",1,0.016666,60.003127,1
Sergio_G01_CNS-LLF5RV3D8,cpeeg02,ses05,20260827_124329,2026-08-27 12:44:12.498225,NaN,9,digit,POSTDIG_FIX5_OFF,160,2026-08-27 12:55:23.145744,670.605589,0.044292,,,,,,keyboard,after digit#5,"{""note"":""after digit#5"",""pd_used"":0}",1,0.016666,60.003127,1
Sergio_G01_CNS-LLF5RV3D8,cpeeg02,ses05,20260827_124329,2026-08-27 12:44:12.498225,NaN,9,distractor,DISTRACTOR_ON,50,2026-08-27 12:55:23.197274,670.649881,7.430729,,6+7=12,,,,keyboard,,"{""value"":""6+7=12"",""isCorrectTruth"":false,""trueSum"":13,""pd_used"":1}",1,0.016666,60.003127,1
Sergio_G01_CNS-LLF5RV3D8,cpeeg02,ses05,20260827_124329,2026-08-27 12:44:12.498225,NaN,9,distractor,DISTRACTOR_ANS,51,2026-08-27 12:55:31.126300,678.080610,0.000000,7.430729,6+7=12,F,1,,keyboard,key= (False),"{""value"":""6+7=12"",""entered"":""F"",""rt"":7.4307290003634989,""correct"":1,""note"":""key= (False)"",""truth"":false,""trueSum"":13,""shownSum"":12,""a"":6,""b"":7}",1,0.016666,60.003127,1
Sergio_G01_CNS-LLF5RV3D8,cpeeg02,ses05,20260827_124329,2026-08-27 12:44:12.498225,NaN,9,distractor,ANS_CORRECT,100,2026-08-27 12:55:31.168873,678.080610,0.592156,,,,,,keyboard,,{},1,0.016666,60.003127,1
Sergio_G01_CNS-LLF5RV3D8,cpeeg02,ses05,20260827_124329,2026-08-27 12:44:12.498225,NaN,9,distractor,DISTRACTOR_OFF,52,2026-08-27 12:55:31.220443,678.672767,0.000000,,,,,,keyboard,,"{""pd_used"":0}",1,0.016666,60.003127,1
Sergio_G01_CNS-LLF5RV3D8,cpeeg02,ses05,20260827_124329,2026-08-27 12:44:12.498225,NaN,9,distractor,FIX2_ON,60,2026-08-27 12:55:31.221177,678.672767,3.528204,,,,,,keyboard,immediate after response,"{""note"":""immediate after response""}",1,0.016666,60.003127,1
Sergio_G01_CNS-LLF5RV3D8,cpeeg02,ses05,20260827_124329,2026-08-27 12:44:12.498225,NaN,9,fix2,FIX2_OFF,61,2026-08-27 12:55:34.741027,682.200971,0.044054,,,,,,keyboard,,"{""pd_used"":0}",1,0.016666,60.003127,1
Sergio_G01_CNS-LLF5RV3D8,cpeeg02,ses05,20260827_124329,2026-08-27 12:44:12.498225,NaN,9,probe,DIGIT_RECALL_LINE_1,161,2026-08-27 12:55:34.792318,682.245025,2.974377,,1,,,,keyboard,first recall question,"{""value"":1,""note"":""first recall question"",""pd_used"":1}",1,0.016666,60.003127,1
Sergio_G01_CNS-LLF5RV3D8,cpeeg02,ses05,20260827_124329,2026-08-27 12:44:12.498225,NaN,9,probe,PROBE_DIGIT_OK_1,71,2026-08-27 12:55:38.196674,685.219402,0.580926,2.975648,slot#1,NaN,,,keyboard,probe_digit#1,"{""value"":""slot#1"",""entered"":null,""rt"":2.9756479002535343,""note"":""probe_digit#1""}",1,0.016666,60.003127,1
Sergio_G01_CNS-LLF5RV3D8,cpeeg02,ses05,20260827_124329,2026-08-27 12:44:12.498225,NaN,9,probe,DIGIT1_OFF,146,2026-08-27 12:55:38.340292,685.800328,0.000000,,5,,,,keyboard,digit#1 off,"{""value"":5,""note"":""digit#1 off"",""pd_used"":0}",1,0.016666,60.003127,1
Sergio_G01_CNS-LLF5RV3D8,cpeeg02,ses05,20260827_124329,2026-08-27 12:44:12.498225,NaN,9,probe,POSTDIG_FIX1_ON,151,2026-08-27 12:55:38.341096,685.800328,1.761743,,,,,,keyboard,after digit#1,"{""note"":""after digit#1""}",1,0.016666,60.003127,1
Sergio_G01_CNS-LLF5RV3D8,cpeeg02,ses05,20260827_124329,2026-08-27 12:44:12.498225,NaN,9,probe,POSTDIG_FIX1_OFF,156,2026-08-27 12:55:40.102512,687.562071,0.046734,,,,,,keyboard,after digit#1,"{""note"":""after digit#1"",""pd_used"":0}",1,0.016666,60.003127,1
Sergio_G01_CNS-LLF5RV3D8,cpeeg02,ses05,20260827_124329,2026-08-27 12:44:12.498225,NaN,9,probe,DIGIT_RECALL_LINE_2,162,2026-08-27 12:55:40.153921,687.608805,1.887554,,2,,,,keyboard,next recall question,"{""value"":2,""note"":""next recall question"",""pd_used"":1}",1,0.016666,60.003127,1
Sergio_G01_CNS-LLF5RV3D8,cpeeg02,ses05,20260827_124329,2026-08-27 12:44:12.498225,NaN,9,probe,PROBE_DIGIT_OK_2,71,2026-08-27 12:55:42.314057,689.496360,0.425344,7.252605,slot#2,NaN,,,keyboard,probe_digit#2,"{""value"":""slot#2"",""entered"":null,""rt"":7.2526052999310195,""note"":""probe_digit#2""}",1,0.016666,60.003127,1
Sergio_G01_CNS-LLF5RV3D8,cpeeg02,ses05,20260827_124329,2026-08-27 12:44:12.498225,NaN,9,probe,DIGIT2_OFF,147,2026-08-27 12:55:42.461760,689.921704,0.000000,,5,,,,keyboard,digit#2 off,"{""value"":5,""note"":""digit#2 off"",""pd_used"":0}",1,0.016666,60.003127,1
Sergio_G01_CNS-LLF5RV3D8,cpeeg02,ses05,20260827_124329,2026-08-27 12:44:12.498225,NaN,9,probe,POSTDIG_FIX2_ON,152,2026-08-27 12:55:42.462526,689.921704,1.798390,,,,,,keyboard,after digit#2,"{""note"":""after digit#2""}",1,0.016666,60.003127,1
Sergio_G01_CNS-LLF5RV3D8,cpeeg02,ses05,20260827_124329,2026-08-27 12:44:12.498225,NaN,9,probe,POSTDIG_FIX2_OFF,157,2026-08-27 12:55:44.260412,691.720093,0.047197,,,,,,keyboard,after digit#2,"{""note"":""after digit#2"",""pd_used"":0}",1,0.016666,60.003127,1
Sergio_G01_CNS-LLF5RV3D8,cpeeg02,ses05,20260827_124329,2026-08-27 12:44:12.498225,NaN,9,probe,DIGIT_RECALL_LINE_3,163,2026-08-27 12:55:44.311864,691.767290,6.396832,,3,,,,keyboard,next recall question,"{""value"":3,""note"":""next recall question"",""pd_used"":1}",1,0.016666,60.003127,1
Sergio_G01_CNS-LLF5RV3D8,cpeeg02,ses05,20260827_124329,2026-08-27 12:44:12.498225,NaN,9,probe,PROBE_DIGIT_OK_3,71,2026-08-27 12:55:51.216362,698.164122,0.654238,15.920367,slot#3,NaN,,,keyboard,probe_digit#3,"{""value"":""slot#3"",""entered"":null,""rt"":15.920367100276053,""note"":""probe_digit#3""}",1,0.016666,60.003127,1
Sergio_G01_CNS-LLF5RV3D8,cpeeg02,ses05,20260827_124329,2026-08-27 12:44:12.498225,NaN,9,probe,DIGIT3_OFF,148,2026-08-27 12:55:51.358221,698.818360,0.000000,,5,,,,keyboard,digit#3 off,"{""value"":5,""note"":""digit#3 off"",""pd_used"":0}",1,0.016666,60.003127,1
Sergio_G01_CNS-LLF5RV3D8,cpeeg02,ses05,20260827_124329,2026-08-27 12:44:12.498225,NaN,9,probe,POSTDIG_FIX3_ON,153,2026-08-27 12:55:51.358994,698.818360,1.806838,,,,,,keyboard,after digit#3,"{""note"":""after digit#3""}",1,0.016666,60.003127,1
Sergio_G01_CNS-LLF5RV3D8,cpeeg02,ses05,20260827_124329,2026-08-27 12:44:12.498225,NaN,9,probe,POSTDIG_FIX3_OFF,158,2026-08-27 12:55:53.165129,700.625198,0.046196,,,,,,keyboard,after digit#3,"{""note"":""after digit#3"",""pd_used"":0}",1,0.016666,60.003127,1
Sergio_G01_CNS-LLF5RV3D8,cpeeg02,ses05,20260827_124329,2026-08-27 12:44:12.498225,NaN,9,probe,DIGIT_RECALL_LINE_4,164,2026-08-27 12:55:53.216348,700.671394,1.954633,,4,,,,keyboard,next recall question,"{""value"":4,""note"":""next recall question"",""pd_used"":1}",1,0.016666,60.003127,1
Sergio_G01_CNS-LLF5RV3D8,cpeeg02,ses05,20260827_124329,2026-08-27 12:44:12.498225,NaN,9,probe,PROBE_DIGIT_OK_4,71,2026-08-27 12:55:55.565821,702.626027,0.547595,20.382272,slot#4,NaN,,,keyboard,probe_digit#4,"{""value"":""slot#4"",""entered"":null,""rt"":20.382272200193256,""note"":""probe_digit#4""}",1,0.016666,60.003127,1
Sergio_G01_CNS-LLF5RV3D8,cpeeg02,ses05,20260827_124329,2026-08-27 12:44:12.498225,NaN,9,probe,DIGIT4_OFF,149,2026-08-27 12:55:55.713520,703.173621,0.000000,,5,,,,keyboard,digit#4 off,"{""value"":5,""note"":""digit#4 off"",""pd_used"":0}",1,0.016666,60.003127,1
Sergio_G01_CNS-LLF5RV3D8,cpeeg02,ses05,20260827_124329,2026-08-27 12:44:12.498225,NaN,9,probe,POSTDIG_FIX4_ON,154,2026-08-27 12:55:55.714299,703.173621,1.758624,,,,,,keyboard,after digit#4,"{""note"":""after digit#4""}",1,0.016666,60.003127,1
Sergio_G01_CNS-LLF5RV3D8,cpeeg02,ses05,20260827_124329,2026-08-27 12:44:12.498225,NaN,9,probe,POSTDIG_FIX4_OFF,159,2026-08-27 12:55:57.472218,704.932246,0.046130,,,,,,keyboard,after digit#4,"{""note"":""after digit#4"",""pd_used"":0}",1,0.016666,60.003127,1
Sergio_G01_CNS-LLF5RV3D8,cpeeg02,ses05,20260827_124329,2026-08-27 12:44:12.498225,NaN,9,probe,DIGIT_RECALL_LINE_5,165,2026-08-27 12:55:57.523674,704.978376,3.348442,,5,,,,keyboard,next recall question,"{""value"":5,""note"":""next recall question"",""pd_used"":1}",1,0.016666,60.003127,1
Sergio_G01_CNS-LLF5RV3D8,cpeeg02,ses05,20260827_124329,2026-08-27 12:44:12.498225,NaN,9,probe,PROBE_DIGIT_OK_5,71,2026-08-27 12:56:01.435108,708.326818,0.709361,26.083064,slot#5,NaN,,,keyboard,probe_digit#5,"{""value"":""slot#5"",""entered"":null,""rt"":26.08306370023638,""note"":""probe_digit#5""}",1,0.016666,60.003127,1
Sergio_G01_CNS-LLF5RV3D8,cpeeg02,ses05,20260827_124329,2026-08-27 12:44:12.498225,NaN,9,probe,DIGIT5_OFF,150,2026-08-27 12:56:01.576208,709.036180,0.000000,,5,,,,keyboard,digit#5 off,"{""value"":5,""note"":""digit#5 off"",""pd_used"":0}",1,0.016666,60.003127,1
Sergio_G01_CNS-LLF5RV3D8,cpeeg02,ses05,20260827_124329,2026-08-27 12:44:12.498225,NaN,9,probe,POSTDIG_FIX5_ON,155,2026-08-27 12:56:01.576953,709.036180,3.435897,,,,,,keyboard,after digit#5,"{""note"":""after digit#5""}",1,0.016666,60.003127,1
Sergio_G01_CNS-LLF5RV3D8,cpeeg02,ses05,20260827_124329,2026-08-27 12:44:12.498225,NaN,9,probe,POSTDIG_FIX5_OFF,160,2026-08-27 12:56:05.012428,712.472076,0.044163,,,,,,keyboard,after digit#5,"{""note"":""after digit#5"",""pd_used"":0}",1,0.016666,60.003127,1
Sergio_G01_CNS-LLF5RV3D8,cpeeg02,ses05,20260827_124329,2026-08-27 12:44:12.498225,NaN,9,probe,PROBE_DONE,73,2026-08-27 12:56:05.014387,712.516239,0.000725,,,,,,keyboard,probe complete,"{""value"":"""",""note"":""probe complete""}",1,0.016666,60.003127,1
Sergio_G01_CNS-LLF5RV3D8,cpeeg02,ses05,20260827_124329,2026-08-27 12:44:12.498225,NaN,9,probe,TRIAL_END,21,2026-08-27 12:56:05.014962,712.516965,0.110906,,,,,,keyboard,,{},1,0.016666,60.003127,1
Sergio_G01_CNS-LLF5RV3D8,cpeeg02,ses05,20260827_124329,2026-08-27 12:44:12.498225,NaN,10,probe,TRIAL_CHANGE,22,2026-08-27 12:56:05.126124,712.627871,0.000912,,,,,,keyboard,trial transition,"{""note"":""trial transition""}",1,0.016666,60.003127,1
Sergio_G01_CNS-LLF5RV3D8,cpeeg02,ses05,20260827_124329,2026-08-27 12:44:12.498225,NaN,10,probe,TRIAL_START,20,2026-08-27 12:56:05.126809,712.628783,0.043128,,,,,,keyboard,,{},1,0.016666,60.003127,1
Sergio_G01_CNS-LLF5RV3D8,cpeeg02,ses05,20260827_124329,2026-08-27 12:44:12.498225,NaN,10,fix1,FIX1_ON,30,2026-08-27 12:56:05.220542,712.671912,3.480658,,,,,,keyboard,,"{""pd_used"":0}",1,0.016666,60.003127,1
Sergio_G01_CNS-LLF5RV3D8,cpeeg02,ses05,20260827_124329,2026-08-27 12:44:12.498225,NaN,10,fix1,FIX1_OFF,31,2026-08-27 12:56:08.692652,716.152570,0.044155,,,,,,keyboard,,"{""pd_used"":0}",1,0.016666,60.003127,1
Sergio_G01_CNS-LLF5RV3D8,cpeeg02,ses05,20260827_124329,2026-08-27 12:44:12.498225,NaN,10,digit,DIGIT1_ON,141,2026-08-27 12:56:08.744429,716.196724,0.551915,,6,,,,keyboard,digit#1 shown,"{""value"":6,""note"":""digit#1 shown"",""pd_used"":1}",1,0.016666,60.003127,1
Sergio_G01_CNS-LLF5RV3D8,cpeeg02,ses05,20260827_124329,2026-08-27 12:44:12.498225,NaN,10,digit,DIGIT1_OFF,146,2026-08-27 12:56:09.288593,716.748640,0.000000,,6,,,,keyboard,digit#1 off,"{""value"":6,""note"":""digit#1 off"",""pd_used"":0}",1,0.016666,60.003127,1
Sergio_G01_CNS-LLF5RV3D8,cpeeg02,ses05,20260827_124329,2026-08-27 12:44:12.498225,NaN,10,digit,POSTDIG_FIX1_ON,151,2026-08-27 12:56:09.289350,716.748640,1.993970,,,,,,keyboard,after digit#1,"{""note"":""after digit#1""}",1,0.016666,60.003127,1
Sergio_G01_CNS-LLF5RV3D8,cpeeg02,ses05,20260827_124329,2026-08-27 12:44:12.498225,NaN,10,digit,POSTDIG_FIX1_OFF,156,2026-08-27 12:56:11.282715,718.742610,0.044364,,,,,,keyboard,after digit#1,"{""note"":""after digit#1"",""pd_used"":0}",1,0.016666,60.003127,1
Sergio_G01_CNS-LLF5RV3D8,cpeeg02,ses05,20260827_124329,2026-08-27 12:44:12.498225,NaN,10,digit,DIGIT2_ON,142,2026-08-27 12:56:11.334357,718.786974,0.551460,,3,,,,keyboard,digit#2 shown,"{""value"":3,""note"":""digit#2 shown"",""pd_used"":1}",1,0.016666,60.003127,1
Sergio_G01_CNS-LLF5RV3D8,cpeeg02,ses05,20260827_124329,2026-08-27 12:44:12.498225,NaN,10,digit,DIGIT2_OFF,147,2026-08-27 12:56:11.878501,719.338433,0.000000,,3,,,,keyboard,digit#2 off,"{""value"":3,""note"":""digit#2 off"",""pd_used"":0}",1,0.016666,60.003127,1
Sergio_G01_CNS-LLF5RV3D8,cpeeg02,ses05,20260827_124329,2026-08-27 12:44:12.498225,NaN,10,digit,POSTDIG_FIX2_ON,152,2026-08-27 12:56:11.879248,719.338433,1.870999,,,,,,keyboard,after digit#2,"{""note"":""after digit#2""}",1,0.016666,60.003127,1
Sergio_G01_CNS-LLF5RV3D8,cpeeg02,ses05,20260827_124329,2026-08-27 12:44:12.498225,NaN,10,digit,POSTDIG_FIX2_OFF,157,2026-08-27 12:56:13.749476,721.209433,0.044222,,,,,,keyboard,after digit#2,"{""note"":""after digit#2"",""pd_used"":0}",1,0.016666,60.003127,1
Sergio_G01_CNS-LLF5RV3D8,cpeeg02,ses05,20260827_124329,2026-08-27 12:44:12.498225,NaN,10,digit,DIGIT3_ON,143,2026-08-27 12:56:13.800847,721.253655,0.551601,,1,,,,keyboard,digit#3 shown,"{""value"":1,""note"":""digit#3 shown"",""pd_used"":1}",1,0.016666,60.003127,1
Sergio_G01_CNS-LLF5RV3D8,cpeeg02,ses05,20260827_124329,2026-08-27 12:44:12.498225,NaN,10,digit,DIGIT3_OFF,148,2026-08-27 12:56:14.345240,721.805256,0.000000,,1,,,,keyboard,digit#3 off,"{""value"":1,""note"":""digit#3 off"",""pd_used"":0}",1,0.016666,60.003127,1
Sergio_G01_CNS-LLF5RV3D8,cpeeg02,ses05,20260827_124329,2026-08-27 12:44:12.498225,NaN,10,digit,POSTDIG_FIX3_ON,153,2026-08-27 12:56:14.345990,721.805256,1.621124,,,,,,keyboard,after digit#3,"{""note"":""after digit#3""}",1,0.016666,60.003127,1
Sergio_G01_CNS-LLF5RV3D8,cpeeg02,ses05,20260827_124329,2026-08-27 12:44:12.498225,NaN,10,digit,POSTDIG_FIX3_OFF,158,2026-08-27 12:56:15.966317,723.426380,0.044078,,,,,,keyboard,after digit#3,"{""note"":""after digit#3"",""pd_used"":0}",1,0.016666,60.003127,1
Sergio_G01_CNS-LLF5RV3D8,cpeeg02,ses05,20260827_124329,2026-08-27 12:44:12.498225,NaN,10,digit,DIGIT4_ON,144,2026-08-27 12:56:16.017552,723.470458,0.551463,,2,,,,keyboard,digit#4 shown,"{""value"":2,""note"":""digit#4 shown"",""pd_used"":1}",1,0.016666,60.003127,1
Sergio_G01_CNS-LLF5RV3D8,cpeeg02,ses05,20260827_124329,2026-08-27 12:44:12.498225,NaN,10,digit,DIGIT4_OFF,149,2026-08-27 12:56:16.562162,724.021920,0.000000,,2,,,,keyboard,digit#4 off,"{""value"":2,""note"":""digit#4 off"",""pd_used"":0}",1,0.016666,60.003127,1
Sergio_G01_CNS-LLF5RV3D8,cpeeg02,ses05,20260827_124329,2026-08-27 12:44:12.498225,NaN,10,digit,POSTDIG_FIX4_ON,154,2026-08-27 12:56:16.562891,724.021920,1.860689,,,,,,keyboard,after digit#4,"{""note"":""after digit#4""}",1,0.016666,60.003127,1
Sergio_G01_CNS-LLF5RV3D8,cpeeg02,ses05,20260827_124329,2026-08-27 12:44:12.498225,NaN,10,digit,POSTDIG_FIX4_OFF,159,2026-08-27 12:56:18.422923,725.882609,0.044366,,,,,,keyboard,after digit#4,"{""note"":""after digit#4"",""pd_used"":0}",1,0.016666,60.003127,1
Sergio_G01_CNS-LLF5RV3D8,cpeeg02,ses05,20260827_124329,2026-08-27 12:44:12.498225,NaN,10,digit,DIGIT5_ON,145,2026-08-27 12:56:18.474269,725.926975,0.551438,,3,,,,keyboard,digit#5 shown,"{""value"":3,""note"":""digit#5 shown"",""pd_used"":1}",1,0.016666,60.003127,1
Sergio_G01_CNS-LLF5RV3D8,cpeeg02,ses05,20260827_124329,2026-08-27 12:44:12.498225,NaN,10,digit,DIGIT5_OFF,150,2026-08-27 12:56:19.018292,726.478413,0.000000,,3,,,,keyboard,digit#5 off,"{""value"":3,""note"":""digit#5 off"",""pd_used"":0}",1,0.016666,60.003127,1
Sergio_G01_CNS-LLF5RV3D8,cpeeg02,ses05,20260827_124329,2026-08-27 12:44:12.498225,NaN,10,digit,POSTDIG_FIX5_ON,155,2026-08-27 12:56:19.019087,726.478413,3.375235,,,,,,keyboard,after digit#5,"{""note"":""after digit#5""}",1,0.016666,60.003127,1
Sergio_G01_CNS-LLF5RV3D8,cpeeg02,ses05,20260827_124329,2026-08-27 12:44:12.498225,NaN,10,digit,POSTDIG_FIX5_OFF,160,2026-08-27 12:56:22.393833,729.853648,0.044295,,,,,,keyboard,after digit#5,"{""note"":""after digit#5"",""pd_used"":0}",1,0.016666,60.003127,1
Sergio_G01_CNS-LLF5RV3D8,cpeeg02,ses05,20260827_124329,2026-08-27 12:44:12.498225,NaN,10,distractor,DISTRACTOR_ON,50,2026-08-27 12:56:22.445587,729.897943,11.780780,,3+7=11,,,,keyboard,,"{""value"":""3+7=11"",""isCorrectTruth"":false,""trueSum"":10,""pd_used"":1}",1,0.016666,60.003127,1
Sergio_G01_CNS-LLF5RV3D8,cpeeg02,ses05,20260827_124329,2026-08-27 12:44:12.498225,NaN,10,distractor,DISTRACTOR_ANS,51,2026-08-27 12:56:34.605762,741.678723,0.000000,11.780780,3+7=11,F,1,,keyboard,key= (False),"{""value"":""3+7=11"",""entered"":""F"",""rt"":11.78078049980104,""correct"":1,""note"":""key= (False)"",""truth"":false,""trueSum"":10,""shownSum"":11,""a"":3,""b"":7}",1,0.016666,60.003127,1
Sergio_G01_CNS-LLF5RV3D8,cpeeg02,ses05,20260827_124329,2026-08-27 12:44:12.498225,NaN,10,distractor,ANS_CORRECT,100,2026-08-27 12:56:34.648211,741.678723,0.473015,,,,,,keyboard,,{},1,0.016666,60.003127,1
Sergio_G01_CNS-LLF5RV3D8,cpeeg02,ses05,20260827_124329,2026-08-27 12:44:12.498225,NaN,10,distractor,DISTRACTOR_OFF,52,2026-08-27 12:56:34.699567,742.151738,0.000000,,,,,,keyboard,,"{""pd_used"":0}",1,0.016666,60.003127,1
Sergio_G01_CNS-LLF5RV3D8,cpeeg02,ses05,20260827_124329,2026-08-27 12:44:12.498225,NaN,10,distractor,FIX2_ON,60,2026-08-27 12:56:34.700291,742.151738,3.224149,,,,,,keyboard,immediate after response,"{""note"":""immediate after response""}",1,0.016666,60.003127,1
Sergio_G01_CNS-LLF5RV3D8,cpeeg02,ses05,20260827_124329,2026-08-27 12:44:12.498225,NaN,10,fix2,FIX2_OFF,61,2026-08-27 12:56:37.915924,745.375887,0.043715,,,,,,keyboard,,"{""pd_used"":0}",1,0.016666,60.003127,1
Sergio_G01_CNS-LLF5RV3D8,cpeeg02,ses05,20260827_124329,2026-08-27 12:44:12.498225,NaN,10,probe,DIGIT_RECALL_LINE_1,161,2026-08-27 12:56:37.967434,745.419602,8.663740,,1,,,,keyboard,first recall question,"{""value"":1,""note"":""first recall question"",""pd_used"":1}",1,0.016666,60.003127,1
Sergio_G01_CNS-LLF5RV3D8,cpeeg02,ses05,20260827_124329,2026-08-27 12:44:12.498225,NaN,10,probe,PROBE_DIGIT_OK_1,71,2026-08-27 12:56:46.995854,754.083341,0.515402,8.664721,slot#1,NaN,,,keyboard,probe_digit#1,"{""value"":""slot#1"",""entered"":null,""rt"":8.6647212998941541,""note"":""probe_digit#1""}",1,0.016666,60.003127,1
Sergio_G01_CNS-LLF5RV3D8,cpeeg02,ses05,20260827_124329,2026-08-27 12:44:12.498225,NaN,10,probe,DIGIT1_OFF,146,2026-08-27 12:56:47.138645,754.598743,0.000000,,3,,,,keyboard,digit#1 off,"{""value"":3,""note"":""digit#1 off"",""pd_used"":0}",1,0.016666,60.003127,1
Sergio_G01_CNS-LLF5RV3D8,cpeeg02,ses05,20260827_124329,2026-08-27 12:44:12.498225,NaN,10,probe,POSTDIG_FIX1_ON,151,2026-08-27 12:56:47.139399,754.598743,1.988015,,,,,,keyboard,after digit#1,"{""note"":""after digit#1""}",1,0.016666,60.003127,1
Sergio_G01_CNS-LLF5RV3D8,cpeeg02,ses05,20260827_124329,2026-08-27 12:44:12.498225,NaN,10,probe,POSTDIG_FIX1_OFF,156,2026-08-27 12:56:49.126869,756.586758,0.046163,,,,,,keyboard,after digit#1,"{""note"":""after digit#1"",""pd_used"":0}",1,0.016666,60.003127,1
Sergio_G01_CNS-LLF5RV3D8,cpeeg02,ses05,20260827_124329,2026-08-27 12:44:12.498225,NaN,10,probe,DIGIT_RECALL_LINE_2,162,2026-08-27 12:56:49.178495,756.632921,3.259890,,2,,,,keyboard,next recall question,"{""value"":2,""note"":""next recall question"",""pd_used"":1}",1,0.016666,60.003127,1
Sergio_G01_CNS-LLF5RV3D8,cpeeg02,ses05,20260827_124329,2026-08-27 12:44:12.498225,NaN,10,probe,PROBE_DIGIT_OK_2,71,2026-08-27 12:56:52.864744,759.892811,0.582667,14.474191,slot#2,NaN,,,keyboard,probe_digit#2,"{""value"":""slot#2"",""entered"":null,""rt"":14.47419109987095,""note"":""probe_digit#2""}",1,0.016666,60.003127,1
Sergio_G01_CNS-LLF5RV3D8,cpeeg02,ses05,20260827_124329,2026-08-27 12:44:12.498225,NaN,10,probe,DIGIT2_OFF,147,2026-08-27 12:56:53.015471,760.475479,0.000000,,3,,,,keyboard,digit#2 off,"{""value"":3,""note"":""digit#2 off"",""pd_used"":0}",1,0.016666,60.003127,1
Sergio_G01_CNS-LLF5RV3D8,cpeeg02,ses05,20260827_124329,2026-08-27 12:44:12.498225,NaN,10,probe,POSTDIG_FIX2_ON,152,2026-08-27 12:56:53.016214,760.475479,1.961950,,,,,,keyboard,after digit#2,"{""note"":""after digit#2""}",1,0.016666,60.003127,1
Sergio_G01_CNS-LLF5RV3D8,cpeeg02,ses05,20260827_124329,2026-08-27 12:44:12.498225,NaN,10,probe,POSTDIG_FIX2_OFF,157,2026-08-27 12:56:54.977450,762.437429,0.047037,,,,,,keyboard,after digit#2,"{""note"":""after digit#2"",""pd_used"":0}",1,0.016666,60.003127,1
Sergio_G01_CNS-LLF5RV3D8,cpeeg02,ses05,20260827_124329,2026-08-27 12:44:12.498225,NaN,10,probe,DIGIT_RECALL_LINE_3,163,2026-08-27 12:56:55.029087,762.484466,1.972853,,3,,,,keyboard,next recall question,"{""value"":3,""note"":""next recall question"",""pd_used"":1}",1,0.016666,60.003127,1
Sergio_G01_CNS-LLF5RV3D8,cpeeg02,ses05,20260827_124329,2026-08-27 12:44:12.498225,NaN,10,probe,PROBE_DIGIT_OK_3,71,2026-08-27 12:56:57.365321,764.457320,0.511446,19.038700,slot#3,NaN,,,keyboard,probe_digit#3,"{""value"":""slot#3"",""entered"":null,""rt"":19.038699599914253,""note"":""probe_digit#3""}",1,0.016666,60.003127,1
Sergio_G01_CNS-LLF5RV3D8,cpeeg02,ses05,20260827_124329,2026-08-27 12:44:12.498225,NaN,10,probe,DIGIT3_OFF,148,2026-08-27 12:56:57.508626,764.968766,0.000000,,3,,,,keyboard,digit#3 off,"{""value"":3,""note"":""digit#3 off"",""pd_used"":0}",1,0.016666,60.003127,1
Sergio_G01_CNS-LLF5RV3D8,cpeeg02,ses05,20260827_124329,2026-08-27 12:44:12.498225,NaN,10,probe,POSTDIG_FIX3_ON,153,2026-08-27 12:56:57.509377,764.968766,1.623405,,,,,,keyboard,after digit#3,"{""note"":""after digit#3""}",1,0.016666,60.003127,1
Sergio_G01_CNS-LLF5RV3D8,cpeeg02,ses05,20260827_124329,2026-08-27 12:44:12.498225,NaN,10,probe,POSTDIG_FIX3_OFF,158,2026-08-27 12:56:59.132277,766.592171,0.046504,,,,,,keyboard,after digit#3,"{""note"":""after digit#3"",""pd_used"":0}",1,0.016666,60.003127,1
Sergio_G01_CNS-LLF5RV3D8,cpeeg02,ses05,20260827_124329,2026-08-27 12:44:12.498225,NaN,10,probe,DIGIT_RECALL_LINE_4,164,2026-08-27 12:56:59.183803,766.638674,4.309579,,4,,,,keyboard,next recall question,"{""value"":4,""note"":""next recall question"",""pd_used"":1}",1,0.016666,60.003127,1
Sergio_G01_CNS-LLF5RV3D8,cpeeg02,ses05,20260827_124329,2026-08-27 12:44:12.498225,NaN,10,probe,PROBE_DIGIT_OK_4,71,2026-08-27 12:57:03.845641,770.948253,0.504042,25.529633,slot#4,NaN,,,keyboard,probe_digit#4,"{""value"":""slot#4"",""entered"":null,""rt"":25.529632899910212,""note"":""probe_digit#4""}",1,0.016666,60.003127,1
Sergio_G01_CNS-LLF5RV3D8,cpeeg02,ses05,20260827_124329,2026-08-27 12:44:12.498225,NaN,10,probe,DIGIT4_OFF,149,2026-08-27 12:57:03.992331,771.452295,0.000000,,3,,,,keyboard,digit#4 off,"{""value"":3,""note"":""digit#4 off"",""pd_used"":0}",1,0.016666,60.003127,1
Sergio_G01_CNS-LLF5RV3D8,cpeeg02,ses05,20260827_124329,2026-08-27 12:44:12.498225,NaN,10,probe,POSTDIG_FIX4_ON,154,2026-08-27 12:57:03.993063,771.452295,1.589964,,,,,,keyboard,after digit#4,"{""note"":""after digit#4""}",1,0.016666,60.003127,1
Sergio_G01_CNS-LLF5RV3D8,cpeeg02,ses05,20260827_124329,2026-08-27 12:44:12.498225,NaN,10,probe,POSTDIG_FIX4_OFF,159,2026-08-27 12:57:05.582383,773.042259,0.046407,,,,,,keyboard,after digit#4,"{""note"":""after digit#4"",""pd_used"":0}",1,0.016666,60.003127,1
Sergio_G01_CNS-LLF5RV3D8,cpeeg02,ses05,20260827_124329,2026-08-27 12:44:12.498225,NaN,10,probe,DIGIT_RECALL_LINE_5,165,2026-08-27 12:57:05.633943,773.088666,1.430917,,5,,,,keyboard,next recall question,"{""value"":5,""note"":""next recall question"",""pd_used"":1}",1,0.016666,60.003127,1
Sergio_G01_CNS-LLF5RV3D8,cpeeg02,ses05,20260827_124329,2026-08-27 12:44:12.498225,NaN,10,probe,PROBE_DIGIT_OK_5,71,2026-08-27 12:57:07.494802,774.519583,0.573555,29.100963,slot#5,NaN,,,keyboard,probe_digit#5,"{""value"":""slot#5"",""entered"":null,""rt"":29.100962600205094,""note"":""probe_digit#5""}",1,0.016666,60.003127,1
Sergio_G01_CNS-LLF5RV3D8,cpeeg02,ses05,20260827_124329,2026-08-27 12:44:12.498225,NaN,10,probe,DIGIT5_OFF,150,2026-08-27 12:57:07.633195,775.093138,0.000000,,3,,,,keyboard,digit#5 off,"{""value"":3,""note"":""digit#5 off"",""pd_used"":0}",1,0.016666,60.003127,1
Sergio_G01_CNS-LLF5RV3D8,cpeeg02,ses05,20260827_124329,2026-08-27 12:44:12.498225,NaN,10,probe,POSTDIG_FIX5_ON,155,2026-08-27 12:57:07.633958,775.093138,3.056741,,,,,,keyboard,after digit#5,"{""note"":""after digit#5""}",1,0.016666,60.003127,1
Sergio_G01_CNS-LLF5RV3D8,cpeeg02,ses05,20260827_124329,2026-08-27 12:44:12.498225,NaN,10,probe,POSTDIG_FIX5_OFF,160,2026-08-27 12:57:10.690032,778.149878,0.043751,,,,,,keyboard,after digit#5,"{""note"":""after digit#5"",""pd_used"":0}",1,0.016666,60.003127,1
Sergio_G01_CNS-LLF5RV3D8,cpeeg02,ses05,20260827_124329,2026-08-27 12:44:12.498225,NaN,10,probe,PROBE_DONE,73,2026-08-27 12:57:10.691741,778.193630,0.000666,,,,,,keyboard,probe complete,"{""value"":"""",""note"":""probe complete""}",1,0.016666,60.003127,1
Sergio_G01_CNS-LLF5RV3D8,cpeeg02,ses05,20260827_124329,2026-08-27 12:44:12.498225,NaN,10,probe,TRIAL_END,21,2026-08-27 12:57:10.692304,778.194296,0.105291,,,,,,keyboard,,{},1,0.016666,60.003127,1
Sergio_G01_CNS-LLF5RV3D8,cpeeg02,ses05,20260827_124329,2026-08-27 12:44:12.498225,NaN,10,probe,BLOCK_END,11,2026-08-27 12:57:10.798237,778.299587,0.270758,,,,,,keyboard,,{},1,0.016666,60.003127,1
Sergio_G01_CNS-LLF5RV3D8,cpeeg02,ses05,20260827_124329,2026-08-27 12:44:12.498225,NaN,10,probe,SESSION_END,3,2026-08-27 12:57:11.068843,778.570345,NaN,,,,,,keyboard,,{},1,0.016666,60.003127,1
