file_version,subject,condition,session,task_start_time,block,trial,phase,event_name,event_code,wall_clock,t_rel_sec,duration_to_next,rt,value_shown,entered_value,correct,key_name,device,note,json,screen_index,ifi,refresh_hz,pd_used
Sergio_G01_CNS-LLF5RV3D8,cpeeg02,ses04,20260810_142952,2026-08-10 14:30:39.630436,NaN,NaN,,MIC_NOISEFLOOR,6,2026-08-10 14:30:44.569622,4.939083,4.152787,,,,,,keyboard,,{},2,NaN,NaN,1
Sergio_G01_CNS-LLF5RV3D8,cpeeg02,ses04,20260810_142952,2026-08-10 14:30:39.630436,NaN,NaN,,MIC_REC_SPEECH,7,2026-08-10 14:30:48.722237,9.091870,6.650417,,,,,,keyboard,,{},2,NaN,NaN,1
Sergio_G01_CNS-LLF5RV3D8,cpeeg02,ses04,20260810_142952,2026-08-10 14:30:39.630436,NaN,NaN,,SESSION_START,1,2026-08-10 14:32:16.298513,96.667607,0.001534,,,,,,keyboard,,{},2,0.016667,60.000000,1
Sergio_G01_CNS-LLF5RV3D8,cpeeg02,ses04,20260810_142952,2026-08-10 14:30:39.630436,NaN,NaN,,BLOCK_START,10,2026-08-10 14:32:16.299251,96.669141,0.112124,,,,,,keyboard,,{},2,0.016667,60.000000,1
Sergio_G01_CNS-LLF5RV3D8,cpeeg02,ses04,20260810_142952,2026-08-10 14:30:39.630436,NaN,0,reading,START_PAGE_ON,4,2026-08-10 14:32:16.453406,96.781265,0.046102,,,,,,keyboard,,"{""pd_used"":0}",2,0.016667,60.000000,1
Sergio_G01_CNS-LLF5RV3D8,cpeeg02,ses04,20260810_142952,2026-08-10 14:30:39.630436,NaN,0,reading,START_PAGE_ON,4,2026-08-10 14:32:16.453406,96.781265,7.174491,,,,,,keyboard,,"{""pd_used"":0}",2,0.016667,60.000000,1
Sergio_G01_CNS-LLF5RV3D8,cpeeg02,ses04,20260810_142952,2026-08-10 14:30:39.630436,NaN,0,reading,START_PAGE_ON,4,2026-08-10 14:32:16.453406,96.781265,7.598711,,,,,,keyboard,,"{""pd_used"":0}",2,0.016667,60.000000,1
Sergio_G01_CNS-LLF5RV3D8,cpeeg02,ses04,20260810_142952,2026-08-10 14:30:39.630436,NaN,0,reading,READING_START,23,2026-08-10 14:32:24.010362,104.379976,0.114347,,,,,,keyboard,,{},2,0.016667,60.000000,1
Sergio_G01_CNS-LLF5RV3D8,cpeeg02,ses04,20260810_142952,2026-08-10 14:30:39.630436,NaN,0,reading,DIGIT_READ1_ON,101,2026-08-10 14:32:24.166560,104.494323,3.658118,,3,,,,keyboard,digit#1 shown,"{""value"":3,""note"":""digit#1 shown"",""pd_used"":1}",2,0.016667,60.000000,1
Sergio_G01_CNS-LLF5RV3D8,cpeeg02,ses04,20260810_142952,2026-08-10 14:30:39.630436,NaN,0,reading,PROBE_COUNT_OK_1,71,2026-08-10 14:32:28.432004,108.152441,0.693733,11.374206,slot#1,NaN,,,keyboard,probe_digit#1,"{""value"":""slot#1"",""entered"":null,""rt"":11.374206200009212,""note"":""probe_digit#1""}",2,0.016667,60.000000,1
Sergio_G01_CNS-LLF5RV3D8,cpeeg02,ses04,20260810_142952,2026-08-10 14:30:39.630436,NaN,0,reading,DIGIT_READ1_OFF,116,2026-08-10 14:32:28.526090,108.846174,0.000000,,3,,,,keyboard,digit#1 off,"{""value"":3,""note"":""digit#1 off"",""pd_used"":0}",2,0.016667,60.000000,1
Sergio_G01_CNS-LLF5RV3D8,cpeeg02,ses04,20260810_142952,2026-08-10 14:30:39.630436,NaN,0,reading,POSTREAD_FIX1_ON,201,2026-08-10 14:32:28.527123,108.846174,1.814373,,,,,,keyboard,after digit#1,"{""note"":""after digit#1""}",2,0.016667,60.000000,1
Sergio_G01_CNS-LLF5RV3D8,cpeeg02,ses04,20260810_142952,2026-08-10 14:30:39.630436,NaN,0,reading,POSTREAD_FIX1_OFF,216,2026-08-10 14:32:30.332612,110.660547,0.046370,,,,,,keyboard,after digit#1,"{""note"":""after digit#1"",""pd_used"":0}",2,0.016667,60.000000,1
Sergio_G01_CNS-LLF5RV3D8,cpeeg02,ses04,20260810_142952,2026-08-10 14:30:39.630436,NaN,0,reading,DIGIT_READ2_ON,102,2026-08-10 14:32:30.383833,110.706917,1.184504,,3,,,,keyboard,digit#2 shown,"{""value"":3,""note"":""digit#2 shown"",""pd_used"":1}",2,0.016667,60.000000,1
Sergio_G01_CNS-LLF5RV3D8,cpeeg02,ses04,20260810_142952,2026-08-10 14:30:39.630436,NaN,0,reading,PROBE_COUNT_OK_2,71,2026-08-10 14:32:32.061809,111.891421,0.584702,15.113186,slot#2,NaN,,,keyboard,probe_digit#2,"{""value"":""slot#2"",""entered"":null,""rt"":15.113186400034465,""note"":""probe_digit#2""}",2,0.016667,60.000000,1
Sergio_G01_CNS-LLF5RV3D8,cpeeg02,ses04,20260810_142952,2026-08-10 14:30:39.630436,NaN,0,reading,DIGIT_READ2_OFF,117,2026-08-10 14:32:32.155938,112.476123,0.000000,,3,,,,keyboard,digit#2 off,"{""value"":3,""note"":""digit#2 off"",""pd_used"":0}",2,0.016667,60.000000,1
Sergio_G01_CNS-LLF5RV3D8,cpeeg02,ses04,20260810_142952,2026-08-10 14:30:39.630436,NaN,0,reading,POSTREAD_FIX2_ON,202,2026-08-10 14:32:32.156758,112.476123,1.840068,,,,,,keyboard,after digit#2,"{""note"":""after digit#2""}",2,0.016667,60.000000,1
Sergio_G01_CNS-LLF5RV3D8,cpeeg02,ses04,20260810_142952,2026-08-10 14:30:39.630436,NaN,0,reading,POSTREAD_FIX2_OFF,217,2026-08-10 14:32:33.988434,114.316191,0.046461,,,,,,keyboard,after digit#2,"{""note"":""after digit#2"",""pd_used"":0}",2,0.016667,60.000000,1
Sergio_G01_CNS-LLF5RV3D8,cpeeg02,ses04,20260810_142952,2026-08-10 14:30:39.630436,NaN,0,reading,DIGIT_READ3_ON,103,2026-08-10 14:32:34.039626,114.362652,1.756670,,4,,,,keyboard,digit#3 shown,"{""value"":4,""note"":""digit#3 shown"",""pd_used"":1}",2,0.016667,60.000000,1
Sergio_G01_CNS-LLF5RV3D8,cpeeg02,ses04,20260810_142952,2026-08-10 14:30:39.630436,NaN,0,reading,PROBE_COUNT_OK_3,71,2026-08-10 14:32:36.321633,116.119322,0.615688,19.341087,slot#3,NaN,,,keyboard,probe_digit#3,"{""value"":""slot#3"",""entered"":null,""rt"":19.341086699976586,""note"":""probe_digit#3""}",2,0.016667,60.000000,1
Sergio_G01_CNS-LLF5RV3D8,cpeeg02,ses04,20260810_142952,2026-08-10 14:30:39.630436,NaN,0,reading,DIGIT_READ3_OFF,118,2026-08-10 14:32:36.415538,116.735009,0.000000,,4,,,,keyboard,digit#3 off,"{""value"":4,""note"":""digit#3 off"",""pd_used"":0}",2,0.016667,60.000000,1
Sergio_G01_CNS-LLF5RV3D8,cpeeg02,ses04,20260810_142952,2026-08-10 14:30:39.630436,NaN,0,reading,POSTREAD_FIX3_ON,203,2026-08-10 14:32:36.416298,116.735009,1.566107,,,,,,keyboard,after digit#3,"{""note"":""after digit#3""}",2,0.016667,60.000000,1
Sergio_G01_CNS-LLF5RV3D8,cpeeg02,ses04,20260810_142952,2026-08-10 14:30:39.630436,NaN,0,reading,POSTREAD_FIX3_OFF,218,2026-08-10 14:32:37.973078,118.301116,0.048136,,,,,,keyboard,after digit#3,"{""note"":""after digit#3"",""pd_used"":0}",2,0.016667,60.000000,1
Sergio_G01_CNS-LLF5RV3D8,cpeeg02,ses04,20260810_142952,2026-08-10 14:30:39.630436,NaN,0,reading,DIGIT_READ4_ON,104,2026-08-10 14:32:38.024641,118.349253,1.040810,,8,,,,keyboard,digit#4 shown,"{""value"":8,""note"":""digit#4 shown"",""pd_used"":1}",2,0.016667,60.000000,1
Sergio_G01_CNS-LLF5RV3D8,cpeeg02,ses04,20260810_142952,2026-08-10 14:30:39.630436,NaN,0,reading,PROBE_COUNT_OK_4,71,2026-08-10 14:32:39.441000,119.390063,0.466221,22.611828,slot#4,NaN,,,keyboard,probe_digit#4,"{""value"":""slot#4"",""entered"":null,""rt"":22.611828100052662,""note"":""probe_digit#4""}",2,0.016667,60.000000,1
Sergio_G01_CNS-LLF5RV3D8,cpeeg02,ses04,20260810_142952,2026-08-10 14:30:39.630436,NaN,0,reading,DIGIT_READ4_OFF,119,2026-08-10 14:32:39.534906,119.856284,0.000000,,8,,,,keyboard,digit#4 off,"{""value"":8,""note"":""digit#4 off"",""pd_used"":0}",2,0.016667,60.000000,1
Sergio_G01_CNS-LLF5RV3D8,cpeeg02,ses04,20260810_142952,2026-08-10 14:30:39.630436,NaN,0,reading,POSTREAD_FIX4_ON,204,2026-08-10 14:32:39.535693,119.856284,1.633049,,,,,,keyboard,after digit#4,"{""note"":""after digit#4""}",2,0.016667,60.000000,1
Sergio_G01_CNS-LLF5RV3D8,cpeeg02,ses04,20260810_142952,2026-08-10 14:30:39.630436,NaN,0,reading,POSTREAD_FIX4_OFF,219,2026-08-10 14:32:41.161289,121.489333,0.046119,,,,,,keyboard,after digit#4,"{""note"":""after digit#4"",""pd_used"":0}",2,0.016667,60.000000,1
Sergio_G01_CNS-LLF5RV3D8,cpeeg02,ses04,20260810_142952,2026-08-10 14:30:39.630436,NaN,0,reading,DIGIT_READ5_ON,105,2026-08-10 14:32:41.212978,121.535452,1.815017,,6,,,,keyboard,digit#5 shown,"{""value"":6,""note"":""digit#5 shown"",""pd_used"":1}",2,0.016667,60.000000,1
Sergio_G01_CNS-LLF5RV3D8,cpeeg02,ses04,20260810_142952,2026-08-10 14:30:39.630436,NaN,0,reading,PROBE_COUNT_OK_5,71,2026-08-10 14:32:43.412125,123.350469,0.475142,26.572234,slot#5,NaN,,,keyboard,probe_digit#5,"{""value"":""slot#5"",""entered"":null,""rt"":26.572234499966726,""note"":""probe_digit#5""}",2,0.016667,60.000000,1
Sergio_G01_CNS-LLF5RV3D8,cpeeg02,ses04,20260810_142952,2026-08-10 14:30:39.630436,NaN,0,reading,DIGIT_READ5_OFF,120,2026-08-10 14:32:43.506184,123.825611,0.000000,,6,,,,keyboard,digit#5 off,"{""value"":6,""note"":""digit#5 off"",""pd_used"":0}",2,0.016667,60.000000,1
Sergio_G01_CNS-LLF5RV3D8,cpeeg02,ses04,20260810_142952,2026-08-10 14:30:39.630436,NaN,0,reading,POSTREAD_FIX5_ON,205,2026-08-10 14:32:43.506972,123.825611,1.775451,,,,,,keyboard,after digit#5,"{""note"":""after digit#5""}",2,0.016667,60.000000,1
Sergio_G01_CNS-LLF5RV3D8,cpeeg02,ses04,20260810_142952,2026-08-10 14:30:39.630436,NaN,0,reading,POSTREAD_FIX5_OFF,220,2026-08-10 14:32:45.273170,125.601062,0.046221,,,,,,keyboard,after digit#5,"{""note"":""after digit#5"",""pd_used"":0}",2,0.016667,60.000000,1
Sergio_G01_CNS-LLF5RV3D8,cpeeg02,ses04,20260810_142952,2026-08-10 14:30:39.630436,NaN,0,reading,DIGIT_READ6_ON,106,2026-08-10 14:32:45.324667,125.647283,0.969706,,9,,,,keyboard,digit#6 shown,"{""value"":9,""note"":""digit#6 shown"",""pd_used"":1}",2,0.016667,60.000000,1
Sergio_G01_CNS-LLF5RV3D8,cpeeg02,ses04,20260810_142952,2026-08-10 14:30:39.630436,NaN,0,reading,PROBE_COUNT_OK_6,71,2026-08-10 14:32:46.629670,126.616989,0.426156,29.838754,slot#6,NaN,,,keyboard,probe_digit#6,"{""value"":""slot#6"",""entered"":null,""rt"":29.838754100026563,""note"":""probe_digit#6""}",2,0.016667,60.000000,1
Sergio_G01_CNS-LLF5RV3D8,cpeeg02,ses04,20260810_142952,2026-08-10 14:30:39.630436,NaN,0,reading,DIGIT_READ6_OFF,121,2026-08-10 14:32:46.723777,127.043145,0.000000,,9,,,,keyboard,digit#6 off,"{""value"":9,""note"":""digit#6 off"",""pd_used"":0}",2,0.016667,60.000000,1
Sergio_G01_CNS-LLF5RV3D8,cpeeg02,ses04,20260810_142952,2026-08-10 14:30:39.630436,NaN,0,reading,POSTREAD_FIX6_ON,206,2026-08-10 14:32:46.724637,127.043145,1.658487,,,,,,keyboard,after digit#6,"{""note"":""after digit#6""}",2,0.016667,60.000000,1
Sergio_G01_CNS-LLF5RV3D8,cpeeg02,ses04,20260810_142952,2026-08-10 14:30:39.630436,NaN,0,reading,POSTREAD_FIX6_OFF,221,2026-08-10 14:32:48.373684,128.701632,0.046141,,,,,,keyboard,after digit#6,"{""note"":""after digit#6"",""pd_used"":0}",2,0.016667,60.000000,1
Sergio_G01_CNS-LLF5RV3D8,cpeeg02,ses04,20260810_142952,2026-08-10 14:30:39.630436,NaN,0,reading,DIGIT_READ7_ON,107,2026-08-10 14:32:48.425064,128.747772,1.042041,,4,,,,keyboard,digit#7 shown,"{""value"":4,""note"":""digit#7 shown"",""pd_used"":1}",2,0.016667,60.000000,1
Sergio_G01_CNS-LLF5RV3D8,cpeeg02,ses04,20260810_142952,2026-08-10 14:30:39.630436,NaN,0,reading,PROBE_COUNT_OK_7,71,2026-08-10 14:32:49.990972,129.789813,0.614706,33.011578,slot#7,NaN,,,keyboard,probe_digit#7,"{""value"":""slot#7"",""entered"":null,""rt"":33.011578400037251,""note"":""probe_digit#7""}",2,0.016667,60.000000,1
Sergio_G01_CNS-LLF5RV3D8,cpeeg02,ses04,20260810_142952,2026-08-10 14:30:39.630436,NaN,0,reading,DIGIT_READ7_OFF,122,2026-08-10 14:32:50.085030,130.404519,0.000000,,4,,,,keyboard,digit#7 off,"{""value"":4,""note"":""digit#7 off"",""pd_used"":0}",2,0.016667,60.000000,1
Sergio_G01_CNS-LLF5RV3D8,cpeeg02,ses04,20260810_142952,2026-08-10 14:30:39.630436,NaN,0,reading,POSTREAD_FIX7_ON,207,2026-08-10 14:32:50.085851,130.404519,2.020474,,,,,,keyboard,after digit#7,"{""note"":""after digit#7""}",2,0.016667,60.000000,1
Sergio_G01_CNS-LLF5RV3D8,cpeeg02,ses04,20260810_142952,2026-08-10 14:30:39.630436,NaN,0,reading,POSTREAD_FIX7_OFF,222,2026-08-10 14:32:52.097028,132.424993,0.046252,,,,,,keyboard,after digit#7,"{""note"":""after digit#7"",""pd_used"":0}",2,0.016667,60.000000,1
Sergio_G01_CNS-LLF5RV3D8,cpeeg02,ses04,20260810_142952,2026-08-10 14:30:39.630436,NaN,0,reading,DIGIT_READ8_ON,108,2026-08-10 14:32:52.148531,132.471245,0.967736,,1,,,,keyboard,digit#8 shown,"{""value"":1,""note"":""digit#8 shown"",""pd_used"":1}",2,0.016667,60.000000,1
Sergio_G01_CNS-LLF5RV3D8,cpeeg02,ses04,20260810_142952,2026-08-10 14:30:39.630436,NaN,0,reading,PROBE_COUNT_OK_8,71,2026-08-10 14:32:53.694215,133.438981,0.668808,36.660746,slot#8,NaN,,,keyboard,probe_digit#8,"{""value"":""slot#8"",""entered"":null,""rt"":36.660745900007896,""note"":""probe_digit#8""}",2,0.016667,60.000000,1
Sergio_G01_CNS-LLF5RV3D8,cpeeg02,ses04,20260810_142952,2026-08-10 14:30:39.630436,NaN,0,reading,DIGIT_READ8_OFF,123,2026-08-10 14:32:53.788318,134.107788,0.000000,,1,,,,keyboard,digit#8 off,"{""value"":1,""note"":""digit#8 off"",""pd_used"":0}",2,0.016667,60.000000,1
Sergio_G01_CNS-LLF5RV3D8,cpeeg02,ses04,20260810_142952,2026-08-10 14:30:39.630436,NaN,0,reading,POSTREAD_FIX8_ON,208,2026-08-10 14:32:53.789100,134.107788,1.628522,,,,,,keyboard,after digit#8,"{""note"":""after digit#8""}",2,0.016667,60.000000,1
Sergio_G01_CNS-LLF5RV3D8,cpeeg02,ses04,20260810_142952,2026-08-10 14:30:39.630436,NaN,0,reading,POSTREAD_FIX8_OFF,223,2026-08-10 14:32:55.408666,135.736310,0.046611,,,,,,keyboard,after digit#8,"{""note"":""after digit#8"",""pd_used"":0}",2,0.016667,60.000000,1
Sergio_G01_CNS-LLF5RV3D8,cpeeg02,ses04,20260810_142952,2026-08-10 14:30:39.630436,NaN,0,reading,DIGIT_READ9_ON,109,2026-08-10 14:32:55.460221,135.782921,0.812363,,7,,,,keyboard,digit#9 shown,"{""value"":7,""note"":""digit#9 shown"",""pd_used"":1}",2,0.016667,60.000000,1
Sergio_G01_CNS-LLF5RV3D8,cpeeg02,ses04,20260810_142952,2026-08-10 14:30:39.630436,NaN,0,reading,PROBE_COUNT_OK_9,71,2026-08-10 14:32:56.660538,136.595284,0.478880,39.817049,slot#9,NaN,,,keyboard,probe_digit#9,"{""value"":""slot#9"",""entered"":null,""rt"":39.817048800061457,""note"":""probe_digit#9""}",2,0.016667,60.000000,1
Sergio_G01_CNS-LLF5RV3D8,cpeeg02,ses04,20260810_142952,2026-08-10 14:30:39.630436,NaN,0,reading,DIGIT_READ9_OFF,124,2026-08-10 14:32:56.754516,137.074163,0.000000,,7,,,,keyboard,digit#9 off,"{""value"":7,""note"":""digit#9 off"",""pd_used"":0}",2,0.016667,60.000000,1
Sergio_G01_CNS-LLF5RV3D8,cpeeg02,ses04,20260810_142952,2026-08-10 14:30:39.630436,NaN,0,reading,POSTREAD_FIX9_ON,209,2026-08-10 14:32:56.755292,137.074163,1.673143,,,,,,keyboard,after digit#9,"{""note"":""after digit#9""}",2,0.016667,60.000000,1
Sergio_G01_CNS-LLF5RV3D8,cpeeg02,ses04,20260810_142952,2026-08-10 14:30:39.630436,NaN,0,reading,POSTREAD_FIX9_OFF,224,2026-08-10 14:32:58.419458,138.747306,0.046283,,,,,,keyboard,after digit#9,"{""note"":""after digit#9"",""pd_used"":0}",2,0.016667,60.000000,1
Sergio_G01_CNS-LLF5RV3D8,cpeeg02,ses04,20260810_142952,2026-08-10 14:30:39.630436,NaN,0,reading,DIGIT_READ10_ON,110,2026-08-10 14:32:58.470978,138.793589,2.303344,,7,,,,keyboard,digit#10 shown,"{""value"":7,""note"":""digit#10 shown"",""pd_used"":1}",2,0.016667,60.000000,1
Sergio_G01_CNS-LLF5RV3D8,cpeeg02,ses04,20260810_142952,2026-08-10 14:30:39.630436,NaN,0,reading,PROBE_COUNT_OK_10,71,2026-08-10 14:33:01.193608,141.096933,0.510123,44.318698,slot#10,NaN,,,keyboard,probe_digit#10,"{""value"":""slot#10"",""entered"":null,""rt"":44.3186978000449,""note"":""probe_digit#10""}",2,0.016667,60.000000,1
Sergio_G01_CNS-LLF5RV3D8,cpeeg02,ses04,20260810_142952,2026-08-10 14:30:39.630436,NaN,0,reading,DIGIT_READ10_OFF,125,2026-08-10 14:33:01.287538,141.607056,0.000000,,7,,,,keyboard,digit#10 off,"{""value"":7,""note"":""digit#10 off"",""pd_used"":0}",2,0.016667,60.000000,1
Sergio_G01_CNS-LLF5RV3D8,cpeeg02,ses04,20260810_142952,2026-08-10 14:30:39.630436,NaN,0,reading,POSTREAD_FIX10_ON,210,2026-08-10 14:33:01.288656,141.607056,1.849255,,,,,,keyboard,after digit#10,"{""note"":""after digit#10""}",2,0.016667,60.000000,1
Sergio_G01_CNS-LLF5RV3D8,cpeeg02,ses04,20260810_142952,2026-08-10 14:30:39.630436,NaN,0,reading,POSTREAD_FIX10_OFF,225,2026-08-10 14:33:03.128403,143.456311,0.046381,,,,,,keyboard,after digit#10,"{""note"":""after digit#10"",""pd_used"":0}",2,0.016667,60.000000,1
Sergio_G01_CNS-LLF5RV3D8,cpeeg02,ses04,20260810_142952,2026-08-10 14:30:39.630436,NaN,0,reading,DIGIT_READ11_ON,111,2026-08-10 14:33:03.180031,143.502692,2.252989,,4,,,,keyboard,digit#11 shown,"{""value"":4,""note"":""digit#11 shown"",""pd_used"":1}",2,0.016667,60.000000,1
Sergio_G01_CNS-LLF5RV3D8,cpeeg02,ses04,20260810_142952,2026-08-10 14:30:39.630436,NaN,0,reading,PROBE_COUNT_OK_11,71,2026-08-10 14:33:06.110934,145.755681,0.768319,48.977446,slot#11,NaN,,,keyboard,probe_digit#11,"{""value"":""slot#11"",""entered"":null,""rt"":48.9774462999776,""note"":""probe_digit#11""}",2,0.016667,60.000000,1
Sergio_G01_CNS-LLF5RV3D8,cpeeg02,ses04,20260810_142952,2026-08-10 14:30:39.630436,NaN,0,reading,DIGIT_READ11_OFF,126,2026-08-10 14:33:06.204649,146.524000,0.000000,,4,,,,keyboard,digit#11 off,"{""value"":4,""note"":""digit#11 off"",""pd_used"":0}",2,0.016667,60.000000,1
Sergio_G01_CNS-LLF5RV3D8,cpeeg02,ses04,20260810_142952,2026-08-10 14:30:39.630436,NaN,0,reading,POSTREAD_FIX11_ON,211,2026-08-10 14:33:06.205417,146.524000,1.588288,,,,,,keyboard,after digit#11,"{""note"":""after digit#11""}",2,0.016667,60.000000,1
Sergio_G01_CNS-LLF5RV3D8,cpeeg02,ses04,20260810_142952,2026-08-10 14:30:39.630436,NaN,0,reading,POSTREAD_FIX11_OFF,226,2026-08-10 14:33:07.784310,148.112288,0.046310,,,,,,keyboard,after digit#11,"{""note"":""after digit#11"",""pd_used"":0}",2,0.016667,60.000000,1
Sergio_G01_CNS-LLF5RV3D8,cpeeg02,ses04,20260810_142952,2026-08-10 14:30:39.630436,NaN,0,reading,DIGIT_READ12_ON,112,2026-08-10 14:33:07.835737,148.158599,1.689734,,2,,,,keyboard,digit#12 shown,"{""value"":2,""note"":""digit#12 shown"",""pd_used"":1}",2,0.016667,60.000000,1
Sergio_G01_CNS-LLF5RV3D8,cpeeg02,ses04,20260810_142952,2026-08-10 14:30:39.630436,NaN,0,reading,PROBE_COUNT_OK_12,71,2026-08-10 14:33:09.953325,149.848332,0.518611,53.070097,slot#12,NaN,,,keyboard,probe_digit#12,"{""value"":""slot#12"",""entered"":null,""rt"":53.0700974999927,""note"":""probe_digit#12""}",2,0.016667,60.000000,1
Sergio_G01_CNS-LLF5RV3D8,cpeeg02,ses04,20260810_142952,2026-08-10 14:30:39.630436,NaN,0,reading,DIGIT_READ12_OFF,127,2026-08-10 14:33:10.047103,150.366943,0.000000,,2,,,,keyboard,digit#12 off,"{""value"":2,""note"":""digit#12 off"",""pd_used"":0}",2,0.016667,60.000000,1
Sergio_G01_CNS-LLF5RV3D8,cpeeg02,ses04,20260810_142952,2026-08-10 14:30:39.630436,NaN,0,reading,POSTREAD_FIX12_ON,212,2026-08-10 14:33:10.047879,150.366943,1.726218,,,,,,keyboard,after digit#12,"{""note"":""after digit#12""}",2,0.016667,60.000000,1
Sergio_G01_CNS-LLF5RV3D8,cpeeg02,ses04,20260810_142952,2026-08-10 14:30:39.630436,NaN,0,reading,POSTREAD_FIX12_OFF,227,2026-08-10 14:33:11.765222,152.093161,0.046004,,,,,,keyboard,after digit#12,"{""note"":""after digit#12"",""pd_used"":0}",2,0.016667,60.000000,1
Sergio_G01_CNS-LLF5RV3D8,cpeeg02,ses04,20260810_142952,2026-08-10 14:30:39.630436,NaN,0,reading,DIGIT_READ13_ON,113,2026-08-10 14:33:11.816796,152.139166,1.547277,,7,,,,keyboard,digit#13 shown,"{""value"":7,""note"":""digit#13 shown"",""pd_used"":1}",2,0.016667,60.000000,1
Sergio_G01_CNS-LLF5RV3D8,cpeeg02,ses04,20260810_142952,2026-08-10 14:30:39.630436,NaN,0,reading,PROBE_COUNT_OK_13,71,2026-08-10 14:33:13.961206,153.686443,0.688102,56.908208,slot#13,NaN,,,keyboard,probe_digit#13,"{""value"":""slot#13"",""entered"":null,""rt"":56.9082083000103,""note"":""probe_digit#13""}",2,0.016667,60.000000,1
Sergio_G01_CNS-LLF5RV3D8,cpeeg02,ses04,20260810_142952,2026-08-10 14:30:39.630436,NaN,0,reading,DIGIT_READ13_OFF,128,2026-08-10 14:33:14.055274,154.374545,0.000000,,7,,,,keyboard,digit#13 off,"{""value"":7,""note"":""digit#13 off"",""pd_used"":0}",2,0.016667,60.000000,1
Sergio_G01_CNS-LLF5RV3D8,cpeeg02,ses04,20260810_142952,2026-08-10 14:30:39.630436,NaN,0,reading,POSTREAD_FIX13_ON,213,2026-08-10 14:33:14.056067,154.374545,1.558371,,,,,,keyboard,after digit#13,"{""note"":""after digit#13""}",2,0.016667,60.000000,1
Sergio_G01_CNS-LLF5RV3D8,cpeeg02,ses04,20260810_142952,2026-08-10 14:30:39.630436,NaN,0,reading,POSTREAD_FIX13_OFF,228,2026-08-10 14:33:15.605108,155.932916,0.046086,,,,,,keyboard,after digit#13,"{""note"":""after digit#13"",""pd_used"":0}",2,0.016667,60.000000,1
Sergio_G01_CNS-LLF5RV3D8,cpeeg02,ses04,20260810_142952,2026-08-10 14:30:39.630436,NaN,0,reading,DIGIT_READ14_ON,114,2026-08-10 14:33:15.656414,155.979002,1.516853,,3,,,,keyboard,digit#14 shown,"{""value"":3,""note"":""digit#14 shown"",""pd_used"":1}",2,0.016667,60.000000,1
Sergio_G01_CNS-LLF5RV3D8,cpeeg02,ses04,20260810_142952,2026-08-10 14:30:39.630436,NaN,0,reading,PROBE_COUNT_OK_14,71,2026-08-10 14:33:17.610295,157.495855,0.527729,60.717620,slot#14,NaN,,,keyboard,probe_digit#14,"{""value"":""slot#14"",""entered"":null,""rt"":60.717619900009595,""note"":""probe_digit#14""}",2,0.016667,60.000000,1
Sergio_G01_CNS-LLF5RV3D8,cpeeg02,ses04,20260810_142952,2026-08-10 14:30:39.630436,NaN,0,reading,DIGIT_READ14_OFF,129,2026-08-10 14:33:17.704137,158.023584,0.000000,,3,,,,keyboard,digit#14 off,"{""value"":3,""note"":""digit#14 off"",""pd_used"":0}",2,0.016667,60.000000,1
Sergio_G01_CNS-LLF5RV3D8,cpeeg02,ses04,20260810_142952,2026-08-10 14:30:39.630436,NaN,0,reading,POSTREAD_FIX14_ON,214,2026-08-10 14:33:17.705013,158.023584,1.633339,,,,,,keyboard,after digit#14,"{""note"":""after digit#14""}",2,0.016667,60.000000,1
Sergio_G01_CNS-LLF5RV3D8,cpeeg02,ses04,20260810_142952,2026-08-10 14:30:39.630436,NaN,0,reading,POSTREAD_FIX14_OFF,229,2026-08-10 14:33:19.328969,159.656923,0.046467,,,,,,keyboard,after digit#14,"{""note"":""after digit#14"",""pd_used"":0}",2,0.016667,60.000000,1
Sergio_G01_CNS-LLF5RV3D8,cpeeg02,ses04,20260810_142952,2026-08-10 14:30:39.630436,NaN,0,reading,DIGIT_READ15_ON,115,2026-08-10 14:33:19.380339,159.703390,1.492097,,4,,,,keyboard,digit#15 shown,"{""value"":4,""note"":""digit#15 shown"",""pd_used"":1}",2,0.016667,60.000000,1
Sergio_G01_CNS-LLF5RV3D8,cpeeg02,ses04,20260810_142952,2026-08-10 14:30:39.630436,NaN,0,reading,PROBE_COUNT_OK_15,71,2026-08-10 14:33:21.351759,161.195486,0.569934,64.417251,slot#15,NaN,,,keyboard,probe_digit#15,"{""value"":""slot#15"",""entered"":null,""rt"":64.41725130006671,""note"":""probe_digit#15""}",2,0.016667,60.000000,1
Sergio_G01_CNS-LLF5RV3D8,cpeeg02,ses04,20260810_142952,2026-08-10 14:30:39.630436,NaN,0,reading,DIGIT_READ15_OFF,130,2026-08-10 14:33:21.445832,161.765420,0.000000,,4,,,,keyboard,digit#15 off,"{""value"":4,""note"":""digit#15 off"",""pd_used"":0}",2,0.016667,60.000000,1
Sergio_G01_CNS-LLF5RV3D8,cpeeg02,ses04,20260810_142952,2026-08-10 14:30:39.630436,NaN,0,reading,POSTREAD_FIX15_ON,215,2026-08-10 14:33:21.446625,161.765420,3.066331,,,,,,keyboard,after digit#15,"{""note"":""after digit#15""}",2,0.016667,60.000000,1
Sergio_G01_CNS-LLF5RV3D8,cpeeg02,ses04,20260810_142952,2026-08-10 14:30:39.630436,NaN,0,reading,POSTREAD_FIX15_OFF,230,2026-08-10 14:33:24.503885,164.831751,0.043927,,,,,,keyboard,after digit#15,"{""note"":""after digit#15"",""pd_used"":0}",2,0.016667,60.000000,1
Sergio_G01_CNS-LLF5RV3D8,cpeeg02,ses04,20260810_142952,2026-08-10 14:30:39.630436,NaN,0,reading,READING_END,24,2026-08-10 14:33:24.505909,164.875678,0.051244,,,,,,keyboard,,{},2,0.016667,60.000000,1
Sergio_G01_CNS-LLF5RV3D8,cpeeg02,ses04,20260810_142952,2026-08-10 14:30:39.630436,NaN,0,reading,START_PAGE_ON,4,2026-08-10 14:33:24.606695,164.926922,0.052222,,,,,,keyboard,,"{""pd_used"":0}",2,0.016667,60.000000,1
Sergio_G01_CNS-LLF5RV3D8,cpeeg02,ses04,20260810_142952,2026-08-10 14:30:39.630436,NaN,0,reading,START_PAGE_ON,4,2026-08-10 14:33:24.606695,164.926922,5.948501,,,,,,keyboard,,"{""pd_used"":0}",2,0.016667,60.000000,1
Sergio_G01_CNS-LLF5RV3D8,cpeeg02,ses04,20260810_142952,2026-08-10 14:30:39.630436,NaN,0,reading,START_PAGE_ON,4,2026-08-10 14:33:24.606695,164.926922,6.315069,,,,,,keyboard,,"{""pd_used"":0}",2,0.016667,60.000000,1
Sergio_G01_CNS-LLF5RV3D8,cpeeg02,ses04,20260810_142952,2026-08-10 14:30:39.630436,NaN,1,reading,TRIAL_CHANGE,22,2026-08-10 14:33:30.872476,171.241991,0.001164,,,,,,keyboard,trial transition,"{""note"":""trial transition""}",2,0.016667,60.000000,1
Sergio_G01_CNS-LLF5RV3D8,cpeeg02,ses04,20260810_142952,2026-08-10 14:30:39.630436,NaN,1,reading,TRIAL_START,20,2026-08-10 14:33:30.873364,171.243156,0.051518,,,,,,keyboard,,{},2,0.016667,60.000000,1
Sergio_G01_CNS-LLF5RV3D8,cpeeg02,ses04,20260810_142952,2026-08-10 14:30:39.630436,NaN,1,fix1,FIX1_ON,30,2026-08-10 14:33:30.974881,171.294674,3.156602,,,,,,keyboard,,"{""pd_used"":0}",2,0.016667,60.000000,1
Sergio_G01_CNS-LLF5RV3D8,cpeeg02,ses04,20260810_142952,2026-08-10 14:30:39.630436,NaN,1,fix1,FIX1_OFF,31,2026-08-10 14:33:34.123432,174.451276,0.044444,,,,,,keyboard,,"{""pd_used"":0}",2,0.016667,60.000000,1
Sergio_G01_CNS-LLF5RV3D8,cpeeg02,ses04,20260810_142952,2026-08-10 14:30:39.630436,NaN,1,digit,DIGIT1_ON,141,2026-08-10 14:33:34.174917,174.495720,0.551579,,9,,,,keyboard,digit#1 shown,"{""value"":9,""note"":""digit#1 shown"",""pd_used"":1}",2,0.016667,60.000000,1
Sergio_G01_CNS-LLF5RV3D8,cpeeg02,ses04,20260810_142952,2026-08-10 14:30:39.630436,NaN,1,digit,DIGIT1_OFF,146,2026-08-10 14:33:34.719446,175.047299,0.000000,,9,,,,keyboard,digit#1 off,"{""value"":9,""note"":""digit#1 off"",""pd_used"":0}",2,0.016667,60.000000,1
Sergio_G01_CNS-LLF5RV3D8,cpeeg02,ses04,20260810_142952,2026-08-10 14:30:39.630436,NaN,1,digit,POSTDIG_FIX1_ON,151,2026-08-10 14:33:34.720465,175.047299,1.916850,,,,,,keyboard,after digit#1,"{""note"":""after digit#1""}",2,0.016667,60.000000,1
Sergio_G01_CNS-LLF5RV3D8,cpeeg02,ses04,20260810_142952,2026-08-10 14:30:39.630436,NaN,1,digit,POSTDIG_FIX1_OFF,156,2026-08-10 14:33:36.636303,176.964149,0.044294,,,,,,keyboard,after digit#1,"{""note"":""after digit#1"",""pd_used"":0}",2,0.016667,60.000000,1
Sergio_G01_CNS-LLF5RV3D8,cpeeg02,ses04,20260810_142952,2026-08-10 14:30:39.630436,NaN,1,digit,DIGIT2_ON,142,2026-08-10 14:33:36.687846,177.008443,0.551690,,1,,,,keyboard,digit#2 shown,"{""value"":1,""note"":""digit#2 shown"",""pd_used"":1}",2,0.016667,60.000000,1
Sergio_G01_CNS-LLF5RV3D8,cpeeg02,ses04,20260810_142952,2026-08-10 14:30:39.630436,NaN,1,digit,DIGIT2_OFF,147,2026-08-10 14:33:37.232335,177.560133,0.000000,,1,,,,keyboard,digit#2 off,"{""value"":1,""note"":""digit#2 off"",""pd_used"":0}",2,0.016667,60.000000,1
Sergio_G01_CNS-LLF5RV3D8,cpeeg02,ses04,20260810_142952,2026-08-10 14:30:39.630436,NaN,1,digit,POSTDIG_FIX2_ON,152,2026-08-10 14:33:37.233157,177.560133,1.817383,,,,,,keyboard,after digit#2,"{""note"":""after digit#2""}",2,0.016667,60.000000,1
Sergio_G01_CNS-LLF5RV3D8,cpeeg02,ses04,20260810_142952,2026-08-10 14:30:39.630436,NaN,1,digit,POSTDIG_FIX2_OFF,157,2026-08-10 14:33:39.049803,179.377515,0.044302,,,,,,keyboard,after digit#2,"{""note"":""after digit#2"",""pd_used"":0}",2,0.016667,60.000000,1
Sergio_G01_CNS-LLF5RV3D8,cpeeg02,ses04,20260810_142952,2026-08-10 14:30:39.630436,NaN,1,digit,DIGIT3_ON,143,2026-08-10 14:33:39.101116,179.421817,0.551230,,7,,,,keyboard,digit#3 shown,"{""value"":7,""note"":""digit#3 shown"",""pd_used"":1}",2,0.016667,60.000000,1
Sergio_G01_CNS-LLF5RV3D8,cpeeg02,ses04,20260810_142952,2026-08-10 14:30:39.630436,NaN,1,digit,DIGIT3_OFF,148,2026-08-10 14:33:39.645596,179.973047,0.000000,,7,,,,keyboard,digit#3 off,"{""value"":7,""note"":""digit#3 off"",""pd_used"":0}",2,0.016667,60.000000,1
Sergio_G01_CNS-LLF5RV3D8,cpeeg02,ses04,20260810_142952,2026-08-10 14:30:39.630436,NaN,1,digit,POSTDIG_FIX3_ON,153,2026-08-10 14:33:39.646442,179.973047,2.007362,,,,,,keyboard,after digit#3,"{""note"":""after digit#3""}",2,0.016667,60.000000,1
Sergio_G01_CNS-LLF5RV3D8,cpeeg02,ses04,20260810_142952,2026-08-10 14:30:39.630436,NaN,1,digit,POSTDIG_FIX3_OFF,158,2026-08-10 14:33:41.652583,181.980410,0.044294,,,,,,keyboard,after digit#3,"{""note"":""after digit#3"",""pd_used"":0}",2,0.016667,60.000000,1
Sergio_G01_CNS-LLF5RV3D8,cpeeg02,ses04,20260810_142952,2026-08-10 14:30:39.630436,NaN,1,digit,DIGIT4_ON,144,2026-08-10 14:33:41.704189,182.024704,0.551481,,0,,,,keyboard,digit#4 shown,"{""value"":0,""note"":""digit#4 shown"",""pd_used"":1}",2,0.016667,60.000000,1
Sergio_G01_CNS-LLF5RV3D8,cpeeg02,ses04,20260810_142952,2026-08-10 14:30:39.630436,NaN,1,digit,DIGIT4_OFF,149,2026-08-10 14:33:42.248277,182.576185,0.000000,,0,,,,keyboard,digit#4 off,"{""value"":0,""note"":""digit#4 off"",""pd_used"":0}",2,0.016667,60.000000,1
Sergio_G01_CNS-LLF5RV3D8,cpeeg02,ses04,20260810_142952,2026-08-10 14:30:39.630436,NaN,1,digit,POSTDIG_FIX4_ON,154,2026-08-10 14:33:42.249097,182.576185,1.612529,,,,,,keyboard,after digit#4,"{""note"":""after digit#4""}",2,0.016667,60.000000,1
Sergio_G01_CNS-LLF5RV3D8,cpeeg02,ses04,20260810_142952,2026-08-10 14:30:39.630436,NaN,1,digit,POSTDIG_FIX4_OFF,159,2026-08-10 14:33:43.860855,184.188714,0.044192,,,,,,keyboard,after digit#4,"{""note"":""after digit#4"",""pd_used"":0}",2,0.016667,60.000000,1
Sergio_G01_CNS-LLF5RV3D8,cpeeg02,ses04,20260810_142952,2026-08-10 14:30:39.630436,NaN,1,digit,DIGIT5_ON,145,2026-08-10 14:33:43.912206,184.232906,0.551686,,7,,,,keyboard,digit#5 shown,"{""value"":7,""note"":""digit#5 shown"",""pd_used"":1}",2,0.016667,60.000000,1
Sergio_G01_CNS-LLF5RV3D8,cpeeg02,ses04,20260810_142952,2026-08-10 14:30:39.630436,NaN,1,digit,DIGIT5_OFF,150,2026-08-10 14:33:44.456741,184.784592,0.000000,,7,,,,keyboard,digit#5 off,"{""value"":7,""note"":""digit#5 off"",""pd_used"":0}",2,0.016667,60.000000,1
Sergio_G01_CNS-LLF5RV3D8,cpeeg02,ses04,20260810_142952,2026-08-10 14:30:39.630436,NaN,1,digit,POSTDIG_FIX5_ON,155,2026-08-10 14:33:44.457523,184.784592,3.345733,,,,,,keyboard,after digit#5,"{""note"":""after digit#5""}",2,0.016667,60.000000,1
Sergio_G01_CNS-LLF5RV3D8,cpeeg02,ses04,20260810_142952,2026-08-10 14:30:39.630436,NaN,1,digit,POSTDIG_FIX5_OFF,160,2026-08-10 14:33:47.802398,188.130325,0.045383,,,,,,keyboard,after digit#5,"{""note"":""after digit#5"",""pd_used"":0}",2,0.016667,60.000000,1
Sergio_G01_CNS-LLF5RV3D8,cpeeg02,ses04,20260810_142952,2026-08-10 14:30:39.630436,NaN,1,distractor,DISTRACTOR_ON,50,2026-08-10 14:33:47.854107,188.175708,3.866870,,7+7=17,,,,keyboard,,"{""value"":""7+7=17"",""isCorrectTruth"":false,""trueSum"":14,""pd_used"":1}",2,0.016667,60.000000,1
Sergio_G01_CNS-LLF5RV3D8,cpeeg02,ses04,20260810_142952,2026-08-10 14:30:39.630436,NaN,1,distractor,DISTRACTOR_ANS,51,2026-08-10 14:33:52.173450,192.042578,0.000000,3.866870,7+7=17,F,1,,keyboard,key= (False),"{""value"":""7+7=17"",""entered"":""F"",""rt"":3.86687000002712,""correct"":1,""note"":""key= (False)"",""truth"":false,""trueSum"":14,""shownSum"":17,""a"":7,""b"":7}",2,0.016667,60.000000,1
Sergio_G01_CNS-LLF5RV3D8,cpeeg02,ses04,20260810_142952,2026-08-10 14:30:39.630436,NaN,1,distractor,ANS_CORRECT,100,2026-08-10 14:33:52.216366,192.042578,0.545865,,,,,,keyboard,,{},2,0.016667,60.000000,1
Sergio_G01_CNS-LLF5RV3D8,cpeeg02,ses04,20260810_142952,2026-08-10 14:30:39.630436,NaN,1,distractor,DISTRACTOR_OFF,52,2026-08-10 14:33:52.267777,192.588442,0.000000,,,,,,keyboard,,"{""pd_used"":0}",2,0.016667,60.000000,1
Sergio_G01_CNS-LLF5RV3D8,cpeeg02,ses04,20260810_142952,2026-08-10 14:30:39.630436,NaN,1,distractor,FIX2_ON,60,2026-08-10 14:33:52.268825,192.588442,3.264569,,,,,,keyboard,immediate after response,"{""note"":""immediate after response""}",2,0.016667,60.000000,1
Sergio_G01_CNS-LLF5RV3D8,cpeeg02,ses04,20260810_142952,2026-08-10 14:30:39.630436,NaN,1,fix2,FIX2_OFF,61,2026-08-10 14:33:55.525134,195.853011,0.045198,,,,,,keyboard,,"{""pd_used"":0}",2,0.016667,60.000000,1
Sergio_G01_CNS-LLF5RV3D8,cpeeg02,ses04,20260810_142952,2026-08-10 14:30:39.630436,NaN,1,probe,DIGIT_RECALL_LINE_1,161,2026-08-10 14:33:55.576803,195.898209,1.760728,,1,,,,keyboard,first recall question,"{""value"":1,""note"":""first recall question"",""pd_used"":1}",2,0.016667,60.000000,1
Sergio_G01_CNS-LLF5RV3D8,cpeeg02,ses04,20260810_142952,2026-08-10 14:30:39.630436,NaN,1,probe,PROBE_DIGIT_OK_1,71,2026-08-10 14:33:57.991239,197.658937,0.799588,1.762927,slot#1,NaN,,,keyboard,probe_digit#1,"{""value"":""slot#1"",""entered"":null,""rt"":1.7629267999436706,""note"":""probe_digit#1""}",2,0.016667,60.000000,1
Sergio_G01_CNS-LLF5RV3D8,cpeeg02,ses04,20260810_142952,2026-08-10 14:30:39.630436,NaN,1,probe,DIGIT1_OFF,146,2026-08-10 14:33:58.130483,198.458525,0.000000,,7,,,,keyboard,digit#1 off,"{""value"":7,""note"":""digit#1 off"",""pd_used"":0}",2,0.016667,60.000000,1
Sergio_G01_CNS-LLF5RV3D8,cpeeg02,ses04,20260810_142952,2026-08-10 14:30:39.630436,NaN,1,probe,POSTDIG_FIX1_ON,151,2026-08-10 14:33:58.131642,198.458525,2.028551,,,,,,keyboard,after digit#1,"{""note"":""after digit#1""}",2,0.016667,60.000000,1
Sergio_G01_CNS-LLF5RV3D8,cpeeg02,ses04,20260810_142952,2026-08-10 14:30:39.630436,NaN,1,probe,POSTDIG_FIX1_OFF,156,2026-08-10 14:34:00.159331,200.487076,0.047274,,,,,,keyboard,after digit#1,"{""note"":""after digit#1"",""pd_used"":0}",2,0.016667,60.000000,1
Sergio_G01_CNS-LLF5RV3D8,cpeeg02,ses04,20260810_142952,2026-08-10 14:30:39.630436,NaN,1,probe,DIGIT_RECALL_LINE_2,162,2026-08-10 14:34:00.210711,200.534350,1.126582,,2,,,,keyboard,next recall question,"{""value"":2,""note"":""next recall question"",""pd_used"":1}",2,0.016667,60.000000,1
Sergio_G01_CNS-LLF5RV3D8,cpeeg02,ses04,20260810_142952,2026-08-10 14:30:39.630436,NaN,1,probe,PROBE_DIGIT_OK_2,71,2026-08-10 14:34:01.670645,201.660932,0.505266,5.764922,slot#2,NaN,,,keyboard,probe_digit#2,"{""value"":""slot#2"",""entered"":null,""rt"":5.7649218000005931,""note"":""probe_digit#2""}",2,0.016667,60.000000,1
Sergio_G01_CNS-LLF5RV3D8,cpeeg02,ses04,20260810_142952,2026-08-10 14:30:39.630436,NaN,1,probe,DIGIT2_OFF,147,2026-08-10 14:34:01.838217,202.166198,0.000000,,7,,,,keyboard,digit#2 off,"{""value"":7,""note"":""digit#2 off"",""pd_used"":0}",2,0.016667,60.000000,1
Sergio_G01_CNS-LLF5RV3D8,cpeeg02,ses04,20260810_142952,2026-08-10 14:30:39.630436,NaN,1,probe,POSTDIG_FIX2_ON,152,2026-08-10 14:34:01.839054,202.166198,1.893577,,,,,,keyboard,after digit#2,"{""note"":""after digit#2""}",2,0.016667,60.000000,1
Sergio_G01_CNS-LLF5RV3D8,cpeeg02,ses04,20260810_142952,2026-08-10 14:30:39.630436,NaN,1,probe,POSTDIG_FIX2_OFF,157,2026-08-10 14:34:03.732093,204.059775,0.046330,,,,,,keyboard,after digit#2,"{""note"":""after digit#2"",""pd_used"":0}",2,0.016667,60.000000,1
Sergio_G01_CNS-LLF5RV3D8,cpeeg02,ses04,20260810_142952,2026-08-10 14:30:39.630436,NaN,1,probe,DIGIT_RECALL_LINE_3,163,2026-08-10 14:34:03.783141,204.106106,2.077413,,3,,,,keyboard,next recall question,"{""value"":3,""note"":""next recall question"",""pd_used"":1}",2,0.016667,60.000000,1
Sergio_G01_CNS-LLF5RV3D8,cpeeg02,ses04,20260810_142952,2026-08-10 14:30:39.630436,NaN,1,probe,PROBE_DIGIT_OK_3,71,2026-08-10 14:34:06.230884,206.183519,0.525939,10.287508,slot#3,NaN,,,keyboard,probe_digit#3,"{""value"":""slot#3"",""entered"":null,""rt"":10.28750819992274,""note"":""probe_digit#3""}",2,0.016667,60.000000,1
Sergio_G01_CNS-LLF5RV3D8,cpeeg02,ses04,20260810_142952,2026-08-10 14:30:39.630436,NaN,1,probe,DIGIT3_OFF,148,2026-08-10 14:34:06.381608,206.709458,0.000000,,7,,,,keyboard,digit#3 off,"{""value"":7,""note"":""digit#3 off"",""pd_used"":0}",2,0.016667,60.000000,1
Sergio_G01_CNS-LLF5RV3D8,cpeeg02,ses04,20260810_142952,2026-08-10 14:30:39.630436,NaN,1,probe,POSTDIG_FIX3_ON,153,2026-08-10 14:34:06.382416,206.709458,1.579528,,,,,,keyboard,after digit#3,"{""note"":""after digit#3""}",2,0.016667,60.000000,1
Sergio_G01_CNS-LLF5RV3D8,cpeeg02,ses04,20260810_142952,2026-08-10 14:30:39.630436,NaN,1,probe,POSTDIG_FIX3_OFF,158,2026-08-10 14:34:07.961295,208.288985,0.046393,,,,,,keyboard,after digit#3,"{""note"":""after digit#3"",""pd_used"":0}",2,0.016667,60.000000,1
Sergio_G01_CNS-LLF5RV3D8,cpeeg02,ses04,20260810_142952,2026-08-10 14:30:39.630436,NaN,1,probe,DIGIT_RECALL_LINE_4,164,2026-08-10 14:34:08.012898,208.335378,1.722179,,4,,,,keyboard,next recall question,"{""value"":4,""note"":""next recall question"",""pd_used"":1}",2,0.016667,60.000000,1
Sergio_G01_CNS-LLF5RV3D8,cpeeg02,ses04,20260810_142952,2026-08-10 14:30:39.630436,NaN,1,probe,PROBE_DIGIT_OK_4,71,2026-08-10 14:34:10.183755,210.057557,0.606054,14.161547,slot#4,NaN,,,keyboard,probe_digit#4,"{""value"":""slot#4"",""entered"":null,""rt"":14.161546599934809,""note"":""probe_digit#4""}",2,0.016667,60.000000,1
Sergio_G01_CNS-LLF5RV3D8,cpeeg02,ses04,20260810_142952,2026-08-10 14:30:39.630436,NaN,1,probe,DIGIT4_OFF,149,2026-08-10 14:34:10.335565,210.663611,0.000000,,7,,,,keyboard,digit#4 off,"{""value"":7,""note"":""digit#4 off"",""pd_used"":0}",2,0.016667,60.000000,1
Sergio_G01_CNS-LLF5RV3D8,cpeeg02,ses04,20260810_142952,2026-08-10 14:30:39.630436,NaN,1,probe,POSTDIG_FIX4_ON,154,2026-08-10 14:34:10.336398,210.663611,1.560281,,,,,,keyboard,after digit#4,"{""note"":""after digit#4""}",2,0.016667,60.000000,1
Sergio_G01_CNS-LLF5RV3D8,cpeeg02,ses04,20260810_142952,2026-08-10 14:30:39.630436,NaN,1,probe,POSTDIG_FIX4_OFF,159,2026-08-10 14:34:11.896016,212.223891,0.046567,,,,,,keyboard,after digit#4,"{""note"":""after digit#4"",""pd_used"":0}",2,0.016667,60.000000,1
Sergio_G01_CNS-LLF5RV3D8,cpeeg02,ses04,20260810_142952,2026-08-10 14:30:39.630436,NaN,1,probe,DIGIT_RECALL_LINE_5,165,2026-08-10 14:34:11.947473,212.270458,1.982028,,5,,,,keyboard,next recall question,"{""value"":5,""note"":""next recall question"",""pd_used"":1}",2,0.016667,60.000000,1
Sergio_G01_CNS-LLF5RV3D8,cpeeg02,ses04,20260810_142952,2026-08-10 14:30:39.630436,NaN,1,probe,PROBE_DIGIT_OK_5,71,2026-08-10 14:34:14.361287,214.252487,0.579845,18.356476,slot#5,NaN,,,keyboard,probe_digit#5,"{""value"":""slot#5"",""entered"":null,""rt"":18.356476199929602,""note"":""probe_digit#5""}",2,0.016667,60.000000,1
Sergio_G01_CNS-LLF5RV3D8,cpeeg02,ses04,20260810_142952,2026-08-10 14:30:39.630436,NaN,1,probe,DIGIT5_OFF,150,2026-08-10 14:34:14.504460,214.832331,0.000000,,7,,,,keyboard,digit#5 off,"{""value"":7,""note"":""digit#5 off"",""pd_used"":0}",2,0.016667,60.000000,1
Sergio_G01_CNS-LLF5RV3D8,cpeeg02,ses04,20260810_142952,2026-08-10 14:30:39.630436,NaN,1,probe,POSTDIG_FIX5_ON,155,2026-08-10 14:34:14.505303,214.832331,3.541984,,,,,,keyboard,after digit#5,"{""note"":""after digit#5""}",2,0.016667,60.000000,1
Sergio_G01_CNS-LLF5RV3D8,cpeeg02,ses04,20260810_142952,2026-08-10 14:30:39.630436,NaN,1,probe,POSTDIG_FIX5_OFF,160,2026-08-10 14:34:18.046623,218.374315,0.044052,,,,,,keyboard,after digit#5,"{""note"":""after digit#5"",""pd_used"":0}",2,0.016667,60.000000,1
Sergio_G01_CNS-LLF5RV3D8,cpeeg02,ses04,20260810_142952,2026-08-10 14:30:39.630436,NaN,1,probe,PROBE_DONE,73,2026-08-10 14:34:18.048622,218.418366,0.000787,,,,,,keyboard,probe complete,"{""value"":"""",""note"":""probe complete""}",2,0.016667,60.000000,1
Sergio_G01_CNS-LLF5RV3D8,cpeeg02,ses04,20260810_142952,2026-08-10 14:30:39.630436,NaN,1,probe,TRIAL_END,21,2026-08-10 14:34:18.049315,218.419153,0.115687,,,,,,keyboard,,{},2,0.016667,60.000000,1
Sergio_G01_CNS-LLF5RV3D8,cpeeg02,ses04,20260810_142952,2026-08-10 14:30:39.630436,NaN,2,probe,TRIAL_CHANGE,22,2026-08-10 14:34:18.165263,218.534840,0.001280,,,,,,keyboard,trial transition,"{""note"":""trial transition""}",2,0.016667,60.000000,1
Sergio_G01_CNS-LLF5RV3D8,cpeeg02,ses04,20260810_142952,2026-08-10 14:30:39.630436,NaN,2,probe,TRIAL_START,20,2026-08-10 14:34:18.166475,218.536120,0.043475,,,,,,keyboard,,{},2,0.016667,60.000000,1
Sergio_G01_CNS-LLF5RV3D8,cpeeg02,ses04,20260810_142952,2026-08-10 14:30:39.630436,NaN,2,fix1,FIX1_ON,30,2026-08-10 14:34:18.260104,218.579595,3.272094,,,,,,keyboard,,"{""pd_used"":0}",2,0.016667,60.000000,1
Sergio_G01_CNS-LLF5RV3D8,cpeeg02,ses04,20260810_142952,2026-08-10 14:30:39.630436,NaN,2,fix1,FIX1_OFF,31,2026-08-10 14:34:21.523821,221.851689,0.044112,,,,,,keyboard,,"{""pd_used"":0}",2,0.016667,60.000000,1
Sergio_G01_CNS-LLF5RV3D8,cpeeg02,ses04,20260810_142952,2026-08-10 14:30:39.630436,NaN,2,digit,DIGIT1_ON,141,2026-08-10 14:34:21.575506,221.895801,0.551793,,1,,,,keyboard,digit#1 shown,"{""value"":1,""note"":""digit#1 shown"",""pd_used"":1}",2,0.016667,60.000000,1
Sergio_G01_CNS-LLF5RV3D8,cpeeg02,ses04,20260810_142952,2026-08-10 14:30:39.630436,NaN,2,digit,DIGIT1_OFF,146,2026-08-10 14:34:22.119855,222.447595,0.000000,,1,,,,keyboard,digit#1 off,"{""value"":1,""note"":""digit#1 off"",""pd_used"":0}",2,0.016667,60.000000,1
Sergio_G01_CNS-LLF5RV3D8,cpeeg02,ses04,20260810_142952,2026-08-10 14:30:39.630436,NaN,2,digit,POSTDIG_FIX1_ON,151,2026-08-10 14:34:22.120673,222.447595,2.005106,,,,,,keyboard,after digit#1,"{""note"":""after digit#1""}",2,0.016667,60.000000,1
Sergio_G01_CNS-LLF5RV3D8,cpeeg02,ses04,20260810_142952,2026-08-10 14:30:39.630436,NaN,2,digit,POSTDIG_FIX1_OFF,156,2026-08-10 14:34:24.124809,224.452701,0.044141,,,,,,keyboard,after digit#1,"{""note"":""after digit#1"",""pd_used"":0}",2,0.016667,60.000000,1
Sergio_G01_CNS-LLF5RV3D8,cpeeg02,ses04,20260810_142952,2026-08-10 14:30:39.630436,NaN,2,digit,DIGIT2_ON,142,2026-08-10 14:34:24.176070,224.496842,0.551300,,7,,,,keyboard,digit#2 shown,"{""value"":7,""note"":""digit#2 shown"",""pd_used"":1}",2,0.016667,60.000000,1
Sergio_G01_CNS-LLF5RV3D8,cpeeg02,ses04,20260810_142952,2026-08-10 14:30:39.630436,NaN,2,digit,DIGIT2_OFF,147,2026-08-10 14:34:24.720241,225.048142,0.000000,,7,,,,keyboard,digit#2 off,"{""value"":7,""note"":""digit#2 off"",""pd_used"":0}",2,0.016667,60.000000,1
Sergio_G01_CNS-LLF5RV3D8,cpeeg02,ses04,20260810_142952,2026-08-10 14:30:39.630436,NaN,2,digit,POSTDIG_FIX2_ON,152,2026-08-10 14:34:24.721050,225.048142,1.929167,,,,,,keyboard,after digit#2,"{""note"":""after digit#2""}",2,0.016667,60.000000,1
Sergio_G01_CNS-LLF5RV3D8,cpeeg02,ses04,20260810_142952,2026-08-10 14:30:39.630436,NaN,2,digit,POSTDIG_FIX2_OFF,157,2026-08-10 14:34:26.649931,226.977309,0.044614,,,,,,keyboard,after digit#2,"{""note"":""after digit#2"",""pd_used"":0}",2,0.016667,60.000000,1
Sergio_G01_CNS-LLF5RV3D8,cpeeg02,ses04,20260810_142952,2026-08-10 14:30:39.630436,NaN,2,digit,DIGIT3_ON,143,2026-08-10 14:34:26.701440,227.021923,0.551544,,2,,,,keyboard,digit#3 shown,"{""value"":2,""note"":""digit#3 shown"",""pd_used"":1}",2,0.016667,60.000000,1
Sergio_G01_CNS-LLF5RV3D8,cpeeg02,ses04,20260810_142952,2026-08-10 14:30:39.630436,NaN,2,digit,DIGIT3_OFF,148,2026-08-10 14:34:27.245750,227.573467,0.000000,,2,,,,keyboard,digit#3 off,"{""value"":2,""note"":""digit#3 off"",""pd_used"":0}",2,0.016667,60.000000,1
Sergio_G01_CNS-LLF5RV3D8,cpeeg02,ses04,20260810_142952,2026-08-10 14:30:39.630436,NaN,2,digit,POSTDIG_FIX3_ON,153,2026-08-10 14:34:27.246579,227.573467,1.983662,,,,,,keyboard,after digit#3,"{""note"":""after digit#3""}",2,0.016667,60.000000,1
Sergio_G01_CNS-LLF5RV3D8,cpeeg02,ses04,20260810_142952,2026-08-10 14:30:39.630436,NaN,2,digit,POSTDIG_FIX3_OFF,158,2026-08-10 14:34:29.229326,229.557129,0.044366,,,,,,keyboard,after digit#3,"{""note"":""after digit#3"",""pd_used"":0}",2,0.016667,60.000000,1
Sergio_G01_CNS-LLF5RV3D8,cpeeg02,ses04,20260810_142952,2026-08-10 14:30:39.630436,NaN,2,digit,DIGIT4_ON,144,2026-08-10 14:34:29.280498,229.601495,0.551081,,1,,,,keyboard,digit#4 shown,"{""value"":1,""note"":""digit#4 shown"",""pd_used"":1}",2,0.016667,60.000000,1
Sergio_G01_CNS-LLF5RV3D8,cpeeg02,ses04,20260810_142952,2026-08-10 14:30:39.630436,NaN,2,digit,DIGIT4_OFF,149,2026-08-10 14:34:29.824635,230.152576,0.000000,,1,,,,keyboard,digit#4 off,"{""value"":1,""note"":""digit#4 off"",""pd_used"":0}",2,0.016667,60.000000,1
Sergio_G01_CNS-LLF5RV3D8,cpeeg02,ses04,20260810_142952,2026-08-10 14:30:39.630436,NaN,2,digit,POSTDIG_FIX4_ON,154,2026-08-10 14:34:29.825457,230.152576,1.770687,,,,,,keyboard,after digit#4,"{""note"":""after digit#4""}",2,0.016667,60.000000,1
Sergio_G01_CNS-LLF5RV3D8,cpeeg02,ses04,20260810_142952,2026-08-10 14:30:39.630436,NaN,2,digit,POSTDIG_FIX4_OFF,159,2026-08-10 14:34:31.595467,231.923263,0.044605,,,,,,keyboard,after digit#4,"{""note"":""after digit#4"",""pd_used"":0}",2,0.016667,60.000000,1
Sergio_G01_CNS-LLF5RV3D8,cpeeg02,ses04,20260810_142952,2026-08-10 14:30:39.630436,NaN,2,digit,DIGIT5_ON,145,2026-08-10 14:34:31.647019,231.967869,0.551305,,6,,,,keyboard,digit#5 shown,"{""value"":6,""note"":""digit#5 shown"",""pd_used"":1}",2,0.016667,60.000000,1
Sergio_G01_CNS-LLF5RV3D8,cpeeg02,ses04,20260810_142952,2026-08-10 14:30:39.630436,NaN,2,digit,DIGIT5_OFF,150,2026-08-10 14:34:32.191432,232.519174,0.000000,,6,,,,keyboard,digit#5 off,"{""value"":6,""note"":""digit#5 off"",""pd_used"":0}",2,0.016667,60.000000,1
Sergio_G01_CNS-LLF5RV3D8,cpeeg02,ses04,20260810_142952,2026-08-10 14:30:39.630436,NaN,2,digit,POSTDIG_FIX5_ON,155,2026-08-10 14:34:32.192340,232.519174,3.365621,,,,,,keyboard,after digit#5,"{""note"":""after digit#5""}",2,0.016667,60.000000,1
Sergio_G01_CNS-LLF5RV3D8,cpeeg02,ses04,20260810_142952,2026-08-10 14:30:39.630436,NaN,2,digit,POSTDIG_FIX5_OFF,160,2026-08-10 14:34:35.556916,235.884795,0.044629,,,,,,keyboard,after digit#5,"{""note"":""after digit#5"",""pd_used"":0}",2,0.016667,60.000000,1
Sergio_G01_CNS-LLF5RV3D8,cpeeg02,ses04,20260810_142952,2026-08-10 14:30:39.630436,NaN,2,distractor,DISTRACTOR_ON,50,2026-08-10 14:34:35.608394,235.929425,5.930753,,7+6=13,,,,keyboard,,"{""value"":""7+6=13"",""isCorrectTruth"":true,""trueSum"":13,""pd_used"":1}",2,0.016667,60.000000,1
Sergio_G01_CNS-LLF5RV3D8,cpeeg02,ses04,20260810_142952,2026-08-10 14:30:39.630436,NaN,2,distractor,DISTRACTOR_ANS,51,2026-08-10 14:34:42.002847,241.860177,0.000000,5.930753,7+6=13,F,0,,keyboard,key= (False),"{""value"":""7+6=13"",""entered"":""F"",""rt"":5.93075260007754,""correct"":0,""note"":""key= (False)"",""truth"":true,""trueSum"":13,""shownSum"":13,""a"":7,""b"":6}",2,0.016667,60.000000,1
Sergio_G01_CNS-LLF5RV3D8,cpeeg02,ses04,20260810_142952,2026-08-10 14:30:39.630436,NaN,2,distractor,ANS_WRONG,200,2026-08-10 14:34:42.045968,241.860177,0.558099,,,,,,keyboard,,{},2,0.016667,60.000000,1
Sergio_G01_CNS-LLF5RV3D8,cpeeg02,ses04,20260810_142952,2026-08-10 14:30:39.630436,NaN,2,distractor,DISTRACTOR_OFF,52,2026-08-10 14:34:42.096946,242.418277,0.000000,,,,,,keyboard,,"{""pd_used"":0}",2,0.016667,60.000000,1
Sergio_G01_CNS-LLF5RV3D8,cpeeg02,ses04,20260810_142952,2026-08-10 14:30:39.630436,NaN,2,distractor,FIX2_ON,60,2026-08-10 14:34:42.097668,242.418277,3.398127,,,,,,keyboard,immediate after response,"{""note"":""immediate after response""}",2,0.016667,60.000000,1
Sergio_G01_CNS-LLF5RV3D8,cpeeg02,ses04,20260810_142952,2026-08-10 14:30:39.630436,NaN,2,fix2,FIX2_OFF,61,2026-08-10 14:34:45.488357,245.816404,0.043806,,,,,,keyboard,,"{""pd_used"":0}",2,0.016667,60.000000,1
Sergio_G01_CNS-LLF5RV3D8,cpeeg02,ses04,20260810_142952,2026-08-10 14:30:39.630436,NaN,2,probe,DIGIT_RECALL_LINE_1,161,2026-08-10 14:34:45.539865,245.860210,2.215250,,1,,,,keyboard,first recall question,"{""value"":1,""note"":""first recall question"",""pd_used"":1}",2,0.016667,60.000000,1
Sergio_G01_CNS-LLF5RV3D8,cpeeg02,ses04,20260810_142952,2026-08-10 14:30:39.630436,NaN,2,probe,PROBE_DIGIT_OK_1,71,2026-08-10 14:34:48.163991,248.075460,0.564032,2.216372,slot#1,NaN,,,keyboard,probe_digit#1,"{""value"":""slot#1"",""entered"":null,""rt"":2.2163720999378711,""note"":""probe_digit#1""}",2,0.016667,60.000000,1
Sergio_G01_CNS-LLF5RV3D8,cpeeg02,ses04,20260810_142952,2026-08-10 14:30:39.630436,NaN,2,probe,DIGIT1_OFF,146,2026-08-10 14:34:48.311461,248.639492,0.000000,,6,,,,keyboard,digit#1 off,"{""value"":6,""note"":""digit#1 off"",""pd_used"":0}",2,0.016667,60.000000,1
Sergio_G01_CNS-LLF5RV3D8,cpeeg02,ses04,20260810_142952,2026-08-10 14:30:39.630436,NaN,2,probe,POSTDIG_FIX1_ON,151,2026-08-10 14:34:48.312248,248.639492,1.548432,,,,,,keyboard,after digit#1,"{""note"":""after digit#1""}",2,0.016667,60.000000,1
Sergio_G01_CNS-LLF5RV3D8,cpeeg02,ses04,20260810_142952,2026-08-10 14:30:39.630436,NaN,2,probe,POSTDIG_FIX1_OFF,156,2026-08-10 14:34:49.859825,250.187924,0.046582,,,,,,keyboard,after digit#1,"{""note"":""after digit#1"",""pd_used"":0}",2,0.016667,60.000000,1
Sergio_G01_CNS-LLF5RV3D8,cpeeg02,ses04,20260810_142952,2026-08-10 14:30:39.630436,NaN,2,probe,DIGIT_RECALL_LINE_2,162,2026-08-10 14:34:49.911089,250.234506,0.803402,,2,,,,keyboard,next recall question,"{""value"":2,""note"":""next recall question"",""pd_used"":1}",2,0.016667,60.000000,1
Sergio_G01_CNS-LLF5RV3D8,cpeeg02,ses04,20260810_142952,2026-08-10 14:30:39.630436,NaN,2,probe,PROBE_DIGIT_OK_2,71,2026-08-10 14:34:51.060887,251.037908,0.500732,5.178820,slot#2,NaN,,,keyboard,probe_digit#2,"{""value"":""slot#2"",""entered"":null,""rt"":5.1788202999159694,""note"":""probe_digit#2""}",2,0.016667,60.000000,1
Sergio_G01_CNS-LLF5RV3D8,cpeeg02,ses04,20260810_142952,2026-08-10 14:30:39.630436,NaN,2,probe,DIGIT2_OFF,147,2026-08-10 14:34:51.210644,251.538640,0.000000,,6,,,,keyboard,digit#2 off,"{""value"":6,""note"":""digit#2 off"",""pd_used"":0}",2,0.016667,60.000000,1
Sergio_G01_CNS-LLF5RV3D8,cpeeg02,ses04,20260810_142952,2026-08-10 14:30:39.630436,NaN,2,probe,POSTDIG_FIX2_ON,152,2026-08-10 14:34:51.211560,251.538640,1.602311,,,,,,keyboard,after digit#2,"{""note"":""after digit#2""}",2,0.016667,60.000000,1
Sergio_G01_CNS-LLF5RV3D8,cpeeg02,ses04,20260810_142952,2026-08-10 14:30:39.630436,NaN,2,probe,POSTDIG_FIX2_OFF,157,2026-08-10 14:34:52.813273,253.140950,0.046429,,,,,,keyboard,after digit#2,"{""note"":""after digit#2"",""pd_used"":0}",2,0.016667,60.000000,1
Sergio_G01_CNS-LLF5RV3D8,cpeeg02,ses04,20260810_142952,2026-08-10 14:30:39.630436,NaN,2,probe,DIGIT_RECALL_LINE_3,163,2026-08-10 14:34:52.864803,253.187379,2.085694,,3,,,,keyboard,next recall question,"{""value"":3,""note"":""next recall question"",""pd_used"":1}",2,0.016667,60.000000,1
Sergio_G01_CNS-LLF5RV3D8,cpeeg02,ses04,20260810_142952,2026-08-10 14:30:39.630436,NaN,2,probe,PROBE_DIGIT_OK_3,71,2026-08-10 14:34:55.554146,255.273074,0.750577,9.413986,slot#3,NaN,,,keyboard,probe_digit#3,"{""value"":""slot#3"",""entered"":null,""rt"":9.413985799998045,""note"":""probe_digit#3""}",2,0.016667,60.000000,1
Sergio_G01_CNS-LLF5RV3D8,cpeeg02,ses04,20260810_142952,2026-08-10 14:30:39.630436,NaN,2,probe,DIGIT3_OFF,148,2026-08-10 14:34:55.695699,256.023651,0.000000,,6,,,,keyboard,digit#3 off,"{""value"":6,""note"":""digit#3 off"",""pd_used"":0}",2,0.016667,60.000000,1
Sergio_G01_CNS-LLF5RV3D8,cpeeg02,ses04,20260810_142952,2026-08-10 14:30:39.630436,NaN,2,probe,POSTDIG_FIX3_ON,153,2026-08-10 14:34:55.696501,256.023651,1.564235,,,,,,keyboard,after digit#3,"{""note"":""after digit#3""}",2,0.016667,60.000000,1
Sergio_G01_CNS-LLF5RV3D8,cpeeg02,ses04,20260810_142952,2026-08-10 14:30:39.630436,NaN,2,probe,POSTDIG_FIX3_OFF,158,2026-08-10 14:34:57.260087,257.587886,0.046551,,,,,,keyboard,after digit#3,"{""note"":""after digit#3"",""pd_used"":0}",2,0.016667,60.000000,1
Sergio_G01_CNS-LLF5RV3D8,cpeeg02,ses04,20260810_142952,2026-08-10 14:30:39.630436,NaN,2,probe,DIGIT_RECALL_LINE_4,164,2026-08-10 14:34:57.311751,257.634437,2.736623,,4,,,,keyboard,next recall question,"{""value"":4,""note"":""next recall question"",""pd_used"":1}",2,0.016667,60.000000,1
Sergio_G01_CNS-LLF5RV3D8,cpeeg02,ses04,20260810_142952,2026-08-10 14:30:39.630436,NaN,2,probe,PROBE_DIGIT_OK_4,71,2026-08-10 14:35:00.484046,260.371060,0.587689,14.511972,slot#4,NaN,,,keyboard,probe_digit#4,"{""value"":""slot#4"",""entered"":null,""rt"":14.511972400010563,""note"":""probe_digit#4""}",2,0.016667,60.000000,1
Sergio_G01_CNS-LLF5RV3D8,cpeeg02,ses04,20260810_142952,2026-08-10 14:30:39.630436,NaN,2,probe,DIGIT4_OFF,149,2026-08-10 14:35:00.630865,260.958750,0.000000,,6,,,,keyboard,digit#4 off,"{""value"":6,""note"":""digit#4 off"",""pd_used"":0}",2,0.016667,60.000000,1
Sergio_G01_CNS-LLF5RV3D8,cpeeg02,ses04,20260810_142952,2026-08-10 14:30:39.630436,NaN,2,probe,POSTDIG_FIX4_ON,154,2026-08-10 14:35:00.631736,260.958750,1.731606,,,,,,keyboard,after digit#4,"{""note"":""after digit#4""}",2,0.016667,60.000000,1
Sergio_G01_CNS-LLF5RV3D8,cpeeg02,ses04,20260810_142952,2026-08-10 14:30:39.630436,NaN,2,probe,POSTDIG_FIX4_OFF,159,2026-08-10 14:35:02.362409,262.690355,0.046051,,,,,,keyboard,after digit#4,"{""note"":""after digit#4"",""pd_used"":0}",2,0.016667,60.000000,1
Sergio_G01_CNS-LLF5RV3D8,cpeeg02,ses04,20260810_142952,2026-08-10 14:30:39.630436,NaN,2,probe,DIGIT_RECALL_LINE_5,165,2026-08-10 14:35:02.413962,262.736406,2.603543,,5,,,,keyboard,next recall question,"{""value"":5,""note"":""next recall question"",""pd_used"":1}",2,0.016667,60.000000,1
Sergio_G01_CNS-LLF5RV3D8,cpeeg02,ses04,20260810_142952,2026-08-10 14:30:39.630436,NaN,2,probe,PROBE_DIGIT_OK_5,71,2026-08-10 14:35:05.381943,265.339950,0.518758,19.480862,slot#5,NaN,,,keyboard,probe_digit#5,"{""value"":""slot#5"",""entered"":null,""rt"":19.480861800024286,""note"":""probe_digit#5""}",2,0.016667,60.000000,1
Sergio_G01_CNS-LLF5RV3D8,cpeeg02,ses04,20260810_142952,2026-08-10 14:30:39.630436,NaN,2,probe,DIGIT5_OFF,150,2026-08-10 14:35:05.530986,265.858708,0.000000,,6,,,,keyboard,digit#5 off,"{""value"":6,""note"":""digit#5 off"",""pd_used"":0}",2,0.016667,60.000000,1
Sergio_G01_CNS-LLF5RV3D8,cpeeg02,ses04,20260810_142952,2026-08-10 14:30:39.630436,NaN,2,probe,POSTDIG_FIX5_ON,155,2026-08-10 14:35:05.531932,265.858708,3.219619,,,,,,keyboard,after digit#5,"{""note"":""after digit#5""}",2,0.016667,60.000000,1
Sergio_G01_CNS-LLF5RV3D8,cpeeg02,ses04,20260810_142952,2026-08-10 14:30:39.630436,NaN,2,probe,POSTDIG_FIX5_OFF,160,2026-08-10 14:35:08.750383,269.078327,0.043584,,,,,,keyboard,after digit#5,"{""note"":""after digit#5"",""pd_used"":0}",2,0.016667,60.000000,1
Sergio_G01_CNS-LLF5RV3D8,cpeeg02,ses04,20260810_142952,2026-08-10 14:30:39.630436,NaN,2,probe,PROBE_DONE,73,2026-08-10 14:35:08.752034,269.121911,0.000739,,,,,,keyboard,probe complete,"{""value"":"""",""note"":""probe complete""}",2,0.016667,60.000000,1
Sergio_G01_CNS-LLF5RV3D8,cpeeg02,ses04,20260810_142952,2026-08-10 14:30:39.630436,NaN,2,probe,TRIAL_END,21,2026-08-10 14:35:08.752674,269.122651,0.113999,,,,,,keyboard,,{},2,0.016667,60.000000,1
Sergio_G01_CNS-LLF5RV3D8,cpeeg02,ses04,20260810_142952,2026-08-10 14:30:39.630436,NaN,3,probe,TRIAL_CHANGE,22,2026-08-10 14:35:08.866905,269.236649,0.000971,,,,,,keyboard,trial transition,"{""note"":""trial transition""}",2,0.016667,60.000000,1
Sergio_G01_CNS-LLF5RV3D8,cpeeg02,ses04,20260810_142952,2026-08-10 14:30:39.630436,NaN,3,probe,TRIAL_START,20,2026-08-10 14:35:08.867659,269.237620,0.043383,,,,,,keyboard,,{},2,0.016667,60.000000,1
Sergio_G01_CNS-LLF5RV3D8,cpeeg02,ses04,20260810_142952,2026-08-10 14:30:39.630436,NaN,3,fix1,FIX1_ON,30,2026-08-10 14:35:08.961771,269.281003,3.410093,,,,,,keyboard,,"{""pd_used"":0}",2,0.016667,60.000000,1
Sergio_G01_CNS-LLF5RV3D8,cpeeg02,ses04,20260810_142952,2026-08-10 14:30:39.630436,NaN,3,fix1,FIX1_OFF,31,2026-08-10 14:35:12.362975,272.691097,0.043939,,,,,,keyboard,,"{""pd_used"":0}",2,0.016667,60.000000,1
Sergio_G01_CNS-LLF5RV3D8,cpeeg02,ses04,20260810_142952,2026-08-10 14:30:39.630436,NaN,3,digit,DIGIT1_ON,141,2026-08-10 14:35:12.414770,272.735036,0.551768,,5,,,,keyboard,digit#1 shown,"{""value"":5,""note"":""digit#1 shown"",""pd_used"":1}",2,0.016667,60.000000,1
Sergio_G01_CNS-LLF5RV3D8,cpeeg02,ses04,20260810_142952,2026-08-10 14:30:39.630436,NaN,3,digit,DIGIT1_OFF,146,2026-08-10 14:35:12.958846,273.286803,0.000000,,5,,,,keyboard,digit#1 off,"{""value"":5,""note"":""digit#1 off"",""pd_used"":0}",2,0.016667,60.000000,1
Sergio_G01_CNS-LLF5RV3D8,cpeeg02,ses04,20260810_142952,2026-08-10 14:30:39.630436,NaN,3,digit,POSTDIG_FIX1_ON,151,2026-08-10 14:35:12.959655,273.286803,1.716741,,,,,,keyboard,after digit#1,"{""note"":""after digit#1""}",2,0.016667,60.000000,1
Sergio_G01_CNS-LLF5RV3D8,cpeeg02,ses04,20260810_142952,2026-08-10 14:30:39.630436,NaN,3,digit,POSTDIG_FIX1_OFF,156,2026-08-10 14:35:14.675660,275.003544,0.046955,,,,,,keyboard,after digit#1,"{""note"":""after digit#1"",""pd_used"":0}",2,0.016667,60.000000,1
Sergio_G01_CNS-LLF5RV3D8,cpeeg02,ses04,20260810_142952,2026-08-10 14:30:39.630436,NaN,3,digit,DIGIT2_ON,142,2026-08-10 14:35:14.726990,275.050499,0.548411,,8,,,,keyboard,digit#2 shown,"{""value"":8,""note"":""digit#2 shown"",""pd_used"":1}",2,0.016667,60.000000,1
Sergio_G01_CNS-LLF5RV3D8,cpeeg02,ses04,20260810_142952,2026-08-10 14:30:39.630436,NaN,3,digit,DIGIT2_OFF,147,2026-08-10 14:35:15.271079,275.598909,0.000000,,8,,,,keyboard,digit#2 off,"{""value"":8,""note"":""digit#2 off"",""pd_used"":0}",2,0.016667,60.000000,1
Sergio_G01_CNS-LLF5RV3D8,cpeeg02,ses04,20260810_142952,2026-08-10 14:30:39.630436,NaN,3,digit,POSTDIG_FIX2_ON,152,2026-08-10 14:35:15.271876,275.598909,1.904808,,,,,,keyboard,after digit#2,"{""note"":""after digit#2""}",2,0.016667,60.000000,1
Sergio_G01_CNS-LLF5RV3D8,cpeeg02,ses04,20260810_142952,2026-08-10 14:30:39.630436,NaN,3,digit,POSTDIG_FIX2_OFF,157,2026-08-10 14:35:17.176056,277.503718,0.044351,,,,,,keyboard,after digit#2,"{""note"":""after digit#2"",""pd_used"":0}",2,0.016667,60.000000,1
Sergio_G01_CNS-LLF5RV3D8,cpeeg02,ses04,20260810_142952,2026-08-10 14:30:39.630436,NaN,3,digit,DIGIT3_ON,143,2026-08-10 14:35:17.227777,277.548069,0.551884,,4,,,,keyboard,digit#3 shown,"{""value"":4,""note"":""digit#3 shown"",""pd_used"":1}",2,0.016667,60.000000,1
Sergio_G01_CNS-LLF5RV3D8,cpeeg02,ses04,20260810_142952,2026-08-10 14:30:39.630436,NaN,3,digit,DIGIT3_OFF,148,2026-08-10 14:35:17.772001,278.099953,0.000000,,4,,,,keyboard,digit#3 off,"{""value"":4,""note"":""digit#3 off"",""pd_used"":0}",2,0.016667,60.000000,1
Sergio_G01_CNS-LLF5RV3D8,cpeeg02,ses04,20260810_142952,2026-08-10 14:30:39.630436,NaN,3,digit,POSTDIG_FIX3_ON,153,2026-08-10 14:35:17.772818,278.099953,2.027552,,,,,,keyboard,after digit#3,"{""note"":""after digit#3""}",2,0.016667,60.000000,1
Sergio_G01_CNS-LLF5RV3D8,cpeeg02,ses04,20260810_142952,2026-08-10 14:30:39.630436,NaN,3,digit,POSTDIG_FIX3_OFF,158,2026-08-10 14:35:19.799730,280.127505,0.044305,,,,,,keyboard,after digit#3,"{""note"":""after digit#3"",""pd_used"":0}",2,0.016667,60.000000,1
Sergio_G01_CNS-LLF5RV3D8,cpeeg02,ses04,20260810_142952,2026-08-10 14:30:39.630436,NaN,3,digit,DIGIT4_ON,144,2026-08-10 14:35:19.851292,280.171810,0.551544,,6,,,,keyboard,digit#4 shown,"{""value"":6,""note"":""digit#4 shown"",""pd_used"":1}",2,0.016667,60.000000,1
Sergio_G01_CNS-LLF5RV3D8,cpeeg02,ses04,20260810_142952,2026-08-10 14:30:39.630436,NaN,3,digit,DIGIT4_OFF,149,2026-08-10 14:35:20.395506,280.723354,0.000000,,6,,,,keyboard,digit#4 off,"{""value"":6,""note"":""digit#4 off"",""pd_used"":0}",2,0.016667,60.000000,1
Sergio_G01_CNS-LLF5RV3D8,cpeeg02,ses04,20260810_142952,2026-08-10 14:30:39.630436,NaN,3,digit,POSTDIG_FIX4_ON,154,2026-08-10 14:35:20.396277,280.723354,1.779989,,,,,,keyboard,after digit#4,"{""note"":""after digit#4""}",2,0.016667,60.000000,1
Sergio_G01_CNS-LLF5RV3D8,cpeeg02,ses04,20260810_142952,2026-08-10 14:30:39.630436,NaN,3,digit,POSTDIG_FIX4_OFF,159,2026-08-10 14:35:22.175313,282.503342,0.043964,,,,,,keyboard,after digit#4,"{""note"":""after digit#4"",""pd_used"":0}",2,0.016667,60.000000,1
Sergio_G01_CNS-LLF5RV3D8,cpeeg02,ses04,20260810_142952,2026-08-10 14:30:39.630436,NaN,3,digit,DIGIT5_ON,145,2026-08-10 14:35:22.226696,282.547306,0.551436,,3,,,,keyboard,digit#5 shown,"{""value"":3,""note"":""digit#5 shown"",""pd_used"":1}",2,0.016667,60.000000,1
Sergio_G01_CNS-LLF5RV3D8,cpeeg02,ses04,20260810_142952,2026-08-10 14:30:39.630436,NaN,3,digit,DIGIT5_OFF,150,2026-08-10 14:35:22.771038,283.098742,0.000000,,3,,,,keyboard,digit#5 off,"{""value"":3,""note"":""digit#5 off"",""pd_used"":0}",2,0.016667,60.000000,1
Sergio_G01_CNS-LLF5RV3D8,cpeeg02,ses04,20260810_142952,2026-08-10 14:30:39.630436,NaN,3,digit,POSTDIG_FIX5_ON,155,2026-08-10 14:35:22.771842,283.098742,3.082226,,,,,,keyboard,after digit#5,"{""note"":""after digit#5""}",2,0.016667,60.000000,1
Sergio_G01_CNS-LLF5RV3D8,cpeeg02,ses04,20260810_142952,2026-08-10 14:30:39.630436,NaN,3,digit,POSTDIG_FIX5_OFF,160,2026-08-10 14:35:25.852972,286.180968,0.044107,,,,,,keyboard,after digit#5,"{""note"":""after digit#5"",""pd_used"":0}",2,0.016667,60.000000,1
Sergio_G01_CNS-LLF5RV3D8,cpeeg02,ses04,20260810_142952,2026-08-10 14:30:39.630436,NaN,3,distractor,DISTRACTOR_ON,50,2026-08-10 14:35:25.904277,286.225074,11.899088,,7+4=11,,,,keyboard,,"{""value"":""7+4=11"",""isCorrectTruth"":true,""trueSum"":11,""pd_used"":1}",2,0.016667,60.000000,1
Sergio_G01_CNS-LLF5RV3D8,cpeeg02,ses04,20260810_142952,2026-08-10 14:30:39.630436,NaN,3,distractor,DISTRACTOR_ANS,51,2026-08-10 14:35:38.279965,298.124163,0.000000,11.899088,7+4=11,F,0,,keyboard,key= (False),"{""value"":""7+4=11"",""entered"":""F"",""rt"":11.899088200065307,""correct"":0,""note"":""key= (False)"",""truth"":true,""trueSum"":11,""shownSum"":11,""a"":7,""b"":4}",2,0.016667,60.000000,1
Sergio_G01_CNS-LLF5RV3D8,cpeeg02,ses04,20260810_142952,2026-08-10 14:30:39.630436,NaN,3,distractor,ANS_WRONG,200,2026-08-10 14:35:38.322428,298.124163,0.570151,,,,,,keyboard,,{},2,0.016667,60.000000,1
Sergio_G01_CNS-LLF5RV3D8,cpeeg02,ses04,20260810_142952,2026-08-10 14:30:39.630436,NaN,3,distractor,DISTRACTOR_OFF,52,2026-08-10 14:35:38.373920,298.694313,0.000000,,,,,,keyboard,,"{""pd_used"":0}",2,0.016667,60.000000,1
Sergio_G01_CNS-LLF5RV3D8,cpeeg02,ses04,20260810_142952,2026-08-10 14:30:39.630436,NaN,3,distractor,FIX2_ON,60,2026-08-10 14:35:38.374651,298.694313,3.098723,,,,,,keyboard,immediate after response,"{""note"":""immediate after response""}",2,0.016667,60.000000,1
Sergio_G01_CNS-LLF5RV3D8,cpeeg02,ses04,20260810_142952,2026-08-10 14:30:39.630436,NaN,3,fix2,FIX2_OFF,61,2026-08-10 14:35:41.465225,301.793037,0.044255,,,,,,keyboard,,"{""pd_used"":0}",2,0.016667,60.000000,1
Sergio_G01_CNS-LLF5RV3D8,cpeeg02,ses04,20260810_142952,2026-08-10 14:30:39.630436,NaN,3,probe,DIGIT_RECALL_LINE_1,161,2026-08-10 14:35:41.516648,301.837291,1.457169,,1,,,,keyboard,first recall question,"{""value"":1,""note"":""first recall question"",""pd_used"":1}",2,0.016667,60.000000,1
Sergio_G01_CNS-LLF5RV3D8,cpeeg02,ses04,20260810_142952,2026-08-10 14:30:39.630436,NaN,3,probe,PROBE_DIGIT_OK_1,71,2026-08-10 14:35:43.501592,303.294460,0.683887,1.458509,slot#1,NaN,,,keyboard,probe_digit#1,"{""value"":""slot#1"",""entered"":null,""rt"":1.4585091000190005,""note"":""probe_digit#1""}",2,0.016667,60.000000,1
Sergio_G01_CNS-LLF5RV3D8,cpeeg02,ses04,20260810_142952,2026-08-10 14:30:39.630436,NaN,3,probe,DIGIT1_OFF,146,2026-08-10 14:35:43.650252,303.978347,0.000000,,3,,,,keyboard,digit#1 off,"{""value"":3,""note"":""digit#1 off"",""pd_used"":0}",2,0.016667,60.000000,1
Sergio_G01_CNS-LLF5RV3D8,cpeeg02,ses04,20260810_142952,2026-08-10 14:30:39.630436,NaN,3,probe,POSTDIG_FIX1_ON,151,2026-08-10 14:35:43.650998,303.978347,1.946277,,,,,,keyboard,after digit#1,"{""note"":""after digit#1""}",2,0.016667,60.000000,1
Sergio_G01_CNS-LLF5RV3D8,cpeeg02,ses04,20260810_142952,2026-08-10 14:30:39.630436,NaN,3,probe,POSTDIG_FIX1_OFF,156,2026-08-10 14:35:45.596717,305.924624,0.046028,,,,,,keyboard,after digit#1,"{""note"":""after digit#1"",""pd_used"":0}",2,0.016667,60.000000,1
Sergio_G01_CNS-LLF5RV3D8,cpeeg02,ses04,20260810_142952,2026-08-10 14:30:39.630436,NaN,3,probe,DIGIT_RECALL_LINE_2,162,2026-08-10 14:35:45.647964,305.970652,1.048852,,2,,,,keyboard,next recall question,"{""value"":2,""note"":""next recall question"",""pd_used"":1}",2,0.016667,60.000000,1
Sergio_G01_CNS-LLF5RV3D8,cpeeg02,ses04,20260810_142952,2026-08-10 14:30:39.630436,NaN,3,probe,PROBE_DIGIT_OK_2,71,2026-08-10 14:35:47.010506,307.019504,0.461960,5.183553,slot#2,NaN,,,keyboard,probe_digit#2,"{""value"":""slot#2"",""entered"":null,""rt"":5.1835527999792248,""note"":""probe_digit#2""}",2,0.016667,60.000000,1
Sergio_G01_CNS-LLF5RV3D8,cpeeg02,ses04,20260810_142952,2026-08-10 14:30:39.630436,NaN,3,probe,DIGIT2_OFF,147,2026-08-10 14:35:47.153333,307.481464,0.000000,,3,,,,keyboard,digit#2 off,"{""value"":3,""note"":""digit#2 off"",""pd_used"":0}",2,0.016667,60.000000,1
Sergio_G01_CNS-LLF5RV3D8,cpeeg02,ses04,20260810_142952,2026-08-10 14:30:39.630436,NaN,3,probe,POSTDIG_FIX2_ON,152,2026-08-10 14:35:47.154122,307.481464,1.777973,,,,,,keyboard,after digit#2,"{""note"":""after digit#2""}",2,0.016667,60.000000,1
Sergio_G01_CNS-LLF5RV3D8,cpeeg02,ses04,20260810_142952,2026-08-10 14:30:39.630436,NaN,3,probe,POSTDIG_FIX2_OFF,157,2026-08-10 14:35:48.931451,309.259436,0.046233,,,,,,keyboard,after digit#2,"{""note"":""after digit#2"",""pd_used"":0}",2,0.016667,60.000000,1
Sergio_G01_CNS-LLF5RV3D8,cpeeg02,ses04,20260810_142952,2026-08-10 14:30:39.630436,NaN,3,probe,DIGIT_RECALL_LINE_3,163,2026-08-10 14:35:48.982947,309.305669,2.138160,,3,,,,keyboard,next recall question,"{""value"":3,""note"":""next recall question"",""pd_used"":1}",2,0.016667,60.000000,1
Sergio_G01_CNS-LLF5RV3D8,cpeeg02,ses04,20260810_142952,2026-08-10 14:30:39.630436,NaN,3,probe,PROBE_DIGIT_OK_3,71,2026-08-10 14:35:51.421765,311.443829,0.456359,9.607879,slot#3,NaN,,,keyboard,probe_digit#3,"{""value"":""slot#3"",""entered"":null,""rt"":9.6078785000136122,""note"":""probe_digit#3""}",2,0.016667,60.000000,1
Sergio_G01_CNS-LLF5RV3D8,cpeeg02,ses04,20260810_142952,2026-08-10 14:30:39.630436,NaN,3,probe,DIGIT3_OFF,148,2026-08-10 14:35:51.572409,311.900189,0.000000,,3,,,,keyboard,digit#3 off,"{""value"":3,""note"":""digit#3 off"",""pd_used"":0}",2,0.016667,60.000000,1
Sergio_G01_CNS-LLF5RV3D8,cpeeg02,ses04,20260810_142952,2026-08-10 14:30:39.630436,NaN,3,probe,POSTDIG_FIX3_ON,153,2026-08-10 14:35:51.573170,311.900189,1.676859,,,,,,keyboard,after digit#3,"{""note"":""after digit#3""}",2,0.016667,60.000000,1
Sergio_G01_CNS-LLF5RV3D8,cpeeg02,ses04,20260810_142952,2026-08-10 14:30:39.630436,NaN,3,probe,POSTDIG_FIX3_OFF,158,2026-08-10 14:35:53.249148,313.577048,0.046220,,,,,,keyboard,after digit#3,"{""note"":""after digit#3"",""pd_used"":0}",2,0.016667,60.000000,1
Sergio_G01_CNS-LLF5RV3D8,cpeeg02,ses04,20260810_142952,2026-08-10 14:30:39.630436,NaN,3,probe,DIGIT_RECALL_LINE_4,164,2026-08-10 14:35:53.300585,313.623268,2.889940,,4,,,,keyboard,next recall question,"{""value"":4,""note"":""next recall question"",""pd_used"":1}",2,0.016667,60.000000,1
Sergio_G01_CNS-LLF5RV3D8,cpeeg02,ses04,20260810_142952,2026-08-10 14:30:39.630436,NaN,3,probe,PROBE_DIGIT_OK_4,71,2026-08-10 14:35:56.602862,316.513208,0.564302,14.677257,slot#4,NaN,,,keyboard,probe_digit#4,"{""value"":""slot#4"",""entered"":null,""rt"":14.677256700000726,""note"":""probe_digit#4""}",2,0.016667,60.000000,1
Sergio_G01_CNS-LLF5RV3D8,cpeeg02,ses04,20260810_142952,2026-08-10 14:30:39.630436,NaN,3,probe,DIGIT4_OFF,149,2026-08-10 14:35:56.749534,317.077509,0.000000,,3,,,,keyboard,digit#4 off,"{""value"":3,""note"":""digit#4 off"",""pd_used"":0}",2,0.016667,60.000000,1
Sergio_G01_CNS-LLF5RV3D8,cpeeg02,ses04,20260810_142952,2026-08-10 14:30:39.630436,NaN,3,probe,POSTDIG_FIX4_ON,154,2026-08-10 14:35:56.750318,317.077509,1.713685,,,,,,keyboard,after digit#4,"{""note"":""after digit#4""}",2,0.016667,60.000000,1
Sergio_G01_CNS-LLF5RV3D8,cpeeg02,ses04,20260810_142952,2026-08-10 14:30:39.630436,NaN,3,probe,POSTDIG_FIX4_OFF,159,2026-08-10 14:35:58.463442,318.791195,0.046389,,,,,,keyboard,after digit#4,"{""note"":""after digit#4"",""pd_used"":0}",2,0.016667,60.000000,1
Sergio_G01_CNS-LLF5RV3D8,cpeeg02,ses04,20260810_142952,2026-08-10 14:30:39.630436,NaN,3,probe,DIGIT_RECALL_LINE_5,165,2026-08-10 14:35:58.514993,318.837583,2.410471,,5,,,,keyboard,next recall question,"{""value"":5,""note"":""next recall question"",""pd_used"":1}",2,0.016667,60.000000,1
Sergio_G01_CNS-LLF5RV3D8,cpeeg02,ses04,20260810_142952,2026-08-10 14:30:39.630436,NaN,3,probe,PROBE_DIGIT_OK_5,71,2026-08-10 14:36:01.512864,321.248054,0.744991,19.412103,slot#5,NaN,,,keyboard,probe_digit#5,"{""value"":""slot#5"",""entered"":null,""rt"":19.412103299982846,""note"":""probe_digit#5""}",2,0.016667,60.000000,1
Sergio_G01_CNS-LLF5RV3D8,cpeeg02,ses04,20260810_142952,2026-08-10 14:30:39.630436,NaN,3,probe,DIGIT5_OFF,150,2026-08-10 14:36:01.665531,321.993045,0.000000,,3,,,,keyboard,digit#5 off,"{""value"":3,""note"":""digit#5 off"",""pd_used"":0}",2,0.016667,60.000000,1
Sergio_G01_CNS-LLF5RV3D8,cpeeg02,ses04,20260810_142952,2026-08-10 14:30:39.630436,NaN,3,probe,POSTDIG_FIX5_ON,155,2026-08-10 14:36:01.666277,321.993045,3.517830,,,,,,keyboard,after digit#5,"{""note"":""after digit#5""}",2,0.016667,60.000000,1
Sergio_G01_CNS-LLF5RV3D8,cpeeg02,ses04,20260810_142952,2026-08-10 14:30:39.630436,NaN,3,probe,POSTDIG_FIX5_OFF,160,2026-08-10 14:36:05.182905,325.510875,0.043698,,,,,,keyboard,after digit#5,"{""note"":""after digit#5"",""pd_used"":0}",2,0.016667,60.000000,1
Sergio_G01_CNS-LLF5RV3D8,cpeeg02,ses04,20260810_142952,2026-08-10 14:30:39.630436,NaN,3,probe,PROBE_DONE,73,2026-08-10 14:36:05.184696,325.554574,0.000655,,,,,,keyboard,probe complete,"{""value"":"""",""note"":""probe complete""}",2,0.016667,60.000000,1
Sergio_G01_CNS-LLF5RV3D8,cpeeg02,ses04,20260810_142952,2026-08-10 14:30:39.630436,NaN,3,probe,TRIAL_END,21,2026-08-10 14:36:05.185251,325.555229,0.111167,,,,,,keyboard,,{},2,0.016667,60.000000,1
Sergio_G01_CNS-LLF5RV3D8,cpeeg02,ses04,20260810_142952,2026-08-10 14:30:39.630436,NaN,4,probe,TRIAL_CHANGE,22,2026-08-10 14:36:05.296668,325.666395,0.000982,,,,,,keyboard,trial transition,"{""note"":""trial transition""}",2,0.016667,60.000000,1
Sergio_G01_CNS-LLF5RV3D8,cpeeg02,ses04,20260810_142952,2026-08-10 14:30:39.630436,NaN,4,probe,TRIAL_START,20,2026-08-10 14:36:05.297487,325.667378,0.043170,,,,,,keyboard,,{},2,0.016667,60.000000,1
Sergio_G01_CNS-LLF5RV3D8,cpeeg02,ses04,20260810_142952,2026-08-10 14:30:39.630436,NaN,4,fix1,FIX1_ON,30,2026-08-10 14:36:05.391071,325.710548,3.145795,,,,,,keyboard,,"{""pd_used"":0}",2,0.016667,60.000000,1
Sergio_G01_CNS-LLF5RV3D8,cpeeg02,ses04,20260810_142952,2026-08-10 14:30:39.630436,NaN,4,fix1,FIX1_OFF,31,2026-08-10 14:36:08.528343,328.856343,0.043978,,,,,,keyboard,,"{""pd_used"":0}",2,0.016667,60.000000,1
Sergio_G01_CNS-LLF5RV3D8,cpeeg02,ses04,20260810_142952,2026-08-10 14:30:39.630436,NaN,4,digit,DIGIT1_ON,141,2026-08-10 14:36:08.579737,328.900320,0.551623,,1,,,,keyboard,digit#1 shown,"{""value"":1,""note"":""digit#1 shown"",""pd_used"":1}",2,0.016667,60.000000,1
Sergio_G01_CNS-LLF5RV3D8,cpeeg02,ses04,20260810_142952,2026-08-10 14:30:39.630436,NaN,4,digit,DIGIT1_OFF,146,2026-08-10 14:36:09.124197,329.451943,0.000000,,1,,,,keyboard,digit#1 off,"{""value"":1,""note"":""digit#1 off"",""pd_used"":0}",2,0.016667,60.000000,1
Sergio_G01_CNS-LLF5RV3D8,cpeeg02,ses04,20260810_142952,2026-08-10 14:30:39.630436,NaN,4,digit,POSTDIG_FIX1_ON,151,2026-08-10 14:36:09.125060,329.451943,1.748713,,,,,,keyboard,after digit#1,"{""note"":""after digit#1""}",2,0.016667,60.000000,1
Sergio_G01_CNS-LLF5RV3D8,cpeeg02,ses04,20260810_142952,2026-08-10 14:30:39.630436,NaN,4,digit,POSTDIG_FIX1_OFF,156,2026-08-10 14:36:10.872895,331.200657,0.044296,,,,,,keyboard,after digit#1,"{""note"":""after digit#1"",""pd_used"":0}",2,0.016667,60.000000,1
Sergio_G01_CNS-LLF5RV3D8,cpeeg02,ses04,20260810_142952,2026-08-10 14:30:39.630436,NaN,4,digit,DIGIT2_ON,142,2026-08-10 14:36:10.924409,331.244953,0.551666,,6,,,,keyboard,digit#2 shown,"{""value"":6,""note"":""digit#2 shown"",""pd_used"":1}",2,0.016667,60.000000,1
Sergio_G01_CNS-LLF5RV3D8,cpeeg02,ses04,20260810_142952,2026-08-10 14:30:39.630436,NaN,4,digit,DIGIT2_OFF,147,2026-08-10 14:36:11.468796,331.796619,0.000000,,6,,,,keyboard,digit#2 off,"{""value"":6,""note"":""digit#2 off"",""pd_used"":0}",2,0.016667,60.000000,1
Sergio_G01_CNS-LLF5RV3D8,cpeeg02,ses04,20260810_142952,2026-08-10 14:30:39.630436,NaN,4,digit,POSTDIG_FIX2_ON,152,2026-08-10 14:36:11.469815,331.796619,1.583783,,,,,,keyboard,after digit#2,"{""note"":""after digit#2""}",2,0.016667,60.000000,1
Sergio_G01_CNS-LLF5RV3D8,cpeeg02,ses04,20260810_142952,2026-08-10 14:30:39.630436,NaN,4,digit,POSTDIG_FIX2_OFF,157,2026-08-10 14:36:13.052321,333.380401,0.044011,,,,,,keyboard,after digit#2,"{""note"":""after digit#2"",""pd_used"":0}",2,0.016667,60.000000,1
Sergio_G01_CNS-LLF5RV3D8,cpeeg02,ses04,20260810_142952,2026-08-10 14:30:39.630436,NaN,4,digit,DIGIT3_ON,143,2026-08-10 14:36:13.103693,333.424412,0.551308,,8,,,,keyboard,digit#3 shown,"{""value"":8,""note"":""digit#3 shown"",""pd_used"":1}",2,0.016667,60.000000,1
Sergio_G01_CNS-LLF5RV3D8,cpeeg02,ses04,20260810_142952,2026-08-10 14:30:39.630436,NaN,4,digit,DIGIT3_OFF,148,2026-08-10 14:36:13.647898,333.975720,0.000000,,8,,,,keyboard,digit#3 off,"{""value"":8,""note"":""digit#3 off"",""pd_used"":0}",2,0.016667,60.000000,1
Sergio_G01_CNS-LLF5RV3D8,cpeeg02,ses04,20260810_142952,2026-08-10 14:30:39.630436,NaN,4,digit,POSTDIG_FIX3_ON,153,2026-08-10 14:36:13.648662,333.975720,2.011785,,,,,,keyboard,after digit#3,"{""note"":""after digit#3""}",2,0.016667,60.000000,1
Sergio_G01_CNS-LLF5RV3D8,cpeeg02,ses04,20260810_142952,2026-08-10 14:30:39.630436,NaN,4,digit,POSTDIG_FIX3_OFF,158,2026-08-10 14:36:15.659611,335.987505,0.044021,,,,,,keyboard,after digit#3,"{""note"":""after digit#3"",""pd_used"":0}",2,0.016667,60.000000,1
Sergio_G01_CNS-LLF5RV3D8,cpeeg02,ses04,20260810_142952,2026-08-10 14:30:39.630436,NaN,4,digit,DIGIT4_ON,144,2026-08-10 14:36:15.711045,336.031526,0.551617,,5,,,,keyboard,digit#4 shown,"{""value"":5,""note"":""digit#4 shown"",""pd_used"":1}",2,0.016667,60.000000,1
Sergio_G01_CNS-LLF5RV3D8,cpeeg02,ses04,20260810_142952,2026-08-10 14:30:39.630436,NaN,4,digit,DIGIT4_OFF,149,2026-08-10 14:36:16.255269,336.583144,0.000000,,5,,,,keyboard,digit#4 off,"{""value"":5,""note"":""digit#4 off"",""pd_used"":0}",2,0.016667,60.000000,1
Sergio_G01_CNS-LLF5RV3D8,cpeeg02,ses04,20260810_142952,2026-08-10 14:30:39.630436,NaN,4,digit,POSTDIG_FIX4_ON,154,2026-08-10 14:36:16.256016,336.583144,1.553927,,,,,,keyboard,after digit#4,"{""note"":""after digit#4""}",2,0.016667,60.000000,1
Sergio_G01_CNS-LLF5RV3D8,cpeeg02,ses04,20260810_142952,2026-08-10 14:30:39.630436,NaN,4,digit,POSTDIG_FIX4_OFF,159,2026-08-10 14:36:17.809270,338.137071,0.044363,,,,,,keyboard,after digit#4,"{""note"":""after digit#4"",""pd_used"":0}",2,0.016667,60.000000,1
Sergio_G01_CNS-LLF5RV3D8,cpeeg02,ses04,20260810_142952,2026-08-10 14:30:39.630436,NaN,4,digit,DIGIT5_ON,145,2026-08-10 14:36:17.860862,338.181434,0.551523,,3,,,,keyboard,digit#5 shown,"{""value"":3,""note"":""digit#5 shown"",""pd_used"":1}",2,0.016667,60.000000,1
Sergio_G01_CNS-LLF5RV3D8,cpeeg02,ses04,20260810_142952,2026-08-10 14:30:39.630436,NaN,4,digit,DIGIT5_OFF,150,2026-08-10 14:36:18.405008,338.732958,0.000000,,3,,,,keyboard,digit#5 off,"{""value"":3,""note"":""digit#5 off"",""pd_used"":0}",2,0.016667,60.000000,1
Sergio_G01_CNS-LLF5RV3D8,cpeeg02,ses04,20260810_142952,2026-08-10 14:30:39.630436,NaN,4,digit,POSTDIG_FIX5_ON,155,2026-08-10 14:36:18.405793,338.732958,3.152520,,,,,,keyboard,after digit#5,"{""note"":""after digit#5""}",2,0.016667,60.000000,1
Sergio_G01_CNS-LLF5RV3D8,cpeeg02,ses04,20260810_142952,2026-08-10 14:30:39.630436,NaN,4,digit,POSTDIG_FIX5_OFF,160,2026-08-10 14:36:21.557685,341.885478,0.044380,,,,,,keyboard,after digit#5,"{""note"":""after digit#5"",""pd_used"":0}",2,0.016667,60.000000,1
Sergio_G01_CNS-LLF5RV3D8,cpeeg02,ses04,20260810_142952,2026-08-10 14:30:39.630436,NaN,4,distractor,DISTRACTOR_ON,50,2026-08-10 14:36:21.609142,341.929858,2.637899,,4+1=6,,,,keyboard,,"{""value"":""4+1=6"",""isCorrectTruth"":false,""trueSum"":5,""pd_used"":1}",2,0.016667,60.000000,1
Sergio_G01_CNS-LLF5RV3D8,cpeeg02,ses04,20260810_142952,2026-08-10 14:30:39.630436,NaN,4,distractor,DISTRACTOR_ANS,51,2026-08-10 14:36:24.854072,344.567757,0.000000,2.637899,4+1=6,F,1,,keyboard,key= (False),"{""value"":""4+1=6"",""entered"":""F"",""rt"":2.6378988999640569,""correct"":1,""note"":""key= (False)"",""truth"":false,""trueSum"":5,""shownSum"":6,""a"":4,""b"":1}",2,0.016667,60.000000,1
Sergio_G01_CNS-LLF5RV3D8,cpeeg02,ses04,20260810_142952,2026-08-10 14:30:39.630436,NaN,4,distractor,ANS_CORRECT,100,2026-08-10 14:36:24.896608,344.567757,0.700949,,,,,,keyboard,,{},2,0.016667,60.000000,1
Sergio_G01_CNS-LLF5RV3D8,cpeeg02,ses04,20260810_142952,2026-08-10 14:30:39.630436,NaN,4,distractor,DISTRACTOR_OFF,52,2026-08-10 14:36:24.948085,345.268706,0.000000,,,,,,keyboard,,"{""pd_used"":0}",2,0.016667,60.000000,1
Sergio_G01_CNS-LLF5RV3D8,cpeeg02,ses04,20260810_142952,2026-08-10 14:30:39.630436,NaN,4,distractor,FIX2_ON,60,2026-08-10 14:36:24.948906,345.268706,3.130634,,,,,,keyboard,immediate after response,"{""note"":""immediate after response""}",2,0.016667,60.000000,1
Sergio_G01_CNS-LLF5RV3D8,cpeeg02,ses04,20260810_142952,2026-08-10 14:30:39.630436,NaN,4,fix2,FIX2_OFF,61,2026-08-10 14:36:28.071365,348.399340,0.044067,,,,,,keyboard,,"{""pd_used"":0}",2,0.016667,60.000000,1
Sergio_G01_CNS-LLF5RV3D8,cpeeg02,ses04,20260810_142952,2026-08-10 14:30:39.630436,NaN,4,probe,DIGIT_RECALL_LINE_1,161,2026-08-10 14:36:28.122766,348.443407,2.069764,,1,,,,keyboard,first recall question,"{""value"":1,""note"":""first recall question"",""pd_used"":1}",2,0.016667,60.000000,1
Sergio_G01_CNS-LLF5RV3D8,cpeeg02,ses04,20260810_142952,2026-08-10 14:30:39.630436,NaN,4,probe,PROBE_DIGIT_OK_1,71,2026-08-10 14:36:30.722078,350.513171,0.691583,2.071088,slot#1,NaN,,,keyboard,probe_digit#1,"{""value"":""slot#1"",""entered"":null,""rt"":2.0710881999693811,""note"":""probe_digit#1""}",2,0.016667,60.000000,1
Sergio_G01_CNS-LLF5RV3D8,cpeeg02,ses04,20260810_142952,2026-08-10 14:30:39.630436,NaN,4,probe,DIGIT1_OFF,146,2026-08-10 14:36:30.876890,351.204754,0.000000,,3,,,,keyboard,digit#1 off,"{""value"":3,""note"":""digit#1 off"",""pd_used"":0}",2,0.016667,60.000000,1
Sergio_G01_CNS-LLF5RV3D8,cpeeg02,ses04,20260810_142952,2026-08-10 14:30:39.630436,NaN,4,probe,POSTDIG_FIX1_ON,151,2026-08-10 14:36:30.877649,351.204754,1.624122,,,,,,keyboard,after digit#1,"{""note"":""after digit#1""}",2,0.016667,60.000000,1
Sergio_G01_CNS-LLF5RV3D8,cpeeg02,ses04,20260810_142952,2026-08-10 14:30:39.630436,NaN,4,probe,POSTDIG_FIX1_OFF,156,2026-08-10 14:36:32.501140,352.828876,0.046489,,,,,,keyboard,after digit#1,"{""note"":""after digit#1"",""pd_used"":0}",2,0.016667,60.000000,1
Sergio_G01_CNS-LLF5RV3D8,cpeeg02,ses04,20260810_142952,2026-08-10 14:30:39.630436,NaN,4,probe,DIGIT_RECALL_LINE_2,162,2026-08-10 14:36:32.552604,352.875365,1.348986,,2,,,,keyboard,next recall question,"{""value"":2,""note"":""next recall question"",""pd_used"":1}",2,0.016667,60.000000,1
Sergio_G01_CNS-LLF5RV3D8,cpeeg02,ses04,20260810_142952,2026-08-10 14:30:39.630436,NaN,4,probe,PROBE_DIGIT_OK_2,71,2026-08-10 14:36:34.322476,354.224351,0.573770,5.782268,slot#2,NaN,,,keyboard,probe_digit#2,"{""value"":""slot#2"",""entered"":null,""rt"":5.7822676000650972,""note"":""probe_digit#2""}",2,0.016667,60.000000,1
Sergio_G01_CNS-LLF5RV3D8,cpeeg02,ses04,20260810_142952,2026-08-10 14:30:39.630436,NaN,4,probe,DIGIT2_OFF,147,2026-08-10 14:36:34.470537,354.798121,0.000000,,3,,,,keyboard,digit#2 off,"{""value"":3,""note"":""digit#2 off"",""pd_used"":0}",2,0.016667,60.000000,1
Sergio_G01_CNS-LLF5RV3D8,cpeeg02,ses04,20260810_142952,2026-08-10 14:30:39.630436,NaN,4,probe,POSTDIG_FIX2_ON,152,2026-08-10 14:36:34.471317,354.798121,1.621211,,,,,,keyboard,after digit#2,"{""note"":""after digit#2""}",2,0.016667,60.000000,1
Sergio_G01_CNS-LLF5RV3D8,cpeeg02,ses04,20260810_142952,2026-08-10 14:30:39.630436,NaN,4,probe,POSTDIG_FIX2_OFF,157,2026-08-10 14:36:36.091306,356.419332,0.045945,,,,,,keyboard,after digit#2,"{""note"":""after digit#2"",""pd_used"":0}",2,0.016667,60.000000,1
Sergio_G01_CNS-LLF5RV3D8,cpeeg02,ses04,20260810_142952,2026-08-10 14:30:39.630436,NaN,4,probe,DIGIT_RECALL_LINE_3,163,2026-08-10 14:36:36.142684,356.465277,1.004446,,3,,,,keyboard,next recall question,"{""value"":3,""note"":""next recall question"",""pd_used"":1}",2,0.016667,60.000000,1
Sergio_G01_CNS-LLF5RV3D8,cpeeg02,ses04,20260810_142952,2026-08-10 14:30:39.630436,NaN,4,probe,PROBE_DIGIT_OK_3,71,2026-08-10 14:36:37.800420,357.469723,0.800182,9.027640,slot#3,NaN,,,keyboard,probe_digit#3,"{""value"":""slot#3"",""entered"":null,""rt"":9.02764039998874,""note"":""probe_digit#3""}",2,0.016667,60.000000,1
Sergio_G01_CNS-LLF5RV3D8,cpeeg02,ses04,20260810_142952,2026-08-10 14:30:39.630436,NaN,4,probe,DIGIT3_OFF,148,2026-08-10 14:36:37.941895,358.269905,0.000000,,3,,,,keyboard,digit#3 off,"{""value"":3,""note"":""digit#3 off"",""pd_used"":0}",2,0.016667,60.000000,1
Sergio_G01_CNS-LLF5RV3D8,cpeeg02,ses04,20260810_142952,2026-08-10 14:30:39.630436,NaN,4,probe,POSTDIG_FIX3_ON,153,2026-08-10 14:36:37.942689,358.269905,2.016622,,,,,,keyboard,after digit#3,"{""note"":""after digit#3""}",2,0.016667,60.000000,1
Sergio_G01_CNS-LLF5RV3D8,cpeeg02,ses04,20260810_142952,2026-08-10 14:30:39.630436,NaN,4,probe,POSTDIG_FIX3_OFF,158,2026-08-10 14:36:39.958729,360.286527,0.046302,,,,,,keyboard,after digit#3,"{""note"":""after digit#3"",""pd_used"":0}",2,0.016667,60.000000,1
Sergio_G01_CNS-LLF5RV3D8,cpeeg02,ses04,20260810_142952,2026-08-10 14:30:39.630436,NaN,4,probe,DIGIT_RECALL_LINE_4,164,2026-08-10 14:36:40.010230,360.332829,0.793359,,4,,,,keyboard,next recall question,"{""value"":4,""note"":""next recall question"",""pd_used"":1}",2,0.016667,60.000000,1
Sergio_G01_CNS-LLF5RV3D8,cpeeg02,ses04,20260810_142952,2026-08-10 14:30:39.630436,NaN,4,probe,PROBE_DIGIT_OK_4,71,2026-08-10 14:36:41.283329,361.126188,0.635682,12.684105,slot#4,NaN,,,keyboard,probe_digit#4,"{""value"":""slot#4"",""entered"":null,""rt"":12.684105299995281,""note"":""probe_digit#4""}",2,0.016667,60.000000,1
Sergio_G01_CNS-LLF5RV3D8,cpeeg02,ses04,20260810_142952,2026-08-10 14:30:39.630436,NaN,4,probe,DIGIT4_OFF,149,2026-08-10 14:36:41.433822,361.761871,0.000000,,3,,,,keyboard,digit#4 off,"{""value"":3,""note"":""digit#4 off"",""pd_used"":0}",2,0.016667,60.000000,1
Sergio_G01_CNS-LLF5RV3D8,cpeeg02,ses04,20260810_142952,2026-08-10 14:30:39.630436,NaN,4,probe,POSTDIG_FIX4_ON,154,2026-08-10 14:36:41.434601,361.761871,1.830149,,,,,,keyboard,after digit#4,"{""note"":""after digit#4""}",2,0.016667,60.000000,1
Sergio_G01_CNS-LLF5RV3D8,cpeeg02,ses04,20260810_142952,2026-08-10 14:30:39.630436,NaN,4,probe,POSTDIG_FIX4_OFF,159,2026-08-10 14:36:43.264278,363.592019,0.046635,,,,,,keyboard,after digit#4,"{""note"":""after digit#4"",""pd_used"":0}",2,0.016667,60.000000,1
Sergio_G01_CNS-LLF5RV3D8,cpeeg02,ses04,20260810_142952,2026-08-10 14:30:39.630436,NaN,4,probe,DIGIT_RECALL_LINE_5,165,2026-08-10 14:36:43.315986,363.638654,1.619237,,5,,,,keyboard,next recall question,"{""value"":5,""note"":""next recall question"",""pd_used"":1}",2,0.016667,60.000000,1
Sergio_G01_CNS-LLF5RV3D8,cpeeg02,ses04,20260810_142952,2026-08-10 14:30:39.630436,NaN,4,probe,PROBE_DIGIT_OK_5,71,2026-08-10 14:36:45.250975,365.257892,0.472024,16.815809,slot#5,NaN,,,keyboard,probe_digit#5,"{""value"":""slot#5"",""entered"":null,""rt"":16.815808700048365,""note"":""probe_digit#5""}",2,0.016667,60.000000,1
Sergio_G01_CNS-LLF5RV3D8,cpeeg02,ses04,20260810_142952,2026-08-10 14:30:39.630436,NaN,4,probe,DIGIT5_OFF,150,2026-08-10 14:36:45.402215,365.729915,0.000000,,3,,,,keyboard,digit#5 off,"{""value"":3,""note"":""digit#5 off"",""pd_used"":0}",2,0.016667,60.000000,1
Sergio_G01_CNS-LLF5RV3D8,cpeeg02,ses04,20260810_142952,2026-08-10 14:30:39.630436,NaN,4,probe,POSTDIG_FIX5_ON,155,2026-08-10 14:36:45.402976,365.729915,3.378739,,,,,,keyboard,after digit#5,"{""note"":""after digit#5""}",2,0.016667,60.000000,1
Sergio_G01_CNS-LLF5RV3D8,cpeeg02,ses04,20260810_142952,2026-08-10 14:30:39.630436,NaN,4,probe,POSTDIG_FIX5_OFF,160,2026-08-10 14:36:48.780714,369.108655,0.043700,,,,,,keyboard,after digit#5,"{""note"":""after digit#5"",""pd_used"":0}",2,0.016667,60.000000,1
Sergio_G01_CNS-LLF5RV3D8,cpeeg02,ses04,20260810_142952,2026-08-10 14:30:39.630436,NaN,4,probe,PROBE_DONE,73,2026-08-10 14:36:48.782475,369.152355,0.000654,,,,,,keyboard,probe complete,"{""value"":"""",""note"":""probe complete""}",2,0.016667,60.000000,1
Sergio_G01_CNS-LLF5RV3D8,cpeeg02,ses04,20260810_142952,2026-08-10 14:30:39.630436,NaN,4,probe,TRIAL_END,21,2026-08-10 14:36:48.783024,369.153009,0.109922,,,,,,keyboard,,{},2,0.016667,60.000000,1
Sergio_G01_CNS-LLF5RV3D8,cpeeg02,ses04,20260810_142952,2026-08-10 14:30:39.630436,NaN,5,probe,TRIAL_CHANGE,22,2026-08-10 14:36:48.893193,369.262931,0.000914,,,,,,keyboard,trial transition,"{""note"":""trial transition""}",2,0.016667,60.000000,1
Sergio_G01_CNS-LLF5RV3D8,cpeeg02,ses04,20260810_142952,2026-08-10 14:30:39.630436,NaN,5,probe,TRIAL_START,20,2026-08-10 14:36:48.893876,369.263845,0.042894,,,,,,keyboard,,{},2,0.016667,60.000000,1
Sergio_G01_CNS-LLF5RV3D8,cpeeg02,ses04,20260810_142952,2026-08-10 14:30:39.630436,NaN,5,fix1,FIX1_ON,30,2026-08-10 14:36:48.987879,369.306739,3.512976,,,,,,keyboard,,"{""pd_used"":0}",2,0.016667,60.000000,1
Sergio_G01_CNS-LLF5RV3D8,cpeeg02,ses04,20260810_142952,2026-08-10 14:30:39.630436,NaN,5,fix1,FIX1_OFF,31,2026-08-10 14:36:52.491836,372.819715,0.044135,,,,,,keyboard,,"{""pd_used"":0}",2,0.016667,60.000000,1
Sergio_G01_CNS-LLF5RV3D8,cpeeg02,ses04,20260810_142952,2026-08-10 14:30:39.630436,NaN,5,digit,DIGIT1_ON,141,2026-08-10 14:36:52.543266,372.863850,0.551468,,6,,,,keyboard,digit#1 shown,"{""value"":6,""note"":""digit#1 shown"",""pd_used"":1}",2,0.016667,60.000000,1
Sergio_G01_CNS-LLF5RV3D8,cpeeg02,ses04,20260810_142952,2026-08-10 14:30:39.630436,NaN,5,digit,DIGIT1_OFF,146,2026-08-10 14:36:53.087423,373.415318,0.000000,,6,,,,keyboard,digit#1 off,"{""value"":6,""note"":""digit#1 off"",""pd_used"":0}",2,0.016667,60.000000,1
Sergio_G01_CNS-LLF5RV3D8,cpeeg02,ses04,20260810_142952,2026-08-10 14:30:39.630436,NaN,5,digit,POSTDIG_FIX1_ON,151,2026-08-10 14:36:53.088215,373.415318,1.645320,,,,,,keyboard,after digit#1,"{""note"":""after digit#1""}",2,0.016667,60.000000,1
Sergio_G01_CNS-LLF5RV3D8,cpeeg02,ses04,20260810_142952,2026-08-10 14:30:39.630436,NaN,5,digit,POSTDIG_FIX1_OFF,156,2026-08-10 14:36:54.733134,375.060638,0.044536,,,,,,keyboard,after digit#1,"{""note"":""after digit#1"",""pd_used"":0}",2,0.016667,60.000000,1
Sergio_G01_CNS-LLF5RV3D8,cpeeg02,ses04,20260810_142952,2026-08-10 14:30:39.630436,NaN,5,digit,DIGIT2_ON,142,2026-08-10 14:36:54.784302,375.105175,0.551163,,1,,,,keyboard,digit#2 shown,"{""value"":1,""note"":""digit#2 shown"",""pd_used"":1}",2,0.016667,60.000000,1
Sergio_G01_CNS-LLF5RV3D8,cpeeg02,ses04,20260810_142952,2026-08-10 14:30:39.630436,NaN,5,digit,DIGIT2_OFF,147,2026-08-10 14:36:55.328465,375.656338,0.000000,,1,,,,keyboard,digit#2 off,"{""value"":1,""note"":""digit#2 off"",""pd_used"":0}",2,0.016667,60.000000,1
Sergio_G01_CNS-LLF5RV3D8,cpeeg02,ses04,20260810_142952,2026-08-10 14:30:39.630436,NaN,5,digit,POSTDIG_FIX2_ON,152,2026-08-10 14:36:55.329211,375.656338,1.927210,,,,,,keyboard,after digit#2,"{""note"":""after digit#2""}",2,0.016667,60.000000,1
Sergio_G01_CNS-LLF5RV3D8,cpeeg02,ses04,20260810_142952,2026-08-10 14:30:39.630436,NaN,5,digit,POSTDIG_FIX2_OFF,157,2026-08-10 14:36:57.255968,377.583548,0.044535,,,,,,keyboard,after digit#2,"{""note"":""after digit#2"",""pd_used"":0}",2,0.016667,60.000000,1
Sergio_G01_CNS-LLF5RV3D8,cpeeg02,ses04,20260810_142952,2026-08-10 14:30:39.630436,NaN,5,digit,DIGIT3_ON,143,2026-08-10 14:36:57.307156,377.628083,0.551076,,7,,,,keyboard,digit#3 shown,"{""value"":7,""note"":""digit#3 shown"",""pd_used"":1}",2,0.016667,60.000000,1
Sergio_G01_CNS-LLF5RV3D8,cpeeg02,ses04,20260810_142952,2026-08-10 14:30:39.630436,NaN,5,digit,DIGIT3_OFF,148,2026-08-10 14:36:57.851282,378.179159,0.000000,,7,,,,keyboard,digit#3 off,"{""value"":7,""note"":""digit#3 off"",""pd_used"":0}",2,0.016667,60.000000,1
Sergio_G01_CNS-LLF5RV3D8,cpeeg02,ses04,20260810_142952,2026-08-10 14:30:39.630436,NaN,5,digit,POSTDIG_FIX3_ON,153,2026-08-10 14:36:57.852079,378.179159,1.631593,,,,,,keyboard,after digit#3,"{""note"":""after digit#3""}",2,0.016667,60.000000,1
Sergio_G01_CNS-LLF5RV3D8,cpeeg02,ses04,20260810_142952,2026-08-10 14:30:39.630436,NaN,5,digit,POSTDIG_FIX3_OFF,158,2026-08-10 14:36:59.482998,379.810753,0.044377,,,,,,keyboard,after digit#3,"{""note"":""after digit#3"",""pd_used"":0}",2,0.016667,60.000000,1
Sergio_G01_CNS-LLF5RV3D8,cpeeg02,ses04,20260810_142952,2026-08-10 14:30:39.630436,NaN,5,digit,DIGIT4_ON,144,2026-08-10 14:36:59.534590,379.855130,0.551547,,3,,,,keyboard,digit#4 shown,"{""value"":3,""note"":""digit#4 shown"",""pd_used"":1}",2,0.016667,60.000000,1
Sergio_G01_CNS-LLF5RV3D8,cpeeg02,ses04,20260810_142952,2026-08-10 14:30:39.630436,NaN,5,digit,DIGIT4_OFF,149,2026-08-10 14:37:00.078994,380.406677,0.000000,,3,,,,keyboard,digit#4 off,"{""value"":3,""note"":""digit#4 off"",""pd_used"":0}",2,0.016667,60.000000,1
Sergio_G01_CNS-LLF5RV3D8,cpeeg02,ses04,20260810_142952,2026-08-10 14:30:39.630436,NaN,5,digit,POSTDIG_FIX4_ON,154,2026-08-10 14:37:00.079751,380.406677,1.756963,,,,,,keyboard,after digit#4,"{""note"":""after digit#4""}",2,0.016667,60.000000,1
Sergio_G01_CNS-LLF5RV3D8,cpeeg02,ses04,20260810_142952,2026-08-10 14:30:39.630436,NaN,5,digit,POSTDIG_FIX4_OFF,159,2026-08-10 14:37:01.835836,382.163641,0.044299,,,,,,keyboard,after digit#4,"{""note"":""after digit#4"",""pd_used"":0}",2,0.016667,60.000000,1
Sergio_G01_CNS-LLF5RV3D8,cpeeg02,ses04,20260810_142952,2026-08-10 14:30:39.630436,NaN,5,digit,DIGIT5_ON,145,2026-08-10 14:37:01.887208,382.207940,0.551487,,1,,,,keyboard,digit#5 shown,"{""value"":1,""note"":""digit#5 shown"",""pd_used"":1}",2,0.016667,60.000000,1
Sergio_G01_CNS-LLF5RV3D8,cpeeg02,ses04,20260810_142952,2026-08-10 14:30:39.630436,NaN,5,digit,DIGIT5_OFF,150,2026-08-10 14:37:02.431424,382.759427,0.000000,,1,,,,keyboard,digit#5 off,"{""value"":1,""note"":""digit#5 off"",""pd_used"":0}",2,0.016667,60.000000,1
Sergio_G01_CNS-LLF5RV3D8,cpeeg02,ses04,20260810_142952,2026-08-10 14:30:39.630436,NaN,5,digit,POSTDIG_FIX5_ON,155,2026-08-10 14:37:02.432211,382.759427,3.141525,,,,,,keyboard,after digit#5,"{""note"":""after digit#5""}",2,0.016667,60.000000,1
Sergio_G01_CNS-LLF5RV3D8,cpeeg02,ses04,20260810_142952,2026-08-10 14:30:39.630436,NaN,5,digit,POSTDIG_FIX5_OFF,160,2026-08-10 14:37:05.573281,385.900952,0.044424,,,,,,keyboard,after digit#5,"{""note"":""after digit#5"",""pd_used"":0}",2,0.016667,60.000000,1
Sergio_G01_CNS-LLF5RV3D8,cpeeg02,ses04,20260810_142952,2026-08-10 14:30:39.630436,NaN,5,distractor,DISTRACTOR_ON,50,2026-08-10 14:37:05.624739,385.945377,5.804205,,2+9=11,,,,keyboard,,"{""value"":""2+9=11"",""isCorrectTruth"":true,""trueSum"":11,""pd_used"":1}",2,0.016667,60.000000,1
Sergio_G01_CNS-LLF5RV3D8,cpeeg02,ses04,20260810_142952,2026-08-10 14:30:39.630436,NaN,5,distractor,DISTRACTOR_ANS,51,2026-08-10 14:37:11.841842,391.749581,0.000000,5.804205,2+9=11,F,0,,keyboard,key= (False),"{""value"":""2+9=11"",""entered"":""F"",""rt"":5.804204799933359,""correct"":0,""note"":""key= (False)"",""truth"":true,""trueSum"":11,""shownSum"":11,""a"":2,""b"":9}",2,0.016667,60.000000,1
Sergio_G01_CNS-LLF5RV3D8,cpeeg02,ses04,20260810_142952,2026-08-10 14:30:39.630436,NaN,5,distractor,ANS_WRONG,200,2026-08-10 14:37:11.884233,391.749581,0.506536,,,,,,keyboard,,{},2,0.016667,60.000000,1
Sergio_G01_CNS-LLF5RV3D8,cpeeg02,ses04,20260810_142952,2026-08-10 14:30:39.630436,NaN,5,distractor,DISTRACTOR_OFF,52,2026-08-10 14:37:11.935717,392.256117,0.000000,,,,,,keyboard,,"{""pd_used"":0}",2,0.016667,60.000000,1
Sergio_G01_CNS-LLF5RV3D8,cpeeg02,ses04,20260810_142952,2026-08-10 14:30:39.630436,NaN,5,distractor,FIX2_ON,60,2026-08-10 14:37:11.936388,392.256117,3.410231,,,,,,keyboard,immediate after response,"{""note"":""immediate after response""}",2,0.016667,60.000000,1
Sergio_G01_CNS-LLF5RV3D8,cpeeg02,ses04,20260810_142952,2026-08-10 14:30:39.630436,NaN,5,fix2,FIX2_OFF,61,2026-08-10 14:37:15.338409,395.666348,0.044135,,,,,,keyboard,,"{""pd_used"":0}",2,0.016667,60.000000,1
Sergio_G01_CNS-LLF5RV3D8,cpeeg02,ses04,20260810_142952,2026-08-10 14:30:39.630436,NaN,5,probe,DIGIT_RECALL_LINE_1,161,2026-08-10 14:37:15.389995,395.710483,1.566498,,1,,,,keyboard,first recall question,"{""value"":1,""note"":""first recall question"",""pd_used"":1}",2,0.016667,60.000000,1
Sergio_G01_CNS-LLF5RV3D8,cpeeg02,ses04,20260810_142952,2026-08-10 14:30:39.630436,NaN,5,probe,PROBE_DIGIT_OK_1,71,2026-08-10 14:37:17.311000,397.276981,0.512348,1.567838,slot#1,NaN,,,keyboard,probe_digit#1,"{""value"":""slot#1"",""entered"":null,""rt"":1.5678376000141725,""note"":""probe_digit#1""}",2,0.016667,60.000000,1
Sergio_G01_CNS-LLF5RV3D8,cpeeg02,ses04,20260810_142952,2026-08-10 14:30:39.630436,NaN,5,probe,DIGIT1_OFF,146,2026-08-10 14:37:17.461289,397.789329,0.000000,,1,,,,keyboard,digit#1 off,"{""value"":1,""note"":""digit#1 off"",""pd_used"":0}",2,0.016667,60.000000,1
Sergio_G01_CNS-LLF5RV3D8,cpeeg02,ses04,20260810_142952,2026-08-10 14:30:39.630436,NaN,5,probe,POSTDIG_FIX1_ON,151,2026-08-10 14:37:17.462045,397.789329,1.601115,,,,,,keyboard,after digit#1,"{""note"":""after digit#1""}",2,0.016667,60.000000,1
Sergio_G01_CNS-LLF5RV3D8,cpeeg02,ses04,20260810_142952,2026-08-10 14:30:39.630436,NaN,5,probe,POSTDIG_FIX1_OFF,156,2026-08-10 14:37:19.062365,399.390444,0.046323,,,,,,keyboard,after digit#1,"{""note"":""after digit#1"",""pd_used"":0}",2,0.016667,60.000000,1
Sergio_G01_CNS-LLF5RV3D8,cpeeg02,ses04,20260810_142952,2026-08-10 14:30:39.630436,NaN,5,probe,DIGIT_RECALL_LINE_2,162,2026-08-10 14:37:19.114179,399.436767,0.920309,,2,,,,keyboard,next recall question,"{""value"":2,""note"":""next recall question"",""pd_used"":1}",2,0.016667,60.000000,1
Sergio_G01_CNS-LLF5RV3D8,cpeeg02,ses04,20260810_142952,2026-08-10 14:30:39.630436,NaN,5,probe,PROBE_DIGIT_OK_2,71,2026-08-10 14:37:20.310954,400.357076,0.420889,4.647932,slot#2,NaN,,,keyboard,probe_digit#2,"{""value"":""slot#2"",""entered"":null,""rt"":4.6479320999933407,""note"":""probe_digit#2""}",2,0.016667,60.000000,1
Sergio_G01_CNS-LLF5RV3D8,cpeeg02,ses04,20260810_142952,2026-08-10 14:30:39.630436,NaN,5,probe,DIGIT2_OFF,147,2026-08-10 14:37:20.450321,400.777965,0.000000,,1,,,,keyboard,digit#2 off,"{""value"":1,""note"":""digit#2 off"",""pd_used"":0}",2,0.016667,60.000000,1
Sergio_G01_CNS-LLF5RV3D8,cpeeg02,ses04,20260810_142952,2026-08-10 14:30:39.630436,NaN,5,probe,POSTDIG_FIX2_ON,152,2026-08-10 14:37:20.451122,400.777965,2.044049,,,,,,keyboard,after digit#2,"{""note"":""after digit#2""}",2,0.016667,60.000000,1
Sergio_G01_CNS-LLF5RV3D8,cpeeg02,ses04,20260810_142952,2026-08-10 14:30:39.630436,NaN,5,probe,POSTDIG_FIX2_OFF,157,2026-08-10 14:37:22.494075,402.822014,0.046383,,,,,,keyboard,after digit#2,"{""note"":""after digit#2"",""pd_used"":0}",2,0.016667,60.000000,1
Sergio_G01_CNS-LLF5RV3D8,cpeeg02,ses04,20260810_142952,2026-08-10 14:30:39.630436,NaN,5,probe,DIGIT_RECALL_LINE_3,163,2026-08-10 14:37:22.545611,402.868398,3.278053,,3,,,,keyboard,next recall question,"{""value"":3,""note"":""next recall question"",""pd_used"":1}",2,0.016667,60.000000,1
Sergio_G01_CNS-LLF5RV3D8,cpeeg02,ses04,20260810_142952,2026-08-10 14:30:39.630436,NaN,5,probe,PROBE_DIGIT_OK_3,71,2026-08-10 14:37:26.261688,406.146450,0.592755,10.437306,slot#3,NaN,,,keyboard,probe_digit#3,"{""value"":""slot#3"",""entered"":null,""rt"":10.437306400039233,""note"":""probe_digit#3""}",2,0.016667,60.000000,1
Sergio_G01_CNS-LLF5RV3D8,cpeeg02,ses04,20260810_142952,2026-08-10 14:30:39.630436,NaN,5,probe,DIGIT3_OFF,148,2026-08-10 14:37:26.411287,406.739205,0.000000,,1,,,,keyboard,digit#3 off,"{""value"":1,""note"":""digit#3 off"",""pd_used"":0}",2,0.016667,60.000000,1
Sergio_G01_CNS-LLF5RV3D8,cpeeg02,ses04,20260810_142952,2026-08-10 14:30:39.630436,NaN,5,probe,POSTDIG_FIX3_ON,153,2026-08-10 14:37:26.412049,406.739205,1.680132,,,,,,keyboard,after digit#3,"{""note"":""after digit#3""}",2,0.016667,60.000000,1
Sergio_G01_CNS-LLF5RV3D8,cpeeg02,ses04,20260810_142952,2026-08-10 14:30:39.630436,NaN,5,probe,POSTDIG_FIX3_OFF,158,2026-08-10 14:37:28.091556,408.419338,0.046352,,,,,,keyboard,after digit#3,"{""note"":""after digit#3"",""pd_used"":0}",2,0.016667,60.000000,1
Sergio_G01_CNS-LLF5RV3D8,cpeeg02,ses04,20260810_142952,2026-08-10 14:30:39.630436,NaN,5,probe,DIGIT_RECALL_LINE_4,164,2026-08-10 14:37:28.143140,408.465689,0.791023,,4,,,,keyboard,next recall question,"{""value"":4,""note"":""next recall question"",""pd_used"":1}",2,0.016667,60.000000,1
Sergio_G01_CNS-LLF5RV3D8,cpeeg02,ses04,20260810_142952,2026-08-10 14:30:39.630436,NaN,5,probe,PROBE_DIGIT_OK_4,71,2026-08-10 14:37:29.472181,409.256712,0.688113,13.547568,slot#4,NaN,,,keyboard,probe_digit#4,"{""value"":""slot#4"",""entered"":null,""rt"":13.547567900037393,""note"":""probe_digit#4""}",2,0.016667,60.000000,1
Sergio_G01_CNS-LLF5RV3D8,cpeeg02,ses04,20260810_142952,2026-08-10 14:30:39.630436,NaN,5,probe,DIGIT4_OFF,149,2026-08-10 14:37:29.616934,409.944825,0.000000,,1,,,,keyboard,digit#4 off,"{""value"":1,""note"":""digit#4 off"",""pd_used"":0}",2,0.016667,60.000000,1
Sergio_G01_CNS-LLF5RV3D8,cpeeg02,ses04,20260810_142952,2026-08-10 14:30:39.630436,NaN,5,probe,POSTDIG_FIX4_ON,154,2026-08-10 14:37:29.617732,409.944825,1.813371,,,,,,keyboard,after digit#4,"{""note"":""after digit#4""}",2,0.016667,60.000000,1
Sergio_G01_CNS-LLF5RV3D8,cpeeg02,ses04,20260810_142952,2026-08-10 14:30:39.630436,NaN,5,probe,POSTDIG_FIX4_OFF,159,2026-08-10 14:37:31.430728,411.758195,0.046740,,,,,,keyboard,after digit#4,"{""note"":""after digit#4"",""pd_used"":0}",2,0.016667,60.000000,1
Sergio_G01_CNS-LLF5RV3D8,cpeeg02,ses04,20260810_142952,2026-08-10 14:30:39.630436,NaN,5,probe,DIGIT_RECALL_LINE_5,165,2026-08-10 14:37:31.482703,411.804935,2.433443,,5,,,,keyboard,next recall question,"{""value"":5,""note"":""next recall question"",""pd_used"":1}",2,0.016667,60.000000,1
Sergio_G01_CNS-LLF5RV3D8,cpeeg02,ses04,20260810_142952,2026-08-10 14:30:39.630436,NaN,5,probe,PROBE_DIGIT_OK_5,71,2026-08-10 14:37:34.320663,414.238379,0.559307,18.529235,slot#5,NaN,,,keyboard,probe_digit#5,"{""value"":""slot#5"",""entered"":null,""rt"":18.529234900022857,""note"":""probe_digit#5""}",2,0.016667,60.000000,1
Sergio_G01_CNS-LLF5RV3D8,cpeeg02,ses04,20260810_142952,2026-08-10 14:30:39.630436,NaN,5,probe,DIGIT5_OFF,150,2026-08-10 14:37:34.469971,414.797686,0.000000,,1,,,,keyboard,digit#5 off,"{""value"":1,""note"":""digit#5 off"",""pd_used"":0}",2,0.016667,60.000000,1
Sergio_G01_CNS-LLF5RV3D8,cpeeg02,ses04,20260810_142952,2026-08-10 14:30:39.630436,NaN,5,probe,POSTDIG_FIX5_ON,155,2026-08-10 14:37:34.470743,414.797686,3.074535,,,,,,keyboard,after digit#5,"{""note"":""after digit#5""}",2,0.016667,60.000000,1
Sergio_G01_CNS-LLF5RV3D8,cpeeg02,ses04,20260810_142952,2026-08-10 14:30:39.630436,NaN,5,probe,POSTDIG_FIX5_OFF,160,2026-08-10 14:37:37.544248,417.872221,0.043718,,,,,,keyboard,after digit#5,"{""note"":""after digit#5"",""pd_used"":0}",2,0.016667,60.000000,1
Sergio_G01_CNS-LLF5RV3D8,cpeeg02,ses04,20260810_142952,2026-08-10 14:30:39.630436,NaN,5,probe,PROBE_DONE,73,2026-08-10 14:37:37.546050,417.915939,0.000633,,,,,,keyboard,probe complete,"{""value"":"""",""note"":""probe complete""}",2,0.016667,60.000000,1
Sergio_G01_CNS-LLF5RV3D8,cpeeg02,ses04,20260810_142952,2026-08-10 14:30:39.630436,NaN,5,probe,TRIAL_END,21,2026-08-10 14:37:37.546585,417.916572,0.113504,,,,,,keyboard,,{},2,0.016667,60.000000,1
Sergio_G01_CNS-LLF5RV3D8,cpeeg02,ses04,20260810_142952,2026-08-10 14:30:39.630436,NaN,6,probe,TRIAL_CHANGE,22,2026-08-10 14:37:37.660332,418.030077,0.000883,,,,,,keyboard,trial transition,"{""note"":""trial transition""}",2,0.016667,60.000000,1
Sergio_G01_CNS-LLF5RV3D8,cpeeg02,ses04,20260810_142952,2026-08-10 14:30:39.630436,NaN,6,probe,TRIAL_START,20,2026-08-10 14:37:37.660986,418.030960,0.043128,,,,,,keyboard,,{},2,0.016667,60.000000,1
Sergio_G01_CNS-LLF5RV3D8,cpeeg02,ses04,20260810_142952,2026-08-10 14:30:39.630436,NaN,6,fix1,FIX1_ON,30,2026-08-10 14:37:37.754832,418.074087,3.394728,,,,,,keyboard,,"{""pd_used"":0}",2,0.016667,60.000000,1
Sergio_G01_CNS-LLF5RV3D8,cpeeg02,ses04,20260810_142952,2026-08-10 14:30:39.630436,NaN,6,fix1,FIX1_OFF,31,2026-08-10 14:37:41.141048,421.468816,0.044438,,,,,,keyboard,,"{""pd_used"":0}",2,0.016667,60.000000,1
Sergio_G01_CNS-LLF5RV3D8,cpeeg02,ses04,20260810_142952,2026-08-10 14:30:39.630436,NaN,6,digit,DIGIT1_ON,141,2026-08-10 14:37:41.192715,421.513254,0.551639,,0,,,,keyboard,digit#1 shown,"{""value"":0,""note"":""digit#1 shown"",""pd_used"":1}",2,0.016667,60.000000,1
Sergio_G01_CNS-LLF5RV3D8,cpeeg02,ses04,20260810_142952,2026-08-10 14:30:39.630436,NaN,6,digit,DIGIT1_OFF,146,2026-08-10 14:37:41.737034,422.064893,0.000000,,0,,,,keyboard,digit#1 off,"{""value"":0,""note"":""digit#1 off"",""pd_used"":0}",2,0.016667,60.000000,1
Sergio_G01_CNS-LLF5RV3D8,cpeeg02,ses04,20260810_142952,2026-08-10 14:30:39.630436,NaN,6,digit,POSTDIG_FIX1_ON,151,2026-08-10 14:37:41.737836,422.064893,1.580509,,,,,,keyboard,after digit#1,"{""note"":""after digit#1""}",2,0.016667,60.000000,1
Sergio_G01_CNS-LLF5RV3D8,cpeeg02,ses04,20260810_142952,2026-08-10 14:30:39.630436,NaN,6,digit,POSTDIG_FIX1_OFF,156,2026-08-10 14:37:43.317318,423.645402,0.043924,,,,,,keyboard,after digit#1,"{""note"":""after digit#1"",""pd_used"":0}",2,0.016667,60.000000,1
Sergio_G01_CNS-LLF5RV3D8,cpeeg02,ses04,20260810_142952,2026-08-10 14:30:39.630436,NaN,6,digit,DIGIT2_ON,142,2026-08-10 14:37:43.368657,423.689326,0.551500,,4,,,,keyboard,digit#2 shown,"{""value"":4,""note"":""digit#2 shown"",""pd_used"":1}",2,0.016667,60.000000,1
Sergio_G01_CNS-LLF5RV3D8,cpeeg02,ses04,20260810_142952,2026-08-10 14:30:39.630436,NaN,6,digit,DIGIT2_OFF,147,2026-08-10 14:37:43.912884,424.240825,0.000000,,4,,,,keyboard,digit#2 off,"{""value"":4,""note"":""digit#2 off"",""pd_used"":0}",2,0.016667,60.000000,1
Sergio_G01_CNS-LLF5RV3D8,cpeeg02,ses04,20260810_142952,2026-08-10 14:30:39.630436,NaN,6,digit,POSTDIG_FIX2_ON,152,2026-08-10 14:37:43.913653,424.240825,2.001269,,,,,,keyboard,after digit#2,"{""note"":""after digit#2""}",2,0.016667,60.000000,1
Sergio_G01_CNS-LLF5RV3D8,cpeeg02,ses04,20260810_142952,2026-08-10 14:30:39.630436,NaN,6,digit,POSTDIG_FIX2_OFF,157,2026-08-10 14:37:45.914622,426.242094,0.044534,,,,,,keyboard,after digit#2,"{""note"":""after digit#2"",""pd_used"":0}",2,0.016667,60.000000,1
Sergio_G01_CNS-LLF5RV3D8,cpeeg02,ses04,20260810_142952,2026-08-10 14:30:39.630436,NaN,6,digit,DIGIT3_ON,143,2026-08-10 14:37:45.965965,426.286628,0.551340,,0,,,,keyboard,digit#3 shown,"{""value"":0,""note"":""digit#3 shown"",""pd_used"":1}",2,0.016667,60.000000,1
Sergio_G01_CNS-LLF5RV3D8,cpeeg02,ses04,20260810_142952,2026-08-10 14:30:39.630436,NaN,6,digit,DIGIT3_OFF,148,2026-08-10 14:37:46.510344,426.837968,0.000000,,0,,,,keyboard,digit#3 off,"{""value"":0,""note"":""digit#3 off"",""pd_used"":0}",2,0.016667,60.000000,1
Sergio_G01_CNS-LLF5RV3D8,cpeeg02,ses04,20260810_142952,2026-08-10 14:30:39.630436,NaN,6,digit,POSTDIG_FIX3_ON,153,2026-08-10 14:37:46.511118,426.837968,1.954874,,,,,,keyboard,after digit#3,"{""note"":""after digit#3""}",2,0.016667,60.000000,1
Sergio_G01_CNS-LLF5RV3D8,cpeeg02,ses04,20260810_142952,2026-08-10 14:30:39.630436,NaN,6,digit,POSTDIG_FIX3_OFF,158,2026-08-10 14:37:48.464934,428.792842,0.044204,,,,,,keyboard,after digit#3,"{""note"":""after digit#3"",""pd_used"":0}",2,0.016667,60.000000,1
Sergio_G01_CNS-LLF5RV3D8,cpeeg02,ses04,20260810_142952,2026-08-10 14:30:39.630436,NaN,6,digit,DIGIT4_ON,144,2026-08-10 14:37:48.516315,428.837046,0.551177,,3,,,,keyboard,digit#4 shown,"{""value"":3,""note"":""digit#4 shown"",""pd_used"":1}",2,0.016667,60.000000,1
Sergio_G01_CNS-LLF5RV3D8,cpeeg02,ses04,20260810_142952,2026-08-10 14:30:39.630436,NaN,6,digit,DIGIT4_OFF,149,2026-08-10 14:37:49.060497,429.388223,0.000000,,3,,,,keyboard,digit#4 off,"{""value"":3,""note"":""digit#4 off"",""pd_used"":0}",2,0.016667,60.000000,1
Sergio_G01_CNS-LLF5RV3D8,cpeeg02,ses04,20260810_142952,2026-08-10 14:30:39.630436,NaN,6,digit,POSTDIG_FIX4_ON,154,2026-08-10 14:37:49.061263,429.388223,1.702718,,,,,,keyboard,after digit#4,"{""note"":""after digit#4""}",2,0.016667,60.000000,1
Sergio_G01_CNS-LLF5RV3D8,cpeeg02,ses04,20260810_142952,2026-08-10 14:30:39.630436,NaN,6,digit,POSTDIG_FIX4_OFF,159,2026-08-10 14:37:50.762945,431.090941,0.044619,,,,,,keyboard,after digit#4,"{""note"":""after digit#4"",""pd_used"":0}",2,0.016667,60.000000,1
Sergio_G01_CNS-LLF5RV3D8,cpeeg02,ses04,20260810_142952,2026-08-10 14:30:39.630436,NaN,6,digit,DIGIT5_ON,145,2026-08-10 14:37:50.814554,431.135560,0.551095,,3,,,,keyboard,digit#5 shown,"{""value"":3,""note"":""digit#5 shown"",""pd_used"":1}",2,0.016667,60.000000,1
Sergio_G01_CNS-LLF5RV3D8,cpeeg02,ses04,20260810_142952,2026-08-10 14:30:39.630436,NaN,6,digit,DIGIT5_OFF,150,2026-08-10 14:37:51.358758,431.686655,0.000000,,3,,,,keyboard,digit#5 off,"{""value"":3,""note"":""digit#5 off"",""pd_used"":0}",2,0.016667,60.000000,1
Sergio_G01_CNS-LLF5RV3D8,cpeeg02,ses04,20260810_142952,2026-08-10 14:30:39.630436,NaN,6,digit,POSTDIG_FIX5_ON,155,2026-08-10 14:37:51.359579,431.686655,3.243127,,,,,,keyboard,after digit#5,"{""note"":""after digit#5""}",2,0.016667,60.000000,1
Sergio_G01_CNS-LLF5RV3D8,cpeeg02,ses04,20260810_142952,2026-08-10 14:30:39.630436,NaN,6,digit,POSTDIG_FIX5_OFF,160,2026-08-10 14:37:54.601826,434.929782,0.044161,,,,,,keyboard,after digit#5,"{""note"":""after digit#5"",""pd_used"":0}",2,0.016667,60.000000,1
Sergio_G01_CNS-LLF5RV3D8,cpeeg02,ses04,20260810_142952,2026-08-10 14:30:39.630436,NaN,6,distractor,DISTRACTOR_ON,50,2026-08-10 14:37:54.653148,434.973943,3.093632,,8+9=20,,,,keyboard,,"{""value"":""8+9=20"",""isCorrectTruth"":false,""trueSum"":17,""pd_used"":1}",2,0.016667,60.000000,1
Sergio_G01_CNS-LLF5RV3D8,cpeeg02,ses04,20260810_142952,2026-08-10 14:30:39.630436,NaN,6,distractor,DISTRACTOR_ANS,51,2026-08-10 14:37:58.171472,438.067575,0.000000,3.093632,8+9=20,F,1,,keyboard,key= (False),"{""value"":""8+9=20"",""entered"":""F"",""rt"":3.0936320000328124,""correct"":1,""note"":""key= (False)"",""truth"":false,""trueSum"":17,""shownSum"":20,""a"":8,""b"":9}",2,0.016667,60.000000,1
Sergio_G01_CNS-LLF5RV3D8,cpeeg02,ses04,20260810_142952,2026-08-10 14:30:39.630436,NaN,6,distractor,ANS_CORRECT,100,2026-08-10 14:37:58.213862,438.067575,0.518261,,,,,,keyboard,,{},2,0.016667,60.000000,1
Sergio_G01_CNS-LLF5RV3D8,cpeeg02,ses04,20260810_142952,2026-08-10 14:30:39.630436,NaN,6,distractor,DISTRACTOR_OFF,52,2026-08-10 14:37:58.265280,438.585836,0.000000,,,,,,keyboard,,"{""pd_used"":0}",2,0.016667,60.000000,1
Sergio_G01_CNS-LLF5RV3D8,cpeeg02,ses04,20260810_142952,2026-08-10 14:30:39.630436,NaN,6,distractor,FIX2_ON,60,2026-08-10 14:37:58.265957,438.585836,3.532065,,,,,,keyboard,immediate after response,"{""note"":""immediate after response""}",2,0.016667,60.000000,1
Sergio_G01_CNS-LLF5RV3D8,cpeeg02,ses04,20260810_142952,2026-08-10 14:30:39.630436,NaN,6,fix2,FIX2_OFF,61,2026-08-10 14:38:01.790159,442.117901,0.044234,,,,,,keyboard,,"{""pd_used"":0}",2,0.016667,60.000000,1
Sergio_G01_CNS-LLF5RV3D8,cpeeg02,ses04,20260810_142952,2026-08-10 14:30:39.630436,NaN,6,probe,DIGIT_RECALL_LINE_1,161,2026-08-10 14:38:01.841556,442.162135,8.168032,,1,,,,keyboard,first recall question,"{""value"":1,""note"":""first recall question"",""pd_used"":1}",2,0.016667,60.000000,1
Sergio_G01_CNS-LLF5RV3D8,cpeeg02,ses04,20260810_142952,2026-08-10 14:30:39.630436,NaN,6,probe,PROBE_DIGIT_OK_1,71,2026-08-10 14:38:10.405034,450.330167,0.549804,8.169281,slot#1,NaN,,,keyboard,probe_digit#1,"{""value"":""slot#1"",""entered"":null,""rt"":8.16928079992067,""note"":""probe_digit#1""}",2,0.016667,60.000000,1
Sergio_G01_CNS-LLF5RV3D8,cpeeg02,ses04,20260810_142952,2026-08-10 14:30:39.630436,NaN,6,probe,DIGIT1_OFF,146,2026-08-10 14:38:10.551918,450.879971,0.000000,,3,,,,keyboard,digit#1 off,"{""value"":3,""note"":""digit#1 off"",""pd_used"":0}",2,0.016667,60.000000,1
Sergio_G01_CNS-LLF5RV3D8,cpeeg02,ses04,20260810_142952,2026-08-10 14:30:39.630436,NaN,6,probe,POSTDIG_FIX1_ON,151,2026-08-10 14:38:10.552652,450.879971,1.686730,,,,,,keyboard,after digit#1,"{""note"":""after digit#1""}",2,0.016667,60.000000,1
Sergio_G01_CNS-LLF5RV3D8,cpeeg02,ses04,20260810_142952,2026-08-10 14:30:39.630436,NaN,6,probe,POSTDIG_FIX1_OFF,156,2026-08-10 14:38:12.238869,452.566701,0.046283,,,,,,keyboard,after digit#1,"{""note"":""after digit#1"",""pd_used"":0}",2,0.016667,60.000000,1
Sergio_G01_CNS-LLF5RV3D8,cpeeg02,ses04,20260810_142952,2026-08-10 14:30:39.630436,NaN,6,probe,DIGIT_RECALL_LINE_2,162,2026-08-10 14:38:12.290340,452.612984,3.933867,,2,,,,keyboard,next recall question,"{""value"":2,""note"":""next recall question"",""pd_used"":1}",2,0.016667,60.000000,1
Sergio_G01_CNS-LLF5RV3D8,cpeeg02,ses04,20260810_142952,2026-08-10 14:30:39.630436,NaN,6,probe,PROBE_DIGIT_OK_2,71,2026-08-10 14:38:16.642997,456.546852,0.575605,14.385965,slot#2,NaN,,,keyboard,probe_digit#2,"{""value"":""slot#2"",""entered"":null,""rt"":14.385965200024657,""note"":""probe_digit#2""}",2,0.016667,60.000000,1
Sergio_G01_CNS-LLF5RV3D8,cpeeg02,ses04,20260810_142952,2026-08-10 14:30:39.630436,NaN,6,probe,DIGIT2_OFF,147,2026-08-10 14:38:16.794454,457.122457,0.000000,,3,,,,keyboard,digit#2 off,"{""value"":3,""note"":""digit#2 off"",""pd_used"":0}",2,0.016667,60.000000,1
Sergio_G01_CNS-LLF5RV3D8,cpeeg02,ses04,20260810_142952,2026-08-10 14:30:39.630436,NaN,6,probe,POSTDIG_FIX2_ON,152,2026-08-10 14:38:16.795278,457.122457,1.588333,,,,,,keyboard,after digit#2,"{""note"":""after digit#2""}",2,0.016667,60.000000,1
Sergio_G01_CNS-LLF5RV3D8,cpeeg02,ses04,20260810_142952,2026-08-10 14:30:39.630436,NaN,6,probe,POSTDIG_FIX2_OFF,157,2026-08-10 14:38:18.382914,458.710789,0.046387,,,,,,keyboard,after digit#2,"{""note"":""after digit#2"",""pd_used"":0}",2,0.016667,60.000000,1
Sergio_G01_CNS-LLF5RV3D8,cpeeg02,ses04,20260810_142952,2026-08-10 14:30:39.630436,NaN,6,probe,DIGIT_RECALL_LINE_3,163,2026-08-10 14:38:18.434376,458.757176,0.829798,,3,,,,keyboard,next recall question,"{""value"":3,""note"":""next recall question"",""pd_used"":1}",2,0.016667,60.000000,1
Sergio_G01_CNS-LLF5RV3D8,cpeeg02,ses04,20260810_142952,2026-08-10 14:30:39.630436,NaN,6,probe,PROBE_DIGIT_OK_3,71,2026-08-10 14:38:19.830962,459.586974,0.722093,17.426088,slot#3,NaN,,,keyboard,probe_digit#3,"{""value"":""slot#3"",""entered"":null,""rt"":17.426087699946947,""note"":""probe_digit#3""}",2,0.016667,60.000000,1
Sergio_G01_CNS-LLF5RV3D8,cpeeg02,ses04,20260810_142952,2026-08-10 14:30:39.630436,NaN,6,probe,DIGIT3_OFF,148,2026-08-10 14:38:19.981215,460.309067,0.000000,,3,,,,keyboard,digit#3 off,"{""value"":3,""note"":""digit#3 off"",""pd_used"":0}",2,0.016667,60.000000,1
Sergio_G01_CNS-LLF5RV3D8,cpeeg02,ses04,20260810_142952,2026-08-10 14:30:39.630436,NaN,6,probe,POSTDIG_FIX3_ON,153,2026-08-10 14:38:19.981990,460.309067,1.806371,,,,,,keyboard,after digit#3,"{""note"":""after digit#3""}",2,0.016667,60.000000,1
Sergio_G01_CNS-LLF5RV3D8,cpeeg02,ses04,20260810_142952,2026-08-10 14:30:39.630436,NaN,6,probe,POSTDIG_FIX3_OFF,158,2026-08-10 14:38:21.787512,462.115438,0.045965,,,,,,keyboard,after digit#3,"{""note"":""after digit#3"",""pd_used"":0}",2,0.016667,60.000000,1
Sergio_G01_CNS-LLF5RV3D8,cpeeg02,ses04,20260810_142952,2026-08-10 14:30:39.630436,NaN,6,probe,DIGIT_RECALL_LINE_4,164,2026-08-10 14:38:21.838892,462.161403,0.602934,,4,,,,keyboard,next recall question,"{""value"":4,""note"":""next recall question"",""pd_used"":1}",2,0.016667,60.000000,1
Sergio_G01_CNS-LLF5RV3D8,cpeeg02,ses04,20260810_142952,2026-08-10 14:30:39.630436,NaN,6,probe,PROBE_DIGIT_OK_4,71,2026-08-10 14:38:22.940347,462.764337,0.642894,20.603451,slot#4,NaN,,,keyboard,probe_digit#4,"{""value"":""slot#4"",""entered"":null,""rt"":20.603450699942186,""note"":""probe_digit#4""}",2,0.016667,60.000000,1
Sergio_G01_CNS-LLF5RV3D8,cpeeg02,ses04,20260810_142952,2026-08-10 14:30:39.630436,NaN,6,probe,DIGIT4_OFF,149,2026-08-10 14:38:23.079178,463.407231,0.000000,,3,,,,keyboard,digit#4 off,"{""value"":3,""note"":""digit#4 off"",""pd_used"":0}",2,0.016667,60.000000,1
Sergio_G01_CNS-LLF5RV3D8,cpeeg02,ses04,20260810_142952,2026-08-10 14:30:39.630436,NaN,6,probe,POSTDIG_FIX4_ON,154,2026-08-10 14:38:23.079968,463.407231,1.915494,,,,,,keyboard,after digit#4,"{""note"":""after digit#4""}",2,0.016667,60.000000,1
Sergio_G01_CNS-LLF5RV3D8,cpeeg02,ses04,20260810_142952,2026-08-10 14:30:39.630436,NaN,6,probe,POSTDIG_FIX4_OFF,159,2026-08-10 14:38:24.994928,465.322725,0.046465,,,,,,keyboard,after digit#4,"{""note"":""after digit#4"",""pd_used"":0}",2,0.016667,60.000000,1
Sergio_G01_CNS-LLF5RV3D8,cpeeg02,ses04,20260810_142952,2026-08-10 14:30:39.630436,NaN,6,probe,DIGIT_RECALL_LINE_5,165,2026-08-10 14:38:25.046337,465.369190,3.136699,,5,,,,keyboard,next recall question,"{""value"":5,""note"":""next recall question"",""pd_used"":1}",2,0.016667,60.000000,1
Sergio_G01_CNS-LLF5RV3D8,cpeeg02,ses04,20260810_142952,2026-08-10 14:30:39.630436,NaN,6,probe,PROBE_DIGIT_OK_5,71,2026-08-10 14:38:28.682177,468.505889,0.651479,26.345002,slot#5,NaN,,,keyboard,probe_digit#5,"{""value"":""slot#5"",""entered"":null,""rt"":26.345002499991097,""note"":""probe_digit#5""}",2,0.016667,60.000000,1
Sergio_G01_CNS-LLF5RV3D8,cpeeg02,ses04,20260810_142952,2026-08-10 14:30:39.630436,NaN,6,probe,DIGIT5_OFF,150,2026-08-10 14:38:28.829332,469.157368,0.000000,,3,,,,keyboard,digit#5 off,"{""value"":3,""note"":""digit#5 off"",""pd_used"":0}",2,0.016667,60.000000,1
Sergio_G01_CNS-LLF5RV3D8,cpeeg02,ses04,20260810_142952,2026-08-10 14:30:39.630436,NaN,6,probe,POSTDIG_FIX5_ON,155,2026-08-10 14:38:28.830072,469.157368,3.537478,,,,,,keyboard,after digit#5,"{""note"":""after digit#5""}",2,0.016667,60.000000,1
Sergio_G01_CNS-LLF5RV3D8,cpeeg02,ses04,20260810_142952,2026-08-10 14:30:39.630436,NaN,6,probe,POSTDIG_FIX5_OFF,160,2026-08-10 14:38:32.366917,472.694846,0.043878,,,,,,keyboard,after digit#5,"{""note"":""after digit#5"",""pd_used"":0}",2,0.016667,60.000000,1
Sergio_G01_CNS-LLF5RV3D8,cpeeg02,ses04,20260810_142952,2026-08-10 14:30:39.630436,NaN,6,probe,PROBE_DONE,73,2026-08-10 14:38:32.368910,472.738724,0.000766,,,,,,keyboard,probe complete,"{""value"":"""",""note"":""probe complete""}",2,0.016667,60.000000,1
Sergio_G01_CNS-LLF5RV3D8,cpeeg02,ses04,20260810_142952,2026-08-10 14:30:39.630436,NaN,6,probe,TRIAL_END,21,2026-08-10 14:38:32.369510,472.739490,0.114801,,,,,,keyboard,,{},2,0.016667,60.000000,1
Sergio_G01_CNS-LLF5RV3D8,cpeeg02,ses04,20260810_142952,2026-08-10 14:30:39.630436,NaN,7,probe,TRIAL_CHANGE,22,2026-08-10 14:38:32.484560,472.854291,0.001097,,,,,,keyboard,trial transition,"{""note"":""trial transition""}",2,0.016667,60.000000,1
Sergio_G01_CNS-LLF5RV3D8,cpeeg02,ses04,20260810_142952,2026-08-10 14:30:39.630436,NaN,7,probe,TRIAL_START,20,2026-08-10 14:38:32.485674,472.855388,0.043282,,,,,,keyboard,,{},2,0.016667,60.000000,1
Sergio_G01_CNS-LLF5RV3D8,cpeeg02,ses04,20260810_142952,2026-08-10 14:30:39.630436,NaN,7,fix1,FIX1_ON,30,2026-08-10 14:38:32.579167,472.898670,3.274418,,,,,,keyboard,,"{""pd_used"":0}",2,0.016667,60.000000,1
Sergio_G01_CNS-LLF5RV3D8,cpeeg02,ses04,20260810_142952,2026-08-10 14:30:39.630436,NaN,7,fix1,FIX1_OFF,31,2026-08-10 14:38:35.845115,476.173088,0.044046,,,,,,keyboard,,"{""pd_used"":0}",2,0.016667,60.000000,1
Sergio_G01_CNS-LLF5RV3D8,cpeeg02,ses04,20260810_142952,2026-08-10 14:30:39.630436,NaN,7,digit,DIGIT1_ON,141,2026-08-10 14:38:35.896427,476.217134,0.551435,,5,,,,keyboard,digit#1 shown,"{""value"":5,""note"":""digit#1 shown"",""pd_used"":1}",2,0.016667,60.000000,1
Sergio_G01_CNS-LLF5RV3D8,cpeeg02,ses04,20260810_142952,2026-08-10 14:30:39.630436,NaN,7,digit,DIGIT1_OFF,146,2026-08-10 14:38:36.440484,476.768569,0.000000,,5,,,,keyboard,digit#1 off,"{""value"":5,""note"":""digit#1 off"",""pd_used"":0}",2,0.016667,60.000000,1
Sergio_G01_CNS-LLF5RV3D8,cpeeg02,ses04,20260810_142952,2026-08-10 14:30:39.630436,NaN,7,digit,POSTDIG_FIX1_ON,151,2026-08-10 14:38:36.441222,476.768569,1.564910,,,,,,keyboard,after digit#1,"{""note"":""after digit#1""}",2,0.016667,60.000000,1
Sergio_G01_CNS-LLF5RV3D8,cpeeg02,ses04,20260810_142952,2026-08-10 14:30:39.630436,NaN,7,digit,POSTDIG_FIX1_OFF,156,2026-08-10 14:38:38.005560,478.333479,0.044106,,,,,,keyboard,after digit#1,"{""note"":""after digit#1"",""pd_used"":0}",2,0.016667,60.000000,1
Sergio_G01_CNS-LLF5RV3D8,cpeeg02,ses04,20260810_142952,2026-08-10 14:30:39.630436,NaN,7,digit,DIGIT2_ON,142,2026-08-10 14:38:38.056983,478.377585,0.551316,,3,,,,keyboard,digit#2 shown,"{""value"":3,""note"":""digit#2 shown"",""pd_used"":1}",2,0.016667,60.000000,1
Sergio_G01_CNS-LLF5RV3D8,cpeeg02,ses04,20260810_142952,2026-08-10 14:30:39.630436,NaN,7,digit,DIGIT2_OFF,147,2026-08-10 14:38:38.600965,478.928901,0.000000,,3,,,,keyboard,digit#2 off,"{""value"":3,""note"":""digit#2 off"",""pd_used"":0}",2,0.016667,60.000000,1
Sergio_G01_CNS-LLF5RV3D8,cpeeg02,ses04,20260810_142952,2026-08-10 14:30:39.630436,NaN,7,digit,POSTDIG_FIX2_ON,152,2026-08-10 14:38:38.601739,478.928901,1.596151,,,,,,keyboard,after digit#2,"{""note"":""after digit#2""}",2,0.016667,60.000000,1
Sergio_G01_CNS-LLF5RV3D8,cpeeg02,ses04,20260810_142952,2026-08-10 14:30:39.630436,NaN,7,digit,POSTDIG_FIX2_OFF,157,2026-08-10 14:38:40.197064,480.525052,0.044069,,,,,,keyboard,after digit#2,"{""note"":""after digit#2"",""pd_used"":0}",2,0.016667,60.000000,1
Sergio_G01_CNS-LLF5RV3D8,cpeeg02,ses04,20260810_142952,2026-08-10 14:30:39.630436,NaN,7,digit,DIGIT3_ON,143,2026-08-10 14:38:40.248486,480.569121,0.551456,,1,,,,keyboard,digit#3 shown,"{""value"":1,""note"":""digit#3 shown"",""pd_used"":1}",2,0.016667,60.000000,1
Sergio_G01_CNS-LLF5RV3D8,cpeeg02,ses04,20260810_142952,2026-08-10 14:30:39.630436,NaN,7,digit,DIGIT3_OFF,148,2026-08-10 14:38:40.792839,481.120577,0.000000,,1,,,,keyboard,digit#3 off,"{""value"":1,""note"":""digit#3 off"",""pd_used"":0}",2,0.016667,60.000000,1
Sergio_G01_CNS-LLF5RV3D8,cpeeg02,ses04,20260810_142952,2026-08-10 14:30:39.630436,NaN,7,digit,POSTDIG_FIX3_ON,153,2026-08-10 14:38:40.793598,481.120577,1.824814,,,,,,keyboard,after digit#3,"{""note"":""after digit#3""}",2,0.016667,60.000000,1
Sergio_G01_CNS-LLF5RV3D8,cpeeg02,ses04,20260810_142952,2026-08-10 14:30:39.630436,NaN,7,digit,POSTDIG_FIX3_OFF,158,2026-08-10 14:38:42.617521,482.945391,0.044174,,,,,,keyboard,after digit#3,"{""note"":""after digit#3"",""pd_used"":0}",2,0.016667,60.000000,1
Sergio_G01_CNS-LLF5RV3D8,cpeeg02,ses04,20260810_142952,2026-08-10 14:30:39.630436,NaN,7,digit,DIGIT4_ON,144,2026-08-10 14:38:42.668923,482.989565,0.551720,,9,,,,keyboard,digit#4 shown,"{""value"":9,""note"":""digit#4 shown"",""pd_used"":1}",2,0.016667,60.000000,1
Sergio_G01_CNS-LLF5RV3D8,cpeeg02,ses04,20260810_142952,2026-08-10 14:30:39.630436,NaN,7,digit,DIGIT4_OFF,149,2026-08-10 14:38:43.213287,483.541285,0.000000,,9,,,,keyboard,digit#4 off,"{""value"":9,""note"":""digit#4 off"",""pd_used"":0}",2,0.016667,60.000000,1
Sergio_G01_CNS-LLF5RV3D8,cpeeg02,ses04,20260810_142952,2026-08-10 14:30:39.630436,NaN,7,digit,POSTDIG_FIX4_ON,154,2026-08-10 14:38:43.214071,483.541285,1.657064,,,,,,keyboard,after digit#4,"{""note"":""after digit#4""}",2,0.016667,60.000000,1
Sergio_G01_CNS-LLF5RV3D8,cpeeg02,ses04,20260810_142952,2026-08-10 14:30:39.630436,NaN,7,digit,POSTDIG_FIX4_OFF,159,2026-08-10 14:38:44.870318,485.198349,0.043969,,,,,,keyboard,after digit#4,"{""note"":""after digit#4"",""pd_used"":0}",2,0.016667,60.000000,1
Sergio_G01_CNS-LLF5RV3D8,cpeeg02,ses04,20260810_142952,2026-08-10 14:30:39.630436,NaN,7,digit,DIGIT5_ON,145,2026-08-10 14:38:44.921906,485.242318,0.551441,,7,,,,keyboard,digit#5 shown,"{""value"":7,""note"":""digit#5 shown"",""pd_used"":1}",2,0.016667,60.000000,1
Sergio_G01_CNS-LLF5RV3D8,cpeeg02,ses04,20260810_142952,2026-08-10 14:30:39.630436,NaN,7,digit,DIGIT5_OFF,150,2026-08-10 14:38:45.465858,485.793759,0.000000,,7,,,,keyboard,digit#5 off,"{""value"":7,""note"":""digit#5 off"",""pd_used"":0}",2,0.016667,60.000000,1
Sergio_G01_CNS-LLF5RV3D8,cpeeg02,ses04,20260810_142952,2026-08-10 14:30:39.630436,NaN,7,digit,POSTDIG_FIX5_ON,155,2026-08-10 14:38:45.466645,485.793759,3.501538,,,,,,keyboard,after digit#5,"{""note"":""after digit#5""}",2,0.016667,60.000000,1
Sergio_G01_CNS-LLF5RV3D8,cpeeg02,ses04,20260810_142952,2026-08-10 14:30:39.630436,NaN,7,digit,POSTDIG_FIX5_OFF,160,2026-08-10 14:38:48.967284,489.295297,0.044159,,,,,,keyboard,after digit#5,"{""note"":""after digit#5"",""pd_used"":0}",2,0.016667,60.000000,1
Sergio_G01_CNS-LLF5RV3D8,cpeeg02,ses04,20260810_142952,2026-08-10 14:30:39.630436,NaN,7,distractor,DISTRACTOR_ON,50,2026-08-10 14:38:49.018762,489.339457,9.548391,,6+8=12,,,,keyboard,,"{""value"":""6+8=12"",""isCorrectTruth"":false,""trueSum"":14,""pd_used"":1}",2,0.016667,60.000000,1
Sergio_G01_CNS-LLF5RV3D8,cpeeg02,ses04,20260810_142952,2026-08-10 14:30:39.630436,NaN,7,distractor,DISTRACTOR_ANS,51,2026-08-10 14:38:58.931840,498.887847,0.000000,9.548391,6+8=12,F,1,,keyboard,key= (False),"{""value"":""6+8=12"",""entered"":""F"",""rt"":9.5483909000176936,""correct"":1,""note"":""key= (False)"",""truth"":false,""trueSum"":14,""shownSum"":12,""a"":6,""b"":8}",2,0.016667,60.000000,1
Sergio_G01_CNS-LLF5RV3D8,cpeeg02,ses04,20260810_142952,2026-08-10 14:30:39.630436,NaN,7,distractor,ANS_CORRECT,100,2026-08-10 14:38:58.974329,498.887847,0.458372,,,,,,keyboard,,{},2,0.016667,60.000000,1
Sergio_G01_CNS-LLF5RV3D8,cpeeg02,ses04,20260810_142952,2026-08-10 14:30:39.630436,NaN,7,distractor,DISTRACTOR_OFF,52,2026-08-10 14:38:59.025822,499.346220,0.000000,,,,,,keyboard,,"{""pd_used"":0}",2,0.016667,60.000000,1
Sergio_G01_CNS-LLF5RV3D8,cpeeg02,ses04,20260810_142952,2026-08-10 14:30:39.630436,NaN,7,distractor,FIX2_ON,60,2026-08-10 14:38:59.026520,499.346220,3.287909,,,,,,keyboard,immediate after response,"{""note"":""immediate after response""}",2,0.016667,60.000000,1
Sergio_G01_CNS-LLF5RV3D8,cpeeg02,ses04,20260810_142952,2026-08-10 14:30:39.630436,NaN,7,fix2,FIX2_OFF,61,2026-08-10 14:39:02.306070,502.634129,0.043719,,,,,,keyboard,,"{""pd_used"":0}",2,0.016667,60.000000,1
Sergio_G01_CNS-LLF5RV3D8,cpeeg02,ses04,20260810_142952,2026-08-10 14:30:39.630436,NaN,7,probe,DIGIT_RECALL_LINE_1,161,2026-08-10 14:39:02.357652,502.677849,1.933989,,1,,,,keyboard,first recall question,"{""value"":1,""note"":""first recall question"",""pd_used"":1}",2,0.016667,60.000000,1
Sergio_G01_CNS-LLF5RV3D8,cpeeg02,ses04,20260810_142952,2026-08-10 14:30:39.630436,NaN,7,probe,PROBE_DIGIT_OK_1,71,2026-08-10 14:39:04.601978,504.611837,0.462982,1.935072,slot#1,NaN,,,keyboard,probe_digit#1,"{""value"":""slot#1"",""entered"":null,""rt"":1.9350720000220463,""note"":""probe_digit#1""}",2,0.016667,60.000000,1
Sergio_G01_CNS-LLF5RV3D8,cpeeg02,ses04,20260810_142952,2026-08-10 14:30:39.630436,NaN,7,probe,DIGIT1_OFF,146,2026-08-10 14:39:04.746788,505.074819,0.000000,,7,,,,keyboard,digit#1 off,"{""value"":7,""note"":""digit#1 off"",""pd_used"":0}",2,0.016667,60.000000,1
Sergio_G01_CNS-LLF5RV3D8,cpeeg02,ses04,20260810_142952,2026-08-10 14:30:39.630436,NaN,7,probe,POSTDIG_FIX1_ON,151,2026-08-10 14:39:04.747570,505.074819,1.714167,,,,,,keyboard,after digit#1,"{""note"":""after digit#1""}",2,0.016667,60.000000,1
Sergio_G01_CNS-LLF5RV3D8,cpeeg02,ses04,20260810_142952,2026-08-10 14:30:39.630436,NaN,7,probe,POSTDIG_FIX1_OFF,156,2026-08-10 14:39:06.461027,506.788987,0.046552,,,,,,keyboard,after digit#1,"{""note"":""after digit#1"",""pd_used"":0}",2,0.016667,60.000000,1
Sergio_G01_CNS-LLF5RV3D8,cpeeg02,ses04,20260810_142952,2026-08-10 14:30:39.630436,NaN,7,probe,DIGIT_RECALL_LINE_2,162,2026-08-10 14:39:06.512630,506.835539,0.640276,,2,,,,keyboard,next recall question,"{""value"":2,""note"":""next recall question"",""pd_used"":1}",2,0.016667,60.000000,1
Sergio_G01_CNS-LLF5RV3D8,cpeeg02,ses04,20260810_142952,2026-08-10 14:30:39.630436,NaN,7,probe,PROBE_DIGIT_OK_2,71,2026-08-10 14:39:07.522012,507.475815,0.526542,4.799050,slot#2,NaN,,,keyboard,probe_digit#2,"{""value"":""slot#2"",""entered"":null,""rt"":4.7990501000313088,""note"":""probe_digit#2""}",2,0.016667,60.000000,1
Sergio_G01_CNS-LLF5RV3D8,cpeeg02,ses04,20260810_142952,2026-08-10 14:30:39.630436,NaN,7,probe,DIGIT2_OFF,147,2026-08-10 14:39:07.674968,508.002357,0.000000,,7,,,,keyboard,digit#2 off,"{""value"":7,""note"":""digit#2 off"",""pd_used"":0}",2,0.016667,60.000000,1
Sergio_G01_CNS-LLF5RV3D8,cpeeg02,ses04,20260810_142952,2026-08-10 14:30:39.630436,NaN,7,probe,POSTDIG_FIX2_ON,152,2026-08-10 14:39:07.675737,508.002357,1.695878,,,,,,keyboard,after digit#2,"{""note"":""after digit#2""}",2,0.016667,60.000000,1
Sergio_G01_CNS-LLF5RV3D8,cpeeg02,ses04,20260810_142952,2026-08-10 14:30:39.630436,NaN,7,probe,POSTDIG_FIX2_OFF,157,2026-08-10 14:39:09.370335,509.698235,0.046306,,,,,,keyboard,after digit#2,"{""note"":""after digit#2"",""pd_used"":0}",2,0.016667,60.000000,1
Sergio_G01_CNS-LLF5RV3D8,cpeeg02,ses04,20260810_142952,2026-08-10 14:30:39.630436,NaN,7,probe,DIGIT_RECALL_LINE_3,163,2026-08-10 14:39:09.421913,509.744540,1.511079,,3,,,,keyboard,next recall question,"{""value"":3,""note"":""next recall question"",""pd_used"":1}",2,0.016667,60.000000,1
Sergio_G01_CNS-LLF5RV3D8,cpeeg02,ses04,20260810_142952,2026-08-10 14:30:39.630436,NaN,7,probe,PROBE_DIGIT_OK_3,71,2026-08-10 14:39:11.490229,511.255619,0.715341,8.578854,slot#3,NaN,,,keyboard,probe_digit#3,"{""value"":""slot#3"",""entered"":null,""rt"":8.5788542999653146,""note"":""probe_digit#3""}",2,0.016667,60.000000,1
Sergio_G01_CNS-LLF5RV3D8,cpeeg02,ses04,20260810_142952,2026-08-10 14:30:39.630436,NaN,7,probe,DIGIT3_OFF,148,2026-08-10 14:39:11.642885,511.970961,0.000000,,7,,,,keyboard,digit#3 off,"{""value"":7,""note"":""digit#3 off"",""pd_used"":0}",2,0.016667,60.000000,1
Sergio_G01_CNS-LLF5RV3D8,cpeeg02,ses04,20260810_142952,2026-08-10 14:30:39.630436,NaN,7,probe,POSTDIG_FIX3_ON,153,2026-08-10 14:39:11.643640,511.970961,1.741102,,,,,,keyboard,after digit#3,"{""note"":""after digit#3""}",2,0.016667,60.000000,1
Sergio_G01_CNS-LLF5RV3D8,cpeeg02,ses04,20260810_142952,2026-08-10 14:30:39.630436,NaN,7,probe,POSTDIG_FIX3_OFF,158,2026-08-10 14:39:13.384098,513.712062,0.046129,,,,,,keyboard,after digit#3,"{""note"":""after digit#3"",""pd_used"":0}",2,0.016667,60.000000,1
Sergio_G01_CNS-LLF5RV3D8,cpeeg02,ses04,20260810_142952,2026-08-10 14:30:39.630436,NaN,7,probe,DIGIT_RECALL_LINE_4,164,2026-08-10 14:39:13.435615,513.758191,3.271248,,4,,,,keyboard,next recall question,"{""value"":4,""note"":""next recall question"",""pd_used"":1}",2,0.016667,60.000000,1
Sergio_G01_CNS-LLF5RV3D8,cpeeg02,ses04,20260810_142952,2026-08-10 14:30:39.630436,NaN,7,probe,PROBE_DIGIT_OK_4,71,2026-08-10 14:39:16.980016,517.029440,0.428386,14.352675,slot#4,NaN,,,keyboard,probe_digit#4,"{""value"":""slot#4"",""entered"":null,""rt"":14.35267459996976,""note"":""probe_digit#4""}",2,0.016667,60.000000,1
Sergio_G01_CNS-LLF5RV3D8,cpeeg02,ses04,20260810_142952,2026-08-10 14:30:39.630436,NaN,7,probe,DIGIT4_OFF,149,2026-08-10 14:39:17.129648,517.457826,0.000000,,7,,,,keyboard,digit#4 off,"{""value"":7,""note"":""digit#4 off"",""pd_used"":0}",2,0.016667,60.000000,1
Sergio_G01_CNS-LLF5RV3D8,cpeeg02,ses04,20260810_142952,2026-08-10 14:30:39.630436,NaN,7,probe,POSTDIG_FIX4_ON,154,2026-08-10 14:39:17.130420,517.457826,1.833938,,,,,,keyboard,after digit#4,"{""note"":""after digit#4""}",2,0.016667,60.000000,1
Sergio_G01_CNS-LLF5RV3D8,cpeeg02,ses04,20260810_142952,2026-08-10 14:30:39.630436,NaN,7,probe,POSTDIG_FIX4_OFF,159,2026-08-10 14:39:18.963728,519.291764,0.046613,,,,,,keyboard,after digit#4,"{""note"":""after digit#4"",""pd_used"":0}",2,0.016667,60.000000,1
Sergio_G01_CNS-LLF5RV3D8,cpeeg02,ses04,20260810_142952,2026-08-10 14:30:39.630436,NaN,7,probe,DIGIT_RECALL_LINE_5,165,2026-08-10 14:39:19.015053,519.338377,2.875279,,5,,,,keyboard,next recall question,"{""value"":5,""note"":""next recall question"",""pd_used"":1}",2,0.016667,60.000000,1
Sergio_G01_CNS-LLF5RV3D8,cpeeg02,ses04,20260810_142952,2026-08-10 14:30:39.630436,NaN,7,probe,PROBE_DIGIT_OK_5,71,2026-08-10 14:39:22.309806,522.213656,0.572961,19.536891,slot#5,NaN,,,keyboard,probe_digit#5,"{""value"":""slot#5"",""entered"":null,""rt"":19.536891099996865,""note"":""probe_digit#5""}",2,0.016667,60.000000,1
Sergio_G01_CNS-LLF5RV3D8,cpeeg02,ses04,20260810_142952,2026-08-10 14:30:39.630436,NaN,7,probe,DIGIT5_OFF,150,2026-08-10 14:39:22.458561,522.786618,0.000000,,7,,,,keyboard,digit#5 off,"{""value"":7,""note"":""digit#5 off"",""pd_used"":0}",2,0.016667,60.000000,1
Sergio_G01_CNS-LLF5RV3D8,cpeeg02,ses04,20260810_142952,2026-08-10 14:30:39.630436,NaN,7,probe,POSTDIG_FIX5_ON,155,2026-08-10 14:39:22.459372,522.786618,3.047097,,,,,,keyboard,after digit#5,"{""note"":""after digit#5""}",2,0.016667,60.000000,1
Sergio_G01_CNS-LLF5RV3D8,cpeeg02,ses04,20260810_142952,2026-08-10 14:30:39.630436,NaN,7,probe,POSTDIG_FIX5_OFF,160,2026-08-10 14:39:25.505748,525.833715,0.043766,,,,,,keyboard,after digit#5,"{""note"":""after digit#5"",""pd_used"":0}",2,0.016667,60.000000,1
Sergio_G01_CNS-LLF5RV3D8,cpeeg02,ses04,20260810_142952,2026-08-10 14:30:39.630436,NaN,7,probe,PROBE_DONE,73,2026-08-10 14:39:25.507822,525.877481,0.000880,,,,,,keyboard,probe complete,"{""value"":"""",""note"":""probe complete""}",2,0.016667,60.000000,1
Sergio_G01_CNS-LLF5RV3D8,cpeeg02,ses04,20260810_142952,2026-08-10 14:30:39.630436,NaN,7,probe,TRIAL_END,21,2026-08-10 14:39:25.508381,525.878361,0.110069,,,,,,keyboard,,{},2,0.016667,60.000000,1
Sergio_G01_CNS-LLF5RV3D8,cpeeg02,ses04,20260810_142952,2026-08-10 14:30:39.630436,NaN,8,probe,TRIAL_CHANGE,22,2026-08-10 14:39:25.618718,525.988430,0.000931,,,,,,keyboard,trial transition,"{""note"":""trial transition""}",2,0.016667,60.000000,1
Sergio_G01_CNS-LLF5RV3D8,cpeeg02,ses04,20260810_142952,2026-08-10 14:30:39.630436,NaN,8,probe,TRIAL_START,20,2026-08-10 14:39:25.619391,525.989362,0.043159,,,,,,keyboard,,{},2,0.016667,60.000000,1
Sergio_G01_CNS-LLF5RV3D8,cpeeg02,ses04,20260810_142952,2026-08-10 14:30:39.630436,NaN,8,fix1,FIX1_ON,30,2026-08-10 14:39:25.713310,526.032521,3.240120,,,,,,keyboard,,"{""pd_used"":0}",2,0.016667,60.000000,1
Sergio_G01_CNS-LLF5RV3D8,cpeeg02,ses04,20260810_142952,2026-08-10 14:30:39.630436,NaN,8,fix1,FIX1_OFF,31,2026-08-10 14:39:28.944810,529.272641,0.044341,,,,,,keyboard,,"{""pd_used"":0}",2,0.016667,60.000000,1
Sergio_G01_CNS-LLF5RV3D8,cpeeg02,ses04,20260810_142952,2026-08-10 14:30:39.630436,NaN,8,digit,DIGIT1_ON,141,2026-08-10 14:39:28.996607,529.316982,0.551662,,1,,,,keyboard,digit#1 shown,"{""value"":1,""note"":""digit#1 shown"",""pd_used"":1}",2,0.016667,60.000000,1
Sergio_G01_CNS-LLF5RV3D8,cpeeg02,ses04,20260810_142952,2026-08-10 14:30:39.630436,NaN,8,digit,DIGIT1_OFF,146,2026-08-10 14:39:29.540947,529.868643,0.000000,,1,,,,keyboard,digit#1 off,"{""value"":1,""note"":""digit#1 off"",""pd_used"":0}",2,0.016667,60.000000,1
Sergio_G01_CNS-LLF5RV3D8,cpeeg02,ses04,20260810_142952,2026-08-10 14:30:39.630436,NaN,8,digit,POSTDIG_FIX1_ON,151,2026-08-10 14:39:29.541737,529.868643,1.672311,,,,,,keyboard,after digit#1,"{""note"":""after digit#1""}",2,0.016667,60.000000,1
Sergio_G01_CNS-LLF5RV3D8,cpeeg02,ses04,20260810_142952,2026-08-10 14:30:39.630436,NaN,8,digit,POSTDIG_FIX1_OFF,156,2026-08-10 14:39:31.213355,531.540954,0.045012,,,,,,keyboard,after digit#1,"{""note"":""after digit#1"",""pd_used"":0}",2,0.016667,60.000000,1
Sergio_G01_CNS-LLF5RV3D8,cpeeg02,ses04,20260810_142952,2026-08-10 14:30:39.630436,NaN,8,digit,DIGIT2_ON,142,2026-08-10 14:39:31.265046,531.585966,0.551133,,4,,,,keyboard,digit#2 shown,"{""value"":4,""note"":""digit#2 shown"",""pd_used"":1}",2,0.016667,60.000000,1
Sergio_G01_CNS-LLF5RV3D8,cpeeg02,ses04,20260810_142952,2026-08-10 14:30:39.630436,NaN,8,digit,DIGIT2_OFF,147,2026-08-10 14:39:31.809240,532.137099,0.000000,,4,,,,keyboard,digit#2 off,"{""value"":4,""note"":""digit#2 off"",""pd_used"":0}",2,0.016667,60.000000,1
Sergio_G01_CNS-LLF5RV3D8,cpeeg02,ses04,20260810_142952,2026-08-10 14:30:39.630436,NaN,8,digit,POSTDIG_FIX2_ON,152,2026-08-10 14:39:31.810050,532.137099,1.801007,,,,,,keyboard,after digit#2,"{""note"":""after digit#2""}",2,0.016667,60.000000,1
Sergio_G01_CNS-LLF5RV3D8,cpeeg02,ses04,20260810_142952,2026-08-10 14:30:39.630436,NaN,8,digit,POSTDIG_FIX2_OFF,157,2026-08-10 14:39:33.610299,533.938106,0.044297,,,,,,keyboard,after digit#2,"{""note"":""after digit#2"",""pd_used"":0}",2,0.016667,60.000000,1
Sergio_G01_CNS-LLF5RV3D8,cpeeg02,ses04,20260810_142952,2026-08-10 14:30:39.630436,NaN,8,digit,DIGIT3_ON,143,2026-08-10 14:39:33.661788,533.982402,0.551513,,5,,,,keyboard,digit#3 shown,"{""value"":5,""note"":""digit#3 shown"",""pd_used"":1}",2,0.016667,60.000000,1
Sergio_G01_CNS-LLF5RV3D8,cpeeg02,ses04,20260810_142952,2026-08-10 14:30:39.630436,NaN,8,digit,DIGIT3_OFF,148,2026-08-10 14:39:34.206005,534.533916,0.000000,,5,,,,keyboard,digit#3 off,"{""value"":5,""note"":""digit#3 off"",""pd_used"":0}",2,0.016667,60.000000,1
Sergio_G01_CNS-LLF5RV3D8,cpeeg02,ses04,20260810_142952,2026-08-10 14:30:39.630436,NaN,8,digit,POSTDIG_FIX3_ON,153,2026-08-10 14:39:34.206740,534.533916,1.636649,,,,,,keyboard,after digit#3,"{""note"":""after digit#3""}",2,0.016667,60.000000,1
Sergio_G01_CNS-LLF5RV3D8,cpeeg02,ses04,20260810_142952,2026-08-10 14:30:39.630436,NaN,8,digit,POSTDIG_FIX3_OFF,158,2026-08-10 14:39:35.843145,536.170565,0.044784,,,,,,keyboard,after digit#3,"{""note"":""after digit#3"",""pd_used"":0}",2,0.016667,60.000000,1
Sergio_G01_CNS-LLF5RV3D8,cpeeg02,ses04,20260810_142952,2026-08-10 14:30:39.630436,NaN,8,digit,DIGIT4_ON,144,2026-08-10 14:39:35.894626,536.215349,0.551455,,8,,,,keyboard,digit#4 shown,"{""value"":8,""note"":""digit#4 shown"",""pd_used"":1}",2,0.016667,60.000000,1
Sergio_G01_CNS-LLF5RV3D8,cpeeg02,ses04,20260810_142952,2026-08-10 14:30:39.630436,NaN,8,digit,DIGIT4_OFF,149,2026-08-10 14:39:36.438873,536.766804,0.000000,,8,,,,keyboard,digit#4 off,"{""value"":8,""note"":""digit#4 off"",""pd_used"":0}",2,0.016667,60.000000,1
Sergio_G01_CNS-LLF5RV3D8,cpeeg02,ses04,20260810_142952,2026-08-10 14:30:39.630436,NaN,8,digit,POSTDIG_FIX4_ON,154,2026-08-10 14:39:36.439638,536.766804,1.720431,,,,,,keyboard,after digit#4,"{""note"":""after digit#4""}",2,0.016667,60.000000,1
Sergio_G01_CNS-LLF5RV3D8,cpeeg02,ses04,20260810_142952,2026-08-10 14:30:39.630436,NaN,8,digit,POSTDIG_FIX4_OFF,159,2026-08-10 14:39:38.159269,538.487235,0.044020,,,,,,keyboard,after digit#4,"{""note"":""after digit#4"",""pd_used"":0}",2,0.016667,60.000000,1
Sergio_G01_CNS-LLF5RV3D8,cpeeg02,ses04,20260810_142952,2026-08-10 14:30:39.630436,NaN,8,digit,DIGIT5_ON,145,2026-08-10 14:39:38.210616,538.531255,0.551470,,1,,,,keyboard,digit#5 shown,"{""value"":1,""note"":""digit#5 shown"",""pd_used"":1}",2,0.016667,60.000000,1
Sergio_G01_CNS-LLF5RV3D8,cpeeg02,ses04,20260810_142952,2026-08-10 14:30:39.630436,NaN,8,digit,DIGIT5_OFF,150,2026-08-10 14:39:38.754982,539.082725,0.000000,,1,,,,keyboard,digit#5 off,"{""value"":1,""note"":""digit#5 off"",""pd_used"":0}",2,0.016667,60.000000,1
Sergio_G01_CNS-LLF5RV3D8,cpeeg02,ses04,20260810_142952,2026-08-10 14:30:39.630436,NaN,8,digit,POSTDIG_FIX5_ON,155,2026-08-10 14:39:38.755739,539.082725,3.123552,,,,,,keyboard,after digit#5,"{""note"":""after digit#5""}",2,0.016667,60.000000,1
Sergio_G01_CNS-LLF5RV3D8,cpeeg02,ses04,20260810_142952,2026-08-10 14:30:39.630436,NaN,8,digit,POSTDIG_FIX5_OFF,160,2026-08-10 14:39:41.878504,542.206277,0.044319,,,,,,keyboard,after digit#5,"{""note"":""after digit#5"",""pd_used"":0}",2,0.016667,60.000000,1
Sergio_G01_CNS-LLF5RV3D8,cpeeg02,ses04,20260810_142952,2026-08-10 14:30:39.630436,NaN,8,distractor,DISTRACTOR_ON,50,2026-08-10 14:39:41.930193,542.250595,4.061602,,1+4=6,,,,keyboard,,"{""value"":""1+4=6"",""isCorrectTruth"":false,""trueSum"":5,""pd_used"":1}",2,0.016667,60.000000,1
Sergio_G01_CNS-LLF5RV3D8,cpeeg02,ses04,20260810_142952,2026-08-10 14:30:39.630436,NaN,8,distractor,DISTRACTOR_ANS,51,2026-08-10 14:39:46.521579,546.312198,0.000000,4.061602,1+4=6,F,1,,keyboard,key= (False),"{""value"":""1+4=6"",""entered"":""F"",""rt"":4.06160210003145,""correct"":1,""note"":""key= (False)"",""truth"":false,""trueSum"":5,""shownSum"":6,""a"":1,""b"":4}",2,0.016667,60.000000,1
Sergio_G01_CNS-LLF5RV3D8,cpeeg02,ses04,20260810_142952,2026-08-10 14:30:39.630436,NaN,8,distractor,ANS_CORRECT,100,2026-08-10 14:39:46.564037,546.312198,0.624016,,,,,,keyboard,,{},2,0.016667,60.000000,1
Sergio_G01_CNS-LLF5RV3D8,cpeeg02,ses04,20260810_142952,2026-08-10 14:30:39.630436,NaN,8,distractor,DISTRACTOR_OFF,52,2026-08-10 14:39:46.615440,546.936213,0.000000,,,,,,keyboard,,"{""pd_used"":0}",2,0.016667,60.000000,1
Sergio_G01_CNS-LLF5RV3D8,cpeeg02,ses04,20260810_142952,2026-08-10 14:30:39.630436,NaN,8,distractor,FIX2_ON,60,2026-08-10 14:39:46.616237,546.936213,3.174269,,,,,,keyboard,immediate after response,"{""note"":""immediate after response""}",2,0.016667,60.000000,1
Sergio_G01_CNS-LLF5RV3D8,cpeeg02,ses04,20260810_142952,2026-08-10 14:30:39.630436,NaN,8,fix2,FIX2_OFF,61,2026-08-10 14:39:49.782560,550.110482,0.044145,,,,,,keyboard,,"{""pd_used"":0}",2,0.016667,60.000000,1
Sergio_G01_CNS-LLF5RV3D8,cpeeg02,ses04,20260810_142952,2026-08-10 14:30:39.630436,NaN,8,probe,DIGIT_RECALL_LINE_1,161,2026-08-10 14:39:49.834207,550.154627,3.160729,,1,,,,keyboard,first recall question,"{""value"":1,""note"":""first recall question"",""pd_used"":1}",2,0.016667,60.000000,1
Sergio_G01_CNS-LLF5RV3D8,cpeeg02,ses04,20260810_142952,2026-08-10 14:30:39.630436,NaN,8,probe,PROBE_DIGIT_OK_1,71,2026-08-10 14:39:53.312277,553.315356,0.469267,3.162102,slot#1,NaN,,,keyboard,probe_digit#1,"{""value"":""slot#1"",""entered"":null,""rt"":3.1621019999729469,""note"":""probe_digit#1""}",2,0.016667,60.000000,1
Sergio_G01_CNS-LLF5RV3D8,cpeeg02,ses04,20260810_142952,2026-08-10 14:30:39.630436,NaN,8,probe,DIGIT1_OFF,146,2026-08-10 14:39:53.456618,553.784623,0.000000,,1,,,,keyboard,digit#1 off,"{""value"":1,""note"":""digit#1 off"",""pd_used"":0}",2,0.016667,60.000000,1
Sergio_G01_CNS-LLF5RV3D8,cpeeg02,ses04,20260810_142952,2026-08-10 14:30:39.630436,NaN,8,probe,POSTDIG_FIX1_ON,151,2026-08-10 14:39:53.457412,553.784623,1.600720,,,,,,keyboard,after digit#1,"{""note"":""after digit#1""}",2,0.016667,60.000000,1
Sergio_G01_CNS-LLF5RV3D8,cpeeg02,ses04,20260810_142952,2026-08-10 14:30:39.630436,NaN,8,probe,POSTDIG_FIX1_OFF,156,2026-08-10 14:39:55.057468,555.385343,0.046138,,,,,,keyboard,after digit#1,"{""note"":""after digit#1"",""pd_used"":0}",2,0.016667,60.000000,1
Sergio_G01_CNS-LLF5RV3D8,cpeeg02,ses04,20260810_142952,2026-08-10 14:30:39.630436,NaN,8,probe,DIGIT_RECALL_LINE_2,162,2026-08-10 14:39:55.109060,555.431481,0.672017,,2,,,,keyboard,next recall question,"{""value"":2,""note"":""next recall question"",""pd_used"":1}",2,0.016667,60.000000,1
Sergio_G01_CNS-LLF5RV3D8,cpeeg02,ses04,20260810_142952,2026-08-10 14:30:39.630436,NaN,8,probe,PROBE_DIGIT_OK_2,71,2026-08-10 14:39:56.313082,556.103498,0.685103,5.950244,slot#2,NaN,,,keyboard,probe_digit#2,"{""value"":""slot#2"",""entered"":null,""rt"":5.9502440999494866,""note"":""probe_digit#2""}",2,0.016667,60.000000,1
Sergio_G01_CNS-LLF5RV3D8,cpeeg02,ses04,20260810_142952,2026-08-10 14:30:39.630436,NaN,8,probe,DIGIT2_OFF,147,2026-08-10 14:39:56.460572,556.788601,0.000000,,1,,,,keyboard,digit#2 off,"{""value"":1,""note"":""digit#2 off"",""pd_used"":0}",2,0.016667,60.000000,1
Sergio_G01_CNS-LLF5RV3D8,cpeeg02,ses04,20260810_142952,2026-08-10 14:30:39.630436,NaN,8,probe,POSTDIG_FIX2_ON,152,2026-08-10 14:39:56.461325,556.788601,1.665154,,,,,,keyboard,after digit#2,"{""note"":""after digit#2""}",2,0.016667,60.000000,1
Sergio_G01_CNS-LLF5RV3D8,cpeeg02,ses04,20260810_142952,2026-08-10 14:30:39.630436,NaN,8,probe,POSTDIG_FIX2_OFF,157,2026-08-10 14:39:58.126026,558.453755,0.046424,,,,,,keyboard,after digit#2,"{""note"":""after digit#2"",""pd_used"":0}",2,0.016667,60.000000,1
Sergio_G01_CNS-LLF5RV3D8,cpeeg02,ses04,20260810_142952,2026-08-10 14:30:39.630436,NaN,8,probe,DIGIT_RECALL_LINE_3,163,2026-08-10 14:39:58.177325,558.500178,1.028906,,3,,,,keyboard,next recall question,"{""value"":3,""note"":""next recall question"",""pd_used"":1}",2,0.016667,60.000000,1
Sergio_G01_CNS-LLF5RV3D8,cpeeg02,ses04,20260810_142952,2026-08-10 14:30:39.630436,NaN,8,probe,PROBE_DIGIT_OK_3,71,2026-08-10 14:39:59.761325,559.529085,0.700141,9.375831,slot#3,NaN,,,keyboard,probe_digit#3,"{""value"":""slot#3"",""entered"":null,""rt"":9.3758307000389323,""note"":""probe_digit#3""}",2,0.016667,60.000000,1
Sergio_G01_CNS-LLF5RV3D8,cpeeg02,ses04,20260810_142952,2026-08-10 14:30:39.630436,NaN,8,probe,DIGIT3_OFF,148,2026-08-10 14:39:59.901027,560.229226,0.000000,,1,,,,keyboard,digit#3 off,"{""value"":1,""note"":""digit#3 off"",""pd_used"":0}",2,0.016667,60.000000,1
Sergio_G01_CNS-LLF5RV3D8,cpeeg02,ses04,20260810_142952,2026-08-10 14:30:39.630436,NaN,8,probe,POSTDIG_FIX3_ON,153,2026-08-10 14:39:59.901765,560.229226,1.874128,,,,,,keyboard,after digit#3,"{""note"":""after digit#3""}",2,0.016667,60.000000,1
Sergio_G01_CNS-LLF5RV3D8,cpeeg02,ses04,20260810_142952,2026-08-10 14:30:39.630436,NaN,8,probe,POSTDIG_FIX3_OFF,158,2026-08-10 14:40:01.775482,562.103354,0.046257,,,,,,keyboard,after digit#3,"{""note"":""after digit#3"",""pd_used"":0}",2,0.016667,60.000000,1
Sergio_G01_CNS-LLF5RV3D8,cpeeg02,ses04,20260810_142952,2026-08-10 14:30:39.630436,NaN,8,probe,DIGIT_RECALL_LINE_4,164,2026-08-10 14:40:01.826901,562.149611,2.478521,,4,,,,keyboard,next recall question,"{""value"":4,""note"":""next recall question"",""pd_used"":1}",2,0.016667,60.000000,1
Sergio_G01_CNS-LLF5RV3D8,cpeeg02,ses04,20260810_142952,2026-08-10 14:30:39.630436,NaN,8,probe,PROBE_DIGIT_OK_4,71,2026-08-10 14:40:04.650755,564.628131,0.494169,14.474877,slot#4,NaN,,,keyboard,probe_digit#4,"{""value"":""slot#4"",""entered"":null,""rt"":14.474877299973741,""note"":""probe_digit#4""}",2,0.016667,60.000000,1
Sergio_G01_CNS-LLF5RV3D8,cpeeg02,ses04,20260810_142952,2026-08-10 14:30:39.630436,NaN,8,probe,DIGIT4_OFF,149,2026-08-10 14:40:04.794331,565.122301,0.000000,,1,,,,keyboard,digit#4 off,"{""value"":1,""note"":""digit#4 off"",""pd_used"":0}",2,0.016667,60.000000,1
Sergio_G01_CNS-LLF5RV3D8,cpeeg02,ses04,20260810_142952,2026-08-10 14:30:39.630436,NaN,8,probe,POSTDIG_FIX4_ON,154,2026-08-10 14:40:04.795111,565.122301,1.630676,,,,,,keyboard,after digit#4,"{""note"":""after digit#4""}",2,0.016667,60.000000,1
Sergio_G01_CNS-LLF5RV3D8,cpeeg02,ses04,20260810_142952,2026-08-10 14:30:39.630436,NaN,8,probe,POSTDIG_FIX4_OFF,159,2026-08-10 14:40:06.425010,566.752977,0.046265,,,,,,keyboard,after digit#4,"{""note"":""after digit#4"",""pd_used"":0}",2,0.016667,60.000000,1
Sergio_G01_CNS-LLF5RV3D8,cpeeg02,ses04,20260810_142952,2026-08-10 14:30:39.630436,NaN,8,probe,DIGIT_RECALL_LINE_5,165,2026-08-10 14:40:06.476464,566.799241,1.648298,,5,,,,keyboard,next recall question,"{""value"":5,""note"":""next recall question"",""pd_used"":1}",2,0.016667,60.000000,1
Sergio_G01_CNS-LLF5RV3D8,cpeeg02,ses04,20260810_142952,2026-08-10 14:30:39.630436,NaN,8,probe,PROBE_DIGIT_OK_5,71,2026-08-10 14:40:08.621618,568.447539,0.641876,18.294285,slot#5,NaN,,,keyboard,probe_digit#5,"{""value"":""slot#5"",""entered"":null,""rt"":18.294284799951129,""note"":""probe_digit#5""}",2,0.016667,60.000000,1
Sergio_G01_CNS-LLF5RV3D8,cpeeg02,ses04,20260810_142952,2026-08-10 14:30:39.630436,NaN,8,probe,DIGIT5_OFF,150,2026-08-10 14:40:08.761277,569.089415,0.000000,,1,,,,keyboard,digit#5 off,"{""value"":1,""note"":""digit#5 off"",""pd_used"":0}",2,0.016667,60.000000,1
Sergio_G01_CNS-LLF5RV3D8,cpeeg02,ses04,20260810_142952,2026-08-10 14:30:39.630436,NaN,8,probe,POSTDIG_FIX5_ON,155,2026-08-10 14:40:08.762000,569.089415,3.223166,,,,,,keyboard,after digit#5,"{""note"":""after digit#5""}",2,0.016667,60.000000,1
Sergio_G01_CNS-LLF5RV3D8,cpeeg02,ses04,20260810_142952,2026-08-10 14:30:39.630436,NaN,8,probe,POSTDIG_FIX5_OFF,160,2026-08-10 14:40:11.984892,572.312582,0.044012,,,,,,keyboard,after digit#5,"{""note"":""after digit#5"",""pd_used"":0}",2,0.016667,60.000000,1
Sergio_G01_CNS-LLF5RV3D8,cpeeg02,ses04,20260810_142952,2026-08-10 14:30:39.630436,NaN,8,probe,PROBE_DONE,73,2026-08-10 14:40:11.986715,572.356594,0.000647,,,,,,keyboard,probe complete,"{""value"":"""",""note"":""probe complete""}",2,0.016667,60.000000,1
Sergio_G01_CNS-LLF5RV3D8,cpeeg02,ses04,20260810_142952,2026-08-10 14:30:39.630436,NaN,8,probe,TRIAL_END,21,2026-08-10 14:40:11.987265,572.357241,0.106505,,,,,,keyboard,,{},2,0.016667,60.000000,1
Sergio_G01_CNS-LLF5RV3D8,cpeeg02,ses04,20260810_142952,2026-08-10 14:30:39.630436,NaN,9,probe,TRIAL_CHANGE,22,2026-08-10 14:40:12.094019,572.463746,0.000914,,,,,,keyboard,trial transition,"{""note"":""trial transition""}",2,0.016667,60.000000,1
Sergio_G01_CNS-LLF5RV3D8,cpeeg02,ses04,20260810_142952,2026-08-10 14:30:39.630436,NaN,9,probe,TRIAL_START,20,2026-08-10 14:40:12.094689,572.464659,0.042905,,,,,,keyboard,,{},2,0.016667,60.000000,1
Sergio_G01_CNS-LLF5RV3D8,cpeeg02,ses04,20260810_142952,2026-08-10 14:30:39.630436,NaN,9,fix1,FIX1_ON,30,2026-08-10 14:40:12.188424,572.507564,3.326922,,,,,,keyboard,,"{""pd_used"":0}",2,0.016667,60.000000,1
Sergio_G01_CNS-LLF5RV3D8,cpeeg02,ses04,20260810_142952,2026-08-10 14:30:39.630436,NaN,9,fix1,FIX1_OFF,31,2026-08-10 14:40:15.506516,575.834486,0.043950,,,,,,keyboard,,"{""pd_used"":0}",2,0.016667,60.000000,1
Sergio_G01_CNS-LLF5RV3D8,cpeeg02,ses04,20260810_142952,2026-08-10 14:30:39.630436,NaN,9,digit,DIGIT1_ON,141,2026-08-10 14:40:15.557853,575.878436,0.551355,,3,,,,keyboard,digit#1 shown,"{""value"":3,""note"":""digit#1 shown"",""pd_used"":1}",2,0.016667,60.000000,1
Sergio_G01_CNS-LLF5RV3D8,cpeeg02,ses04,20260810_142952,2026-08-10 14:30:39.630436,NaN,9,digit,DIGIT1_OFF,146,2026-08-10 14:40:16.101804,576.429791,0.000000,,3,,,,keyboard,digit#1 off,"{""value"":3,""note"":""digit#1 off"",""pd_used"":0}",2,0.016667,60.000000,1
Sergio_G01_CNS-LLF5RV3D8,cpeeg02,ses04,20260810_142952,2026-08-10 14:30:39.630436,NaN,9,digit,POSTDIG_FIX1_ON,151,2026-08-10 14:40:16.102574,576.429791,1.838428,,,,,,keyboard,after digit#1,"{""note"":""after digit#1""}",2,0.016667,60.000000,1
Sergio_G01_CNS-LLF5RV3D8,cpeeg02,ses04,20260810_142952,2026-08-10 14:30:39.630436,NaN,9,digit,POSTDIG_FIX1_OFF,156,2026-08-10 14:40:17.940237,578.268219,0.043923,,,,,,keyboard,after digit#1,"{""note"":""after digit#1"",""pd_used"":0}",2,0.016667,60.000000,1
Sergio_G01_CNS-LLF5RV3D8,cpeeg02,ses04,20260810_142952,2026-08-10 14:30:39.630436,NaN,9,digit,DIGIT2_ON,142,2026-08-10 14:40:17.991832,578.312142,0.551765,,9,,,,keyboard,digit#2 shown,"{""value"":9,""note"":""digit#2 shown"",""pd_used"":1}",2,0.016667,60.000000,1
Sergio_G01_CNS-LLF5RV3D8,cpeeg02,ses04,20260810_142952,2026-08-10 14:30:39.630436,NaN,9,digit,DIGIT2_OFF,147,2026-08-10 14:40:18.536436,578.863907,0.000000,,9,,,,keyboard,digit#2 off,"{""value"":9,""note"":""digit#2 off"",""pd_used"":0}",2,0.016667,60.000000,1
Sergio_G01_CNS-LLF5RV3D8,cpeeg02,ses04,20260810_142952,2026-08-10 14:30:39.630436,NaN,9,digit,POSTDIG_FIX2_ON,152,2026-08-10 14:40:18.537219,578.863907,1.743527,,,,,,keyboard,after digit#2,"{""note"":""after digit#2""}",2,0.016667,60.000000,1
Sergio_G01_CNS-LLF5RV3D8,cpeeg02,ses04,20260810_142952,2026-08-10 14:30:39.630436,NaN,9,digit,POSTDIG_FIX2_OFF,157,2026-08-10 14:40:20.279461,580.607434,0.043973,,,,,,keyboard,after digit#2,"{""note"":""after digit#2"",""pd_used"":0}",2,0.016667,60.000000,1
Sergio_G01_CNS-LLF5RV3D8,cpeeg02,ses04,20260810_142952,2026-08-10 14:30:39.630436,NaN,9,digit,DIGIT3_ON,143,2026-08-10 14:40:20.330759,580.651406,0.551578,,9,,,,keyboard,digit#3 shown,"{""value"":9,""note"":""digit#3 shown"",""pd_used"":1}",2,0.016667,60.000000,1
Sergio_G01_CNS-LLF5RV3D8,cpeeg02,ses04,20260810_142952,2026-08-10 14:30:39.630436,NaN,9,digit,DIGIT3_OFF,148,2026-08-10 14:40:20.875181,581.202985,0.000000,,9,,,,keyboard,digit#3 off,"{""value"":9,""note"":""digit#3 off"",""pd_used"":0}",2,0.016667,60.000000,1
Sergio_G01_CNS-LLF5RV3D8,cpeeg02,ses04,20260810_142952,2026-08-10 14:30:39.630436,NaN,9,digit,POSTDIG_FIX3_ON,153,2026-08-10 14:40:20.875998,581.202985,1.791529,,,,,,keyboard,after digit#3,"{""note"":""after digit#3""}",2,0.016667,60.000000,1
Sergio_G01_CNS-LLF5RV3D8,cpeeg02,ses04,20260810_142952,2026-08-10 14:30:39.630436,NaN,9,digit,POSTDIG_FIX3_OFF,158,2026-08-10 14:40:22.666457,582.994513,0.044013,,,,,,keyboard,after digit#3,"{""note"":""after digit#3"",""pd_used"":0}",2,0.016667,60.000000,1
Sergio_G01_CNS-LLF5RV3D8,cpeeg02,ses04,20260810_142952,2026-08-10 14:30:39.630436,NaN,9,digit,DIGIT4_ON,144,2026-08-10 14:40:22.718119,583.038526,0.551481,,0,,,,keyboard,digit#4 shown,"{""value"":0,""note"":""digit#4 shown"",""pd_used"":1}",2,0.016667,60.000000,1
Sergio_G01_CNS-LLF5RV3D8,cpeeg02,ses04,20260810_142952,2026-08-10 14:30:39.630436,NaN,9,digit,DIGIT4_OFF,149,2026-08-10 14:40:23.262072,583.590007,0.000000,,0,,,,keyboard,digit#4 off,"{""value"":0,""note"":""digit#4 off"",""pd_used"":0}",2,0.016667,60.000000,1
Sergio_G01_CNS-LLF5RV3D8,cpeeg02,ses04,20260810_142952,2026-08-10 14:30:39.630436,NaN,9,digit,POSTDIG_FIX4_ON,154,2026-08-10 14:40:23.262829,583.590007,2.018568,,,,,,keyboard,after digit#4,"{""note"":""after digit#4""}",2,0.016667,60.000000,1
Sergio_G01_CNS-LLF5RV3D8,cpeeg02,ses04,20260810_142952,2026-08-10 14:30:39.630436,NaN,9,digit,POSTDIG_FIX4_OFF,159,2026-08-10 14:40:25.280928,585.608574,0.044402,,,,,,keyboard,after digit#4,"{""note"":""after digit#4"",""pd_used"":0}",2,0.016667,60.000000,1
Sergio_G01_CNS-LLF5RV3D8,cpeeg02,ses04,20260810_142952,2026-08-10 14:30:39.630436,NaN,9,digit,DIGIT5_ON,145,2026-08-10 14:40:25.332314,585.652976,0.551370,,1,,,,keyboard,digit#5 shown,"{""value"":1,""note"":""digit#5 shown"",""pd_used"":1}",2,0.016667,60.000000,1
Sergio_G01_CNS-LLF5RV3D8,cpeeg02,ses04,20260810_142952,2026-08-10 14:30:39.630436,NaN,9,digit,DIGIT5_OFF,150,2026-08-10 14:40:25.876527,586.204346,0.000000,,1,,,,keyboard,digit#5 off,"{""value"":1,""note"":""digit#5 off"",""pd_used"":0}",2,0.016667,60.000000,1
Sergio_G01_CNS-LLF5RV3D8,cpeeg02,ses04,20260810_142952,2026-08-10 14:30:39.630436,NaN,9,digit,POSTDIG_FIX5_ON,155,2026-08-10 14:40:25.877288,586.204346,3.289771,,,,,,keyboard,after digit#5,"{""note"":""after digit#5""}",2,0.016667,60.000000,1
Sergio_G01_CNS-LLF5RV3D8,cpeeg02,ses04,20260810_142952,2026-08-10 14:30:39.630436,NaN,9,digit,POSTDIG_FIX5_OFF,160,2026-08-10 14:40:29.166254,589.494117,0.044337,,,,,,keyboard,after digit#5,"{""note"":""after digit#5"",""pd_used"":0}",2,0.016667,60.000000,1
Sergio_G01_CNS-LLF5RV3D8,cpeeg02,ses04,20260810_142952,2026-08-10 14:30:39.630436,NaN,9,distractor,DISTRACTOR_ON,50,2026-08-10 14:40:29.217472,589.538454,5.620557,,9+4=13,,,,keyboard,,"{""value"":""9+4=13"",""isCorrectTruth"":true,""trueSum"":13,""pd_used"":1}",2,0.016667,60.000000,1
Sergio_G01_CNS-LLF5RV3D8,cpeeg02,ses04,20260810_142952,2026-08-10 14:30:39.630436,NaN,9,distractor,DISTRACTOR_ANS,51,2026-08-10 14:40:35.111483,595.159011,0.000000,5.620557,9+4=13,F,0,,keyboard,key= (False),"{""value"":""9+4=13"",""entered"":""F"",""rt"":5.6205570999300107,""correct"":0,""note"":""key= (False)"",""truth"":true,""trueSum"":13,""shownSum"":13,""a"":9,""b"":4}",2,0.016667,60.000000,1
Sergio_G01_CNS-LLF5RV3D8,cpeeg02,ses04,20260810_142952,2026-08-10 14:30:39.630436,NaN,9,distractor,ANS_WRONG,200,2026-08-10 14:40:35.153907,595.159011,0.366670,,,,,,keyboard,,{},2,0.016667,60.000000,1
Sergio_G01_CNS-LLF5RV3D8,cpeeg02,ses04,20260810_142952,2026-08-10 14:30:39.630436,NaN,9,distractor,DISTRACTOR_OFF,52,2026-08-10 14:40:35.205516,595.525681,0.000000,,,,,,keyboard,,"{""pd_used"":0}",2,0.016667,60.000000,1
Sergio_G01_CNS-LLF5RV3D8,cpeeg02,ses04,20260810_142952,2026-08-10 14:30:39.630436,NaN,9,distractor,FIX2_ON,60,2026-08-10 14:40:35.206225,595.525681,3.366315,,,,,,keyboard,immediate after response,"{""note"":""immediate after response""}",2,0.016667,60.000000,1
Sergio_G01_CNS-LLF5RV3D8,cpeeg02,ses04,20260810_142952,2026-08-10 14:30:39.630436,NaN,9,fix2,FIX2_OFF,61,2026-08-10 14:40:38.564101,598.891996,0.044342,,,,,,keyboard,,"{""pd_used"":0}",2,0.016667,60.000000,1
Sergio_G01_CNS-LLF5RV3D8,cpeeg02,ses04,20260810_142952,2026-08-10 14:30:39.630436,NaN,9,probe,DIGIT_RECALL_LINE_1,161,2026-08-10 14:40:38.615565,598.936337,2.461720,,1,,,,keyboard,first recall question,"{""value"":1,""note"":""first recall question"",""pd_used"":1}",2,0.016667,60.000000,1
Sergio_G01_CNS-LLF5RV3D8,cpeeg02,ses04,20260810_142952,2026-08-10 14:30:39.630436,NaN,9,probe,PROBE_DIGIT_OK_1,71,2026-08-10 14:40:41.631239,601.398057,0.706107,2.463261,slot#1,NaN,,,keyboard,probe_digit#1,"{""value"":""slot#1"",""entered"":null,""rt"":2.4632610999979079,""note"":""probe_digit#1""}",2,0.016667,60.000000,1
Sergio_G01_CNS-LLF5RV3D8,cpeeg02,ses04,20260810_142952,2026-08-10 14:30:39.630436,NaN,9,probe,DIGIT1_OFF,146,2026-08-10 14:40:41.776234,602.104164,0.000000,,1,,,,keyboard,digit#1 off,"{""value"":1,""note"":""digit#1 off"",""pd_used"":0}",2,0.016667,60.000000,1
Sergio_G01_CNS-LLF5RV3D8,cpeeg02,ses04,20260810_142952,2026-08-10 14:30:39.630436,NaN,9,probe,POSTDIG_FIX1_ON,151,2026-08-10 14:40:41.777005,602.104164,2.042980,,,,,,keyboard,after digit#1,"{""note"":""after digit#1""}",2,0.016667,60.000000,1
Sergio_G01_CNS-LLF5RV3D8,cpeeg02,ses04,20260810_142952,2026-08-10 14:30:39.630436,NaN,9,probe,POSTDIG_FIX1_OFF,156,2026-08-10 14:40:43.819483,604.147144,0.046436,,,,,,keyboard,after digit#1,"{""note"":""after digit#1"",""pd_used"":0}",2,0.016667,60.000000,1
Sergio_G01_CNS-LLF5RV3D8,cpeeg02,ses04,20260810_142952,2026-08-10 14:30:39.630436,NaN,9,probe,DIGIT_RECALL_LINE_2,162,2026-08-10 14:40:43.870958,604.193579,0.732425,,2,,,,keyboard,next recall question,"{""value"":2,""note"":""next recall question"",""pd_used"":1}",2,0.016667,60.000000,1
Sergio_G01_CNS-LLF5RV3D8,cpeeg02,ses04,20260810_142952,2026-08-10 14:30:39.630436,NaN,9,probe,PROBE_DIGIT_OK_2,71,2026-08-10 14:40:44.980244,604.926005,0.523364,5.991208,slot#2,NaN,,,keyboard,probe_digit#2,"{""value"":""slot#2"",""entered"":null,""rt"":5.9912082999944687,""note"":""probe_digit#2""}",2,0.016667,60.000000,1
Sergio_G01_CNS-LLF5RV3D8,cpeeg02,ses04,20260810_142952,2026-08-10 14:30:39.630436,NaN,9,probe,DIGIT2_OFF,147,2026-08-10 14:40:45.121373,605.449369,0.000000,,1,,,,keyboard,digit#2 off,"{""value"":1,""note"":""digit#2 off"",""pd_used"":0}",2,0.016667,60.000000,1
Sergio_G01_CNS-LLF5RV3D8,cpeeg02,ses04,20260810_142952,2026-08-10 14:30:39.630436,NaN,9,probe,POSTDIG_FIX2_ON,152,2026-08-10 14:40:45.122118,605.449369,1.702804,,,,,,keyboard,after digit#2,"{""note"":""after digit#2""}",2,0.016667,60.000000,1
Sergio_G01_CNS-LLF5RV3D8,cpeeg02,ses04,20260810_142952,2026-08-10 14:30:39.630436,NaN,9,probe,POSTDIG_FIX2_OFF,157,2026-08-10 14:40:46.824284,607.152173,0.045978,,,,,,keyboard,after digit#2,"{""note"":""after digit#2"",""pd_used"":0}",2,0.016667,60.000000,1
Sergio_G01_CNS-LLF5RV3D8,cpeeg02,ses04,20260810_142952,2026-08-10 14:30:39.630436,NaN,9,probe,DIGIT_RECALL_LINE_3,163,2026-08-10 14:40:46.875848,607.198151,2.227732,,3,,,,keyboard,next recall question,"{""value"":3,""note"":""next recall question"",""pd_used"":1}",2,0.016667,60.000000,1
Sergio_G01_CNS-LLF5RV3D8,cpeeg02,ses04,20260810_142952,2026-08-10 14:30:39.630436,NaN,9,probe,PROBE_DIGIT_OK_3,71,2026-08-10 14:40:49.621450,609.425883,0.666980,10.491087,slot#3,NaN,,,keyboard,probe_digit#3,"{""value"":""slot#3"",""entered"":null,""rt"":10.49108680000063,""note"":""probe_digit#3""}",2,0.016667,60.000000,1
Sergio_G01_CNS-LLF5RV3D8,cpeeg02,ses04,20260810_142952,2026-08-10 14:30:39.630436,NaN,9,probe,DIGIT3_OFF,148,2026-08-10 14:40:49.764861,610.092863,0.000000,,1,,,,keyboard,digit#3 off,"{""value"":1,""note"":""digit#3 off"",""pd_used"":0}",2,0.016667,60.000000,1
Sergio_G01_CNS-LLF5RV3D8,cpeeg02,ses04,20260810_142952,2026-08-10 14:30:39.630436,NaN,9,probe,POSTDIG_FIX3_ON,153,2026-08-10 14:40:49.765662,610.092863,1.864717,,,,,,keyboard,after digit#3,"{""note"":""after digit#3""}",2,0.016667,60.000000,1
Sergio_G01_CNS-LLF5RV3D8,cpeeg02,ses04,20260810_142952,2026-08-10 14:30:39.630436,NaN,9,probe,POSTDIG_FIX3_OFF,158,2026-08-10 14:40:51.629781,611.957580,0.046435,,,,,,keyboard,after digit#3,"{""note"":""after digit#3"",""pd_used"":0}",2,0.016667,60.000000,1
Sergio_G01_CNS-LLF5RV3D8,cpeeg02,ses04,20260810_142952,2026-08-10 14:30:39.630436,NaN,9,probe,DIGIT_RECALL_LINE_4,164,2026-08-10 14:40:51.681559,612.004015,2.989675,,4,,,,keyboard,next recall question,"{""value"":4,""note"":""next recall question"",""pd_used"":1}",2,0.016667,60.000000,1
Sergio_G01_CNS-LLF5RV3D8,cpeeg02,ses04,20260810_142952,2026-08-10 14:30:39.630436,NaN,9,probe,PROBE_DIGIT_OK_4,71,2026-08-10 14:40:55.272138,614.993691,0.753724,16.058894,slot#4,NaN,,,keyboard,probe_digit#4,"{""value"":""slot#4"",""entered"":null,""rt"":16.058894300018437,""note"":""probe_digit#4""}",2,0.016667,60.000000,1
Sergio_G01_CNS-LLF5RV3D8,cpeeg02,ses04,20260810_142952,2026-08-10 14:30:39.630436,NaN,9,probe,DIGIT4_OFF,149,2026-08-10 14:40:55.419843,615.747415,0.000000,,1,,,,keyboard,digit#4 off,"{""value"":1,""note"":""digit#4 off"",""pd_used"":0}",2,0.016667,60.000000,1
Sergio_G01_CNS-LLF5RV3D8,cpeeg02,ses04,20260810_142952,2026-08-10 14:30:39.630436,NaN,9,probe,POSTDIG_FIX4_ON,154,2026-08-10 14:40:55.420641,615.747415,1.860454,,,,,,keyboard,after digit#4,"{""note"":""after digit#4""}",2,0.016667,60.000000,1
Sergio_G01_CNS-LLF5RV3D8,cpeeg02,ses04,20260810_142952,2026-08-10 14:30:39.630436,NaN,9,probe,POSTDIG_FIX4_OFF,159,2026-08-10 14:40:57.279855,617.607869,0.045940,,,,,,keyboard,after digit#4,"{""note"":""after digit#4"",""pd_used"":0}",2,0.016667,60.000000,1
Sergio_G01_CNS-LLF5RV3D8,cpeeg02,ses04,20260810_142952,2026-08-10 14:30:39.630436,NaN,9,probe,DIGIT_RECALL_LINE_5,165,2026-08-10 14:40:57.331509,617.653809,2.482677,,5,,,,keyboard,next recall question,"{""value"":5,""note"":""next recall question"",""pd_used"":1}",2,0.016667,60.000000,1
Sergio_G01_CNS-LLF5RV3D8,cpeeg02,ses04,20260810_142952,2026-08-10 14:30:39.630436,NaN,9,probe,PROBE_DIGIT_OK_5,71,2026-08-10 14:41:00.261031,620.136487,0.596415,21.201691,slot#5,NaN,,,keyboard,probe_digit#5,"{""value"":""slot#5"",""entered"":null,""rt"":21.201690600020811,""note"":""probe_digit#5""}",2,0.016667,60.000000,1
Sergio_G01_CNS-LLF5RV3D8,cpeeg02,ses04,20260810_142952,2026-08-10 14:30:39.630436,NaN,9,probe,DIGIT5_OFF,150,2026-08-10 14:41:00.404945,620.732902,0.000000,,1,,,,keyboard,digit#5 off,"{""value"":1,""note"":""digit#5 off"",""pd_used"":0}",2,0.016667,60.000000,1
Sergio_G01_CNS-LLF5RV3D8,cpeeg02,ses04,20260810_142952,2026-08-10 14:30:39.630436,NaN,9,probe,POSTDIG_FIX5_ON,155,2026-08-10 14:41:00.405717,620.732902,3.209116,,,,,,keyboard,after digit#5,"{""note"":""after digit#5""}",2,0.016667,60.000000,1
Sergio_G01_CNS-LLF5RV3D8,cpeeg02,ses04,20260810_142952,2026-08-10 14:30:39.630436,NaN,9,probe,POSTDIG_FIX5_OFF,160,2026-08-10 14:41:03.614152,623.942018,0.044392,,,,,,keyboard,after digit#5,"{""note"":""after digit#5"",""pd_used"":0}",2,0.016667,60.000000,1
Sergio_G01_CNS-LLF5RV3D8,cpeeg02,ses04,20260810_142952,2026-08-10 14:30:39.630436,NaN,9,probe,PROBE_DONE,73,2026-08-10 14:41:03.616535,623.986410,0.000672,,,,,,keyboard,probe complete,"{""value"":"""",""note"":""probe complete""}",2,0.016667,60.000000,1
Sergio_G01_CNS-LLF5RV3D8,cpeeg02,ses04,20260810_142952,2026-08-10 14:30:39.630436,NaN,9,probe,TRIAL_END,21,2026-08-10 14:41:03.617090,623.987082,0.106294,,,,,,keyboard,,{},2,0.016667,60.000000,1
Sergio_G01_CNS-LLF5RV3D8,cpeeg02,ses04,20260810_142952,2026-08-10 14:30:39.630436,NaN,10,probe,TRIAL_CHANGE,22,2026-08-10 14:41:03.723652,624.093375,0.000938,,,,,,keyboard,trial transition,"{""note"":""trial transition""}",2,0.016667,60.000000,1
Sergio_G01_CNS-LLF5RV3D8,cpeeg02,ses04,20260810_142952,2026-08-10 14:30:39.630436,NaN,10,probe,TRIAL_START,20,2026-08-10 14:41:03.724343,624.094314,0.043131,,,,,,keyboard,,{},2,0.016667,60.000000,1
Sergio_G01_CNS-LLF5RV3D8,cpeeg02,ses04,20260810_142952,2026-08-10 14:30:39.630436,NaN,10,fix1,FIX1_ON,30,2026-08-10 14:41:03.818340,624.137444,3.533045,,,,,,keyboard,,"{""pd_used"":0}",2,0.016667,60.000000,1
Sergio_G01_CNS-LLF5RV3D8,cpeeg02,ses04,20260810_142952,2026-08-10 14:30:39.630436,NaN,10,fix1,FIX1_OFF,31,2026-08-10 14:41:07.342509,627.670489,0.044070,,,,,,keyboard,,"{""pd_used"":0}",2,0.016667,60.000000,1
Sergio_G01_CNS-LLF5RV3D8,cpeeg02,ses04,20260810_142952,2026-08-10 14:30:39.630436,NaN,10,digit,DIGIT1_ON,141,2026-08-10 14:41:07.393932,627.714559,0.551587,,3,,,,keyboard,digit#1 shown,"{""value"":3,""note"":""digit#1 shown"",""pd_used"":1}",2,0.016667,60.000000,1
Sergio_G01_CNS-LLF5RV3D8,cpeeg02,ses04,20260810_142952,2026-08-10 14:30:39.630436,NaN,10,digit,DIGIT1_OFF,146,2026-08-10 14:41:07.938068,628.266146,0.000000,,3,,,,keyboard,digit#1 off,"{""value"":3,""note"":""digit#1 off"",""pd_used"":0}",2,0.016667,60.000000,1
Sergio_G01_CNS-LLF5RV3D8,cpeeg02,ses04,20260810_142952,2026-08-10 14:30:39.630436,NaN,10,digit,POSTDIG_FIX1_ON,151,2026-08-10 14:41:07.938813,628.266146,1.890009,,,,,,keyboard,after digit#1,"{""note"":""after digit#1""}",2,0.016667,60.000000,1
Sergio_G01_CNS-LLF5RV3D8,cpeeg02,ses04,20260810_142952,2026-08-10 14:30:39.630436,NaN,10,digit,POSTDIG_FIX1_OFF,156,2026-08-10 14:41:09.828159,630.156155,0.044023,,,,,,keyboard,after digit#1,"{""note"":""after digit#1"",""pd_used"":0}",2,0.016667,60.000000,1
Sergio_G01_CNS-LLF5RV3D8,cpeeg02,ses04,20260810_142952,2026-08-10 14:30:39.630436,NaN,10,digit,DIGIT2_ON,142,2026-08-10 14:41:09.879554,630.200179,0.551572,,3,,,,keyboard,digit#2 shown,"{""value"":3,""note"":""digit#2 shown"",""pd_used"":1}",2,0.016667,60.000000,1
Sergio_G01_CNS-LLF5RV3D8,cpeeg02,ses04,20260810_142952,2026-08-10 14:30:39.630436,NaN,10,digit,DIGIT2_OFF,147,2026-08-10 14:41:10.423799,630.751750,0.000000,,3,,,,keyboard,digit#2 off,"{""value"":3,""note"":""digit#2 off"",""pd_used"":0}",2,0.016667,60.000000,1
Sergio_G01_CNS-LLF5RV3D8,cpeeg02,ses04,20260810_142952,2026-08-10 14:30:39.630436,NaN,10,digit,POSTDIG_FIX2_ON,152,2026-08-10 14:41:10.424561,630.751750,1.966844,,,,,,keyboard,after digit#2,"{""note"":""after digit#2""}",2,0.016667,60.000000,1
Sergio_G01_CNS-LLF5RV3D8,cpeeg02,ses04,20260810_142952,2026-08-10 14:30:39.630436,NaN,10,digit,POSTDIG_FIX2_OFF,157,2026-08-10 14:41:12.390652,632.718594,0.044019,,,,,,keyboard,after digit#2,"{""note"":""after digit#2"",""pd_used"":0}",2,0.016667,60.000000,1
Sergio_G01_CNS-LLF5RV3D8,cpeeg02,ses04,20260810_142952,2026-08-10 14:30:39.630436,NaN,10,digit,DIGIT3_ON,143,2026-08-10 14:41:12.442020,632.762614,0.551478,,2,,,,keyboard,digit#3 shown,"{""value"":2,""note"":""digit#3 shown"",""pd_used"":1}",2,0.016667,60.000000,1
Sergio_G01_CNS-LLF5RV3D8,cpeeg02,ses04,20260810_142952,2026-08-10 14:30:39.630436,NaN,10,digit,DIGIT3_OFF,148,2026-08-10 14:41:12.986156,633.314092,0.000000,,2,,,,keyboard,digit#3 off,"{""value"":2,""note"":""digit#3 off"",""pd_used"":0}",2,0.016667,60.000000,1
Sergio_G01_CNS-LLF5RV3D8,cpeeg02,ses04,20260810_142952,2026-08-10 14:30:39.630436,NaN,10,digit,POSTDIG_FIX3_ON,153,2026-08-10 14:41:12.986898,633.314092,2.029557,,,,,,keyboard,after digit#3,"{""note"":""after digit#3""}",2,0.016667,60.000000,1
Sergio_G01_CNS-LLF5RV3D8,cpeeg02,ses04,20260810_142952,2026-08-10 14:30:39.630436,NaN,10,digit,POSTDIG_FIX3_OFF,158,2026-08-10 14:41:15.015755,635.343649,0.044178,,,,,,keyboard,after digit#3,"{""note"":""after digit#3"",""pd_used"":0}",2,0.016667,60.000000,1
Sergio_G01_CNS-LLF5RV3D8,cpeeg02,ses04,20260810_142952,2026-08-10 14:30:39.630436,NaN,10,digit,DIGIT4_ON,144,2026-08-10 14:41:15.067310,635.387827,0.551421,,2,,,,keyboard,digit#4 shown,"{""value"":2,""note"":""digit#4 shown"",""pd_used"":1}",2,0.016667,60.000000,1
Sergio_G01_CNS-LLF5RV3D8,cpeeg02,ses04,20260810_142952,2026-08-10 14:30:39.630436,NaN,10,digit,DIGIT4_OFF,149,2026-08-10 14:41:15.611652,635.939248,0.000000,,2,,,,keyboard,digit#4 off,"{""value"":2,""note"":""digit#4 off"",""pd_used"":0}",2,0.016667,60.000000,1
Sergio_G01_CNS-LLF5RV3D8,cpeeg02,ses04,20260810_142952,2026-08-10 14:30:39.630436,NaN,10,digit,POSTDIG_FIX4_ON,154,2026-08-10 14:41:15.612449,635.939248,1.747864,,,,,,keyboard,after digit#4,"{""note"":""after digit#4""}",2,0.016667,60.000000,1
Sergio_G01_CNS-LLF5RV3D8,cpeeg02,ses04,20260810_142952,2026-08-10 14:30:39.630436,NaN,10,digit,POSTDIG_FIX4_OFF,159,2026-08-10 14:41:17.359126,637.687112,0.043911,,,,,,keyboard,after digit#4,"{""note"":""after digit#4"",""pd_used"":0}",2,0.016667,60.000000,1
Sergio_G01_CNS-LLF5RV3D8,cpeeg02,ses04,20260810_142952,2026-08-10 14:30:39.630436,NaN,10,digit,DIGIT5_ON,145,2026-08-10 14:41:17.410682,637.731022,0.551795,,7,,,,keyboard,digit#5 shown,"{""value"":7,""note"":""digit#5 shown"",""pd_used"":1}",2,0.016667,60.000000,1
Sergio_G01_CNS-LLF5RV3D8,cpeeg02,ses04,20260810_142952,2026-08-10 14:30:39.630436,NaN,10,digit,DIGIT5_OFF,150,2026-08-10 14:41:17.955049,638.282817,0.000000,,7,,,,keyboard,digit#5 off,"{""value"":7,""note"":""digit#5 off"",""pd_used"":0}",2,0.016667,60.000000,1
Sergio_G01_CNS-LLF5RV3D8,cpeeg02,ses04,20260810_142952,2026-08-10 14:30:39.630436,NaN,10,digit,POSTDIG_FIX5_ON,155,2026-08-10 14:41:17.955781,638.282817,3.226166,,,,,,keyboard,after digit#5,"{""note"":""after digit#5""}",2,0.016667,60.000000,1
Sergio_G01_CNS-LLF5RV3D8,cpeeg02,ses04,20260810_142952,2026-08-10 14:30:39.630436,NaN,10,digit,POSTDIG_FIX5_OFF,160,2026-08-10 14:41:21.181093,641.508984,0.044124,,,,,,keyboard,after digit#5,"{""note"":""after digit#5"",""pd_used"":0}",2,0.016667,60.000000,1
Sergio_G01_CNS-LLF5RV3D8,cpeeg02,ses04,20260810_142952,2026-08-10 14:30:39.630436,NaN,10,distractor,DISTRACTOR_ON,50,2026-08-10 14:41:21.232843,641.553107,4.550869,,0+3=3,,,,keyboard,,"{""value"":""0+3=3"",""isCorrectTruth"":true,""trueSum"":3,""pd_used"":1}",2,0.016667,60.000000,1
Sergio_G01_CNS-LLF5RV3D8,cpeeg02,ses04,20260810_142952,2026-08-10 14:30:39.630436,NaN,10,distractor,DISTRACTOR_ANS,51,2026-08-10 14:41:26.191858,646.103976,0.000000,4.550869,0+3=3,F,0,,keyboard,key= (False),"{""value"":""0+3=3"",""entered"":""F"",""rt"":4.5508686000248417,""correct"":0,""note"":""key= (False)"",""truth"":true,""trueSum"":3,""shownSum"":3,""a"":0,""b"":3}",2,0.016667,60.000000,1
Sergio_G01_CNS-LLF5RV3D8,cpeeg02,ses04,20260810_142952,2026-08-10 14:30:39.630436,NaN,10,distractor,ANS_WRONG,200,2026-08-10 14:41:26.234322,646.103976,0.502325,,,,,,keyboard,,{},2,0.016667,60.000000,1
Sergio_G01_CNS-LLF5RV3D8,cpeeg02,ses04,20260810_142952,2026-08-10 14:30:39.630436,NaN,10,distractor,DISTRACTOR_OFF,52,2026-08-10 14:41:26.285818,646.606301,0.000000,,,,,,keyboard,,"{""pd_used"":0}",2,0.016667,60.000000,1
Sergio_G01_CNS-LLF5RV3D8,cpeeg02,ses04,20260810_142952,2026-08-10 14:30:39.630436,NaN,10,distractor,FIX2_ON,60,2026-08-10 14:41:26.286517,646.606301,3.097978,,,,,,keyboard,immediate after response,"{""note"":""immediate after response""}",2,0.016667,60.000000,1
Sergio_G01_CNS-LLF5RV3D8,cpeeg02,ses04,20260810_142952,2026-08-10 14:30:39.630436,NaN,10,fix2,FIX2_OFF,61,2026-08-10 14:41:29.376302,649.704279,0.043996,,,,,,keyboard,,"{""pd_used"":0}",2,0.016667,60.000000,1
Sergio_G01_CNS-LLF5RV3D8,cpeeg02,ses04,20260810_142952,2026-08-10 14:30:39.630436,NaN,10,probe,DIGIT_RECALL_LINE_1,161,2026-08-10 14:41:29.427759,649.748275,2.165548,,1,,,,keyboard,first recall question,"{""value"":1,""note"":""first recall question"",""pd_used"":1}",2,0.016667,60.000000,1
Sergio_G01_CNS-LLF5RV3D8,cpeeg02,ses04,20260810_142952,2026-08-10 14:30:39.630436,NaN,10,probe,PROBE_DIGIT_OK_1,71,2026-08-10 14:41:32.182409,651.913823,0.745194,2.166800,slot#1,NaN,,,keyboard,probe_digit#1,"{""value"":""slot#1"",""entered"":null,""rt"":2.1668002000078559,""note"":""probe_digit#1""}",2,0.016667,60.000000,1
Sergio_G01_CNS-LLF5RV3D8,cpeeg02,ses04,20260810_142952,2026-08-10 14:30:39.630436,NaN,10,probe,DIGIT1_OFF,146,2026-08-10 14:41:32.330906,652.659016,0.000000,,7,,,,keyboard,digit#1 off,"{""value"":7,""note"":""digit#1 off"",""pd_used"":0}",2,0.016667,60.000000,1
Sergio_G01_CNS-LLF5RV3D8,cpeeg02,ses04,20260810_142952,2026-08-10 14:30:39.630436,NaN,10,probe,POSTDIG_FIX1_ON,151,2026-08-10 14:41:32.331659,652.659016,1.646937,,,,,,keyboard,after digit#1,"{""note"":""after digit#1""}",2,0.016667,60.000000,1
Sergio_G01_CNS-LLF5RV3D8,cpeeg02,ses04,20260810_142952,2026-08-10 14:30:39.630436,NaN,10,probe,POSTDIG_FIX1_OFF,156,2026-08-10 14:41:33.978381,654.305953,0.046985,,,,,,keyboard,after digit#1,"{""note"":""after digit#1"",""pd_used"":0}",2,0.016667,60.000000,1
Sergio_G01_CNS-LLF5RV3D8,cpeeg02,ses04,20260810_142952,2026-08-10 14:30:39.630436,NaN,10,probe,DIGIT_RECALL_LINE_2,162,2026-08-10 14:41:34.029785,654.352938,0.712363,,2,,,,keyboard,next recall question,"{""value"":2,""note"":""next recall question"",""pd_used"":1}",2,0.016667,60.000000,1
Sergio_G01_CNS-LLF5RV3D8,cpeeg02,ses04,20260810_142952,2026-08-10 14:30:39.630436,NaN,10,probe,PROBE_DIGIT_OK_2,71,2026-08-10 14:41:35.300739,655.065301,0.707866,5.318279,slot#2,NaN,,,keyboard,probe_digit#2,"{""value"":""slot#2"",""entered"":null,""rt"":5.3182789999991655,""note"":""probe_digit#2""}",2,0.016667,60.000000,1
Sergio_G01_CNS-LLF5RV3D8,cpeeg02,ses04,20260810_142952,2026-08-10 14:30:39.630436,NaN,10,probe,DIGIT2_OFF,147,2026-08-10 14:41:35.445178,655.773168,0.000000,,7,,,,keyboard,digit#2 off,"{""value"":7,""note"":""digit#2 off"",""pd_used"":0}",2,0.016667,60.000000,1
Sergio_G01_CNS-LLF5RV3D8,cpeeg02,ses04,20260810_142952,2026-08-10 14:30:39.630436,NaN,10,probe,POSTDIG_FIX2_ON,152,2026-08-10 14:41:35.445913,655.773168,1.953604,,,,,,keyboard,after digit#2,"{""note"":""after digit#2""}",2,0.016667,60.000000,1
Sergio_G01_CNS-LLF5RV3D8,cpeeg02,ses04,20260810_142952,2026-08-10 14:30:39.630436,NaN,10,probe,POSTDIG_FIX2_OFF,157,2026-08-10 14:41:37.398806,657.726772,0.046071,,,,,,keyboard,after digit#2,"{""note"":""after digit#2"",""pd_used"":0}",2,0.016667,60.000000,1
Sergio_G01_CNS-LLF5RV3D8,cpeeg02,ses04,20260810_142952,2026-08-10 14:30:39.630436,NaN,10,probe,DIGIT_RECALL_LINE_3,163,2026-08-10 14:41:37.450237,657.772843,1.594066,,3,,,,keyboard,next recall question,"{""value"":3,""note"":""next recall question"",""pd_used"":1}",2,0.016667,60.000000,1
Sergio_G01_CNS-LLF5RV3D8,cpeeg02,ses04,20260810_142952,2026-08-10 14:30:39.630436,NaN,10,probe,PROBE_DIGIT_OK_3,71,2026-08-10 14:41:39.631832,659.366909,0.739791,9.619887,slot#3,NaN,,,keyboard,probe_digit#3,"{""value"":""slot#3"",""entered"":null,""rt"":9.61988679994829,""note"":""probe_digit#3""}",2,0.016667,60.000000,1
Sergio_G01_CNS-LLF5RV3D8,cpeeg02,ses04,20260810_142952,2026-08-10 14:30:39.630436,NaN,10,probe,DIGIT3_OFF,148,2026-08-10 14:41:39.778560,660.106700,0.000000,,7,,,,keyboard,digit#3 off,"{""value"":7,""note"":""digit#3 off"",""pd_used"":0}",2,0.016667,60.000000,1
Sergio_G01_CNS-LLF5RV3D8,cpeeg02,ses04,20260810_142952,2026-08-10 14:30:39.630436,NaN,10,probe,POSTDIG_FIX3_ON,153,2026-08-10 14:41:39.779309,660.106700,1.568071,,,,,,keyboard,after digit#3,"{""note"":""after digit#3""}",2,0.016667,60.000000,1
Sergio_G01_CNS-LLF5RV3D8,cpeeg02,ses04,20260810_142952,2026-08-10 14:30:39.630436,NaN,10,probe,POSTDIG_FIX3_OFF,158,2026-08-10 14:41:41.346858,661.674770,0.046247,,,,,,keyboard,after digit#3,"{""note"":""after digit#3"",""pd_used"":0}",2,0.016667,60.000000,1
Sergio_G01_CNS-LLF5RV3D8,cpeeg02,ses04,20260810_142952,2026-08-10 14:30:39.630436,NaN,10,probe,DIGIT_RECALL_LINE_4,164,2026-08-10 14:41:41.398451,661.721017,1.727507,,4,,,,keyboard,next recall question,"{""value"":4,""note"":""next recall question"",""pd_used"":1}",2,0.016667,60.000000,1
Sergio_G01_CNS-LLF5RV3D8,cpeeg02,ses04,20260810_142952,2026-08-10 14:30:39.630436,NaN,10,probe,PROBE_DIGIT_OK_4,71,2026-08-10 14:41:43.712957,663.448525,0.745701,13.701502,slot#4,NaN,,,keyboard,probe_digit#4,"{""value"":""slot#4"",""entered"":null,""rt"":13.701502299983986,""note"":""probe_digit#4""}",2,0.016667,60.000000,1
Sergio_G01_CNS-LLF5RV3D8,cpeeg02,ses04,20260810_142952,2026-08-10 14:30:39.630436,NaN,10,probe,DIGIT4_OFF,149,2026-08-10 14:41:43.866184,664.194226,0.000000,,7,,,,keyboard,digit#4 off,"{""value"":7,""note"":""digit#4 off"",""pd_used"":0}",2,0.016667,60.000000,1
Sergio_G01_CNS-LLF5RV3D8,cpeeg02,ses04,20260810_142952,2026-08-10 14:30:39.630436,NaN,10,probe,POSTDIG_FIX4_ON,154,2026-08-10 14:41:43.866968,664.194226,1.600071,,,,,,keyboard,after digit#4,"{""note"":""after digit#4""}",2,0.016667,60.000000,1
Sergio_G01_CNS-LLF5RV3D8,cpeeg02,ses04,20260810_142952,2026-08-10 14:30:39.630436,NaN,10,probe,POSTDIG_FIX4_OFF,159,2026-08-10 14:41:45.466509,665.794297,0.046237,,,,,,keyboard,after digit#4,"{""note"":""after digit#4"",""pd_used"":0}",2,0.016667,60.000000,1
Sergio_G01_CNS-LLF5RV3D8,cpeeg02,ses04,20260810_142952,2026-08-10 14:30:39.630436,NaN,10,probe,DIGIT_RECALL_LINE_5,165,2026-08-10 14:41:45.517843,665.840535,0.684231,,5,,,,keyboard,next recall question,"{""value"":5,""note"":""next recall question"",""pd_used"":1}",2,0.016667,60.000000,1
Sergio_G01_CNS-LLF5RV3D8,cpeeg02,ses04,20260810_142952,2026-08-10 14:30:39.630436,NaN,10,probe,PROBE_DIGIT_OK_5,71,2026-08-10 14:41:46.613759,666.524766,0.566123,16.777744,slot#5,NaN,,,keyboard,probe_digit#5,"{""value"":""slot#5"",""entered"":null,""rt"":16.777743699960411,""note"":""probe_digit#5""}",2,0.016667,60.000000,1
Sergio_G01_CNS-LLF5RV3D8,cpeeg02,ses04,20260810_142952,2026-08-10 14:30:39.630436,NaN,10,probe,DIGIT5_OFF,150,2026-08-10 14:41:46.763175,667.090889,0.000000,,7,,,,keyboard,digit#5 off,"{""value"":7,""note"":""digit#5 off"",""pd_used"":0}",2,0.016667,60.000000,1
Sergio_G01_CNS-LLF5RV3D8,cpeeg02,ses04,20260810_142952,2026-08-10 14:30:39.630436,NaN,10,probe,POSTDIG_FIX5_ON,155,2026-08-10 14:41:46.763947,667.090889,3.284172,,,,,,keyboard,after digit#5,"{""note"":""after digit#5""}",2,0.016667,60.000000,1
Sergio_G01_CNS-LLF5RV3D8,cpeeg02,ses04,20260810_142952,2026-08-10 14:30:39.630436,NaN,10,probe,POSTDIG_FIX5_OFF,160,2026-08-10 14:41:50.047197,670.375061,0.043867,,,,,,keyboard,after digit#5,"{""note"":""after digit#5"",""pd_used"":0}",2,0.016667,60.000000,1
Sergio_G01_CNS-LLF5RV3D8,cpeeg02,ses04,20260810_142952,2026-08-10 14:30:39.630436,NaN,10,probe,PROBE_DONE,73,2026-08-10 14:41:50.049087,670.418928,0.000720,,,,,,keyboard,probe complete,"{""value"":"""",""note"":""probe complete""}",2,0.016667,60.000000,1
Sergio_G01_CNS-LLF5RV3D8,cpeeg02,ses04,20260810_142952,2026-08-10 14:30:39.630436,NaN,10,probe,TRIAL_END,21,2026-08-10 14:41:50.049674,670.419647,0.106173,,,,,,keyboard,,{},2,0.016667,60.000000,1
Sergio_G01_CNS-LLF5RV3D8,cpeeg02,ses04,20260810_142952,2026-08-10 14:30:39.630436,NaN,10,probe,BLOCK_END,11,2026-08-10 14:41:50.156218,670.525820,0.234168,,,,,,keyboard,,{},2,0.016667,60.000000,1
Sergio_G01_CNS-LLF5RV3D8,cpeeg02,ses04,20260810_142952,2026-08-10 14:30:39.630436,NaN,10,probe,SESSION_END,3,2026-08-10 14:41:50.390435,670.759988,NaN,,,,,,keyboard,,{},2,0.016667,60.000000,1
