file_version,subject,condition,session,task_start_time,block,trial,phase,event_name,event_code,wall_clock,t_rel_sec,duration_to_next,rt,value_shown,entered_value,correct,key_name,device,note,json,screen_index,ifi,refresh_hz,pd_used,rt_from_audio,remembered
"Sergio_G01_CNS-LLF5RV3D8","cpeeg02","ses02","20260511_125107","2026-05-11 12:51:47.579060","NaN","NaN","","MIC_NOISEFLOOR","6","2026-05-11 12:51:52.544571","4.965373","4.154164","","","","","","keyboard","","{}","2","NaN","NaN","1","",""
"Sergio_G01_CNS-LLF5RV3D8","cpeeg02","ses02","20260511_125107","2026-05-11 12:51:47.579060","NaN","NaN","","MIC_REC_SPEECH","7","2026-05-11 12:51:56.698537","9.119536","6.665910","","","","","","keyboard","","{}","2","NaN","NaN","1","",""
"Sergio_G01_CNS-LLF5RV3D8","cpeeg02","ses02","20260511_125107","2026-05-11 12:51:47.579060","NaN","NaN","","SESSION_START","1","2026-05-11 12:53:11.381023","83.800663","0.002382","","","","","","keyboard","","{}","2","0.016667","60.000000","1","",""
"Sergio_G01_CNS-LLF5RV3D8","cpeeg02","ses02","20260511_125107","2026-05-11 12:51:47.579060","NaN","NaN","","BLOCK_START","10","2026-05-11 12:53:11.381760","83.803045","0.107399","","","","","","keyboard","","{}","2","0.016667","60.000000","1","",""
"Sergio_G01_CNS-LLF5RV3D8","cpeeg02","ses02","20260511_125107","2026-05-11 12:51:47.579060","NaN","0","reading","START_PAGE_ON","4","2026-05-11 12:53:11.531498","83.910444","0.045981","","","","","","keyboard","","{""pd_used"":0}","2","0.016667","60.000000","1","",""
"Sergio_G01_CNS-LLF5RV3D8","cpeeg02","ses02","20260511_125107","2026-05-11 12:51:47.579060","NaN","0","reading","START_PAGE_ON","4","2026-05-11 12:53:11.531498","83.910444","3.075728","","","","","","keyboard","","{""pd_used"":0}","2","0.016667","60.000000","1","",""
"Sergio_G01_CNS-LLF5RV3D8","cpeeg02","ses02","20260511_125107","2026-05-11 12:51:47.579060","NaN","0","reading","START_PAGE_ON","4","2026-05-11 12:53:11.531498","83.910444","3.489935","","","","","","keyboard","","{""pd_used"":0}","2","0.016667","60.000000","1","",""
"Sergio_G01_CNS-LLF5RV3D8","cpeeg02","ses02","20260511_125107","2026-05-11 12:51:47.579060","NaN","0","reading","READING_START","23","2026-05-11 12:53:14.979394","87.400379","0.118400","","","","","","keyboard","","{}","2","0.016667","60.000000","1","",""
"Sergio_G01_CNS-LLF5RV3D8","cpeeg02","ses02","20260511_125107","2026-05-11 12:51:47.579060","NaN","0","reading","DIGIT_READ1_ON","101","2026-05-11 12:53:15.139431","87.518779","3.727366","","1","","","","keyboard","digit#1 shown","{""value"":1,""note"":""digit#1 shown"",""pd_used"":1}","2","0.016667","60.000000","1","",""
"Sergio_G01_CNS-LLF5RV3D8","cpeeg02","ses02","20260511_125107","2026-05-11 12:51:47.579060","NaN","0","reading","PROBE_COUNT_OK_1","71","2026-05-11 12:53:19.478075","91.246145","0.700045","7.339476","slot#1","1","1","","keyboard","probe_digit#1","{""value"":""slot#1"",""entered"":1,""rt"":7.3394763000032981,""note"":""probe_digit#1""}","2","0.016667","60.000000","1","3.6485",""
"Sergio_G01_CNS-LLF5RV3D8","cpeeg02","ses02","20260511_125107","2026-05-11 12:51:47.579060","NaN","0","reading","DIGIT_READ1_OFF","116","2026-05-11 12:53:19.572166","91.946191","0.000000","","1","","","","keyboard","digit#1 off","{""value"":1,""note"":""digit#1 off"",""pd_used"":0}","2","0.016667","60.000000","1","",""
"Sergio_G01_CNS-LLF5RV3D8","cpeeg02","ses02","20260511_125107","2026-05-11 12:51:47.579060","NaN","0","reading","POSTREAD_FIX1_ON","201","2026-05-11 12:53:19.573304","91.946191","1.943954","","","","","","keyboard","after digit#1","{""note"":""after digit#1""}","2","0.016667","60.000000","1","",""
"Sergio_G01_CNS-LLF5RV3D8","cpeeg02","ses02","20260511_125107","2026-05-11 12:51:47.579060","NaN","0","reading","POSTREAD_FIX1_OFF","216","2026-05-11 12:53:21.510909","93.890145","0.046392","","","","","","keyboard","after digit#1","{""note"":""after digit#1"",""pd_used"":0}","2","0.016667","60.000000","1","",""
"Sergio_G01_CNS-LLF5RV3D8","cpeeg02","ses02","20260511_125107","2026-05-11 12:51:47.579060","NaN","0","reading","DIGIT_READ2_ON","102","2026-05-11 12:53:21.562296","93.936537","1.289278","","4","","","","keyboard","digit#2 shown","{""value"":4,""note"":""digit#2 shown"",""pd_used"":1}","2","0.016667","60.000000","1","",""
"Sergio_G01_CNS-LLF5RV3D8","cpeeg02","ses02","20260511_125107","2026-05-11 12:51:47.579060","NaN","0","reading","PROBE_COUNT_OK_2","71","2026-05-11 12:53:23.251516","95.225815","0.490178","11.319145","slot#2","4","1","","keyboard","probe_digit#2","{""value"":""slot#2"",""entered"":4,""rt"":11.31914549999783,""note"":""probe_digit#2""}","2","0.016667","60.000000","1","1.2131",""
"Sergio_G01_CNS-LLF5RV3D8","cpeeg02","ses02","20260511_125107","2026-05-11 12:51:47.579060","NaN","0","reading","DIGIT_READ2_OFF","117","2026-05-11 12:53:23.345162","95.715992","0.000000","","4","","","","keyboard","digit#2 off","{""value"":4,""note"":""digit#2 off"",""pd_used"":0}","2","0.016667","60.000000","1","",""
"Sergio_G01_CNS-LLF5RV3D8","cpeeg02","ses02","20260511_125107","2026-05-11 12:51:47.579060","NaN","0","reading","POSTREAD_FIX2_ON","202","2026-05-11 12:53:23.346032","95.715992","1.604328","","","","","","keyboard","after digit#2","{""note"":""after digit#2""}","2","0.016667","60.000000","1","",""
"Sergio_G01_CNS-LLF5RV3D8","cpeeg02","ses02","20260511_125107","2026-05-11 12:51:47.579060","NaN","0","reading","POSTREAD_FIX2_OFF","217","2026-05-11 12:53:24.941017","97.320321","0.046467","","","","","","keyboard","after digit#2","{""note"":""after digit#2"",""pd_used"":0}","2","0.016667","60.000000","1","",""
"Sergio_G01_CNS-LLF5RV3D8","cpeeg02","ses02","20260511_125107","2026-05-11 12:51:47.579060","NaN","0","reading","DIGIT_READ3_ON","103","2026-05-11 12:53:24.992468","97.366787","5.145041","","5","","","","keyboard","digit#3 shown","{""value"":5,""note"":""digit#3 shown"",""pd_used"":1}","2","0.016667","60.000000","1","",""
"Sergio_G01_CNS-LLF5RV3D8","cpeeg02","ses02","20260511_125107","2026-05-11 12:51:47.579060","NaN","0","reading","PROBE_COUNT_OK_3","71","2026-05-11 12:53:30.707912","102.511828","0.660986","18.605159","slot#3","5","1","","keyboard","probe_digit#3","{""value"":""slot#3"",""entered"":5,""rt"":18.605159200000344,""note"":""probe_digit#3""}","2","0.016667","60.000000","1","2.1502",""
"Sergio_G01_CNS-LLF5RV3D8","cpeeg02","ses02","20260511_125107","2026-05-11 12:51:47.579060","NaN","0","reading","DIGIT_READ3_OFF","118","2026-05-11 12:53:30.801715","103.172815","0.000000","","5","","","","keyboard","digit#3 off","{""value"":5,""note"":""digit#3 off"",""pd_used"":0}","2","0.016667","60.000000","1","",""
"Sergio_G01_CNS-LLF5RV3D8","cpeeg02","ses02","20260511_125107","2026-05-11 12:51:47.579060","NaN","0","reading","POSTREAD_FIX3_ON","203","2026-05-11 12:53:30.802515","103.172815","1.557330","","","","","","keyboard","after digit#3","{""note"":""after digit#3""}","2","0.016667","60.000000","1","",""
"Sergio_G01_CNS-LLF5RV3D8","cpeeg02","ses02","20260511_125107","2026-05-11 12:51:47.579060","NaN","0","reading","POSTREAD_FIX3_OFF","218","2026-05-11 12:53:32.350678","104.730145","0.045834","","","","","","keyboard","after digit#3","{""note"":""after digit#3"",""pd_used"":0}","2","0.016667","60.000000","1","",""
"Sergio_G01_CNS-LLF5RV3D8","cpeeg02","ses02","20260511_125107","2026-05-11 12:51:47.579060","NaN","0","reading","DIGIT_READ4_ON","104","2026-05-11 12:53:32.402196","104.775980","1.826438","","4","","","","keyboard","digit#4 shown","{""value"":4,""note"":""digit#4 shown"",""pd_used"":1}","2","0.016667","60.000000","1","",""
"Sergio_G01_CNS-LLF5RV3D8","cpeeg02","ses02","20260511_125107","2026-05-11 12:51:47.579060","NaN","0","reading","PROBE_COUNT_OK_4","71","2026-05-11 12:53:34.681831","106.602418","0.544134","22.695749","slot#4","4","1","","keyboard","probe_digit#4","{""value"":""slot#4"",""entered"":4,""rt"":22.695748700003605,""note"":""probe_digit#4""}","2","0.016667","60.000000","1","1.6504",""
"Sergio_G01_CNS-LLF5RV3D8","cpeeg02","ses02","20260511_125107","2026-05-11 12:51:47.579060","NaN","0","reading","DIGIT_READ4_OFF","119","2026-05-11 12:53:34.775596","107.146552","0.000000","","4","","","","keyboard","digit#4 off","{""value"":4,""note"":""digit#4 off"",""pd_used"":0}","2","0.016667","60.000000","1","",""
"Sergio_G01_CNS-LLF5RV3D8","cpeeg02","ses02","20260511_125107","2026-05-11 12:51:47.579060","NaN","0","reading","POSTREAD_FIX4_ON","204","2026-05-11 12:53:34.776406","107.146552","1.857697","","","","","","keyboard","after digit#4","{""note"":""after digit#4""}","2","0.016667","60.000000","1","",""
"Sergio_G01_CNS-LLF5RV3D8","cpeeg02","ses02","20260511_125107","2026-05-11 12:51:47.579060","NaN","0","reading","POSTREAD_FIX4_OFF","219","2026-05-11 12:53:36.624975","109.004248","0.046164","","","","","","keyboard","after digit#4","{""note"":""after digit#4"",""pd_used"":0}","2","0.016667","60.000000","1","",""
"Sergio_G01_CNS-LLF5RV3D8","cpeeg02","ses02","20260511_125107","2026-05-11 12:51:47.579060","NaN","0","reading","DIGIT_READ5_ON","105","2026-05-11 12:53:36.676200","109.050413","1.903668","","3","","","","keyboard","digit#5 shown","{""value"":3,""note"":""digit#5 shown"",""pd_used"":1}","2","0.016667","60.000000","1","",""
"Sergio_G01_CNS-LLF5RV3D8","cpeeg02","ses02","20260511_125107","2026-05-11 12:51:47.579060","NaN","0","reading","PROBE_COUNT_OK_5","71","2026-05-11 12:53:39.095931","110.954080","0.606321","27.047411","slot#5","3","1","","keyboard","probe_digit#5","{""value"":""slot#5"",""entered"":3,""rt"":27.047411300001841,""note"":""probe_digit#5""}","2","0.016667","60.000000","1","1.8602",""
"Sergio_G01_CNS-LLF5RV3D8","cpeeg02","ses02","20260511_125107","2026-05-11 12:51:47.579060","NaN","0","reading","DIGIT_READ5_OFF","120","2026-05-11 12:53:39.189751","111.560401","0.000000","","3","","","","keyboard","digit#5 off","{""value"":3,""note"":""digit#5 off"",""pd_used"":0}","2","0.016667","60.000000","1","",""
"Sergio_G01_CNS-LLF5RV3D8","cpeeg02","ses02","20260511_125107","2026-05-11 12:51:47.579060","NaN","0","reading","POSTREAD_FIX5_ON","205","2026-05-11 12:53:39.190579","111.560401","1.931696","","","","","","keyboard","after digit#5","{""note"":""after digit#5""}","2","0.016667","60.000000","1","",""
"Sergio_G01_CNS-LLF5RV3D8","cpeeg02","ses02","20260511_125107","2026-05-11 12:51:47.579060","NaN","0","reading","POSTREAD_FIX5_OFF","220","2026-05-11 12:53:41.112762","113.492097","0.046204","","","","","","keyboard","after digit#5","{""note"":""after digit#5"",""pd_used"":0}","2","0.016667","60.000000","1","",""
"Sergio_G01_CNS-LLF5RV3D8","cpeeg02","ses02","20260511_125107","2026-05-11 12:51:47.579060","NaN","0","reading","DIGIT_READ6_ON","106","2026-05-11 12:53:41.164052","113.538301","1.741149","","8","","","","keyboard","digit#6 shown","{""value"":8,""note"":""digit#6 shown"",""pd_used"":1}","2","0.016667","60.000000","1","",""
"Sergio_G01_CNS-LLF5RV3D8","cpeeg02","ses02","20260511_125107","2026-05-11 12:51:47.579060","NaN","0","reading","PROBE_COUNT_OK_6","71","2026-05-11 12:53:43.342767","115.279450","0.527704","31.372781","slot#6","8","1","","keyboard","probe_digit#6","{""value"":""slot#6"",""entered"":8,""rt"":31.372781300000497,""note"":""probe_digit#6""}","2","0.016667","60.000000","1","1.6644",""
"Sergio_G01_CNS-LLF5RV3D8","cpeeg02","ses02","20260511_125107","2026-05-11 12:51:47.579060","NaN","0","reading","DIGIT_READ6_OFF","121","2026-05-11 12:53:43.436335","115.807154","0.000000","","8","","","","keyboard","digit#6 off","{""value"":8,""note"":""digit#6 off"",""pd_used"":0}","2","0.016667","60.000000","1","",""
"Sergio_G01_CNS-LLF5RV3D8","cpeeg02","ses02","20260511_125107","2026-05-11 12:51:47.579060","NaN","0","reading","POSTREAD_FIX6_ON","206","2026-05-11 12:53:43.437115","115.807154","1.699880","","","","","","keyboard","after digit#6","{""note"":""after digit#6""}","2","0.016667","60.000000","1","",""
"Sergio_G01_CNS-LLF5RV3D8","cpeeg02","ses02","20260511_125107","2026-05-11 12:51:47.579060","NaN","0","reading","POSTREAD_FIX6_OFF","221","2026-05-11 12:53:45.127715","117.507034","0.046161","","","","","","keyboard","after digit#6","{""note"":""after digit#6"",""pd_used"":0}","2","0.016667","60.000000","1","",""
"Sergio_G01_CNS-LLF5RV3D8","cpeeg02","ses02","20260511_125107","2026-05-11 12:51:47.579060","NaN","0","reading","DIGIT_READ7_ON","107","2026-05-11 12:53:45.179038","117.553195","1.576172","","3","","","","keyboard","digit#7 shown","{""value"":3,""note"":""digit#7 shown"",""pd_used"":1}","2","0.016667","60.000000","1","",""
"Sergio_G01_CNS-LLF5RV3D8","cpeeg02","ses02","20260511_125107","2026-05-11 12:51:47.579060","NaN","0","reading","PROBE_COUNT_OK_7","71","2026-05-11 12:53:47.234656","119.129368","0.570039","35.222699","slot#7","3","1","","keyboard","probe_digit#7","{""value"":""slot#7"",""entered"":3,""rt"":35.222698700003093,""note"":""probe_digit#7""}","2","0.016667","60.000000","1","1.5055",""
"Sergio_G01_CNS-LLF5RV3D8","cpeeg02","ses02","20260511_125107","2026-05-11 12:51:47.579060","NaN","0","reading","DIGIT_READ7_OFF","122","2026-05-11 12:53:47.328214","119.699407","0.000000","","3","","","","keyboard","digit#7 off","{""value"":3,""note"":""digit#7 off"",""pd_used"":0}","2","0.016667","60.000000","1","",""
"Sergio_G01_CNS-LLF5RV3D8","cpeeg02","ses02","20260511_125107","2026-05-11 12:51:47.579060","NaN","0","reading","POSTREAD_FIX7_ON","207","2026-05-11 12:53:47.328979","119.699407","1.701578","","","","","","keyboard","after digit#7","{""note"":""after digit#7""}","2","0.016667","60.000000","1","",""
"Sergio_G01_CNS-LLF5RV3D8","cpeeg02","ses02","20260511_125107","2026-05-11 12:51:47.579060","NaN","0","reading","POSTREAD_FIX7_OFF","222","2026-05-11 12:53:49.021675","121.400985","0.046068","","","","","","keyboard","after digit#7","{""note"":""after digit#7"",""pd_used"":0}","2","0.016667","60.000000","1","",""
"Sergio_G01_CNS-LLF5RV3D8","cpeeg02","ses02","20260511_125107","2026-05-11 12:51:47.579060","NaN","0","reading","DIGIT_READ8_ON","108","2026-05-11 12:53:49.073045","121.447053","1.461209","","3","","","","keyboard","digit#8 shown","{""value"":3,""note"":""digit#8 shown"",""pd_used"":1}","2","0.016667","60.000000","1","",""
"Sergio_G01_CNS-LLF5RV3D8","cpeeg02","ses02","20260511_125107","2026-05-11 12:51:47.579060","NaN","0","reading","PROBE_COUNT_OK_8","71","2026-05-11 12:53:51.114027","122.908262","0.670742","39.001593","slot#8","3","1","","keyboard","probe_digit#8","{""value"":""slot#8"",""entered"":3,""rt"":39.001592699998582,""note"":""probe_digit#8""}","2","0.016667","60.000000","1","1.4054",""
"Sergio_G01_CNS-LLF5RV3D8","cpeeg02","ses02","20260511_125107","2026-05-11 12:51:47.579060","NaN","0","reading","DIGIT_READ8_OFF","123","2026-05-11 12:53:51.207806","123.579003","0.000000","","3","","","","keyboard","digit#8 off","{""value"":3,""note"":""digit#8 off"",""pd_used"":0}","2","0.016667","60.000000","1","",""
"Sergio_G01_CNS-LLF5RV3D8","cpeeg02","ses02","20260511_125107","2026-05-11 12:51:47.579060","NaN","0","reading","POSTREAD_FIX8_ON","208","2026-05-11 12:53:51.208556","123.579003","1.885393","","","","","","keyboard","after digit#8","{""note"":""after digit#8""}","2","0.016667","60.000000","1","",""
"Sergio_G01_CNS-LLF5RV3D8","cpeeg02","ses02","20260511_125107","2026-05-11 12:51:47.579060","NaN","0","reading","POSTREAD_FIX8_OFF","223","2026-05-11 12:53:53.084986","125.464396","0.046179","","","","","","keyboard","after digit#8","{""note"":""after digit#8"",""pd_used"":0}","2","0.016667","60.000000","1","",""
"Sergio_G01_CNS-LLF5RV3D8","cpeeg02","ses02","20260511_125107","2026-05-11 12:51:47.579060","NaN","0","reading","DIGIT_READ9_ON","109","2026-05-11 12:53:53.136303","125.510576","1.264238","","7","","","","keyboard","digit#9 shown","{""value"":7,""note"":""digit#9 shown"",""pd_used"":1}","2","0.016667","60.000000","1","",""
"Sergio_G01_CNS-LLF5RV3D8","cpeeg02","ses02","20260511_125107","2026-05-11 12:51:47.579060","NaN","0","reading","PROBE_COUNT_OK_9","71","2026-05-11 12:53:55.041260","126.774813","0.732147","42.868144","slot#9","7","1","","keyboard","probe_digit#9","{""value"":""slot#9"",""entered"":7,""rt"":42.868144300002314,""note"":""probe_digit#9""}","2","0.016667","60.000000","1","1.2184",""
"Sergio_G01_CNS-LLF5RV3D8","cpeeg02","ses02","20260511_125107","2026-05-11 12:51:47.579060","NaN","0","reading","DIGIT_READ9_OFF","124","2026-05-11 12:53:55.135373","127.506960","0.000000","","7","","","","keyboard","digit#9 off","{""value"":7,""note"":""digit#9 off"",""pd_used"":0}","2","0.016667","60.000000","1","",""
"Sergio_G01_CNS-LLF5RV3D8","cpeeg02","ses02","20260511_125107","2026-05-11 12:51:47.579060","NaN","0","reading","POSTREAD_FIX9_ON","209","2026-05-11 12:53:55.136185","127.506960","1.779945","","","","","","keyboard","after digit#9","{""note"":""after digit#9""}","2","0.016667","60.000000","1","",""
"Sergio_G01_CNS-LLF5RV3D8","cpeeg02","ses02","20260511_125107","2026-05-11 12:51:47.579060","NaN","0","reading","POSTREAD_FIX9_OFF","224","2026-05-11 12:53:56.907523","129.286905","0.045969","","","","","","keyboard","after digit#9","{""note"":""after digit#9"",""pd_used"":0}","2","0.016667","60.000000","1","",""
"Sergio_G01_CNS-LLF5RV3D8","cpeeg02","ses02","20260511_125107","2026-05-11 12:51:47.579060","NaN","0","reading","DIGIT_READ10_ON","110","2026-05-11 12:53:56.958902","129.332873","3.885540","","1","","","","keyboard","digit#10 shown","{""value"":1,""note"":""digit#10 shown"",""pd_used"":1}","2","0.016667","60.000000","1","",""
"Sergio_G01_CNS-LLF5RV3D8","cpeeg02","ses02","20260511_125107","2026-05-11 12:51:47.579060","NaN","0","reading","PROBE_COUNT_OK_10","71","2026-05-11 12:54:01.373085","133.218413","0.619290","49.311744","slot#10","1","1","","keyboard","probe_digit#10","{""value"":""slot#10"",""entered"":1,""rt"":49.311743899997964,""note"":""probe_digit#10""}","2","0.016667","60.000000","1","3.7646",""
"Sergio_G01_CNS-LLF5RV3D8","cpeeg02","ses02","20260511_125107","2026-05-11 12:51:47.579060","NaN","0","reading","DIGIT_READ10_OFF","125","2026-05-11 12:54:01.466935","133.837703","0.000000","","1","","","","keyboard","digit#10 off","{""value"":1,""note"":""digit#10 off"",""pd_used"":0}","2","0.016667","60.000000","1","",""
"Sergio_G01_CNS-LLF5RV3D8","cpeeg02","ses02","20260511_125107","2026-05-11 12:51:47.579060","NaN","0","reading","POSTREAD_FIX10_ON","210","2026-05-11 12:54:01.467736","133.837703","1.684316","","","","","","keyboard","after digit#10","{""note"":""after digit#10""}","2","0.016667","60.000000","1","",""
"Sergio_G01_CNS-LLF5RV3D8","cpeeg02","ses02","20260511_125107","2026-05-11 12:51:47.579060","NaN","0","reading","POSTREAD_FIX10_OFF","225","2026-05-11 12:54:03.142865","135.522019","0.046660","","","","","","keyboard","after digit#10","{""note"":""after digit#10"",""pd_used"":0}","2","0.016667","60.000000","1","",""
"Sergio_G01_CNS-LLF5RV3D8","cpeeg02","ses02","20260511_125107","2026-05-11 12:51:47.579060","NaN","0","reading","DIGIT_READ11_ON","111","2026-05-11 12:54:03.194788","135.568679","4.163316","","1","","","","keyboard","digit#11 shown","{""value"":1,""note"":""digit#11 shown"",""pd_used"":1}","2","0.016667","60.000000","1","",""
"Sergio_G01_CNS-LLF5RV3D8","cpeeg02","ses02","20260511_125107","2026-05-11 12:51:47.579060","NaN","0","reading","PROBE_COUNT_OK_11","71","2026-05-11 12:54:07.933103","139.731994","0.665679","55.825325","slot#11","1","1","","keyboard","probe_digit#11","{""value"":""slot#11"",""entered"":1,""rt"":55.8253251999995,""note"":""probe_digit#11""}","2","0.016667","60.000000","1","3.9688",""
"Sergio_G01_CNS-LLF5RV3D8","cpeeg02","ses02","20260511_125107","2026-05-11 12:51:47.579060","NaN","0","reading","DIGIT_READ11_OFF","126","2026-05-11 12:54:08.027037","140.397673","0.000000","","1","","","","keyboard","digit#11 off","{""value"":1,""note"":""digit#11 off"",""pd_used"":0}","2","0.016667","60.000000","1","",""
"Sergio_G01_CNS-LLF5RV3D8","cpeeg02","ses02","20260511_125107","2026-05-11 12:51:47.579060","NaN","0","reading","POSTREAD_FIX11_ON","211","2026-05-11 12:54:08.028024","140.397673","1.731946","","","","","","keyboard","after digit#11","{""note"":""after digit#11""}","2","0.016667","60.000000","1","",""
"Sergio_G01_CNS-LLF5RV3D8","cpeeg02","ses02","20260511_125107","2026-05-11 12:51:47.579060","NaN","0","reading","POSTREAD_FIX11_OFF","226","2026-05-11 12:54:09.750239","142.129620","0.045654","","","","","","keyboard","after digit#11","{""note"":""after digit#11"",""pd_used"":0}","2","0.016667","60.000000","1","",""
"Sergio_G01_CNS-LLF5RV3D8","cpeeg02","ses02","20260511_125107","2026-05-11 12:51:47.579060","NaN","0","reading","DIGIT_READ12_ON","112","2026-05-11 12:54:09.801972","142.175273","2.201164","","0","","","","keyboard","digit#12 shown","{""value"":0,""note"":""digit#12 shown"",""pd_used"":1}","2","0.016667","60.000000","1","",""
"Sergio_G01_CNS-LLF5RV3D8","cpeeg02","ses02","20260511_125107","2026-05-11 12:51:47.579060","NaN","0","reading","PROBE_COUNT_OK_12","71","2026-05-11 12:54:12.712726","144.376437","0.800667","60.469768","slot#12","0","1","","keyboard","probe_digit#12","{""value"":""slot#12"",""entered"":0,""rt"":60.469768200004182,""note"":""probe_digit#12""}","2","0.016667","60.000000","1","2.1146",""
"Sergio_G01_CNS-LLF5RV3D8","cpeeg02","ses02","20260511_125107","2026-05-11 12:51:47.579060","NaN","0","reading","DIGIT_READ12_OFF","127","2026-05-11 12:54:12.806291","145.177104","0.000000","","0","","","","keyboard","digit#12 off","{""value"":0,""note"":""digit#12 off"",""pd_used"":0}","2","0.016667","60.000000","1","",""
"Sergio_G01_CNS-LLF5RV3D8","cpeeg02","ses02","20260511_125107","2026-05-11 12:51:47.579060","NaN","0","reading","POSTREAD_FIX12_ON","212","2026-05-11 12:54:12.807037","145.177104","1.581243","","","","","","keyboard","after digit#12","{""note"":""after digit#12""}","2","0.016667","60.000000","1","",""
"Sergio_G01_CNS-LLF5RV3D8","cpeeg02","ses02","20260511_125107","2026-05-11 12:51:47.579060","NaN","0","reading","POSTREAD_FIX12_OFF","227","2026-05-11 12:54:14.378947","146.758347","0.046259","","","","","","keyboard","after digit#12","{""note"":""after digit#12"",""pd_used"":0}","2","0.016667","60.000000","1","",""
"Sergio_G01_CNS-LLF5RV3D8","cpeeg02","ses02","20260511_125107","2026-05-11 12:51:47.579060","NaN","0","reading","DIGIT_READ13_ON","113","2026-05-11 12:54:14.430351","146.804606","1.585554","","2","","","","keyboard","digit#13 shown","{""value"":2,""note"":""digit#13 shown"",""pd_used"":1}","2","0.016667","60.000000","1","",""
"Sergio_G01_CNS-LLF5RV3D8","cpeeg02","ses02","20260511_125107","2026-05-11 12:51:47.579060","NaN","0","reading","PROBE_COUNT_OK_13","71","2026-05-11 12:54:16.582060","148.390160","0.657009","64.483491","slot#13","2","1","","keyboard","probe_digit#13","{""value"":""slot#13"",""entered"":2,""rt"":64.483490600003279,""note"":""probe_digit#13""}","2","0.016667","60.000000","1","1.5349",""
"Sergio_G01_CNS-LLF5RV3D8","cpeeg02","ses02","20260511_125107","2026-05-11 12:51:47.579060","NaN","0","reading","DIGIT_READ13_OFF","128","2026-05-11 12:54:16.675465","149.047169","0.000000","","2","","","","keyboard","digit#13 off","{""value"":2,""note"":""digit#13 off"",""pd_used"":0}","2","0.016667","60.000000","1","",""
"Sergio_G01_CNS-LLF5RV3D8","cpeeg02","ses02","20260511_125107","2026-05-11 12:51:47.579060","NaN","0","reading","POSTREAD_FIX13_ON","213","2026-05-11 12:54:16.676259","149.047169","1.736946","","","","","","keyboard","after digit#13","{""note"":""after digit#13""}","2","0.016667","60.000000","1","",""
"Sergio_G01_CNS-LLF5RV3D8","cpeeg02","ses02","20260511_125107","2026-05-11 12:51:47.579060","NaN","0","reading","POSTREAD_FIX13_OFF","228","2026-05-11 12:54:18.404689","150.784115","0.045892","","","","","","keyboard","after digit#13","{""note"":""after digit#13"",""pd_used"":0}","2","0.016667","60.000000","1","",""
"Sergio_G01_CNS-LLF5RV3D8","cpeeg02","ses02","20260511_125107","2026-05-11 12:51:47.579060","NaN","0","reading","DIGIT_READ14_ON","114","2026-05-11 12:54:18.455898","150.830008","0.454443","","9","","","","keyboard","digit#14 shown","{""value"":9,""note"":""digit#14 shown"",""pd_used"":1}","2","0.016667","60.000000","1","",""
"Sergio_G01_CNS-LLF5RV3D8","cpeeg02","ses02","20260511_125107","2026-05-11 12:51:47.579060","NaN","0","reading","PROBE_COUNT_OK_14","71","2026-05-11 12:54:19.193293","151.284450","0.373490","67.377781","slot#14","9","1","","keyboard","probe_digit#14","{""value"":""slot#14"",""entered"":9,""rt"":67.377781299997878,""note"":""probe_digit#14""}","2","0.016667","60.000000","1","NaN",""
"Sergio_G01_CNS-LLF5RV3D8","cpeeg02","ses02","20260511_125107","2026-05-11 12:51:47.579060","NaN","0","reading","DIGIT_READ14_OFF","129","2026-05-11 12:54:19.286932","151.657941","0.000000","","9","","","","keyboard","digit#14 off","{""value"":9,""note"":""digit#14 off"",""pd_used"":0}","2","0.016667","60.000000","1","",""
"Sergio_G01_CNS-LLF5RV3D8","cpeeg02","ses02","20260511_125107","2026-05-11 12:51:47.579060","NaN","0","reading","POSTREAD_FIX14_ON","214","2026-05-11 12:54:19.287704","151.657941","1.690792","","","","","","keyboard","after digit#14","{""note"":""after digit#14""}","2","0.016667","60.000000","1","",""
"Sergio_G01_CNS-LLF5RV3D8","cpeeg02","ses02","20260511_125107","2026-05-11 12:51:47.579060","NaN","0","reading","POSTREAD_FIX14_OFF","229","2026-05-11 12:54:20.969399","153.348733","0.045970","","","","","","keyboard","after digit#14","{""note"":""after digit#14"",""pd_used"":0}","2","0.016667","60.000000","1","",""
"Sergio_G01_CNS-LLF5RV3D8","cpeeg02","ses02","20260511_125107","2026-05-11 12:51:47.579060","NaN","0","reading","DIGIT_READ15_ON","115","2026-05-11 12:54:21.020682","153.394702","1.636856","","2","","","","keyboard","digit#15 shown","{""value"":2,""note"":""digit#15 shown"",""pd_used"":1}","2","0.016667","60.000000","1","",""
"Sergio_G01_CNS-LLF5RV3D8","cpeeg02","ses02","20260511_125107","2026-05-11 12:51:47.579060","NaN","0","reading","PROBE_COUNT_OK_15","71","2026-05-11 12:54:23.092489","155.031558","0.525594","71.124889","slot#15","2","1","","keyboard","probe_digit#15","{""value"":""slot#15"",""entered"":2,""rt"":71.124889300001087,""note"":""probe_digit#15""}","2","0.016667","60.000000","1","1.5604",""
"Sergio_G01_CNS-LLF5RV3D8","cpeeg02","ses02","20260511_125107","2026-05-11 12:51:47.579060","NaN","0","reading","DIGIT_READ15_OFF","130","2026-05-11 12:54:23.186101","155.557153","0.000000","","2","","","","keyboard","digit#15 off","{""value"":2,""note"":""digit#15 off"",""pd_used"":0}","2","0.016667","60.000000","1","",""
"Sergio_G01_CNS-LLF5RV3D8","cpeeg02","ses02","20260511_125107","2026-05-11 12:51:47.579060","NaN","0","reading","POSTREAD_FIX15_ON","215","2026-05-11 12:54:23.186862","155.557153","3.423790","","","","","","keyboard","after digit#15","{""note"":""after digit#15""}","2","0.016667","60.000000","1","",""
"Sergio_G01_CNS-LLF5RV3D8","cpeeg02","ses02","20260511_125107","2026-05-11 12:51:47.579060","NaN","0","reading","POSTREAD_FIX15_OFF","230","2026-05-11 12:54:26.601545","158.980943","0.043689","","","","","","keyboard","after digit#15","{""note"":""after digit#15"",""pd_used"":0}","2","0.016667","60.000000","1","",""
"Sergio_G01_CNS-LLF5RV3D8","cpeeg02","ses02","20260511_125107","2026-05-11 12:51:47.579060","NaN","0","reading","READING_END","24","2026-05-11 12:54:26.603456","159.024632","0.050909","","","","","","keyboard","","{}","2","0.016667","60.000000","1","",""
"Sergio_G01_CNS-LLF5RV3D8","cpeeg02","ses02","20260511_125107","2026-05-11 12:51:47.579060","NaN","0","reading","START_PAGE_ON","4","2026-05-11 12:54:26.704726","159.075540","0.053181","","","","","","keyboard","","{""pd_used"":0}","2","0.016667","60.000000","1","",""
"Sergio_G01_CNS-LLF5RV3D8","cpeeg02","ses02","20260511_125107","2026-05-11 12:51:47.579060","NaN","0","reading","START_PAGE_ON","4","2026-05-11 12:54:26.704726","159.075540","4.851296","","","","","","keyboard","","{""pd_used"":0}","2","0.016667","60.000000","1","",""
"Sergio_G01_CNS-LLF5RV3D8","cpeeg02","ses02","20260511_125107","2026-05-11 12:51:47.579060","NaN","0","reading","START_PAGE_ON","4","2026-05-11 12:54:26.704726","159.075540","5.217697","","","","","","keyboard","","{""pd_used"":0}","2","0.016667","60.000000","1","",""
"Sergio_G01_CNS-LLF5RV3D8","cpeeg02","ses02","20260511_125107","2026-05-11 12:51:47.579060","NaN","1","reading","TRIAL_CHANGE","22","2026-05-11 12:54:31.872266","164.293237","0.001074","","","","","","keyboard","trial transition","{""note"":""trial transition""}","2","0.016667","60.000000","1","",""
"Sergio_G01_CNS-LLF5RV3D8","cpeeg02","ses02","20260511_125107","2026-05-11 12:51:47.579060","NaN","1","reading","TRIAL_START","20","2026-05-11 12:54:31.873026","164.294311","0.051459","","","","","","keyboard","","{}","2","0.016667","60.000000","1","",""
"Sergio_G01_CNS-LLF5RV3D8","cpeeg02","ses02","20260511_125107","2026-05-11 12:51:47.579060","NaN","1","fix1","FIX1_ON","30","2026-05-11 12:54:31.974645","164.345771","3.456715","","","","","","keyboard","","{""pd_used"":0}","2","0.016667","60.000000","1","",""
"Sergio_G01_CNS-LLF5RV3D8","cpeeg02","ses02","20260511_125107","2026-05-11 12:51:47.579060","NaN","1","fix1","FIX1_OFF","31","2026-05-11 12:54:35.423043","167.802485","0.044290","","","","","","keyboard","","{""pd_used"":0}","2","0.016667","60.000000","1","",""
"Sergio_G01_CNS-LLF5RV3D8","cpeeg02","ses02","20260511_125107","2026-05-11 12:51:47.579060","NaN","1","digit","DIGIT1_ON","141","2026-05-11 12:54:35.474332","167.846775","0.551455","","2","","","","keyboard","digit#1 shown","{""value"":2,""note"":""digit#1 shown"",""pd_used"":1}","2","0.016667","60.000000","1","","1"
"Sergio_G01_CNS-LLF5RV3D8","cpeeg02","ses02","20260511_125107","2026-05-11 12:51:47.579060","NaN","1","digit","DIGIT1_OFF","146","2026-05-11 12:54:36.018895","168.398230","0.000000","","2","","","","keyboard","digit#1 off","{""value"":2,""note"":""digit#1 off"",""pd_used"":0}","2","0.016667","60.000000","1","",""
"Sergio_G01_CNS-LLF5RV3D8","cpeeg02","ses02","20260511_125107","2026-05-11 12:51:47.579060","NaN","1","digit","POSTDIG_FIX1_ON","151","2026-05-11 12:54:36.019909","168.398230","1.598031","","","","","","keyboard","after digit#1","{""note"":""after digit#1""}","2","0.016667","60.000000","1","",""
"Sergio_G01_CNS-LLF5RV3D8","cpeeg02","ses02","20260511_125107","2026-05-11 12:51:47.579060","NaN","1","digit","POSTDIG_FIX1_OFF","156","2026-05-11 12:54:37.617008","169.996261","0.044291","","","","","","keyboard","after digit#1","{""note"":""after digit#1"",""pd_used"":0}","2","0.016667","60.000000","1","",""
"Sergio_G01_CNS-LLF5RV3D8","cpeeg02","ses02","20260511_125107","2026-05-11 12:51:47.579060","NaN","1","digit","DIGIT2_ON","142","2026-05-11 12:54:37.668403","170.040552","0.551119","","7","","","","keyboard","digit#2 shown","{""value"":7,""note"":""digit#2 shown"",""pd_used"":1}","2","0.016667","60.000000","1","","1"
"Sergio_G01_CNS-LLF5RV3D8","cpeeg02","ses02","20260511_125107","2026-05-11 12:51:47.579060","NaN","1","digit","DIGIT2_OFF","147","2026-05-11 12:54:38.212108","170.591672","0.000000","","7","","","","keyboard","digit#2 off","{""value"":7,""note"":""digit#2 off"",""pd_used"":0}","2","0.016667","60.000000","1","",""
"Sergio_G01_CNS-LLF5RV3D8","cpeeg02","ses02","20260511_125107","2026-05-11 12:51:47.579060","NaN","1","digit","POSTDIG_FIX2_ON","152","2026-05-11 12:54:38.212943","170.591672","1.642925","","","","","","keyboard","after digit#2","{""note"":""after digit#2""}","2","0.016667","60.000000","1","",""
"Sergio_G01_CNS-LLF5RV3D8","cpeeg02","ses02","20260511_125107","2026-05-11 12:51:47.579060","NaN","1","digit","POSTDIG_FIX2_OFF","157","2026-05-11 12:54:39.855190","172.234597","0.043889","","","","","","keyboard","after digit#2","{""note"":""after digit#2"",""pd_used"":0}","2","0.016667","60.000000","1","",""
"Sergio_G01_CNS-LLF5RV3D8","cpeeg02","ses02","20260511_125107","2026-05-11 12:51:47.579060","NaN","1","digit","DIGIT3_ON","143","2026-05-11 12:54:39.906563","172.278486","0.551677","","3","","","","keyboard","digit#3 shown","{""value"":3,""note"":""digit#3 shown"",""pd_used"":1}","2","0.016667","60.000000","1","","1"
"Sergio_G01_CNS-LLF5RV3D8","cpeeg02","ses02","20260511_125107","2026-05-11 12:51:47.579060","NaN","1","digit","DIGIT3_OFF","148","2026-05-11 12:54:40.450907","172.830164","0.000000","","3","","","","keyboard","digit#3 off","{""value"":3,""note"":""digit#3 off"",""pd_used"":0}","2","0.016667","60.000000","1","",""
"Sergio_G01_CNS-LLF5RV3D8","cpeeg02","ses02","20260511_125107","2026-05-11 12:51:47.579060","NaN","1","digit","POSTDIG_FIX3_ON","153","2026-05-11 12:54:40.451704","172.830164","1.706718","","","","","","keyboard","after digit#3","{""note"":""after digit#3""}","2","0.016667","60.000000","1","",""
"Sergio_G01_CNS-LLF5RV3D8","cpeeg02","ses02","20260511_125107","2026-05-11 12:51:47.579060","NaN","1","digit","POSTDIG_FIX3_OFF","158","2026-05-11 12:54:42.157515","174.536882","0.044011","","","","","","keyboard","after digit#3","{""note"":""after digit#3"",""pd_used"":0}","2","0.016667","60.000000","1","",""
"Sergio_G01_CNS-LLF5RV3D8","cpeeg02","ses02","20260511_125107","2026-05-11 12:51:47.579060","NaN","1","digit","DIGIT4_ON","144","2026-05-11 12:54:42.209057","174.580892","0.551698","","5","","","","keyboard","digit#4 shown","{""value"":5,""note"":""digit#4 shown"",""pd_used"":1}","2","0.016667","60.000000","1","","0"
"Sergio_G01_CNS-LLF5RV3D8","cpeeg02","ses02","20260511_125107","2026-05-11 12:51:47.579060","NaN","1","digit","DIGIT4_OFF","149","2026-05-11 12:54:42.753056","175.132591","0.000000","","5","","","","keyboard","digit#4 off","{""value"":5,""note"":""digit#4 off"",""pd_used"":0}","2","0.016667","60.000000","1","",""
"Sergio_G01_CNS-LLF5RV3D8","cpeeg02","ses02","20260511_125107","2026-05-11 12:51:47.579060","NaN","1","digit","POSTDIG_FIX4_ON","154","2026-05-11 12:54:42.753836","175.132591","1.781062","","","","","","keyboard","after digit#4","{""note"":""after digit#4""}","2","0.016667","60.000000","1","",""
"Sergio_G01_CNS-LLF5RV3D8","cpeeg02","ses02","20260511_125107","2026-05-11 12:51:47.579060","NaN","1","digit","POSTDIG_FIX4_OFF","159","2026-05-11 12:54:44.534184","176.913653","0.044143","","","","","","keyboard","after digit#4","{""note"":""after digit#4"",""pd_used"":0}","2","0.016667","60.000000","1","",""
"Sergio_G01_CNS-LLF5RV3D8","cpeeg02","ses02","20260511_125107","2026-05-11 12:51:47.579060","NaN","1","digit","DIGIT5_ON","145","2026-05-11 12:54:44.585494","176.957795","0.550915","","6","","","","keyboard","digit#5 shown","{""value"":6,""note"":""digit#5 shown"",""pd_used"":1}","2","0.016667","60.000000","1","","0"
"Sergio_G01_CNS-LLF5RV3D8","cpeeg02","ses02","20260511_125107","2026-05-11 12:51:47.579060","NaN","1","digit","DIGIT5_OFF","150","2026-05-11 12:54:45.129254","177.508711","0.000000","","6","","","","keyboard","digit#5 off","{""value"":6,""note"":""digit#5 off"",""pd_used"":0}","2","0.016667","60.000000","1","",""
"Sergio_G01_CNS-LLF5RV3D8","cpeeg02","ses02","20260511_125107","2026-05-11 12:51:47.579060","NaN","1","digit","POSTDIG_FIX5_ON","155","2026-05-11 12:54:45.130059","177.508711","3.090674","","","","","","keyboard","after digit#5","{""note"":""after digit#5""}","2","0.016667","60.000000","1","",""
"Sergio_G01_CNS-LLF5RV3D8","cpeeg02","ses02","20260511_125107","2026-05-11 12:51:47.579060","NaN","1","digit","POSTDIG_FIX5_OFF","160","2026-05-11 12:54:48.220057","180.599384","0.046230","","","","","","keyboard","after digit#5","{""note"":""after digit#5"",""pd_used"":0}","2","0.016667","60.000000","1","",""
"Sergio_G01_CNS-LLF5RV3D8","cpeeg02","ses02","20260511_125107","2026-05-11 12:51:47.579060","NaN","1","distractor","DISTRACTOR_ON","50","2026-05-11 12:54:48.271278","180.645614","3.808657","","9+2=14","","","","keyboard","","{""value"":""9+2=14"",""isCorrectTruth"":false,""trueSum"":11,""pd_used"":1}","2","0.016667","60.000000","1","",""
"Sergio_G01_CNS-LLF5RV3D8","cpeeg02","ses02","20260511_125107","2026-05-11 12:51:47.579060","NaN","1","distractor","DISTRACTOR_ANS","51","2026-05-11 12:54:52.411885","184.454271","0.000000","3.808657","9+2=14","F","1","","keyboard","key= (False)","{""value"":""9+2=14"",""entered"":""F"",""rt"":3.8086568999933661,""correct"":1,""note"":""key= (False)"",""truth"":false,""trueSum"":11,""shownSum"":14,""a"":9,""b"":2}","2","0.016667","60.000000","1","3.625",""
"Sergio_G01_CNS-LLF5RV3D8","cpeeg02","ses02","20260511_125107","2026-05-11 12:51:47.579060","NaN","1","distractor","ANS_CORRECT","100","2026-05-11 12:54:52.454542","184.454271","0.423574","","","","","","keyboard","","{}","2","0.016667","60.000000","1","",""
"Sergio_G01_CNS-LLF5RV3D8","cpeeg02","ses02","20260511_125107","2026-05-11 12:51:47.579060","NaN","1","distractor","DISTRACTOR_OFF","52","2026-05-11 12:54:52.505806","184.877844","0.000000","","","","","","keyboard","","{""pd_used"":0}","2","0.016667","60.000000","1","",""
"Sergio_G01_CNS-LLF5RV3D8","cpeeg02","ses02","20260511_125107","2026-05-11 12:51:47.579060","NaN","1","distractor","FIX2_ON","60","2026-05-11 12:54:52.506660","184.877844","3.483080","","","","","","keyboard","immediate after response","{""note"":""immediate after response""}","2","0.016667","60.000000","1","",""
"Sergio_G01_CNS-LLF5RV3D8","cpeeg02","ses02","20260511_125107","2026-05-11 12:51:47.579060","NaN","1","fix2","FIX2_OFF","61","2026-05-11 12:54:55.981531","188.360925","0.044512","","","","","","keyboard","","{""pd_used"":0}","2","0.016667","60.000000","1","",""
"Sergio_G01_CNS-LLF5RV3D8","cpeeg02","ses02","20260511_125107","2026-05-11 12:51:47.579060","NaN","1","probe","DIGIT_RECALL_LINE_1","161","2026-05-11 12:54:56.032826","188.405436","2.332552","","1","","","","keyboard","first recall question","{""value"":1,""note"":""first recall question"",""pd_used"":1}","2","0.016667","60.000000","1","",""
"Sergio_G01_CNS-LLF5RV3D8","cpeeg02","ses02","20260511_125107","2026-05-11 12:51:47.579060","NaN","1","probe","PROBE_DIGIT_OK_1","71","2026-05-11 12:54:58.904340","190.737989","0.700129","2.334330","slot#1","2","1","","keyboard","probe_digit#1","{""value"":""slot#1"",""entered"":2,""rt"":2.3343304000009084,""note"":""probe_digit#1""}","2","0.016667","60.000000","1","2.2727",""
"Sergio_G01_CNS-LLF5RV3D8","cpeeg02","ses02","20260511_125107","2026-05-11 12:51:47.579060","NaN","1","probe","DIGIT1_OFF","146","2026-05-11 12:54:59.058767","191.438118","0.000000","","6","","","","keyboard","digit#1 off","{""value"":6,""note"":""digit#1 off"",""pd_used"":0}","2","0.016667","60.000000","1","",""
"Sergio_G01_CNS-LLF5RV3D8","cpeeg02","ses02","20260511_125107","2026-05-11 12:51:47.579060","NaN","1","probe","POSTDIG_FIX1_ON","151","2026-05-11 12:54:59.059732","191.438118","1.802238","","","","","","keyboard","after digit#1","{""note"":""after digit#1""}","2","0.016667","60.000000","1","",""
"Sergio_G01_CNS-LLF5RV3D8","cpeeg02","ses02","20260511_125107","2026-05-11 12:51:47.579060","NaN","1","probe","POSTDIG_FIX1_OFF","156","2026-05-11 12:55:00.861182","193.240356","0.046290","","","","","","keyboard","after digit#1","{""note"":""after digit#1"",""pd_used"":0}","2","0.016667","60.000000","1","",""
"Sergio_G01_CNS-LLF5RV3D8","cpeeg02","ses02","20260511_125107","2026-05-11 12:51:47.579060","NaN","1","probe","DIGIT_RECALL_LINE_2","162","2026-05-11 12:55:00.912423","193.286646","0.893269","","2","","","","keyboard","next recall question","{""value"":2,""note"":""next recall question"",""pd_used"":1}","2","0.016667","60.000000","1","",""
"Sergio_G01_CNS-LLF5RV3D8","cpeeg02","ses02","20260511_125107","2026-05-11 12:51:47.579060","NaN","1","probe","PROBE_DIGIT_OK_2","71","2026-05-11 12:55:02.292178","194.179915","0.643395","5.776257","slot#2","7","1","","keyboard","probe_digit#2","{""value"":""slot#2"",""entered"":7,""rt"":5.7762566999954288,""note"":""probe_digit#2""}","2","0.016667","60.000000","1","0.8435",""
"Sergio_G01_CNS-LLF5RV3D8","cpeeg02","ses02","20260511_125107","2026-05-11 12:51:47.579060","NaN","1","probe","DIGIT2_OFF","147","2026-05-11 12:55:02.443993","194.823310","0.000000","","6","","","","keyboard","digit#2 off","{""value"":6,""note"":""digit#2 off"",""pd_used"":0}","2","0.016667","60.000000","1","",""
"Sergio_G01_CNS-LLF5RV3D8","cpeeg02","ses02","20260511_125107","2026-05-11 12:51:47.579060","NaN","1","probe","POSTDIG_FIX2_ON","152","2026-05-11 12:55:02.444811","194.823310","1.799281","","","","","","keyboard","after digit#2","{""note"":""after digit#2""}","2","0.016667","60.000000","1","",""
"Sergio_G01_CNS-LLF5RV3D8","cpeeg02","ses02","20260511_125107","2026-05-11 12:51:47.579060","NaN","1","probe","POSTDIG_FIX2_OFF","157","2026-05-11 12:55:04.243103","196.622591","0.046142","","","","","","keyboard","after digit#2","{""note"":""after digit#2"",""pd_used"":0}","2","0.016667","60.000000","1","",""
"Sergio_G01_CNS-LLF5RV3D8","cpeeg02","ses02","20260511_125107","2026-05-11 12:51:47.579060","NaN","1","probe","DIGIT_RECALL_LINE_3","163","2026-05-11 12:55:04.294407","196.668733","1.144780","","3","","","","keyboard","next recall question","{""value"":3,""note"":""next recall question"",""pd_used"":1}","2","0.016667","60.000000","1","",""
"Sergio_G01_CNS-LLF5RV3D8","cpeeg02","ses02","20260511_125107","2026-05-11 12:51:47.579060","NaN","1","probe","PROBE_DIGIT_OK_3","71","2026-05-11 12:55:06.070516","197.813513","0.784669","9.409855","slot#3","3","1","","keyboard","probe_digit#3","{""value"":""slot#3"",""entered"":3,""rt"":9.40985499999806,""note"":""probe_digit#3""}","2","0.016667","60.000000","1","1.0643",""
"Sergio_G01_CNS-LLF5RV3D8","cpeeg02","ses02","20260511_125107","2026-05-11 12:51:47.579060","NaN","1","probe","DIGIT3_OFF","148","2026-05-11 12:55:06.218685","198.598183","0.000000","","6","","","","keyboard","digit#3 off","{""value"":6,""note"":""digit#3 off"",""pd_used"":0}","2","0.016667","60.000000","1","",""
"Sergio_G01_CNS-LLF5RV3D8","cpeeg02","ses02","20260511_125107","2026-05-11 12:51:47.579060","NaN","1","probe","POSTDIG_FIX3_ON","153","2026-05-11 12:55:06.219553","198.598183","1.804492","","","","","","keyboard","after digit#3","{""note"":""after digit#3""}","2","0.016667","60.000000","1","",""
"Sergio_G01_CNS-LLF5RV3D8","cpeeg02","ses02","20260511_125107","2026-05-11 12:51:47.579060","NaN","1","probe","POSTDIG_FIX3_OFF","158","2026-05-11 12:55:08.023318","200.402675","0.045992","","","","","","keyboard","after digit#3","{""note"":""after digit#3"",""pd_used"":0}","2","0.016667","60.000000","1","",""
"Sergio_G01_CNS-LLF5RV3D8","cpeeg02","ses02","20260511_125107","2026-05-11 12:51:47.579060","NaN","1","probe","DIGIT_RECALL_LINE_4","164","2026-05-11 12:55:08.074652","200.448667","4.458327","","4","","","","keyboard","next recall question","{""value"":4,""note"":""next recall question"",""pd_used"":1}","2","0.016667","60.000000","1","",""
"Sergio_G01_CNS-LLF5RV3D8","cpeeg02","ses02","20260511_125107","2026-05-11 12:51:47.579060","NaN","1","probe","PROBE_DIGIT_OK_4","71","2026-05-11 12:55:13.135604","204.906994","0.766857","16.503335","slot#4","0","0","","keyboard","probe_digit#4","{""value"":""slot#4"",""entered"":0,""rt"":16.503335399997013,""note"":""probe_digit#4""}","2","0.016667","60.000000","1","4.3866",""
"Sergio_G01_CNS-LLF5RV3D8","cpeeg02","ses02","20260511_125107","2026-05-11 12:51:47.579060","NaN","1","probe","DIGIT4_OFF","149","2026-05-11 12:55:13.294226","205.673851","0.000000","","6","","","","keyboard","digit#4 off","{""value"":6,""note"":""digit#4 off"",""pd_used"":0}","2","0.016667","60.000000","1","",""
"Sergio_G01_CNS-LLF5RV3D8","cpeeg02","ses02","20260511_125107","2026-05-11 12:51:47.579060","NaN","1","probe","POSTDIG_FIX4_ON","154","2026-05-11 12:55:13.294997","205.673851","1.620830","","","","","","keyboard","after digit#4","{""note"":""after digit#4""}","2","0.016667","60.000000","1","",""
"Sergio_G01_CNS-LLF5RV3D8","cpeeg02","ses02","20260511_125107","2026-05-11 12:51:47.579060","NaN","1","probe","POSTDIG_FIX4_OFF","159","2026-05-11 12:55:14.915228","207.294681","0.046052","","","","","","keyboard","after digit#4","{""note"":""after digit#4"",""pd_used"":0}","2","0.016667","60.000000","1","",""
"Sergio_G01_CNS-LLF5RV3D8","cpeeg02","ses02","20260511_125107","2026-05-11 12:51:47.579060","NaN","1","probe","DIGIT_RECALL_LINE_5","165","2026-05-11 12:55:14.966489","207.340733","3.118221","","5","","","","keyboard","next recall question","{""value"":5,""note"":""next recall question"",""pd_used"":1}","2","0.016667","60.000000","1","",""
"Sergio_G01_CNS-LLF5RV3D8","cpeeg02","ses02","20260511_125107","2026-05-11 12:51:47.579060","NaN","1","probe","PROBE_DIGIT_OK_5","71","2026-05-11 12:55:18.603895","210.458954","0.670005","22.055296","slot#5","8","0","","keyboard","probe_digit#5","{""value"":""slot#5"",""entered"":8,""rt"":22.055295799997111,""note"":""probe_digit#5""}","2","0.016667","60.000000","1","3.0555",""
"Sergio_G01_CNS-LLF5RV3D8","cpeeg02","ses02","20260511_125107","2026-05-11 12:51:47.579060","NaN","1","probe","DIGIT5_OFF","150","2026-05-11 12:55:18.749792","211.128959","0.000000","","6","","","","keyboard","digit#5 off","{""value"":6,""note"":""digit#5 off"",""pd_used"":0}","2","0.016667","60.000000","1","",""
"Sergio_G01_CNS-LLF5RV3D8","cpeeg02","ses02","20260511_125107","2026-05-11 12:51:47.579060","NaN","1","probe","POSTDIG_FIX5_ON","155","2026-05-11 12:55:18.750597","211.128959","3.314125","","","","","","keyboard","after digit#5","{""note"":""after digit#5""}","2","0.016667","60.000000","1","",""
"Sergio_G01_CNS-LLF5RV3D8","cpeeg02","ses02","20260511_125107","2026-05-11 12:51:47.579060","NaN","1","probe","POSTDIG_FIX5_OFF","160","2026-05-11 12:55:22.063701","214.443084","0.043919","","","","","","keyboard","after digit#5","{""note"":""after digit#5"",""pd_used"":0}","2","0.016667","60.000000","1","",""
"Sergio_G01_CNS-LLF5RV3D8","cpeeg02","ses02","20260511_125107","2026-05-11 12:51:47.579060","NaN","1","probe","PROBE_DONE","73","2026-05-11 12:55:22.065825","214.487002","0.000741","","","","","","keyboard","probe complete","{""value"":"""",""note"":""probe complete""}","2","0.016667","60.000000","1","",""
"Sergio_G01_CNS-LLF5RV3D8","cpeeg02","ses02","20260511_125107","2026-05-11 12:51:47.579060","NaN","1","probe","TRIAL_END","21","2026-05-11 12:55:22.066447","214.487743","0.106262","","","","","","keyboard","","{}","2","0.016667","60.000000","1","",""
"Sergio_G01_CNS-LLF5RV3D8","cpeeg02","ses02","20260511_125107","2026-05-11 12:51:47.579060","NaN","2","probe","TRIAL_CHANGE","22","2026-05-11 12:55:22.173015","214.594005","0.001048","","","","","","keyboard","trial transition","{""note"":""trial transition""}","2","0.016667","60.000000","1","",""
"Sergio_G01_CNS-LLF5RV3D8","cpeeg02","ses02","20260511_125107","2026-05-11 12:51:47.579060","NaN","2","probe","TRIAL_START","20","2026-05-11 12:55:22.173781","214.595053","0.043126","","","","","","keyboard","","{}","2","0.016667","60.000000","1","",""
"Sergio_G01_CNS-LLF5RV3D8","cpeeg02","ses02","20260511_125107","2026-05-11 12:51:47.579060","NaN","2","fix1","FIX1_ON","30","2026-05-11 12:55:22.267131","214.638179","3.405076","","","","","","keyboard","","{""pd_used"":0}","2","0.016667","60.000000","1","",""
"Sergio_G01_CNS-LLF5RV3D8","cpeeg02","ses02","20260511_125107","2026-05-11 12:51:47.579060","NaN","2","fix1","FIX1_OFF","31","2026-05-11 12:55:25.663939","218.043255","0.044249","","","","","","keyboard","","{""pd_used"":0}","2","0.016667","60.000000","1","",""
"Sergio_G01_CNS-LLF5RV3D8","cpeeg02","ses02","20260511_125107","2026-05-11 12:51:47.579060","NaN","2","digit","DIGIT1_ON","141","2026-05-11 12:55:25.715265","218.087504","0.551293","","1","","","","keyboard","digit#1 shown","{""value"":1,""note"":""digit#1 shown"",""pd_used"":1}","2","0.016667","60.000000","1","","1"
"Sergio_G01_CNS-LLF5RV3D8","cpeeg02","ses02","20260511_125107","2026-05-11 12:51:47.579060","NaN","2","digit","DIGIT1_OFF","146","2026-05-11 12:55:26.259460","218.638797","0.000000","","1","","","","keyboard","digit#1 off","{""value"":1,""note"":""digit#1 off"",""pd_used"":0}","2","0.016667","60.000000","1","",""
"Sergio_G01_CNS-LLF5RV3D8","cpeeg02","ses02","20260511_125107","2026-05-11 12:51:47.579060","NaN","2","digit","POSTDIG_FIX1_ON","151","2026-05-11 12:55:26.260274","218.638797","1.729323","","","","","","keyboard","after digit#1","{""note"":""after digit#1""}","2","0.016667","60.000000","1","",""
"Sergio_G01_CNS-LLF5RV3D8","cpeeg02","ses02","20260511_125107","2026-05-11 12:51:47.579060","NaN","2","digit","POSTDIG_FIX1_OFF","156","2026-05-11 12:55:27.989311","220.368120","0.044452","","","","","","keyboard","after digit#1","{""note"":""after digit#1"",""pd_used"":0}","2","0.016667","60.000000","1","",""
"Sergio_G01_CNS-LLF5RV3D8","cpeeg02","ses02","20260511_125107","2026-05-11 12:51:47.579060","NaN","2","digit","DIGIT2_ON","142","2026-05-11 12:55:28.040690","220.412572","0.551609","","3","","","","keyboard","digit#2 shown","{""value"":3,""note"":""digit#2 shown"",""pd_used"":1}","2","0.016667","60.000000","1","","0"
"Sergio_G01_CNS-LLF5RV3D8","cpeeg02","ses02","20260511_125107","2026-05-11 12:51:47.579060","NaN","2","digit","DIGIT2_OFF","147","2026-05-11 12:55:28.584681","220.964180","0.000000","","3","","","","keyboard","digit#2 off","{""value"":3,""note"":""digit#2 off"",""pd_used"":0}","2","0.016667","60.000000","1","",""
"Sergio_G01_CNS-LLF5RV3D8","cpeeg02","ses02","20260511_125107","2026-05-11 12:51:47.579060","NaN","2","digit","POSTDIG_FIX2_ON","152","2026-05-11 12:55:28.585487","220.964180","1.797209","","","","","","keyboard","after digit#2","{""note"":""after digit#2""}","2","0.016667","60.000000","1","",""
"Sergio_G01_CNS-LLF5RV3D8","cpeeg02","ses02","20260511_125107","2026-05-11 12:51:47.579060","NaN","2","digit","POSTDIG_FIX2_OFF","157","2026-05-11 12:55:30.382162","222.761389","0.044217","","","","","","keyboard","after digit#2","{""note"":""after digit#2"",""pd_used"":0}","2","0.016667","60.000000","1","",""
"Sergio_G01_CNS-LLF5RV3D8","cpeeg02","ses02","20260511_125107","2026-05-11 12:51:47.579060","NaN","2","digit","DIGIT3_ON","143","2026-05-11 12:55:30.433398","222.805606","0.551180","","7","","","","keyboard","digit#3 shown","{""value"":7,""note"":""digit#3 shown"",""pd_used"":1}","2","0.016667","60.000000","1","","0"
"Sergio_G01_CNS-LLF5RV3D8","cpeeg02","ses02","20260511_125107","2026-05-11 12:51:47.579060","NaN","2","digit","DIGIT3_OFF","148","2026-05-11 12:55:30.977480","223.356786","0.000000","","7","","","","keyboard","digit#3 off","{""value"":7,""note"":""digit#3 off"",""pd_used"":0}","2","0.016667","60.000000","1","",""
"Sergio_G01_CNS-LLF5RV3D8","cpeeg02","ses02","20260511_125107","2026-05-11 12:51:47.579060","NaN","2","digit","POSTDIG_FIX3_ON","153","2026-05-11 12:55:30.978280","223.356786","2.003561","","","","","","keyboard","after digit#3","{""note"":""after digit#3""}","2","0.016667","60.000000","1","",""
"Sergio_G01_CNS-LLF5RV3D8","cpeeg02","ses02","20260511_125107","2026-05-11 12:51:47.579060","NaN","2","digit","POSTDIG_FIX3_OFF","158","2026-05-11 12:55:32.981289","225.360348","0.044349","","","","","","keyboard","after digit#3","{""note"":""after digit#3"",""pd_used"":0}","2","0.016667","60.000000","1","",""
"Sergio_G01_CNS-LLF5RV3D8","cpeeg02","ses02","20260511_125107","2026-05-11 12:51:47.579060","NaN","2","digit","DIGIT4_ON","144","2026-05-11 12:55:33.032314","225.404697","0.550944","","8","","","","keyboard","digit#4 shown","{""value"":8,""note"":""digit#4 shown"",""pd_used"":1}","2","0.016667","60.000000","1","","0"
"Sergio_G01_CNS-LLF5RV3D8","cpeeg02","ses02","20260511_125107","2026-05-11 12:51:47.579060","NaN","2","digit","DIGIT4_OFF","149","2026-05-11 12:55:33.576315","225.955641","0.000000","","8","","","","keyboard","digit#4 off","{""value"":8,""note"":""digit#4 off"",""pd_used"":0}","2","0.016667","60.000000","1","",""
"Sergio_G01_CNS-LLF5RV3D8","cpeeg02","ses02","20260511_125107","2026-05-11 12:51:47.579060","NaN","2","digit","POSTDIG_FIX4_ON","154","2026-05-11 12:55:33.577108","225.955641","1.822896","","","","","","keyboard","after digit#4","{""note"":""after digit#4""}","2","0.016667","60.000000","1","",""
"Sergio_G01_CNS-LLF5RV3D8","cpeeg02","ses02","20260511_125107","2026-05-11 12:51:47.579060","NaN","2","digit","POSTDIG_FIX4_OFF","159","2026-05-11 12:55:35.399190","227.778537","0.044079","","","","","","keyboard","after digit#4","{""note"":""after digit#4"",""pd_used"":0}","2","0.016667","60.000000","1","",""
"Sergio_G01_CNS-LLF5RV3D8","cpeeg02","ses02","20260511_125107","2026-05-11 12:51:47.579060","NaN","2","digit","DIGIT5_ON","145","2026-05-11 12:55:35.450498","227.822616","0.551290","","9","","","","keyboard","digit#5 shown","{""value"":9,""note"":""digit#5 shown"",""pd_used"":1}","2","0.016667","60.000000","1","","0"
"Sergio_G01_CNS-LLF5RV3D8","cpeeg02","ses02","20260511_125107","2026-05-11 12:51:47.579060","NaN","2","digit","DIGIT5_OFF","150","2026-05-11 12:55:35.994608","228.373906","0.000000","","9","","","","keyboard","digit#5 off","{""value"":9,""note"":""digit#5 off"",""pd_used"":0}","2","0.016667","60.000000","1","",""
"Sergio_G01_CNS-LLF5RV3D8","cpeeg02","ses02","20260511_125107","2026-05-11 12:51:47.579060","NaN","2","digit","POSTDIG_FIX5_ON","155","2026-05-11 12:55:35.995369","228.373906","3.223128","","","","","","keyboard","after digit#5","{""note"":""after digit#5""}","2","0.016667","60.000000","1","",""
"Sergio_G01_CNS-LLF5RV3D8","cpeeg02","ses02","20260511_125107","2026-05-11 12:51:47.579060","NaN","2","digit","POSTDIG_FIX5_OFF","160","2026-05-11 12:55:39.217759","231.597034","0.044669","","","","","","keyboard","after digit#5","{""note"":""after digit#5"",""pd_used"":0}","2","0.016667","60.000000","1","",""
"Sergio_G01_CNS-LLF5RV3D8","cpeeg02","ses02","20260511_125107","2026-05-11 12:51:47.579060","NaN","2","distractor","DISTRACTOR_ON","50","2026-05-11 12:55:39.269421","231.641703","2.849393","","1+9=12","","","","keyboard","","{""value"":""1+9=12"",""isCorrectTruth"":false,""trueSum"":10,""pd_used"":1}","2","0.016667","60.000000","1","",""
"Sergio_G01_CNS-LLF5RV3D8","cpeeg02","ses02","20260511_125107","2026-05-11 12:51:47.579060","NaN","2","distractor","DISTRACTOR_ANS","51","2026-05-11 12:55:42.687240","234.491096","0.000000","2.849393","1+9=12","F","1","","keyboard","key= (False)","{""value"":""1+9=12"",""entered"":""F"",""rt"":2.8493929999967804,""correct"":1,""note"":""key= (False)"",""truth"":false,""trueSum"":10,""shownSum"":12,""a"":1,""b"":9}","2","0.016667","60.000000","1","2.7114",""
"Sergio_G01_CNS-LLF5RV3D8","cpeeg02","ses02","20260511_125107","2026-05-11 12:51:47.579060","NaN","2","distractor","ANS_CORRECT","100","2026-05-11 12:55:42.729718","234.491096","0.661881","","","","","","keyboard","","{}","2","0.016667","60.000000","1","",""
"Sergio_G01_CNS-LLF5RV3D8","cpeeg02","ses02","20260511_125107","2026-05-11 12:51:47.579060","NaN","2","distractor","DISTRACTOR_OFF","52","2026-05-11 12:55:42.780956","235.152976","0.000000","","","","","","keyboard","","{""pd_used"":0}","2","0.016667","60.000000","1","",""
"Sergio_G01_CNS-LLF5RV3D8","cpeeg02","ses02","20260511_125107","2026-05-11 12:51:47.579060","NaN","2","distractor","FIX2_ON","60","2026-05-11 12:55:42.781836","235.152976","3.344170","","","","","","keyboard","immediate after response","{""note"":""immediate after response""}","2","0.016667","60.000000","1","",""
"Sergio_G01_CNS-LLF5RV3D8","cpeeg02","ses02","20260511_125107","2026-05-11 12:51:47.579060","NaN","2","fix2","FIX2_OFF","61","2026-05-11 12:55:46.117711","238.497147","0.044182","","","","","","keyboard","","{""pd_used"":0}","2","0.016667","60.000000","1","",""
"Sergio_G01_CNS-LLF5RV3D8","cpeeg02","ses02","20260511_125107","2026-05-11 12:51:47.579060","NaN","2","probe","DIGIT_RECALL_LINE_1","161","2026-05-11 12:55:46.169318","238.541328","0.828301","","1","","","","keyboard","first recall question","{""value"":1,""note"":""first recall question"",""pd_used"":1}","2","0.016667","60.000000","1","",""
"Sergio_G01_CNS-LLF5RV3D8","cpeeg02","ses02","20260511_125107","2026-05-11 12:51:47.579060","NaN","2","probe","PROBE_DIGIT_OK_1","71","2026-05-11 12:55:47.502361","239.369630","0.662923","0.829781","slot#1","1","1","","keyboard","probe_digit#1","{""value"":""slot#1"",""entered"":1,""rt"":0.829780899999605,""note"":""probe_digit#1""}","2","0.016667","60.000000","1","0.72756",""
"Sergio_G01_CNS-LLF5RV3D8","cpeeg02","ses02","20260511_125107","2026-05-11 12:51:47.579060","NaN","2","probe","DIGIT1_OFF","146","2026-05-11 12:55:47.653012","240.032553","0.000000","","9","","","","keyboard","digit#1 off","{""value"":9,""note"":""digit#1 off"",""pd_used"":0}","2","0.016667","60.000000","1","",""
"Sergio_G01_CNS-LLF5RV3D8","cpeeg02","ses02","20260511_125107","2026-05-11 12:51:47.579060","NaN","2","probe","POSTDIG_FIX1_ON","151","2026-05-11 12:55:47.653809","240.032553","1.564112","","","","","","keyboard","after digit#1","{""note"":""after digit#1""}","2","0.016667","60.000000","1","",""
"Sergio_G01_CNS-LLF5RV3D8","cpeeg02","ses02","20260511_125107","2026-05-11 12:51:47.579060","NaN","2","probe","POSTDIG_FIX1_OFF","156","2026-05-11 12:55:49.217284","241.596664","0.046203","","","","","","keyboard","after digit#1","{""note"":""after digit#1"",""pd_used"":0}","2","0.016667","60.000000","1","",""
"Sergio_G01_CNS-LLF5RV3D8","cpeeg02","ses02","20260511_125107","2026-05-11 12:51:47.579060","NaN","2","probe","DIGIT_RECALL_LINE_2","162","2026-05-11 12:55:49.268972","241.642867","1.028631","","2","","","","keyboard","next recall question","{""value"":2,""note"":""next recall question"",""pd_used"":1}","2","0.016667","60.000000","1","",""
"Sergio_G01_CNS-LLF5RV3D8","cpeeg02","ses02","20260511_125107","2026-05-11 12:51:47.579060","NaN","2","probe","PROBE_DIGIT_OK_2","71","2026-05-11 12:55:50.932747","242.671499","0.806821","4.131650","slot#2","2","0","","keyboard","probe_digit#2","{""value"":""slot#2"",""entered"":2,""rt"":4.1316500999964774,""note"":""probe_digit#2""}","2","0.016667","60.000000","1","0.98469",""
"Sergio_G01_CNS-LLF5RV3D8","cpeeg02","ses02","20260511_125107","2026-05-11 12:51:47.579060","NaN","2","probe","DIGIT2_OFF","147","2026-05-11 12:55:51.099045","243.478320","0.000000","","9","","","","keyboard","digit#2 off","{""value"":9,""note"":""digit#2 off"",""pd_used"":0}","2","0.016667","60.000000","1","",""
"Sergio_G01_CNS-LLF5RV3D8","cpeeg02","ses02","20260511_125107","2026-05-11 12:51:47.579060","NaN","2","probe","POSTDIG_FIX2_ON","152","2026-05-11 12:55:51.099850","243.478320","1.799157","","","","","","keyboard","after digit#2","{""note"":""after digit#2""}","2","0.016667","60.000000","1","",""
"Sergio_G01_CNS-LLF5RV3D8","cpeeg02","ses02","20260511_125107","2026-05-11 12:51:47.579060","NaN","2","probe","POSTDIG_FIX2_OFF","157","2026-05-11 12:55:52.898027","245.277477","0.045978","","","","","","keyboard","after digit#2","{""note"":""after digit#2"",""pd_used"":0}","2","0.016667","60.000000","1","",""
"Sergio_G01_CNS-LLF5RV3D8","cpeeg02","ses02","20260511_125107","2026-05-11 12:51:47.579060","NaN","2","probe","DIGIT_RECALL_LINE_3","163","2026-05-11 12:55:52.949520","245.323455","0.866626","","3","","","","keyboard","next recall question","{""value"":3,""note"":""next recall question"",""pd_used"":1}","2","0.016667","60.000000","1","",""
"Sergio_G01_CNS-LLF5RV3D8","cpeeg02","ses02","20260511_125107","2026-05-11 12:51:47.579060","NaN","2","probe","PROBE_DIGIT_OK_3","71","2026-05-11 12:55:54.253605","246.190081","0.593680","7.650232","slot#3","3","0","","keyboard","probe_digit#3","{""value"":""slot#3"",""entered"":3,""rt"":7.6502318999991985,""note"":""probe_digit#3""}","2","0.016667","60.000000","1","0.68988",""
"Sergio_G01_CNS-LLF5RV3D8","cpeeg02","ses02","20260511_125107","2026-05-11 12:51:47.579060","NaN","2","probe","DIGIT3_OFF","148","2026-05-11 12:55:54.404184","246.783761","0.000000","","9","","","","keyboard","digit#3 off","{""value"":9,""note"":""digit#3 off"",""pd_used"":0}","2","0.016667","60.000000","1","",""
"Sergio_G01_CNS-LLF5RV3D8","cpeeg02","ses02","20260511_125107","2026-05-11 12:51:47.579060","NaN","2","probe","POSTDIG_FIX3_ON","153","2026-05-11 12:55:54.404942","246.783761","1.740032","","","","","","keyboard","after digit#3","{""note"":""after digit#3""}","2","0.016667","60.000000","1","",""
"Sergio_G01_CNS-LLF5RV3D8","cpeeg02","ses02","20260511_125107","2026-05-11 12:51:47.579060","NaN","2","probe","POSTDIG_FIX3_OFF","158","2026-05-11 12:55:56.144362","248.523793","0.046620","","","","","","keyboard","after digit#3","{""note"":""after digit#3"",""pd_used"":0}","2","0.016667","60.000000","1","",""
"Sergio_G01_CNS-LLF5RV3D8","cpeeg02","ses02","20260511_125107","2026-05-11 12:51:47.579060","NaN","2","probe","DIGIT_RECALL_LINE_4","164","2026-05-11 12:55:56.195736","248.570413","0.970588","","4","","","","keyboard","next recall question","{""value"":4,""note"":""next recall question"",""pd_used"":1}","2","0.016667","60.000000","1","",""
"Sergio_G01_CNS-LLF5RV3D8","cpeeg02","ses02","20260511_125107","2026-05-11 12:51:47.579060","NaN","2","probe","PROBE_DIGIT_OK_4","71","2026-05-11 12:55:57.814300","249.541001","0.806527","11.001153","slot#4","7","0","","keyboard","probe_digit#4","{""value"":""slot#4"",""entered"":7,""rt"":11.001152699995146,""note"":""probe_digit#4""}","2","0.016667","60.000000","1","0.9255",""
"Sergio_G01_CNS-LLF5RV3D8","cpeeg02","ses02","20260511_125107","2026-05-11 12:51:47.579060","NaN","2","probe","DIGIT4_OFF","149","2026-05-11 12:55:57.967994","250.347529","0.000000","","9","","","","keyboard","digit#4 off","{""value"":9,""note"":""digit#4 off"",""pd_used"":0}","2","0.016667","60.000000","1","",""
"Sergio_G01_CNS-LLF5RV3D8","cpeeg02","ses02","20260511_125107","2026-05-11 12:51:47.579060","NaN","2","probe","POSTDIG_FIX4_ON","154","2026-05-11 12:55:57.968740","250.347529","1.795218","","","","","","keyboard","after digit#4","{""note"":""after digit#4""}","2","0.016667","60.000000","1","",""
"Sergio_G01_CNS-LLF5RV3D8","cpeeg02","ses02","20260511_125107","2026-05-11 12:51:47.579060","NaN","2","probe","POSTDIG_FIX4_OFF","159","2026-05-11 12:55:59.763399","252.142746","0.046299","","","","","","keyboard","after digit#4","{""note"":""after digit#4"",""pd_used"":0}","2","0.016667","60.000000","1","",""
"Sergio_G01_CNS-LLF5RV3D8","cpeeg02","ses02","20260511_125107","2026-05-11 12:51:47.579060","NaN","2","probe","DIGIT_RECALL_LINE_5","165","2026-05-11 12:55:59.814695","252.189046","0.779588","","5","","","","keyboard","next recall question","{""value"":5,""note"":""next recall question"",""pd_used"":1}","2","0.016667","60.000000","1","",""
"Sergio_G01_CNS-LLF5RV3D8","cpeeg02","ses02","20260511_125107","2026-05-11 12:51:47.579060","NaN","2","probe","PROBE_DIGIT_OK_5","71","2026-05-11 12:56:01.081123","252.968634","0.643405","14.428785","slot#5","8","0","","keyboard","probe_digit#5","{""value"":""slot#5"",""entered"":8,""rt"":14.428785299998708,""note"":""probe_digit#5""}","2","0.016667","60.000000","1","0.72469",""
"Sergio_G01_CNS-LLF5RV3D8","cpeeg02","ses02","20260511_125107","2026-05-11 12:51:47.579060","NaN","2","probe","DIGIT5_OFF","150","2026-05-11 12:56:01.232347","253.612039","0.000000","","9","","","","keyboard","digit#5 off","{""value"":9,""note"":""digit#5 off"",""pd_used"":0}","2","0.016667","60.000000","1","",""
"Sergio_G01_CNS-LLF5RV3D8","cpeeg02","ses02","20260511_125107","2026-05-11 12:51:47.579060","NaN","2","probe","POSTDIG_FIX5_ON","155","2026-05-11 12:56:01.233109","253.612039","3.243975","","","","","","keyboard","after digit#5","{""note"":""after digit#5""}","2","0.016667","60.000000","1","",""
"Sergio_G01_CNS-LLF5RV3D8","cpeeg02","ses02","20260511_125107","2026-05-11 12:51:47.579060","NaN","2","probe","POSTDIG_FIX5_OFF","160","2026-05-11 12:56:04.476575","256.856014","0.043493","","","","","","keyboard","after digit#5","{""note"":""after digit#5"",""pd_used"":0}","2","0.016667","60.000000","1","",""
"Sergio_G01_CNS-LLF5RV3D8","cpeeg02","ses02","20260511_125107","2026-05-11 12:51:47.579060","NaN","2","probe","PROBE_DONE","73","2026-05-11 12:56:04.478351","256.899508","0.000783","","","","","","keyboard","probe complete","{""value"":"""",""note"":""probe complete""}","2","0.016667","60.000000","1","",""
"Sergio_G01_CNS-LLF5RV3D8","cpeeg02","ses02","20260511_125107","2026-05-11 12:51:47.579060","NaN","2","probe","TRIAL_END","21","2026-05-11 12:56:04.479021","256.900291","0.104815","","","","","","keyboard","","{}","2","0.016667","60.000000","1","",""
"Sergio_G01_CNS-LLF5RV3D8","cpeeg02","ses02","20260511_125107","2026-05-11 12:51:47.579060","NaN","3","probe","TRIAL_CHANGE","22","2026-05-11 12:56:04.584093","257.005106","0.001287","","","","","","keyboard","trial transition","{""note"":""trial transition""}","2","0.016667","60.000000","1","",""
"Sergio_G01_CNS-LLF5RV3D8","cpeeg02","ses02","20260511_125107","2026-05-11 12:51:47.579060","NaN","3","probe","TRIAL_START","20","2026-05-11 12:56:04.585285","257.006394","0.043709","","","","","","keyboard","","{}","2","0.016667","60.000000","1","",""
"Sergio_G01_CNS-LLF5RV3D8","cpeeg02","ses02","20260511_125107","2026-05-11 12:51:47.579060","NaN","3","fix1","FIX1_ON","30","2026-05-11 12:56:04.678820","257.050103","3.230201","","","","","","keyboard","","{""pd_used"":0}","2","0.016667","60.000000","1","",""
"Sergio_G01_CNS-LLF5RV3D8","cpeeg02","ses02","20260511_125107","2026-05-11 12:51:47.579060","NaN","3","fix1","FIX1_OFF","31","2026-05-11 12:56:07.900884","260.280304","0.044020","","","","","","keyboard","","{""pd_used"":0}","2","0.016667","60.000000","1","",""
"Sergio_G01_CNS-LLF5RV3D8","cpeeg02","ses02","20260511_125107","2026-05-11 12:51:47.579060","NaN","3","digit","DIGIT1_ON","141","2026-05-11 12:56:07.952151","260.324324","0.551080","","8","","","","keyboard","digit#1 shown","{""value"":8,""note"":""digit#1 shown"",""pd_used"":1}","2","0.016667","60.000000","1","","1"
"Sergio_G01_CNS-LLF5RV3D8","cpeeg02","ses02","20260511_125107","2026-05-11 12:51:47.579060","NaN","3","digit","DIGIT1_OFF","146","2026-05-11 12:56:08.495993","260.875404","0.000000","","8","","","","keyboard","digit#1 off","{""value"":8,""note"":""digit#1 off"",""pd_used"":0}","2","0.016667","60.000000","1","",""
"Sergio_G01_CNS-LLF5RV3D8","cpeeg02","ses02","20260511_125107","2026-05-11 12:51:47.579060","NaN","3","digit","POSTDIG_FIX1_ON","151","2026-05-11 12:56:08.496788","260.875404","1.992107","","","","","","keyboard","after digit#1","{""note"":""after digit#1""}","2","0.016667","60.000000","1","",""
"Sergio_G01_CNS-LLF5RV3D8","cpeeg02","ses02","20260511_125107","2026-05-11 12:51:47.579060","NaN","3","digit","POSTDIG_FIX1_OFF","156","2026-05-11 12:56:10.487953","262.867511","0.043847","","","","","","keyboard","after digit#1","{""note"":""after digit#1"",""pd_used"":0}","2","0.016667","60.000000","1","",""
"Sergio_G01_CNS-LLF5RV3D8","cpeeg02","ses02","20260511_125107","2026-05-11 12:51:47.579060","NaN","3","digit","DIGIT2_ON","142","2026-05-11 12:56:10.539314","262.911357","0.551424","","1","","","","keyboard","digit#2 shown","{""value"":1,""note"":""digit#2 shown"",""pd_used"":1}","2","0.016667","60.000000","1","","1"
"Sergio_G01_CNS-LLF5RV3D8","cpeeg02","ses02","20260511_125107","2026-05-11 12:51:47.579060","NaN","3","digit","DIGIT2_OFF","147","2026-05-11 12:56:11.083250","263.462781","0.000000","","1","","","","keyboard","digit#2 off","{""value"":1,""note"":""digit#2 off"",""pd_used"":0}","2","0.016667","60.000000","1","",""
"Sergio_G01_CNS-LLF5RV3D8","cpeeg02","ses02","20260511_125107","2026-05-11 12:51:47.579060","NaN","3","digit","POSTDIG_FIX2_ON","152","2026-05-11 12:56:11.084002","263.462781","1.773188","","","","","","keyboard","after digit#2","{""note"":""after digit#2""}","2","0.016667","60.000000","1","",""
"Sergio_G01_CNS-LLF5RV3D8","cpeeg02","ses02","20260511_125107","2026-05-11 12:51:47.579060","NaN","3","digit","POSTDIG_FIX2_OFF","157","2026-05-11 12:56:12.856590","265.235969","0.043866","","","","","","keyboard","after digit#2","{""note"":""after digit#2"",""pd_used"":0}","2","0.016667","60.000000","1","",""
"Sergio_G01_CNS-LLF5RV3D8","cpeeg02","ses02","20260511_125107","2026-05-11 12:51:47.579060","NaN","3","digit","DIGIT3_ON","143","2026-05-11 12:56:12.907865","265.279835","0.551392","","6","","","","keyboard","digit#3 shown","{""value"":6,""note"":""digit#3 shown"",""pd_used"":1}","2","0.016667","60.000000","1","","1"
"Sergio_G01_CNS-LLF5RV3D8","cpeeg02","ses02","20260511_125107","2026-05-11 12:51:47.579060","NaN","3","digit","DIGIT3_OFF","148","2026-05-11 12:56:13.451743","265.831227","0.000000","","6","","","","keyboard","digit#3 off","{""value"":6,""note"":""digit#3 off"",""pd_used"":0}","2","0.016667","60.000000","1","",""
"Sergio_G01_CNS-LLF5RV3D8","cpeeg02","ses02","20260511_125107","2026-05-11 12:51:47.579060","NaN","3","digit","POSTDIG_FIX3_ON","153","2026-05-11 12:56:13.452509","265.831227","1.832358","","","","","","keyboard","after digit#3","{""note"":""after digit#3""}","2","0.016667","60.000000","1","",""
"Sergio_G01_CNS-LLF5RV3D8","cpeeg02","ses02","20260511_125107","2026-05-11 12:51:47.579060","NaN","3","digit","POSTDIG_FIX3_OFF","158","2026-05-11 12:56:15.284410","267.663585","0.043993","","","","","","keyboard","after digit#3","{""note"":""after digit#3"",""pd_used"":0}","2","0.016667","60.000000","1","",""
"Sergio_G01_CNS-LLF5RV3D8","cpeeg02","ses02","20260511_125107","2026-05-11 12:51:47.579060","NaN","3","digit","DIGIT4_ON","144","2026-05-11 12:56:15.335626","267.707578","0.551359","","9","","","","keyboard","digit#4 shown","{""value"":9,""note"":""digit#4 shown"",""pd_used"":1}","2","0.016667","60.000000","1","","0"
"Sergio_G01_CNS-LLF5RV3D8","cpeeg02","ses02","20260511_125107","2026-05-11 12:51:47.579060","NaN","3","digit","DIGIT4_OFF","149","2026-05-11 12:56:15.879553","268.258937","0.000000","","9","","","","keyboard","digit#4 off","{""value"":9,""note"":""digit#4 off"",""pd_used"":0}","2","0.016667","60.000000","1","",""
"Sergio_G01_CNS-LLF5RV3D8","cpeeg02","ses02","20260511_125107","2026-05-11 12:51:47.579060","NaN","3","digit","POSTDIG_FIX4_ON","154","2026-05-11 12:56:15.880318","268.258937","1.631473","","","","","","keyboard","after digit#4","{""note"":""after digit#4""}","2","0.016667","60.000000","1","",""
"Sergio_G01_CNS-LLF5RV3D8","cpeeg02","ses02","20260511_125107","2026-05-11 12:51:47.579060","NaN","3","digit","POSTDIG_FIX4_OFF","159","2026-05-11 12:56:17.511115","269.890410","0.044082","","","","","","keyboard","after digit#4","{""note"":""after digit#4"",""pd_used"":0}","2","0.016667","60.000000","1","",""
"Sergio_G01_CNS-LLF5RV3D8","cpeeg02","ses02","20260511_125107","2026-05-11 12:51:47.579060","NaN","3","digit","DIGIT5_ON","145","2026-05-11 12:56:17.562478","269.934492","0.551454","","7","","","","keyboard","digit#5 shown","{""value"":7,""note"":""digit#5 shown"",""pd_used"":1}","2","0.016667","60.000000","1","","0"
"Sergio_G01_CNS-LLF5RV3D8","cpeeg02","ses02","20260511_125107","2026-05-11 12:51:47.579060","NaN","3","digit","DIGIT5_OFF","150","2026-05-11 12:56:18.106571","270.485946","0.000000","","7","","","","keyboard","digit#5 off","{""value"":7,""note"":""digit#5 off"",""pd_used"":0}","2","0.016667","60.000000","1","",""
"Sergio_G01_CNS-LLF5RV3D8","cpeeg02","ses02","20260511_125107","2026-05-11 12:51:47.579060","NaN","3","digit","POSTDIG_FIX5_ON","155","2026-05-11 12:56:18.107340","270.485946","3.192621","","","","","","keyboard","after digit#5","{""note"":""after digit#5""}","2","0.016667","60.000000","1","",""
"Sergio_G01_CNS-LLF5RV3D8","cpeeg02","ses02","20260511_125107","2026-05-11 12:51:47.579060","NaN","3","digit","POSTDIG_FIX5_OFF","160","2026-05-11 12:56:21.299050","273.678567","0.044410","","","","","","keyboard","after digit#5","{""note"":""after digit#5"",""pd_used"":0}","2","0.016667","60.000000","1","",""
"Sergio_G01_CNS-LLF5RV3D8","cpeeg02","ses02","20260511_125107","2026-05-11 12:51:47.579060","NaN","3","distractor","DISTRACTOR_ON","50","2026-05-11 12:56:21.350369","273.722977","2.988506","","5+4=7","","","","keyboard","","{""value"":""5+4=7"",""isCorrectTruth"":false,""trueSum"":9,""pd_used"":1}","2","0.016667","60.000000","1","",""
"Sergio_G01_CNS-LLF5RV3D8","cpeeg02","ses02","20260511_125107","2026-05-11 12:51:47.579060","NaN","3","distractor","DISTRACTOR_ANS","51","2026-05-11 12:56:24.871608","276.711483","0.000000","2.988506","5+4=7","F","1","","keyboard","key= (False)","{""value"":""5+4=7"",""entered"":""F"",""rt"":2.9885059000007459,""correct"":1,""note"":""key= (False)"",""truth"":false,""trueSum"":9,""shownSum"":7,""a"":5,""b"":4}","2","0.016667","60.000000","1","2.8604",""
"Sergio_G01_CNS-LLF5RV3D8","cpeeg02","ses02","20260511_125107","2026-05-11 12:51:47.579060","NaN","3","distractor","ANS_CORRECT","100","2026-05-11 12:56:24.914200","276.711483","0.626047","","","","","","keyboard","","{}","2","0.016667","60.000000","1","",""
"Sergio_G01_CNS-LLF5RV3D8","cpeeg02","ses02","20260511_125107","2026-05-11 12:51:47.579060","NaN","3","distractor","DISTRACTOR_OFF","52","2026-05-11 12:56:24.965453","277.337530","0.000000","","","","","","keyboard","","{""pd_used"":0}","2","0.016667","60.000000","1","",""
"Sergio_G01_CNS-LLF5RV3D8","cpeeg02","ses02","20260511_125107","2026-05-11 12:51:47.579060","NaN","3","distractor","FIX2_ON","60","2026-05-11 12:56:24.966387","277.337530","3.103916","","","","","","keyboard","immediate after response","{""note"":""immediate after response""}","2","0.016667","60.000000","1","",""
"Sergio_G01_CNS-LLF5RV3D8","cpeeg02","ses02","20260511_125107","2026-05-11 12:51:47.579060","NaN","3","fix2","FIX2_OFF","61","2026-05-11 12:56:28.061917","280.441446","0.044148","","","","","","keyboard","","{""pd_used"":0}","2","0.016667","60.000000","1","",""
"Sergio_G01_CNS-LLF5RV3D8","cpeeg02","ses02","20260511_125107","2026-05-11 12:51:47.579060","NaN","3","probe","DIGIT_RECALL_LINE_1","161","2026-05-11 12:56:28.113086","280.485594","0.965223","","1","","","","keyboard","first recall question","{""value"":1,""note"":""first recall question"",""pd_used"":1}","2","0.016667","60.000000","1","",""
"Sergio_G01_CNS-LLF5RV3D8","cpeeg02","ses02","20260511_125107","2026-05-11 12:51:47.579060","NaN","3","probe","PROBE_DIGIT_OK_1","71","2026-05-11 12:56:29.591093","281.450817","0.664901","0.966773","slot#1","8","1","","keyboard","probe_digit#1","{""value"":""slot#1"",""entered"":8,""rt"":0.96677279999858,""note"":""probe_digit#1""}","2","0.016667","60.000000","1","0.91144",""
"Sergio_G01_CNS-LLF5RV3D8","cpeeg02","ses02","20260511_125107","2026-05-11 12:51:47.579060","NaN","3","probe","DIGIT1_OFF","146","2026-05-11 12:56:29.736428","282.115718","0.000000","","7","","","","keyboard","digit#1 off","{""value"":7,""note"":""digit#1 off"",""pd_used"":0}","2","0.016667","60.000000","1","",""
"Sergio_G01_CNS-LLF5RV3D8","cpeeg02","ses02","20260511_125107","2026-05-11 12:51:47.579060","NaN","3","probe","POSTDIG_FIX1_ON","151","2026-05-11 12:56:29.737200","282.115718","1.902248","","","","","","keyboard","after digit#1","{""note"":""after digit#1""}","2","0.016667","60.000000","1","",""
"Sergio_G01_CNS-LLF5RV3D8","cpeeg02","ses02","20260511_125107","2026-05-11 12:51:47.579060","NaN","3","probe","POSTDIG_FIX1_OFF","156","2026-05-11 12:56:31.638719","284.017966","0.047205","","","","","","keyboard","after digit#1","{""note"":""after digit#1"",""pd_used"":0}","2","0.016667","60.000000","1","",""
"Sergio_G01_CNS-LLF5RV3D8","cpeeg02","ses02","20260511_125107","2026-05-11 12:51:47.579060","NaN","3","probe","DIGIT_RECALL_LINE_2","162","2026-05-11 12:56:31.689975","284.065172","2.161027","","2","","","","keyboard","next recall question","{""value"":2,""note"":""next recall question"",""pd_used"":1}","2","0.016667","60.000000","1","",""
"Sergio_G01_CNS-LLF5RV3D8","cpeeg02","ses02","20260511_125107","2026-05-11 12:51:47.579060","NaN","3","probe","PROBE_DIGIT_OK_2","71","2026-05-11 12:56:34.402943","286.226199","0.694861","5.742154","slot#2","1","1","","keyboard","probe_digit#2","{""value"":""slot#2"",""entered"":1,""rt"":5.7421544999961043,""note"":""probe_digit#2""}","2","0.016667","60.000000","1","2.0045",""
"Sergio_G01_CNS-LLF5RV3D8","cpeeg02","ses02","20260511_125107","2026-05-11 12:51:47.579060","NaN","3","probe","DIGIT2_OFF","147","2026-05-11 12:56:34.541553","286.921060","0.000000","","7","","","","keyboard","digit#2 off","{""value"":7,""note"":""digit#2 off"",""pd_used"":0}","2","0.016667","60.000000","1","",""
"Sergio_G01_CNS-LLF5RV3D8","cpeeg02","ses02","20260511_125107","2026-05-11 12:51:47.579060","NaN","3","probe","POSTDIG_FIX2_ON","152","2026-05-11 12:56:34.542328","286.921060","1.983617","","","","","","keyboard","after digit#2","{""note"":""after digit#2""}","2","0.016667","60.000000","1","",""
"Sergio_G01_CNS-LLF5RV3D8","cpeeg02","ses02","20260511_125107","2026-05-11 12:51:47.579060","NaN","3","probe","POSTDIG_FIX2_OFF","157","2026-05-11 12:56:36.525259","288.904677","0.046227","","","","","","keyboard","after digit#2","{""note"":""after digit#2"",""pd_used"":0}","2","0.016667","60.000000","1","",""
"Sergio_G01_CNS-LLF5RV3D8","cpeeg02","ses02","20260511_125107","2026-05-11 12:51:47.579060","NaN","3","probe","DIGIT_RECALL_LINE_3","163","2026-05-11 12:56:36.576403","288.950903","1.304048","","3","","","","keyboard","next recall question","{""value"":3,""note"":""next recall question"",""pd_used"":1}","2","0.016667","60.000000","1","",""
"Sergio_G01_CNS-LLF5RV3D8","cpeeg02","ses02","20260511_125107","2026-05-11 12:51:47.579060","NaN","3","probe","PROBE_DIGIT_OK_3","71","2026-05-11 12:56:38.333215","290.254951","0.607196","9.770907","slot#3","6","1","","keyboard","probe_digit#3","{""value"":""slot#3"",""entered"":6,""rt"":9.7709066999959759,""note"":""probe_digit#3""}","2","0.016667","60.000000","1","1.1799",""
"Sergio_G01_CNS-LLF5RV3D8","cpeeg02","ses02","20260511_125107","2026-05-11 12:51:47.579060","NaN","3","probe","DIGIT3_OFF","148","2026-05-11 12:56:38.482776","290.862147","0.000000","","7","","","","keyboard","digit#3 off","{""value"":7,""note"":""digit#3 off"",""pd_used"":0}","2","0.016667","60.000000","1","",""
"Sergio_G01_CNS-LLF5RV3D8","cpeeg02","ses02","20260511_125107","2026-05-11 12:51:47.579060","NaN","3","probe","POSTDIG_FIX3_ON","153","2026-05-11 12:56:38.483550","290.862147","1.610716","","","","","","keyboard","after digit#3","{""note"":""after digit#3""}","2","0.016667","60.000000","1","",""
"Sergio_G01_CNS-LLF5RV3D8","cpeeg02","ses02","20260511_125107","2026-05-11 12:51:47.579060","NaN","3","probe","POSTDIG_FIX3_OFF","158","2026-05-11 12:56:40.093410","292.472863","0.045767","","","","","","keyboard","after digit#3","{""note"":""after digit#3"",""pd_used"":0}","2","0.016667","60.000000","1","",""
"Sergio_G01_CNS-LLF5RV3D8","cpeeg02","ses02","20260511_125107","2026-05-11 12:51:47.579060","NaN","3","probe","DIGIT_RECALL_LINE_4","164","2026-05-11 12:56:40.144806","292.518630","4.050177","","4","","","","keyboard","next recall question","{""value"":4,""note"":""next recall question"",""pd_used"":1}","2","0.016667","60.000000","1","",""
"Sergio_G01_CNS-LLF5RV3D8","cpeeg02","ses02","20260511_125107","2026-05-11 12:51:47.579060","NaN","3","probe","PROBE_DIGIT_OK_4","71","2026-05-11 12:56:44.722391","296.568807","0.682265","16.084763","slot#4","8","0","","keyboard","probe_digit#4","{""value"":""slot#4"",""entered"":8,""rt"":16.084762599995884,""note"":""probe_digit#4""}","2","0.016667","60.000000","1","3.9782",""
"Sergio_G01_CNS-LLF5RV3D8","cpeeg02","ses02","20260511_125107","2026-05-11 12:51:47.579060","NaN","3","probe","DIGIT4_OFF","149","2026-05-11 12:56:44.871888","297.251072","0.000000","","7","","","","keyboard","digit#4 off","{""value"":7,""note"":""digit#4 off"",""pd_used"":0}","2","0.016667","60.000000","1","",""
"Sergio_G01_CNS-LLF5RV3D8","cpeeg02","ses02","20260511_125107","2026-05-11 12:51:47.579060","NaN","3","probe","POSTDIG_FIX4_ON","154","2026-05-11 12:56:44.872615","297.251072","1.620774","","","","","","keyboard","after digit#4","{""note"":""after digit#4""}","2","0.016667","60.000000","1","",""
"Sergio_G01_CNS-LLF5RV3D8","cpeeg02","ses02","20260511_125107","2026-05-11 12:51:47.579060","NaN","3","probe","POSTDIG_FIX4_OFF","159","2026-05-11 12:56:46.492248","298.871847","0.045830","","","","","","keyboard","after digit#4","{""note"":""after digit#4"",""pd_used"":0}","2","0.016667","60.000000","1","",""
"Sergio_G01_CNS-LLF5RV3D8","cpeeg02","ses02","20260511_125107","2026-05-11 12:51:47.579060","NaN","3","probe","DIGIT_RECALL_LINE_5","165","2026-05-11 12:56:46.543730","298.917677","2.563185","","5","","","","keyboard","next recall question","{""value"":5,""note"":""next recall question"",""pd_used"":1}","2","0.016667","60.000000","1","",""
"Sergio_G01_CNS-LLF5RV3D8","cpeeg02","ses02","20260511_125107","2026-05-11 12:51:47.579060","NaN","3","probe","PROBE_DIGIT_OK_5","71","2026-05-11 12:56:49.632589","301.480861","0.678031","20.996817","slot#5","1","0","","keyboard","probe_digit#5","{""value"":""slot#5"",""entered"":1,""rt"":20.996816999999282,""note"":""probe_digit#5""}","2","0.016667","60.000000","1","2.5078",""
"Sergio_G01_CNS-LLF5RV3D8","cpeeg02","ses02","20260511_125107","2026-05-11 12:51:47.579060","NaN","3","probe","DIGIT5_OFF","150","2026-05-11 12:56:49.779300","302.158892","0.000000","","7","","","","keyboard","digit#5 off","{""value"":7,""note"":""digit#5 off"",""pd_used"":0}","2","0.016667","60.000000","1","",""
"Sergio_G01_CNS-LLF5RV3D8","cpeeg02","ses02","20260511_125107","2026-05-11 12:51:47.579060","NaN","3","probe","POSTDIG_FIX5_ON","155","2026-05-11 12:56:49.780042","302.158892","3.215874","","","","","","keyboard","after digit#5","{""note"":""after digit#5""}","2","0.016667","60.000000","1","",""
"Sergio_G01_CNS-LLF5RV3D8","cpeeg02","ses02","20260511_125107","2026-05-11 12:51:47.579060","NaN","3","probe","POSTDIG_FIX5_OFF","160","2026-05-11 12:56:52.995447","305.374766","0.043656","","","","","","keyboard","after digit#5","{""note"":""after digit#5"",""pd_used"":0}","2","0.016667","60.000000","1","",""
"Sergio_G01_CNS-LLF5RV3D8","cpeeg02","ses02","20260511_125107","2026-05-11 12:51:47.579060","NaN","3","probe","PROBE_DONE","73","2026-05-11 12:56:52.997259","305.418422","0.000756","","","","","","keyboard","probe complete","{""value"":"""",""note"":""probe complete""}","2","0.016667","60.000000","1","",""
"Sergio_G01_CNS-LLF5RV3D8","cpeeg02","ses02","20260511_125107","2026-05-11 12:51:47.579060","NaN","3","probe","TRIAL_END","21","2026-05-11 12:56:52.997873","305.419178","0.114086","","","","","","keyboard","","{}","2","0.016667","60.000000","1","",""
"Sergio_G01_CNS-LLF5RV3D8","cpeeg02","ses02","20260511_125107","2026-05-11 12:51:47.579060","NaN","4","probe","TRIAL_CHANGE","22","2026-05-11 12:56:53.112671","305.533264","0.001623","","","","","","keyboard","trial transition","{""note"":""trial transition""}","2","0.016667","60.000000","1","",""
"Sergio_G01_CNS-LLF5RV3D8","cpeeg02","ses02","20260511_125107","2026-05-11 12:51:47.579060","NaN","4","probe","TRIAL_START","20","2026-05-11 12:56:53.113682","305.534887","0.044033","","","","","","keyboard","","{}","2","0.016667","60.000000","1","",""
"Sergio_G01_CNS-LLF5RV3D8","cpeeg02","ses02","20260511_125107","2026-05-11 12:51:47.579060","NaN","4","fix1","FIX1_ON","30","2026-05-11 12:56:53.207517","305.578920","3.506432","","","","","","keyboard","","{""pd_used"":0}","2","0.016667","60.000000","1","",""
"Sergio_G01_CNS-LLF5RV3D8","cpeeg02","ses02","20260511_125107","2026-05-11 12:51:47.579060","NaN","4","fix1","FIX1_OFF","31","2026-05-11 12:56:56.705831","309.085352","0.044084","","","","","","keyboard","","{""pd_used"":0}","2","0.016667","60.000000","1","",""
"Sergio_G01_CNS-LLF5RV3D8","cpeeg02","ses02","20260511_125107","2026-05-11 12:51:47.579060","NaN","4","digit","DIGIT1_ON","141","2026-05-11 12:56:56.757284","309.129436","0.551383","","5","","","","keyboard","digit#1 shown","{""value"":5,""note"":""digit#1 shown"",""pd_used"":1}","2","0.016667","60.000000","1","","1"
"Sergio_G01_CNS-LLF5RV3D8","cpeeg02","ses02","20260511_125107","2026-05-11 12:51:47.579060","NaN","4","digit","DIGIT1_OFF","146","2026-05-11 12:56:57.301384","309.680819","0.000000","","5","","","","keyboard","digit#1 off","{""value"":5,""note"":""digit#1 off"",""pd_used"":0}","2","0.016667","60.000000","1","",""
"Sergio_G01_CNS-LLF5RV3D8","cpeeg02","ses02","20260511_125107","2026-05-11 12:51:47.579060","NaN","4","digit","POSTDIG_FIX1_ON","151","2026-05-11 12:56:57.302130","309.680819","2.003910","","","","","","keyboard","after digit#1","{""note"":""after digit#1""}","2","0.016667","60.000000","1","",""
"Sergio_G01_CNS-LLF5RV3D8","cpeeg02","ses02","20260511_125107","2026-05-11 12:51:47.579060","NaN","4","digit","POSTDIG_FIX1_OFF","156","2026-05-11 12:56:59.305358","311.684729","0.043983","","","","","","keyboard","after digit#1","{""note"":""after digit#1"",""pd_used"":0}","2","0.016667","60.000000","1","",""
"Sergio_G01_CNS-LLF5RV3D8","cpeeg02","ses02","20260511_125107","2026-05-11 12:51:47.579060","NaN","4","digit","DIGIT2_ON","142","2026-05-11 12:56:59.356523","311.728713","0.551282","","9","","","","keyboard","digit#2 shown","{""value"":9,""note"":""digit#2 shown"",""pd_used"":1}","2","0.016667","60.000000","1","","0"
"Sergio_G01_CNS-LLF5RV3D8","cpeeg02","ses02","20260511_125107","2026-05-11 12:51:47.579060","NaN","4","digit","DIGIT2_OFF","147","2026-05-11 12:56:59.900629","312.279995","0.000000","","9","","","","keyboard","digit#2 off","{""value"":9,""note"":""digit#2 off"",""pd_used"":0}","2","0.016667","60.000000","1","",""
"Sergio_G01_CNS-LLF5RV3D8","cpeeg02","ses02","20260511_125107","2026-05-11 12:51:47.579060","NaN","4","digit","POSTDIG_FIX2_ON","152","2026-05-11 12:56:59.901383","312.279995","1.742547","","","","","","keyboard","after digit#2","{""note"":""after digit#2""}","2","0.016667","60.000000","1","",""
"Sergio_G01_CNS-LLF5RV3D8","cpeeg02","ses02","20260511_125107","2026-05-11 12:51:47.579060","NaN","4","digit","POSTDIG_FIX2_OFF","157","2026-05-11 12:57:01.642994","314.022542","0.043792","","","","","","keyboard","after digit#2","{""note"":""after digit#2"",""pd_used"":0}","2","0.016667","60.000000","1","",""
"Sergio_G01_CNS-LLF5RV3D8","cpeeg02","ses02","20260511_125107","2026-05-11 12:51:47.579060","NaN","4","digit","DIGIT3_ON","143","2026-05-11 12:57:01.694228","314.066334","0.551784","","0","","","","keyboard","digit#3 shown","{""value"":0,""note"":""digit#3 shown"",""pd_used"":1}","2","0.016667","60.000000","1","","0"
"Sergio_G01_CNS-LLF5RV3D8","cpeeg02","ses02","20260511_125107","2026-05-11 12:51:47.579060","NaN","4","digit","DIGIT3_OFF","148","2026-05-11 12:57:02.238890","314.618118","0.000000","","0","","","","keyboard","digit#3 off","{""value"":0,""note"":""digit#3 off"",""pd_used"":0}","2","0.016667","60.000000","1","",""
"Sergio_G01_CNS-LLF5RV3D8","cpeeg02","ses02","20260511_125107","2026-05-11 12:51:47.579060","NaN","4","digit","POSTDIG_FIX3_ON","153","2026-05-11 12:57:02.239641","314.618118","2.020608","","","","","","keyboard","after digit#3","{""note"":""after digit#3""}","2","0.016667","60.000000","1","",""
"Sergio_G01_CNS-LLF5RV3D8","cpeeg02","ses02","20260511_125107","2026-05-11 12:51:47.579060","NaN","4","digit","POSTDIG_FIX3_OFF","158","2026-05-11 12:57:04.259313","316.638726","0.043727","","","","","","keyboard","after digit#3","{""note"":""after digit#3"",""pd_used"":0}","2","0.016667","60.000000","1","",""
"Sergio_G01_CNS-LLF5RV3D8","cpeeg02","ses02","20260511_125107","2026-05-11 12:51:47.579060","NaN","4","digit","DIGIT4_ON","144","2026-05-11 12:57:04.310885","316.682453","0.552393","","3","","","","keyboard","digit#4 shown","{""value"":3,""note"":""digit#4 shown"",""pd_used"":1}","2","0.016667","60.000000","1","","1"
"Sergio_G01_CNS-LLF5RV3D8","cpeeg02","ses02","20260511_125107","2026-05-11 12:51:47.579060","NaN","4","digit","DIGIT4_OFF","149","2026-05-11 12:57:04.855373","317.234846","0.000000","","3","","","","keyboard","digit#4 off","{""value"":3,""note"":""digit#4 off"",""pd_used"":0}","2","0.016667","60.000000","1","",""
"Sergio_G01_CNS-LLF5RV3D8","cpeeg02","ses02","20260511_125107","2026-05-11 12:51:47.579060","NaN","4","digit","POSTDIG_FIX4_ON","154","2026-05-11 12:57:04.856141","317.234846","1.990767","","","","","","keyboard","after digit#4","{""note"":""after digit#4""}","2","0.016667","60.000000","1","",""
"Sergio_G01_CNS-LLF5RV3D8","cpeeg02","ses02","20260511_125107","2026-05-11 12:51:47.579060","NaN","4","digit","POSTDIG_FIX4_OFF","159","2026-05-11 12:57:06.846515","319.225613","0.044534","","","","","","keyboard","after digit#4","{""note"":""after digit#4"",""pd_used"":0}","2","0.016667","60.000000","1","",""
"Sergio_G01_CNS-LLF5RV3D8","cpeeg02","ses02","20260511_125107","2026-05-11 12:51:47.579060","NaN","4","digit","DIGIT5_ON","145","2026-05-11 12:57:06.897747","319.270147","0.550940","","2","","","","keyboard","digit#5 shown","{""value"":2,""note"":""digit#5 shown"",""pd_used"":1}","2","0.016667","60.000000","1","","0"
"Sergio_G01_CNS-LLF5RV3D8","cpeeg02","ses02","20260511_125107","2026-05-11 12:51:47.579060","NaN","4","digit","DIGIT5_OFF","150","2026-05-11 12:57:07.441675","319.821088","0.000000","","2","","","","keyboard","digit#5 off","{""value"":2,""note"":""digit#5 off"",""pd_used"":0}","2","0.016667","60.000000","1","",""
"Sergio_G01_CNS-LLF5RV3D8","cpeeg02","ses02","20260511_125107","2026-05-11 12:51:47.579060","NaN","4","digit","POSTDIG_FIX5_ON","155","2026-05-11 12:57:07.442501","319.821088","3.485655","","","","","","keyboard","after digit#5","{""note"":""after digit#5""}","2","0.016667","60.000000","1","",""
"Sergio_G01_CNS-LLF5RV3D8","cpeeg02","ses02","20260511_125107","2026-05-11 12:51:47.579060","NaN","4","digit","POSTDIG_FIX5_OFF","160","2026-05-11 12:57:10.927229","323.306742","0.046725","","","","","","keyboard","after digit#5","{""note"":""after digit#5"",""pd_used"":0}","2","0.016667","60.000000","1","",""
"Sergio_G01_CNS-LLF5RV3D8","cpeeg02","ses02","20260511_125107","2026-05-11 12:51:47.579060","NaN","4","distractor","DISTRACTOR_ON","50","2026-05-11 12:57:10.978619","323.353467","2.625634","","2+2=5","","","","keyboard","","{""value"":""2+2=5"",""isCorrectTruth"":false,""trueSum"":4,""pd_used"":1}","2","0.016667","60.000000","1","",""
"Sergio_G01_CNS-LLF5RV3D8","cpeeg02","ses02","20260511_125107","2026-05-11 12:51:47.579060","NaN","4","distractor","DISTRACTOR_ANS","51","2026-05-11 12:57:13.974825","325.979101","0.000000","2.625634","2+2=5","F","1","","keyboard","key= (False)","{""value"":""2+2=5"",""entered"":""F"",""rt"":2.625633800002106,""correct"":1,""note"":""key= (False)"",""truth"":false,""trueSum"":4,""shownSum"":5,""a"":2,""b"":2}","2","0.016667","60.000000","1","2.4891",""
"Sergio_G01_CNS-LLF5RV3D8","cpeeg02","ses02","20260511_125107","2026-05-11 12:51:47.579060","NaN","4","distractor","ANS_CORRECT","100","2026-05-11 12:57:14.018241","325.979101","0.462903","","","","","","keyboard","","{}","2","0.016667","60.000000","1","",""
"Sergio_G01_CNS-LLF5RV3D8","cpeeg02","ses02","20260511_125107","2026-05-11 12:51:47.579060","NaN","4","distractor","DISTRACTOR_OFF","52","2026-05-11 12:57:14.069729","326.442004","0.000000","","","","","","keyboard","","{""pd_used"":0}","2","0.016667","60.000000","1","",""
"Sergio_G01_CNS-LLF5RV3D8","cpeeg02","ses02","20260511_125107","2026-05-11 12:51:47.579060","NaN","4","distractor","FIX2_ON","60","2026-05-11 12:57:14.070901","326.442004","3.364555","","","","","","keyboard","immediate after response","{""note"":""immediate after response""}","2","0.016667","60.000000","1","",""
"Sergio_G01_CNS-LLF5RV3D8","cpeeg02","ses02","20260511_125107","2026-05-11 12:51:47.579060","NaN","4","fix2","FIX2_OFF","61","2026-05-11 12:57:17.427115","329.806558","0.044975","","","","","","keyboard","","{""pd_used"":0}","2","0.016667","60.000000","1","",""
"Sergio_G01_CNS-LLF5RV3D8","cpeeg02","ses02","20260511_125107","2026-05-11 12:51:47.579060","NaN","4","probe","DIGIT_RECALL_LINE_1","161","2026-05-11 12:57:17.478465","329.851533","2.631060","","1","","","","keyboard","first recall question","{""value"":1,""note"":""first recall question"",""pd_used"":1}","2","0.016667","60.000000","1","",""
"Sergio_G01_CNS-LLF5RV3D8","cpeeg02","ses02","20260511_125107","2026-05-11 12:51:47.579060","NaN","4","probe","PROBE_DIGIT_OK_1","71","2026-05-11 12:57:20.648490","332.482593","0.689728","2.633155","slot#1","5","1","","keyboard","probe_digit#1","{""value"":""slot#1"",""entered"":5,""rt"":2.6331549999958952,""note"":""probe_digit#1""}","2","0.016667","60.000000","1","2.5655",""
"Sergio_G01_CNS-LLF5RV3D8","cpeeg02","ses02","20260511_125107","2026-05-11 12:51:47.579060","NaN","4","probe","DIGIT1_OFF","146","2026-05-11 12:57:20.792765","333.172321","0.000000","","2","","","","keyboard","digit#1 off","{""value"":2,""note"":""digit#1 off"",""pd_used"":0}","2","0.016667","60.000000","1","",""
"Sergio_G01_CNS-LLF5RV3D8","cpeeg02","ses02","20260511_125107","2026-05-11 12:51:47.579060","NaN","4","probe","POSTDIG_FIX1_ON","151","2026-05-11 12:57:20.793512","333.172321","1.944173","","","","","","keyboard","after digit#1","{""note"":""after digit#1""}","2","0.016667","60.000000","1","",""
"Sergio_G01_CNS-LLF5RV3D8","cpeeg02","ses02","20260511_125107","2026-05-11 12:51:47.579060","NaN","4","probe","POSTDIG_FIX1_OFF","156","2026-05-11 12:57:22.737010","335.116494","0.045755","","","","","","keyboard","after digit#1","{""note"":""after digit#1"",""pd_used"":0}","2","0.016667","60.000000","1","",""
"Sergio_G01_CNS-LLF5RV3D8","cpeeg02","ses02","20260511_125107","2026-05-11 12:51:47.579060","NaN","4","probe","DIGIT_RECALL_LINE_2","162","2026-05-11 12:57:22.788144","335.162249","1.707753","","2","","","","keyboard","next recall question","{""value"":2,""note"":""next recall question"",""pd_used"":1}","2","0.016667","60.000000","1","",""
"Sergio_G01_CNS-LLF5RV3D8","cpeeg02","ses02","20260511_125107","2026-05-11 12:51:47.579060","NaN","4","probe","PROBE_DIGIT_OK_2","71","2026-05-11 12:57:25.102041","336.870002","0.754089","7.020564","slot#2","1","0","","keyboard","probe_digit#2","{""value"":""slot#2"",""entered"":1,""rt"":7.0205636999962735,""note"":""probe_digit#2""}","2","0.016667","60.000000","1","1.6638",""
"Sergio_G01_CNS-LLF5RV3D8","cpeeg02","ses02","20260511_125107","2026-05-11 12:51:47.579060","NaN","4","probe","DIGIT2_OFF","147","2026-05-11 12:57:25.244494","337.624091","0.000000","","2","","","","keyboard","digit#2 off","{""value"":2,""note"":""digit#2 off"",""pd_used"":0}","2","0.016667","60.000000","1","",""
"Sergio_G01_CNS-LLF5RV3D8","cpeeg02","ses02","20260511_125107","2026-05-11 12:51:47.579060","NaN","4","probe","POSTDIG_FIX2_ON","152","2026-05-11 12:57:25.245244","337.624091","2.043838","","","","","","keyboard","after digit#2","{""note"":""after digit#2""}","2","0.016667","60.000000","1","",""
"Sergio_G01_CNS-LLF5RV3D8","cpeeg02","ses02","20260511_125107","2026-05-11 12:51:47.579060","NaN","4","probe","POSTDIG_FIX2_OFF","157","2026-05-11 12:57:27.288755","339.667928","0.046134","","","","","","keyboard","after digit#2","{""note"":""after digit#2"",""pd_used"":0}","2","0.016667","60.000000","1","",""
"Sergio_G01_CNS-LLF5RV3D8","cpeeg02","ses02","20260511_125107","2026-05-11 12:51:47.579060","NaN","4","probe","DIGIT_RECALL_LINE_3","163","2026-05-11 12:57:27.340200","339.714062","1.515771","","3","","","","keyboard","next recall question","{""value"":3,""note"":""next recall question"",""pd_used"":1}","2","0.016667","60.000000","1","",""
"Sergio_G01_CNS-LLF5RV3D8","cpeeg02","ses02","20260511_125107","2026-05-11 12:51:47.579060","NaN","4","probe","PROBE_DIGIT_OK_3","71","2026-05-11 12:57:29.426656","341.229833","0.724480","11.380395","slot#3","2","0","","keyboard","probe_digit#3","{""value"":""slot#3"",""entered"":2,""rt"":11.380394599997089,""note"":""probe_digit#3""}","2","0.016667","60.000000","1","1.4591",""
"Sergio_G01_CNS-LLF5RV3D8","cpeeg02","ses02","20260511_125107","2026-05-11 12:51:47.579060","NaN","4","probe","DIGIT3_OFF","148","2026-05-11 12:57:29.574795","341.954313","0.000000","","2","","","","keyboard","digit#3 off","{""value"":2,""note"":""digit#3 off"",""pd_used"":0}","2","0.016667","60.000000","1","",""
"Sergio_G01_CNS-LLF5RV3D8","cpeeg02","ses02","20260511_125107","2026-05-11 12:51:47.579060","NaN","4","probe","POSTDIG_FIX3_ON","153","2026-05-11 12:57:29.575565","341.954313","1.613859","","","","","","keyboard","after digit#3","{""note"":""after digit#3""}","2","0.016667","60.000000","1","",""
"Sergio_G01_CNS-LLF5RV3D8","cpeeg02","ses02","20260511_125107","2026-05-11 12:51:47.579060","NaN","4","probe","POSTDIG_FIX3_OFF","158","2026-05-11 12:57:31.189379","343.568172","0.046754","","","","","","keyboard","after digit#3","{""note"":""after digit#3"",""pd_used"":0}","2","0.016667","60.000000","1","",""
"Sergio_G01_CNS-LLF5RV3D8","cpeeg02","ses02","20260511_125107","2026-05-11 12:51:47.579060","NaN","4","probe","DIGIT_RECALL_LINE_4","164","2026-05-11 12:57:31.240549","343.614926","4.327906","","4","","","","keyboard","next recall question","{""value"":4,""note"":""next recall question"",""pd_used"":1}","2","0.016667","60.000000","1","",""
"Sergio_G01_CNS-LLF5RV3D8","cpeeg02","ses02","20260511_125107","2026-05-11 12:51:47.579060","NaN","4","probe","PROBE_DIGIT_OK_4","71","2026-05-11 12:57:36.247413","347.942831","0.832996","18.093393","slot#4","3","1","","keyboard","probe_digit#4","{""value"":""slot#4"",""entered"":3,""rt"":18.093393199997081,""note"":""probe_digit#4""}","2","0.016667","60.000000","1","2.1365",""
"Sergio_G01_CNS-LLF5RV3D8","cpeeg02","ses02","20260511_125107","2026-05-11 12:51:47.579060","NaN","4","probe","DIGIT4_OFF","149","2026-05-11 12:57:36.396358","348.775827","0.000000","","2","","","","keyboard","digit#4 off","{""value"":2,""note"":""digit#4 off"",""pd_used"":0}","2","0.016667","60.000000","1","",""
"Sergio_G01_CNS-LLF5RV3D8","cpeeg02","ses02","20260511_125107","2026-05-11 12:51:47.579060","NaN","4","probe","POSTDIG_FIX4_ON","154","2026-05-11 12:57:36.397105","348.775827","1.819577","","","","","","keyboard","after digit#4","{""note"":""after digit#4""}","2","0.016667","60.000000","1","",""
"Sergio_G01_CNS-LLF5RV3D8","cpeeg02","ses02","20260511_125107","2026-05-11 12:51:47.579060","NaN","4","probe","POSTDIG_FIX4_OFF","159","2026-05-11 12:57:38.215983","350.595404","0.045974","","","","","","keyboard","after digit#4","{""note"":""after digit#4"",""pd_used"":0}","2","0.016667","60.000000","1","",""
"Sergio_G01_CNS-LLF5RV3D8","cpeeg02","ses02","20260511_125107","2026-05-11 12:51:47.579060","NaN","4","probe","DIGIT_RECALL_LINE_5","165","2026-05-11 12:57:38.267280","350.641378","1.637997","","5","","","","keyboard","next recall question","{""value"":5,""note"":""next recall question"",""pd_used"":1}","2","0.016667","60.000000","1","",""
"Sergio_G01_CNS-LLF5RV3D8","cpeeg02","ses02","20260511_125107","2026-05-11 12:51:47.579060","NaN","4","probe","PROBE_DIGIT_OK_5","71","2026-05-11 12:57:40.482866","352.279375","0.724423","22.429937","slot#5","7","0","","keyboard","probe_digit#5","{""value"":""slot#5"",""entered"":7,""rt"":22.429937199995038,""note"":""probe_digit#5""}","2","0.016667","60.000000","1","1.5783",""
"Sergio_G01_CNS-LLF5RV3D8","cpeeg02","ses02","20260511_125107","2026-05-11 12:51:47.579060","NaN","4","probe","DIGIT5_OFF","150","2026-05-11 12:57:40.624587","353.003798","0.000000","","2","","","","keyboard","digit#5 off","{""value"":2,""note"":""digit#5 off"",""pd_used"":0}","2","0.016667","60.000000","1","",""
"Sergio_G01_CNS-LLF5RV3D8","cpeeg02","ses02","20260511_125107","2026-05-11 12:51:47.579060","NaN","4","probe","POSTDIG_FIX5_ON","155","2026-05-11 12:57:40.625343","353.003798","3.337454","","","","","","keyboard","after digit#5","{""note"":""after digit#5""}","2","0.016667","60.000000","1","",""
"Sergio_G01_CNS-LLF5RV3D8","cpeeg02","ses02","20260511_125107","2026-05-11 12:51:47.579060","NaN","4","probe","POSTDIG_FIX5_OFF","160","2026-05-11 12:57:43.962049","356.341252","0.044248","","","","","","keyboard","after digit#5","{""note"":""after digit#5"",""pd_used"":0}","2","0.016667","60.000000","1","",""
"Sergio_G01_CNS-LLF5RV3D8","cpeeg02","ses02","20260511_125107","2026-05-11 12:51:47.579060","NaN","4","probe","PROBE_DONE","73","2026-05-11 12:57:43.964420","356.385500","0.000935","","","","","","keyboard","probe complete","{""value"":"""",""note"":""probe complete""}","2","0.016667","60.000000","1","",""
"Sergio_G01_CNS-LLF5RV3D8","cpeeg02","ses02","20260511_125107","2026-05-11 12:51:47.579060","NaN","4","probe","TRIAL_END","21","2026-05-11 12:57:43.965320","356.386435","0.112601","","","","","","keyboard","","{}","2","0.016667","60.000000","1","",""
"Sergio_G01_CNS-LLF5RV3D8","cpeeg02","ses02","20260511_125107","2026-05-11 12:51:47.579060","NaN","5","probe","TRIAL_CHANGE","22","2026-05-11 12:57:44.077976","356.499036","0.001265","","","","","","keyboard","trial transition","{""note"":""trial transition""}","2","0.016667","60.000000","1","",""
"Sergio_G01_CNS-LLF5RV3D8","cpeeg02","ses02","20260511_125107","2026-05-11 12:51:47.579060","NaN","5","probe","TRIAL_START","20","2026-05-11 12:57:44.079145","356.500301","0.043361","","","","","","keyboard","","{}","2","0.016667","60.000000","1","",""
"Sergio_G01_CNS-LLF5RV3D8","cpeeg02","ses02","20260511_125107","2026-05-11 12:51:47.579060","NaN","5","fix1","FIX1_ON","30","2026-05-11 12:57:44.172872","356.543661","3.370820","","","","","","keyboard","","{""pd_used"":0}","2","0.016667","60.000000","1","",""
"Sergio_G01_CNS-LLF5RV3D8","cpeeg02","ses02","20260511_125107","2026-05-11 12:51:47.579060","NaN","5","fix1","FIX1_OFF","31","2026-05-11 12:57:47.535200","359.914481","0.044101","","","","","","keyboard","","{""pd_used"":0}","2","0.016667","60.000000","1","",""
"Sergio_G01_CNS-LLF5RV3D8","cpeeg02","ses02","20260511_125107","2026-05-11 12:51:47.579060","NaN","5","digit","DIGIT1_ON","141","2026-05-11 12:57:47.586548","359.958583","0.551476","","3","","","","keyboard","digit#1 shown","{""value"":3,""note"":""digit#1 shown"",""pd_used"":1}","2","0.016667","60.000000","1","","1"
"Sergio_G01_CNS-LLF5RV3D8","cpeeg02","ses02","20260511_125107","2026-05-11 12:51:47.579060","NaN","5","digit","DIGIT1_OFF","146","2026-05-11 12:57:48.130787","360.510058","0.000000","","3","","","","keyboard","digit#1 off","{""value"":3,""note"":""digit#1 off"",""pd_used"":0}","2","0.016667","60.000000","1","",""
"Sergio_G01_CNS-LLF5RV3D8","cpeeg02","ses02","20260511_125107","2026-05-11 12:51:47.579060","NaN","5","digit","POSTDIG_FIX1_ON","151","2026-05-11 12:57:48.131561","360.510058","1.809433","","","","","","keyboard","after digit#1","{""note"":""after digit#1""}","2","0.016667","60.000000","1","",""
"Sergio_G01_CNS-LLF5RV3D8","cpeeg02","ses02","20260511_125107","2026-05-11 12:51:47.579060","NaN","5","digit","POSTDIG_FIX1_OFF","156","2026-05-11 12:57:49.940163","362.319491","0.044025","","","","","","keyboard","after digit#1","{""note"":""after digit#1"",""pd_used"":0}","2","0.016667","60.000000","1","",""
"Sergio_G01_CNS-LLF5RV3D8","cpeeg02","ses02","20260511_125107","2026-05-11 12:51:47.579060","NaN","5","digit","DIGIT2_ON","142","2026-05-11 12:57:49.991353","362.363516","0.551330","","3","","","","keyboard","digit#2 shown","{""value"":3,""note"":""digit#2 shown"",""pd_used"":1}","2","0.016667","60.000000","1","","1"
"Sergio_G01_CNS-LLF5RV3D8","cpeeg02","ses02","20260511_125107","2026-05-11 12:51:47.579060","NaN","5","digit","DIGIT2_OFF","147","2026-05-11 12:57:50.535575","362.914846","0.000000","","3","","","","keyboard","digit#2 off","{""value"":3,""note"":""digit#2 off"",""pd_used"":0}","2","0.016667","60.000000","1","",""
"Sergio_G01_CNS-LLF5RV3D8","cpeeg02","ses02","20260511_125107","2026-05-11 12:51:47.579060","NaN","5","digit","POSTDIG_FIX2_ON","152","2026-05-11 12:57:50.536409","362.914846","1.708908","","","","","","keyboard","after digit#2","{""note"":""after digit#2""}","2","0.016667","60.000000","1","",""
"Sergio_G01_CNS-LLF5RV3D8","cpeeg02","ses02","20260511_125107","2026-05-11 12:51:47.579060","NaN","5","digit","POSTDIG_FIX2_OFF","157","2026-05-11 12:57:52.244306","364.623754","0.044312","","","","","","keyboard","after digit#2","{""note"":""after digit#2"",""pd_used"":0}","2","0.016667","60.000000","1","",""
"Sergio_G01_CNS-LLF5RV3D8","cpeeg02","ses02","20260511_125107","2026-05-11 12:51:47.579060","NaN","5","digit","DIGIT3_ON","143","2026-05-11 12:57:52.295406","364.668065","0.550743","","4","","","","keyboard","digit#3 shown","{""value"":4,""note"":""digit#3 shown"",""pd_used"":1}","2","0.016667","60.000000","1","","1"
"Sergio_G01_CNS-LLF5RV3D8","cpeeg02","ses02","20260511_125107","2026-05-11 12:51:47.579060","NaN","5","digit","DIGIT3_OFF","148","2026-05-11 12:57:52.839340","365.218808","0.000000","","4","","","","keyboard","digit#3 off","{""value"":4,""note"":""digit#3 off"",""pd_used"":0}","2","0.016667","60.000000","1","",""
"Sergio_G01_CNS-LLF5RV3D8","cpeeg02","ses02","20260511_125107","2026-05-11 12:51:47.579060","NaN","5","digit","POSTDIG_FIX3_ON","153","2026-05-11 12:57:52.840103","365.218808","1.728991","","","","","","keyboard","after digit#3","{""note"":""after digit#3""}","2","0.016667","60.000000","1","",""
"Sergio_G01_CNS-LLF5RV3D8","cpeeg02","ses02","20260511_125107","2026-05-11 12:51:47.579060","NaN","5","digit","POSTDIG_FIX3_OFF","158","2026-05-11 12:57:54.568336","366.947799","0.043675","","","","","","keyboard","after digit#3","{""note"":""after digit#3"",""pd_used"":0}","2","0.016667","60.000000","1","",""
"Sergio_G01_CNS-LLF5RV3D8","cpeeg02","ses02","20260511_125107","2026-05-11 12:51:47.579060","NaN","5","digit","DIGIT4_ON","144","2026-05-11 12:57:54.619468","366.991474","0.551345","","2","","","","keyboard","digit#4 shown","{""value"":2,""note"":""digit#4 shown"",""pd_used"":1}","2","0.016667","60.000000","1","","0"
"Sergio_G01_CNS-LLF5RV3D8","cpeeg02","ses02","20260511_125107","2026-05-11 12:51:47.579060","NaN","5","digit","DIGIT4_OFF","149","2026-05-11 12:57:55.163262","367.542820","0.000000","","2","","","","keyboard","digit#4 off","{""value"":2,""note"":""digit#4 off"",""pd_used"":0}","2","0.016667","60.000000","1","",""
"Sergio_G01_CNS-LLF5RV3D8","cpeeg02","ses02","20260511_125107","2026-05-11 12:51:47.579060","NaN","5","digit","POSTDIG_FIX4_ON","154","2026-05-11 12:57:55.164009","367.542820","1.745748","","","","","","keyboard","after digit#4","{""note"":""after digit#4""}","2","0.016667","60.000000","1","",""
"Sergio_G01_CNS-LLF5RV3D8","cpeeg02","ses02","20260511_125107","2026-05-11 12:51:47.579060","NaN","5","digit","POSTDIG_FIX4_OFF","159","2026-05-11 12:57:56.909501","369.288568","0.044472","","","","","","keyboard","after digit#4","{""note"":""after digit#4"",""pd_used"":0}","2","0.016667","60.000000","1","",""
"Sergio_G01_CNS-LLF5RV3D8","cpeeg02","ses02","20260511_125107","2026-05-11 12:51:47.579060","NaN","5","digit","DIGIT5_ON","145","2026-05-11 12:57:56.960799","369.333040","0.551106","","3","","","","keyboard","digit#5 shown","{""value"":3,""note"":""digit#5 shown"",""pd_used"":1}","2","0.016667","60.000000","1","","0"
"Sergio_G01_CNS-LLF5RV3D8","cpeeg02","ses02","20260511_125107","2026-05-11 12:51:47.579060","NaN","5","digit","DIGIT5_OFF","150","2026-05-11 12:57:57.504686","369.884147","0.000000","","3","","","","keyboard","digit#5 off","{""value"":3,""note"":""digit#5 off"",""pd_used"":0}","2","0.016667","60.000000","1","",""
"Sergio_G01_CNS-LLF5RV3D8","cpeeg02","ses02","20260511_125107","2026-05-11 12:51:47.579060","NaN","5","digit","POSTDIG_FIX5_ON","155","2026-05-11 12:57:57.505508","369.884147","3.136048","","","","","","keyboard","after digit#5","{""note"":""after digit#5""}","2","0.016667","60.000000","1","",""
"Sergio_G01_CNS-LLF5RV3D8","cpeeg02","ses02","20260511_125107","2026-05-11 12:51:47.579060","NaN","5","digit","POSTDIG_FIX5_OFF","160","2026-05-11 12:58:00.640758","373.020195","0.043982","","","","","","keyboard","after digit#5","{""note"":""after digit#5"",""pd_used"":0}","2","0.016667","60.000000","1","",""
"Sergio_G01_CNS-LLF5RV3D8","cpeeg02","ses02","20260511_125107","2026-05-11 12:51:47.579060","NaN","5","distractor","DISTRACTOR_ON","50","2026-05-11 12:58:00.691924","373.064177","3.348562","","9+5=14","","","","keyboard","","{""value"":""9+5=14"",""isCorrectTruth"":true,""trueSum"":14,""pd_used"":1}","2","0.016667","60.000000","1","",""
"Sergio_G01_CNS-LLF5RV3D8","cpeeg02","ses02","20260511_125107","2026-05-11 12:51:47.579060","NaN","5","distractor","DISTRACTOR_ANS","51","2026-05-11 12:58:04.553089","376.412739","0.000000","3.348562","9+5=14","F","0","","keyboard","key= (False)","{""value"":""9+5=14"",""entered"":""F"",""rt"":3.3485619000057341,""correct"":0,""note"":""key= (False)"",""truth"":true,""trueSum"":14,""shownSum"":14,""a"":9,""b"":5}","2","0.016667","60.000000","1","3.2377",""
"Sergio_G01_CNS-LLF5RV3D8","cpeeg02","ses02","20260511_125107","2026-05-11 12:51:47.579060","NaN","5","distractor","ANS_WRONG","200","2026-05-11 12:58:04.595887","376.412739","0.606592","","","","","","keyboard","","{}","2","0.016667","60.000000","1","",""
"Sergio_G01_CNS-LLF5RV3D8","cpeeg02","ses02","20260511_125107","2026-05-11 12:51:47.579060","NaN","5","distractor","DISTRACTOR_OFF","52","2026-05-11 12:58:04.647038","377.019331","0.000000","","","","","","keyboard","","{""pd_used"":0}","2","0.016667","60.000000","1","",""
"Sergio_G01_CNS-LLF5RV3D8","cpeeg02","ses02","20260511_125107","2026-05-11 12:51:47.579060","NaN","5","distractor","FIX2_ON","60","2026-05-11 12:58:04.647715","377.019331","3.549032","","","","","","keyboard","immediate after response","{""note"":""immediate after response""}","2","0.016667","60.000000","1","",""
"Sergio_G01_CNS-LLF5RV3D8","cpeeg02","ses02","20260511_125107","2026-05-11 12:51:47.579060","NaN","5","fix2","FIX2_OFF","61","2026-05-11 12:58:08.189229","380.568363","0.044153","","","","","","keyboard","","{""pd_used"":0}","2","0.016667","60.000000","1","",""
"Sergio_G01_CNS-LLF5RV3D8","cpeeg02","ses02","20260511_125107","2026-05-11 12:51:47.579060","NaN","5","probe","DIGIT_RECALL_LINE_1","161","2026-05-11 12:58:08.240383","380.612516","1.607352","","1","","","","keyboard","first recall question","{""value"":1,""note"":""first recall question"",""pd_used"":1}","2","0.016667","60.000000","1","",""
"Sergio_G01_CNS-LLF5RV3D8","cpeeg02","ses02","20260511_125107","2026-05-11 12:51:47.579060","NaN","5","probe","PROBE_DIGIT_OK_1","71","2026-05-11 12:58:10.332829","382.219868","0.647296","1.608561","slot#1","3","1","","keyboard","probe_digit#1","{""value"":""slot#1"",""entered"":3,""rt"":1.6085609000001568,""note"":""probe_digit#1""}","2","0.016667","60.000000","1","1.5584",""
"Sergio_G01_CNS-LLF5RV3D8","cpeeg02","ses02","20260511_125107","2026-05-11 12:51:47.579060","NaN","5","probe","DIGIT1_OFF","146","2026-05-11 12:58:10.487858","382.867164","0.000000","","3","","","","keyboard","digit#1 off","{""value"":3,""note"":""digit#1 off"",""pd_used"":0}","2","0.016667","60.000000","1","",""
"Sergio_G01_CNS-LLF5RV3D8","cpeeg02","ses02","20260511_125107","2026-05-11 12:51:47.579060","NaN","5","probe","POSTDIG_FIX1_ON","151","2026-05-11 12:58:10.488625","382.867164","1.729790","","","","","","keyboard","after digit#1","{""note"":""after digit#1""}","2","0.016667","60.000000","1","",""
"Sergio_G01_CNS-LLF5RV3D8","cpeeg02","ses02","20260511_125107","2026-05-11 12:51:47.579060","NaN","5","probe","POSTDIG_FIX1_OFF","156","2026-05-11 12:58:12.217520","384.596955","0.046136","","","","","","keyboard","after digit#1","{""note"":""after digit#1"",""pd_used"":0}","2","0.016667","60.000000","1","",""
"Sergio_G01_CNS-LLF5RV3D8","cpeeg02","ses02","20260511_125107","2026-05-11 12:51:47.579060","NaN","5","probe","DIGIT_RECALL_LINE_2","162","2026-05-11 12:58:12.268946","384.643091","1.556114","","2","","","","keyboard","next recall question","{""value"":2,""note"":""next recall question"",""pd_used"":1}","2","0.016667","60.000000","1","",""
"Sergio_G01_CNS-LLF5RV3D8","cpeeg02","ses02","20260511_125107","2026-05-11 12:51:47.579060","NaN","5","probe","PROBE_DIGIT_OK_2","71","2026-05-11 12:58:14.414560","386.199205","0.753391","5.587898","slot#2","3","1","","keyboard","probe_digit#2","{""value"":""slot#2"",""entered"":3,""rt"":5.5878975000014179,""note"":""probe_digit#2""}","2","0.016667","60.000000","1","1.5016",""
"Sergio_G01_CNS-LLF5RV3D8","cpeeg02","ses02","20260511_125107","2026-05-11 12:51:47.579060","NaN","5","probe","DIGIT2_OFF","147","2026-05-11 12:58:14.573020","386.952595","0.000000","","3","","","","keyboard","digit#2 off","{""value"":3,""note"":""digit#2 off"",""pd_used"":0}","2","0.016667","60.000000","1","",""
"Sergio_G01_CNS-LLF5RV3D8","cpeeg02","ses02","20260511_125107","2026-05-11 12:51:47.579060","NaN","5","probe","POSTDIG_FIX2_ON","152","2026-05-11 12:58:14.573792","386.952595","1.941135","","","","","","keyboard","after digit#2","{""note"":""after digit#2""}","2","0.016667","60.000000","1","",""
"Sergio_G01_CNS-LLF5RV3D8","cpeeg02","ses02","20260511_125107","2026-05-11 12:51:47.579060","NaN","5","probe","POSTDIG_FIX2_OFF","157","2026-05-11 12:58:16.514196","388.893730","0.045792","","","","","","keyboard","after digit#2","{""note"":""after digit#2"",""pd_used"":0}","2","0.016667","60.000000","1","",""
"Sergio_G01_CNS-LLF5RV3D8","cpeeg02","ses02","20260511_125107","2026-05-11 12:51:47.579060","NaN","5","probe","DIGIT_RECALL_LINE_3","163","2026-05-11 12:58:16.565329","388.939522","1.183756","","3","","","","keyboard","next recall question","{""value"":3,""note"":""next recall question"",""pd_used"":1}","2","0.016667","60.000000","1","",""
"Sergio_G01_CNS-LLF5RV3D8","cpeeg02","ses02","20260511_125107","2026-05-11 12:51:47.579060","NaN","5","probe","PROBE_DIGIT_OK_3","71","2026-05-11 12:58:18.346041","390.123277","0.745857","9.511970","slot#3","4","1","","keyboard","probe_digit#3","{""value"":""slot#3"",""entered"":4,""rt"":9.51196990000608,""note"":""probe_digit#3""}","2","0.016667","60.000000","1","1.0943",""
"Sergio_G01_CNS-LLF5RV3D8","cpeeg02","ses02","20260511_125107","2026-05-11 12:51:47.579060","NaN","5","probe","DIGIT3_OFF","148","2026-05-11 12:58:18.489967","390.869134","0.000000","","3","","","","keyboard","digit#3 off","{""value"":3,""note"":""digit#3 off"",""pd_used"":0}","2","0.016667","60.000000","1","",""
"Sergio_G01_CNS-LLF5RV3D8","cpeeg02","ses02","20260511_125107","2026-05-11 12:51:47.579060","NaN","5","probe","POSTDIG_FIX3_ON","153","2026-05-11 12:58:18.490717","390.869134","1.642800","","","","","","keyboard","after digit#3","{""note"":""after digit#3""}","2","0.016667","60.000000","1","",""
"Sergio_G01_CNS-LLF5RV3D8","cpeeg02","ses02","20260511_125107","2026-05-11 12:51:47.579060","NaN","5","probe","POSTDIG_FIX3_OFF","158","2026-05-11 12:58:20.132427","392.511935","0.045892","","","","","","keyboard","after digit#3","{""note"":""after digit#3"",""pd_used"":0}","2","0.016667","60.000000","1","",""
"Sergio_G01_CNS-LLF5RV3D8","cpeeg02","ses02","20260511_125107","2026-05-11 12:51:47.579060","NaN","5","probe","DIGIT_RECALL_LINE_4","164","2026-05-11 12:58:20.183811","392.557827","0.780257","","4","","","","keyboard","next recall question","{""value"":4,""note"":""next recall question"",""pd_used"":1}","2","0.016667","60.000000","1","",""
"Sergio_G01_CNS-LLF5RV3D8","cpeeg02","ses02","20260511_125107","2026-05-11 12:51:47.579060","NaN","5","probe","PROBE_DIGIT_OK_4","71","2026-05-11 12:58:21.582322","393.338084","0.774942","12.726776","slot#4","3","0","","keyboard","probe_digit#4","{""value"":""slot#4"",""entered"":3,""rt"":12.726776200004679,""note"":""probe_digit#4""}","2","0.016667","60.000000","1","0.73225",""
"Sergio_G01_CNS-LLF5RV3D8","cpeeg02","ses02","20260511_125107","2026-05-11 12:51:47.579060","NaN","5","probe","DIGIT4_OFF","149","2026-05-11 12:58:21.733802","394.113025","0.000000","","3","","","","keyboard","digit#4 off","{""value"":3,""note"":""digit#4 off"",""pd_used"":0}","2","0.016667","60.000000","1","",""
"Sergio_G01_CNS-LLF5RV3D8","cpeeg02","ses02","20260511_125107","2026-05-11 12:51:47.579060","NaN","5","probe","POSTDIG_FIX4_ON","154","2026-05-11 12:58:21.734549","394.113025","1.945327","","","","","","keyboard","after digit#4","{""note"":""after digit#4""}","2","0.016667","60.000000","1","",""
"Sergio_G01_CNS-LLF5RV3D8","cpeeg02","ses02","20260511_125107","2026-05-11 12:51:47.579060","NaN","5","probe","POSTDIG_FIX4_OFF","159","2026-05-11 12:58:23.678744","396.058352","0.045740","","","","","","keyboard","after digit#4","{""note"":""after digit#4"",""pd_used"":0}","2","0.016667","60.000000","1","",""
"Sergio_G01_CNS-LLF5RV3D8","cpeeg02","ses02","20260511_125107","2026-05-11 12:51:47.579060","NaN","5","probe","DIGIT_RECALL_LINE_5","165","2026-05-11 12:58:23.729943","396.104093","4.359440","","5","","","","keyboard","next recall question","{""value"":5,""note"":""next recall question"",""pd_used"":1}","2","0.016667","60.000000","1","",""
"Sergio_G01_CNS-LLF5RV3D8","cpeeg02","ses02","20260511_125107","2026-05-11 12:51:47.579060","NaN","5","probe","PROBE_DIGIT_OK_5","71","2026-05-11 12:58:28.619895","400.463533","0.683209","19.852225","slot#5","5","0","","keyboard","probe_digit#5","{""value"":""slot#5"",""entered"":5,""rt"":19.852225400005409,""note"":""probe_digit#5""}","2","0.016667","60.000000","1","4.2728",""
"Sergio_G01_CNS-LLF5RV3D8","cpeeg02","ses02","20260511_125107","2026-05-11 12:51:47.579060","NaN","5","probe","DIGIT5_OFF","150","2026-05-11 12:58:28.767673","401.146742","0.000000","","3","","","","keyboard","digit#5 off","{""value"":3,""note"":""digit#5 off"",""pd_used"":0}","2","0.016667","60.000000","1","",""
"Sergio_G01_CNS-LLF5RV3D8","cpeeg02","ses02","20260511_125107","2026-05-11 12:51:47.579060","NaN","5","probe","POSTDIG_FIX5_ON","155","2026-05-11 12:58:28.768478","401.146742","3.170589","","","","","","keyboard","after digit#5","{""note"":""after digit#5""}","2","0.016667","60.000000","1","",""
"Sergio_G01_CNS-LLF5RV3D8","cpeeg02","ses02","20260511_125107","2026-05-11 12:51:47.579060","NaN","5","probe","POSTDIG_FIX5_OFF","160","2026-05-11 12:58:31.937872","404.317330","0.043416","","","","","","keyboard","after digit#5","{""note"":""after digit#5"",""pd_used"":0}","2","0.016667","60.000000","1","",""
"Sergio_G01_CNS-LLF5RV3D8","cpeeg02","ses02","20260511_125107","2026-05-11 12:51:47.579060","NaN","5","probe","PROBE_DONE","73","2026-05-11 12:58:31.939520","404.360746","0.000697","","","","","","keyboard","probe complete","{""value"":"""",""note"":""probe complete""}","2","0.016667","60.000000","1","",""
"Sergio_G01_CNS-LLF5RV3D8","cpeeg02","ses02","20260511_125107","2026-05-11 12:51:47.579060","NaN","5","probe","TRIAL_END","21","2026-05-11 12:58:31.940087","404.361443","0.109885","","","","","","keyboard","","{}","2","0.016667","60.000000","1","",""
"Sergio_G01_CNS-LLF5RV3D8","cpeeg02","ses02","20260511_125107","2026-05-11 12:51:47.579060","NaN","6","probe","TRIAL_CHANGE","22","2026-05-11 12:58:32.050274","404.471328","0.001153","","","","","","keyboard","trial transition","{""note"":""trial transition""}","2","0.016667","60.000000","1","",""
"Sergio_G01_CNS-LLF5RV3D8","cpeeg02","ses02","20260511_125107","2026-05-11 12:51:47.579060","NaN","6","probe","TRIAL_START","20","2026-05-11 12:58:32.051454","404.472481","0.043739","","","","","","keyboard","","{}","2","0.016667","60.000000","1","",""
"Sergio_G01_CNS-LLF5RV3D8","cpeeg02","ses02","20260511_125107","2026-05-11 12:51:47.579060","NaN","6","fix1","FIX1_ON","30","2026-05-11 12:58:32.145369","404.516220","3.522173","","","","","","keyboard","","{""pd_used"":0}","2","0.016667","60.000000","1","",""
"Sergio_G01_CNS-LLF5RV3D8","cpeeg02","ses02","20260511_125107","2026-05-11 12:51:47.579060","NaN","6","fix1","FIX1_OFF","31","2026-05-11 12:58:35.658939","408.038393","0.043848","","","","","","keyboard","","{""pd_used"":0}","2","0.016667","60.000000","1","",""
"Sergio_G01_CNS-LLF5RV3D8","cpeeg02","ses02","20260511_125107","2026-05-11 12:51:47.579060","NaN","6","digit","DIGIT1_ON","141","2026-05-11 12:58:35.710391","408.082242","0.551650","","3","","","","keyboard","digit#1 shown","{""value"":3,""note"":""digit#1 shown"",""pd_used"":1}","2","0.016667","60.000000","1","","1"
"Sergio_G01_CNS-LLF5RV3D8","cpeeg02","ses02","20260511_125107","2026-05-11 12:51:47.579060","NaN","6","digit","DIGIT1_OFF","146","2026-05-11 12:58:36.254501","408.633892","0.000000","","3","","","","keyboard","digit#1 off","{""value"":3,""note"":""digit#1 off"",""pd_used"":0}","2","0.016667","60.000000","1","",""
"Sergio_G01_CNS-LLF5RV3D8","cpeeg02","ses02","20260511_125107","2026-05-11 12:51:47.579060","NaN","6","digit","POSTDIG_FIX1_ON","151","2026-05-11 12:58:36.255255","408.633892","1.551370","","","","","","keyboard","after digit#1","{""note"":""after digit#1""}","2","0.016667","60.000000","1","",""
"Sergio_G01_CNS-LLF5RV3D8","cpeeg02","ses02","20260511_125107","2026-05-11 12:51:47.579060","NaN","6","digit","POSTDIG_FIX1_OFF","156","2026-05-11 12:58:37.805831","410.185262","0.043966","","","","","","keyboard","after digit#1","{""note"":""after digit#1"",""pd_used"":0}","2","0.016667","60.000000","1","",""
"Sergio_G01_CNS-LLF5RV3D8","cpeeg02","ses02","20260511_125107","2026-05-11 12:51:47.579060","NaN","6","digit","DIGIT2_ON","142","2026-05-11 12:58:37.857175","410.229228","0.551399","","1","","","","keyboard","digit#2 shown","{""value"":1,""note"":""digit#2 shown"",""pd_used"":1}","2","0.016667","60.000000","1","","0"
"Sergio_G01_CNS-LLF5RV3D8","cpeeg02","ses02","20260511_125107","2026-05-11 12:51:47.579060","NaN","6","digit","DIGIT2_OFF","147","2026-05-11 12:58:38.401041","410.780627","0.000000","","1","","","","keyboard","digit#2 off","{""value"":1,""note"":""digit#2 off"",""pd_used"":0}","2","0.016667","60.000000","1","",""
"Sergio_G01_CNS-LLF5RV3D8","cpeeg02","ses02","20260511_125107","2026-05-11 12:51:47.579060","NaN","6","digit","POSTDIG_FIX2_ON","152","2026-05-11 12:58:38.401814","410.780627","1.570122","","","","","","keyboard","after digit#2","{""note"":""after digit#2""}","2","0.016667","60.000000","1","",""
"Sergio_G01_CNS-LLF5RV3D8","cpeeg02","ses02","20260511_125107","2026-05-11 12:51:47.579060","NaN","6","digit","POSTDIG_FIX2_OFF","157","2026-05-11 12:58:39.971362","412.350749","0.043932","","","","","","keyboard","after digit#2","{""note"":""after digit#2"",""pd_used"":0}","2","0.016667","60.000000","1","",""
"Sergio_G01_CNS-LLF5RV3D8","cpeeg02","ses02","20260511_125107","2026-05-11 12:51:47.579060","NaN","6","digit","DIGIT3_ON","143","2026-05-11 12:58:40.022450","412.394680","0.551154","","5","","","","keyboard","digit#3 shown","{""value"":5,""note"":""digit#3 shown"",""pd_used"":1}","2","0.016667","60.000000","1","","1"
"Sergio_G01_CNS-LLF5RV3D8","cpeeg02","ses02","20260511_125107","2026-05-11 12:51:47.579060","NaN","6","digit","DIGIT3_OFF","148","2026-05-11 12:58:40.566756","412.945835","0.000000","","5","","","","keyboard","digit#3 off","{""value"":5,""note"":""digit#3 off"",""pd_used"":0}","2","0.016667","60.000000","1","",""
"Sergio_G01_CNS-LLF5RV3D8","cpeeg02","ses02","20260511_125107","2026-05-11 12:51:47.579060","NaN","6","digit","POSTDIG_FIX3_ON","153","2026-05-11 12:58:40.567526","412.945835","1.717742","","","","","","keyboard","after digit#3","{""note"":""after digit#3""}","2","0.016667","60.000000","1","",""
"Sergio_G01_CNS-LLF5RV3D8","cpeeg02","ses02","20260511_125107","2026-05-11 12:51:47.579060","NaN","6","digit","POSTDIG_FIX3_OFF","158","2026-05-11 12:58:42.284199","414.663576","0.043971","","","","","","keyboard","after digit#3","{""note"":""after digit#3"",""pd_used"":0}","2","0.016667","60.000000","1","",""
"Sergio_G01_CNS-LLF5RV3D8","cpeeg02","ses02","20260511_125107","2026-05-11 12:51:47.579060","NaN","6","digit","DIGIT4_ON","144","2026-05-11 12:58:42.335527","414.707547","0.551290","","4","","","","keyboard","digit#4 shown","{""value"":4,""note"":""digit#4 shown"",""pd_used"":1}","2","0.016667","60.000000","1","","0"
"Sergio_G01_CNS-LLF5RV3D8","cpeeg02","ses02","20260511_125107","2026-05-11 12:51:47.579060","NaN","6","digit","DIGIT4_OFF","149","2026-05-11 12:58:42.879567","415.258836","0.000000","","4","","","","keyboard","digit#4 off","{""value"":4,""note"":""digit#4 off"",""pd_used"":0}","2","0.016667","60.000000","1","",""
"Sergio_G01_CNS-LLF5RV3D8","cpeeg02","ses02","20260511_125107","2026-05-11 12:51:47.579060","NaN","6","digit","POSTDIG_FIX4_ON","154","2026-05-11 12:58:42.880381","415.258836","1.878580","","","","","","keyboard","after digit#4","{""note"":""after digit#4""}","2","0.016667","60.000000","1","",""
"Sergio_G01_CNS-LLF5RV3D8","cpeeg02","ses02","20260511_125107","2026-05-11 12:51:47.579060","NaN","6","digit","POSTDIG_FIX4_OFF","159","2026-05-11 12:58:44.758042","417.137416","0.043822","","","","","","keyboard","after digit#4","{""note"":""after digit#4"",""pd_used"":0}","2","0.016667","60.000000","1","",""
"Sergio_G01_CNS-LLF5RV3D8","cpeeg02","ses02","20260511_125107","2026-05-11 12:51:47.579060","NaN","6","digit","DIGIT5_ON","145","2026-05-11 12:58:44.809288","417.181238","0.551893","","9","","","","keyboard","digit#5 shown","{""value"":9,""note"":""digit#5 shown"",""pd_used"":1}","2","0.016667","60.000000","1","","0"
"Sergio_G01_CNS-LLF5RV3D8","cpeeg02","ses02","20260511_125107","2026-05-11 12:51:47.579060","NaN","6","digit","DIGIT5_OFF","150","2026-05-11 12:58:45.353979","417.733131","0.000000","","9","","","","keyboard","digit#5 off","{""value"":9,""note"":""digit#5 off"",""pd_used"":0}","2","0.016667","60.000000","1","",""
"Sergio_G01_CNS-LLF5RV3D8","cpeeg02","ses02","20260511_125107","2026-05-11 12:51:47.579060","NaN","6","digit","POSTDIG_FIX5_ON","155","2026-05-11 12:58:45.354843","417.733131","3.177314","","","","","","keyboard","after digit#5","{""note"":""after digit#5""}","2","0.016667","60.000000","1","",""
"Sergio_G01_CNS-LLF5RV3D8","cpeeg02","ses02","20260511_125107","2026-05-11 12:51:47.579060","NaN","6","digit","POSTDIG_FIX5_OFF","160","2026-05-11 12:58:48.531108","420.910444","0.044032","","","","","","keyboard","after digit#5","{""note"":""after digit#5"",""pd_used"":0}","2","0.016667","60.000000","1","",""
"Sergio_G01_CNS-LLF5RV3D8","cpeeg02","ses02","20260511_125107","2026-05-11 12:51:47.579060","NaN","6","distractor","DISTRACTOR_ON","50","2026-05-11 12:58:48.582346","420.954476","2.463299","","9+1=13","","","","keyboard","","{""value"":""9+1=13"",""isCorrectTruth"":false,""trueSum"":10,""pd_used"":1}","2","0.016667","60.000000","1","",""
"Sergio_G01_CNS-LLF5RV3D8","cpeeg02","ses02","20260511_125107","2026-05-11 12:51:47.579060","NaN","6","distractor","DISTRACTOR_ANS","51","2026-05-11 12:58:51.702289","423.417775","0.000000","2.463299","9+1=13","F","1","","keyboard","key= (False)","{""value"":""9+1=13"",""entered"":""F"",""rt"":2.4632989000019734,""correct"":1,""note"":""key= (False)"",""truth"":false,""trueSum"":10,""shownSum"":13,""a"":9,""b"":1}","2","0.016667","60.000000","1","2.3259",""
"Sergio_G01_CNS-LLF5RV3D8","cpeeg02","ses02","20260511_125107","2026-05-11 12:51:47.579060","NaN","6","distractor","ANS_CORRECT","100","2026-05-11 12:58:51.744747","423.417775","0.750851","","","","","","keyboard","","{}","2","0.016667","60.000000","1","",""
"Sergio_G01_CNS-LLF5RV3D8","cpeeg02","ses02","20260511_125107","2026-05-11 12:51:47.579060","NaN","6","distractor","DISTRACTOR_OFF","52","2026-05-11 12:58:51.796277","424.168626","0.000000","","","","","","keyboard","","{""pd_used"":0}","2","0.016667","60.000000","1","",""
"Sergio_G01_CNS-LLF5RV3D8","cpeeg02","ses02","20260511_125107","2026-05-11 12:51:47.579060","NaN","6","distractor","FIX2_ON","60","2026-05-11 12:58:51.796973","424.168626","3.376018","","","","","","keyboard","immediate after response","{""note"":""immediate after response""}","2","0.016667","60.000000","1","",""
"Sergio_G01_CNS-LLF5RV3D8","cpeeg02","ses02","20260511_125107","2026-05-11 12:51:47.579060","NaN","6","fix2","FIX2_OFF","61","2026-05-11 12:58:55.165329","427.544645","0.044106","","","","","","keyboard","","{""pd_used"":0}","2","0.016667","60.000000","1","",""
"Sergio_G01_CNS-LLF5RV3D8","cpeeg02","ses02","20260511_125107","2026-05-11 12:51:47.579060","NaN","6","probe","DIGIT_RECALL_LINE_1","161","2026-05-11 12:58:55.216693","427.588751","1.297796","","1","","","","keyboard","first recall question","{""value"":1,""note"":""first recall question"",""pd_used"":1}","2","0.016667","60.000000","1","",""
"Sergio_G01_CNS-LLF5RV3D8","cpeeg02","ses02","20260511_125107","2026-05-11 12:51:47.579060","NaN","6","probe","PROBE_DIGIT_OK_1","71","2026-05-11 12:58:57.162840","428.886546","0.795559","1.299138","slot#1","3","1","","keyboard","probe_digit#1","{""value"":""slot#1"",""entered"":3,""rt"":1.2991383999979007,""note"":""probe_digit#1""}","2","0.016667","60.000000","1","1.2482",""
"Sergio_G01_CNS-LLF5RV3D8","cpeeg02","ses02","20260511_125107","2026-05-11 12:51:47.579060","NaN","6","probe","DIGIT1_OFF","146","2026-05-11 12:58:57.302714","429.682106","0.000000","","9","","","","keyboard","digit#1 off","{""value"":9,""note"":""digit#1 off"",""pd_used"":0}","2","0.016667","60.000000","1","",""
"Sergio_G01_CNS-LLF5RV3D8","cpeeg02","ses02","20260511_125107","2026-05-11 12:51:47.579060","NaN","6","probe","POSTDIG_FIX1_ON","151","2026-05-11 12:58:57.303471","429.682106","1.653009","","","","","","keyboard","after digit#1","{""note"":""after digit#1""}","2","0.016667","60.000000","1","",""
"Sergio_G01_CNS-LLF5RV3D8","cpeeg02","ses02","20260511_125107","2026-05-11 12:51:47.579060","NaN","6","probe","POSTDIG_FIX1_OFF","156","2026-05-11 12:58:58.955795","431.335115","0.046100","","","","","","keyboard","after digit#1","{""note"":""after digit#1"",""pd_used"":0}","2","0.016667","60.000000","1","",""
"Sergio_G01_CNS-LLF5RV3D8","cpeeg02","ses02","20260511_125107","2026-05-11 12:51:47.579060","NaN","6","probe","DIGIT_RECALL_LINE_2","162","2026-05-11 12:58:59.007086","431.381215","0.931147","","2","","","","keyboard","next recall question","{""value"":2,""note"":""next recall question"",""pd_used"":1}","2","0.016667","60.000000","1","",""
"Sergio_G01_CNS-LLF5RV3D8","cpeeg02","ses02","20260511_125107","2026-05-11 12:51:47.579060","NaN","6","probe","PROBE_DIGIT_OK_2","71","2026-05-11 12:59:00.511809","432.312362","0.728002","4.724954","slot#2","4","0","","keyboard","probe_digit#2","{""value"":""slot#2"",""entered"":4,""rt"":4.7249535999944783,""note"":""probe_digit#2""}","2","0.016667","60.000000","1","0.7725",""
"Sergio_G01_CNS-LLF5RV3D8","cpeeg02","ses02","20260511_125107","2026-05-11 12:51:47.579060","NaN","6","probe","DIGIT2_OFF","147","2026-05-11 12:59:00.660859","433.040363","0.000000","","9","","","","keyboard","digit#2 off","{""value"":9,""note"":""digit#2 off"",""pd_used"":0}","2","0.016667","60.000000","1","",""
"Sergio_G01_CNS-LLF5RV3D8","cpeeg02","ses02","20260511_125107","2026-05-11 12:51:47.579060","NaN","6","probe","POSTDIG_FIX2_ON","152","2026-05-11 12:59:00.661623","433.040363","1.867732","","","","","","keyboard","after digit#2","{""note"":""after digit#2""}","2","0.016667","60.000000","1","",""
"Sergio_G01_CNS-LLF5RV3D8","cpeeg02","ses02","20260511_125107","2026-05-11 12:51:47.579060","NaN","6","probe","POSTDIG_FIX2_OFF","157","2026-05-11 12:59:02.528640","434.908095","0.046182","","","","","","keyboard","after digit#2","{""note"":""after digit#2"",""pd_used"":0}","2","0.016667","60.000000","1","",""
"Sergio_G01_CNS-LLF5RV3D8","cpeeg02","ses02","20260511_125107","2026-05-11 12:51:47.579060","NaN","6","probe","DIGIT_RECALL_LINE_3","163","2026-05-11 12:59:02.579960","434.954277","0.733643","","3","","","","keyboard","next recall question","{""value"":3,""note"":""next recall question"",""pd_used"":1}","2","0.016667","60.000000","1","",""
"Sergio_G01_CNS-LLF5RV3D8","cpeeg02","ses02","20260511_125107","2026-05-11 12:51:47.579060","NaN","6","probe","PROBE_DIGIT_OK_3","71","2026-05-11 12:59:03.901741","435.687920","0.746246","8.100512","slot#3","5","1","","keyboard","probe_digit#3","{""value"":""slot#3"",""entered"":5,""rt"":8.1005122999995365,""note"":""probe_digit#3""}","2","0.016667","60.000000","1","0.636",""
"Sergio_G01_CNS-LLF5RV3D8","cpeeg02","ses02","20260511_125107","2026-05-11 12:51:47.579060","NaN","6","probe","DIGIT3_OFF","148","2026-05-11 12:59:04.054670","436.434166","0.000000","","9","","","","keyboard","digit#3 off","{""value"":9,""note"":""digit#3 off"",""pd_used"":0}","2","0.016667","60.000000","1","",""
"Sergio_G01_CNS-LLF5RV3D8","cpeeg02","ses02","20260511_125107","2026-05-11 12:51:47.579060","NaN","6","probe","POSTDIG_FIX3_ON","153","2026-05-11 12:59:04.055394","436.434166","1.984823","","","","","","keyboard","after digit#3","{""note"":""after digit#3""}","2","0.016667","60.000000","1","",""
"Sergio_G01_CNS-LLF5RV3D8","cpeeg02","ses02","20260511_125107","2026-05-11 12:51:47.579060","NaN","6","probe","POSTDIG_FIX3_OFF","158","2026-05-11 12:59:06.039656","438.418989","0.046249","","","","","","keyboard","after digit#3","{""note"":""after digit#3"",""pd_used"":0}","2","0.016667","60.000000","1","",""
"Sergio_G01_CNS-LLF5RV3D8","cpeeg02","ses02","20260511_125107","2026-05-11 12:51:47.579060","NaN","6","probe","DIGIT_RECALL_LINE_4","164","2026-05-11 12:59:06.091078","438.465239","1.714426","","4","","","","keyboard","next recall question","{""value"":4,""note"":""next recall question"",""pd_used"":1}","2","0.016667","60.000000","1","",""
"Sergio_G01_CNS-LLF5RV3D8","cpeeg02","ses02","20260511_125107","2026-05-11 12:51:47.579060","NaN","6","probe","PROBE_DIGIT_OK_4","71","2026-05-11 12:59:08.251304","440.179665","0.599571","12.592257","slot#4","9","0","","keyboard","probe_digit#4","{""value"":""slot#4"",""entered"":9,""rt"":12.592256699994323,""note"":""probe_digit#4""}","2","0.016667","60.000000","1","1.5563",""
"Sergio_G01_CNS-LLF5RV3D8","cpeeg02","ses02","20260511_125107","2026-05-11 12:51:47.579060","NaN","6","probe","DIGIT4_OFF","149","2026-05-11 12:59:08.399722","440.779236","0.000000","","9","","","","keyboard","digit#4 off","{""value"":9,""note"":""digit#4 off"",""pd_used"":0}","2","0.016667","60.000000","1","",""
"Sergio_G01_CNS-LLF5RV3D8","cpeeg02","ses02","20260511_125107","2026-05-11 12:51:47.579060","NaN","6","probe","POSTDIG_FIX4_ON","154","2026-05-11 12:59:08.400465","440.779236","1.683741","","","","","","keyboard","after digit#4","{""note"":""after digit#4""}","2","0.016667","60.000000","1","",""
"Sergio_G01_CNS-LLF5RV3D8","cpeeg02","ses02","20260511_125107","2026-05-11 12:51:47.579060","NaN","6","probe","POSTDIG_FIX4_OFF","159","2026-05-11 12:59:10.083534","442.462976","0.046164","","","","","","keyboard","after digit#4","{""note"":""after digit#4"",""pd_used"":0}","2","0.016667","60.000000","1","",""
"Sergio_G01_CNS-LLF5RV3D8","cpeeg02","ses02","20260511_125107","2026-05-11 12:51:47.579060","NaN","6","probe","DIGIT_RECALL_LINE_5","165","2026-05-11 12:59:10.135556","442.509140","2.307908","","5","","","","keyboard","next recall question","{""value"":5,""note"":""next recall question"",""pd_used"":1}","2","0.016667","60.000000","1","",""
"Sergio_G01_CNS-LLF5RV3D8","cpeeg02","ses02","20260511_125107","2026-05-11 12:51:47.579060","NaN","6","probe","PROBE_DIGIT_OK_5","71","2026-05-11 12:59:12.861574","444.817049","0.578038","17.229640","slot#5","8","0","","keyboard","probe_digit#5","{""value"":""slot#5"",""entered"":8,""rt"":17.229640499994275,""note"":""probe_digit#5""}","2","0.016667","60.000000","1","2.2534",""
"Sergio_G01_CNS-LLF5RV3D8","cpeeg02","ses02","20260511_125107","2026-05-11 12:51:47.579060","NaN","6","probe","DIGIT5_OFF","150","2026-05-11 12:59:13.015534","445.395086","0.000000","","9","","","","keyboard","digit#5 off","{""value"":9,""note"":""digit#5 off"",""pd_used"":0}","2","0.016667","60.000000","1","",""
"Sergio_G01_CNS-LLF5RV3D8","cpeeg02","ses02","20260511_125107","2026-05-11 12:51:47.579060","NaN","6","probe","POSTDIG_FIX5_ON","155","2026-05-11 12:59:13.016288","445.395086","3.259317","","","","","","keyboard","after digit#5","{""note"":""after digit#5""}","2","0.016667","60.000000","1","",""
"Sergio_G01_CNS-LLF5RV3D8","cpeeg02","ses02","20260511_125107","2026-05-11 12:51:47.579060","NaN","6","probe","POSTDIG_FIX5_OFF","160","2026-05-11 12:59:16.275079","448.654403","0.043618","","","","","","keyboard","after digit#5","{""note"":""after digit#5"",""pd_used"":0}","2","0.016667","60.000000","1","",""
"Sergio_G01_CNS-LLF5RV3D8","cpeeg02","ses02","20260511_125107","2026-05-11 12:51:47.579060","NaN","6","probe","PROBE_DONE","73","2026-05-11 12:59:16.276771","448.698021","0.000811","","","","","","keyboard","probe complete","{""value"":"""",""note"":""probe complete""}","2","0.016667","60.000000","1","",""
"Sergio_G01_CNS-LLF5RV3D8","cpeeg02","ses02","20260511_125107","2026-05-11 12:51:47.579060","NaN","6","probe","TRIAL_END","21","2026-05-11 12:59:16.277630","448.698832","0.111877","","","","","","keyboard","","{}","2","0.016667","60.000000","1","",""
"Sergio_G01_CNS-LLF5RV3D8","cpeeg02","ses02","20260511_125107","2026-05-11 12:51:47.579060","NaN","7","probe","TRIAL_CHANGE","22","2026-05-11 12:59:16.389630","448.810710","0.001176","","","","","","keyboard","trial transition","{""note"":""trial transition""}","2","0.016667","60.000000","1","",""
"Sergio_G01_CNS-LLF5RV3D8","cpeeg02","ses02","20260511_125107","2026-05-11 12:51:47.579060","NaN","7","probe","TRIAL_START","20","2026-05-11 12:59:16.390840","448.811886","0.043330","","","","","","keyboard","","{}","2","0.016667","60.000000","1","",""
"Sergio_G01_CNS-LLF5RV3D8","cpeeg02","ses02","20260511_125107","2026-05-11 12:51:47.579060","NaN","7","fix1","FIX1_ON","30","2026-05-11 12:59:16.484342","448.855216","3.199533","","","","","","keyboard","","{""pd_used"":0}","2","0.016667","60.000000","1","",""
"Sergio_G01_CNS-LLF5RV3D8","cpeeg02","ses02","20260511_125107","2026-05-11 12:51:47.579060","NaN","7","fix1","FIX1_OFF","31","2026-05-11 12:59:19.675530","452.054749","0.044071","","","","","","keyboard","","{""pd_used"":0}","2","0.016667","60.000000","1","",""
"Sergio_G01_CNS-LLF5RV3D8","cpeeg02","ses02","20260511_125107","2026-05-11 12:51:47.579060","NaN","7","digit","DIGIT1_ON","141","2026-05-11 12:59:19.726818","452.098820","0.551616","","5","","","","keyboard","digit#1 shown","{""value"":5,""note"":""digit#1 shown"",""pd_used"":1}","2","0.016667","60.000000","1","","1"
"Sergio_G01_CNS-LLF5RV3D8","cpeeg02","ses02","20260511_125107","2026-05-11 12:51:47.579060","NaN","7","digit","DIGIT1_OFF","146","2026-05-11 12:59:20.271259","452.650437","0.000000","","5","","","","keyboard","digit#1 off","{""value"":5,""note"":""digit#1 off"",""pd_used"":0}","2","0.016667","60.000000","1","",""
"Sergio_G01_CNS-LLF5RV3D8","cpeeg02","ses02","20260511_125107","2026-05-11 12:51:47.579060","NaN","7","digit","POSTDIG_FIX1_ON","151","2026-05-11 12:59:20.272032","452.650437","1.697574","","","","","","keyboard","after digit#1","{""note"":""after digit#1""}","2","0.016667","60.000000","1","",""
"Sergio_G01_CNS-LLF5RV3D8","cpeeg02","ses02","20260511_125107","2026-05-11 12:51:47.579060","NaN","7","digit","POSTDIG_FIX1_OFF","156","2026-05-11 12:59:21.968846","454.348010","0.044178","","","","","","keyboard","after digit#1","{""note"":""after digit#1"",""pd_used"":0}","2","0.016667","60.000000","1","",""
"Sergio_G01_CNS-LLF5RV3D8","cpeeg02","ses02","20260511_125107","2026-05-11 12:51:47.579060","NaN","7","digit","DIGIT2_ON","142","2026-05-11 12:59:22.020056","454.392188","0.551187","","3","","","","keyboard","digit#2 shown","{""value"":3,""note"":""digit#2 shown"",""pd_used"":1}","2","0.016667","60.000000","1","","1"
"Sergio_G01_CNS-LLF5RV3D8","cpeeg02","ses02","20260511_125107","2026-05-11 12:51:47.579060","NaN","7","digit","DIGIT2_OFF","147","2026-05-11 12:59:22.563931","454.943375","0.000000","","3","","","","keyboard","digit#2 off","{""value"":3,""note"":""digit#2 off"",""pd_used"":0}","2","0.016667","60.000000","1","",""
"Sergio_G01_CNS-LLF5RV3D8","cpeeg02","ses02","20260511_125107","2026-05-11 12:51:47.579060","NaN","7","digit","POSTDIG_FIX2_ON","152","2026-05-11 12:59:22.564729","454.943375","1.864721","","","","","","keyboard","after digit#2","{""note"":""after digit#2""}","2","0.016667","60.000000","1","",""
"Sergio_G01_CNS-LLF5RV3D8","cpeeg02","ses02","20260511_125107","2026-05-11 12:51:47.579060","NaN","7","digit","POSTDIG_FIX2_OFF","157","2026-05-11 12:59:24.428773","456.808096","0.043971","","","","","","keyboard","after digit#2","{""note"":""after digit#2"",""pd_used"":0}","2","0.016667","60.000000","1","",""
"Sergio_G01_CNS-LLF5RV3D8","cpeeg02","ses02","20260511_125107","2026-05-11 12:51:47.579060","NaN","7","digit","DIGIT3_ON","143","2026-05-11 12:59:24.480146","456.852067","0.551502","","4","","","","keyboard","digit#3 shown","{""value"":4,""note"":""digit#3 shown"",""pd_used"":1}","2","0.016667","60.000000","1","","1"
"Sergio_G01_CNS-LLF5RV3D8","cpeeg02","ses02","20260511_125107","2026-05-11 12:51:47.579060","NaN","7","digit","DIGIT3_OFF","148","2026-05-11 12:59:25.024123","457.403569","0.000000","","4","","","","keyboard","digit#3 off","{""value"":4,""note"":""digit#3 off"",""pd_used"":0}","2","0.016667","60.000000","1","",""
"Sergio_G01_CNS-LLF5RV3D8","cpeeg02","ses02","20260511_125107","2026-05-11 12:51:47.579060","NaN","7","digit","POSTDIG_FIX3_ON","153","2026-05-11 12:59:25.024885","457.403569","1.910454","","","","","","keyboard","after digit#3","{""note"":""after digit#3""}","2","0.016667","60.000000","1","",""
"Sergio_G01_CNS-LLF5RV3D8","cpeeg02","ses02","20260511_125107","2026-05-11 12:51:47.579060","NaN","7","digit","POSTDIG_FIX3_OFF","158","2026-05-11 12:59:26.934630","459.314023","0.043933","","","","","","keyboard","after digit#3","{""note"":""after digit#3"",""pd_used"":0}","2","0.016667","60.000000","1","",""
"Sergio_G01_CNS-LLF5RV3D8","cpeeg02","ses02","20260511_125107","2026-05-11 12:51:47.579060","NaN","7","digit","DIGIT4_ON","144","2026-05-11 12:59:26.985938","459.357957","0.551295","","4","","","","keyboard","digit#4 shown","{""value"":4,""note"":""digit#4 shown"",""pd_used"":1}","2","0.016667","60.000000","1","","1"
"Sergio_G01_CNS-LLF5RV3D8","cpeeg02","ses02","20260511_125107","2026-05-11 12:51:47.579060","NaN","7","digit","DIGIT4_OFF","149","2026-05-11 12:59:27.530045","459.909252","0.000000","","4","","","","keyboard","digit#4 off","{""value"":4,""note"":""digit#4 off"",""pd_used"":0}","2","0.016667","60.000000","1","",""
"Sergio_G01_CNS-LLF5RV3D8","cpeeg02","ses02","20260511_125107","2026-05-11 12:51:47.579060","NaN","7","digit","POSTDIG_FIX4_ON","154","2026-05-11 12:59:27.530800","459.909252","1.927203","","","","","","keyboard","after digit#4","{""note"":""after digit#4""}","2","0.016667","60.000000","1","",""
"Sergio_G01_CNS-LLF5RV3D8","cpeeg02","ses02","20260511_125107","2026-05-11 12:51:47.579060","NaN","7","digit","POSTDIG_FIX4_OFF","159","2026-05-11 12:59:29.457215","461.836455","0.043961","","","","","","keyboard","after digit#4","{""note"":""after digit#4"",""pd_used"":0}","2","0.016667","60.000000","1","",""
"Sergio_G01_CNS-LLF5RV3D8","cpeeg02","ses02","20260511_125107","2026-05-11 12:51:47.579060","NaN","7","digit","DIGIT5_ON","145","2026-05-11 12:59:29.508436","461.880416","0.551521","","6","","","","keyboard","digit#5 shown","{""value"":6,""note"":""digit#5 shown"",""pd_used"":1}","2","0.016667","60.000000","1","","0"
"Sergio_G01_CNS-LLF5RV3D8","cpeeg02","ses02","20260511_125107","2026-05-11 12:51:47.579060","NaN","7","digit","DIGIT5_OFF","150","2026-05-11 12:59:30.052608","462.431937","0.000000","","6","","","","keyboard","digit#5 off","{""value"":6,""note"":""digit#5 off"",""pd_used"":0}","2","0.016667","60.000000","1","",""
"Sergio_G01_CNS-LLF5RV3D8","cpeeg02","ses02","20260511_125107","2026-05-11 12:51:47.579060","NaN","7","digit","POSTDIG_FIX5_ON","155","2026-05-11 12:59:30.053391","462.431937","3.263224","","","","","","keyboard","after digit#5","{""note"":""after digit#5""}","2","0.016667","60.000000","1","",""
"Sergio_G01_CNS-LLF5RV3D8","cpeeg02","ses02","20260511_125107","2026-05-11 12:51:47.579060","NaN","7","digit","POSTDIG_FIX5_OFF","160","2026-05-11 12:59:33.315899","465.695161","0.044195","","","","","","keyboard","after digit#5","{""note"":""after digit#5"",""pd_used"":0}","2","0.016667","60.000000","1","",""
"Sergio_G01_CNS-LLF5RV3D8","cpeeg02","ses02","20260511_125107","2026-05-11 12:51:47.579060","NaN","7","distractor","DISTRACTOR_ON","50","2026-05-11 12:59:33.367236","465.739356","3.685165","","3+6=12","","","","keyboard","","{""value"":""3+6=12"",""isCorrectTruth"":false,""trueSum"":9,""pd_used"":1}","2","0.016667","60.000000","1","",""
"Sergio_G01_CNS-LLF5RV3D8","cpeeg02","ses02","20260511_125107","2026-05-11 12:51:47.579060","NaN","7","distractor","DISTRACTOR_ANS","51","2026-05-11 12:59:37.496006","469.424521","0.000000","3.685165","3+6=12","F","1","","keyboard","key= (False)","{""value"":""3+6=12"",""entered"":""F"",""rt"":3.685164700000314,""correct"":1,""note"":""key= (False)"",""truth"":false,""trueSum"":9,""shownSum"":12,""a"":3,""b"":6}","2","0.016667","60.000000","1","3.5396",""
"Sergio_G01_CNS-LLF5RV3D8","cpeeg02","ses02","20260511_125107","2026-05-11 12:51:47.579060","NaN","7","distractor","ANS_CORRECT","100","2026-05-11 12:59:37.538043","469.424521","0.536422","","","","","","keyboard","","{}","2","0.016667","60.000000","1","",""
"Sergio_G01_CNS-LLF5RV3D8","cpeeg02","ses02","20260511_125107","2026-05-11 12:51:47.579060","NaN","7","distractor","DISTRACTOR_OFF","52","2026-05-11 12:59:37.589685","469.960943","0.000000","","","","","","keyboard","","{""pd_used"":0}","2","0.016667","60.000000","1","",""
"Sergio_G01_CNS-LLF5RV3D8","cpeeg02","ses02","20260511_125107","2026-05-11 12:51:47.579060","NaN","7","distractor","FIX2_ON","60","2026-05-11 12:59:37.590391","469.960943","3.195791","","","","","","keyboard","immediate after response","{""note"":""immediate after response""}","2","0.016667","60.000000","1","",""
"Sergio_G01_CNS-LLF5RV3D8","cpeeg02","ses02","20260511_125107","2026-05-11 12:51:47.579060","NaN","7","fix2","FIX2_OFF","61","2026-05-11 12:59:40.777627","473.156734","0.044123","","","","","","keyboard","","{""pd_used"":0}","2","0.016667","60.000000","1","",""
"Sergio_G01_CNS-LLF5RV3D8","cpeeg02","ses02","20260511_125107","2026-05-11 12:51:47.579060","NaN","7","probe","DIGIT_RECALL_LINE_1","161","2026-05-11 12:59:40.829031","473.200857","0.900247","","1","","","","keyboard","first recall question","{""value"":1,""note"":""first recall question"",""pd_used"":1}","2","0.016667","60.000000","1","",""
"Sergio_G01_CNS-LLF5RV3D8","cpeeg02","ses02","20260511_125107","2026-05-11 12:51:47.579060","NaN","7","probe","PROBE_DIGIT_OK_1","71","2026-05-11 12:59:42.143409","474.101103","0.586843","0.901409","slot#1","5","1","","keyboard","probe_digit#1","{""value"":""slot#1"",""entered"":5,""rt"":0.90140870000323048,""note"":""probe_digit#1""}","2","0.016667","60.000000","1","0.82169",""
"Sergio_G01_CNS-LLF5RV3D8","cpeeg02","ses02","20260511_125107","2026-05-11 12:51:47.579060","NaN","7","probe","DIGIT1_OFF","146","2026-05-11 12:59:42.308711","474.687947","0.000000","","6","","","","keyboard","digit#1 off","{""value"":6,""note"":""digit#1 off"",""pd_used"":0}","2","0.016667","60.000000","1","",""
"Sergio_G01_CNS-LLF5RV3D8","cpeeg02","ses02","20260511_125107","2026-05-11 12:51:47.579060","NaN","7","probe","POSTDIG_FIX1_ON","151","2026-05-11 12:59:42.309497","474.687947","1.791000","","","","","","keyboard","after digit#1","{""note"":""after digit#1""}","2","0.016667","60.000000","1","",""
"Sergio_G01_CNS-LLF5RV3D8","cpeeg02","ses02","20260511_125107","2026-05-11 12:51:47.579060","NaN","7","probe","POSTDIG_FIX1_OFF","156","2026-05-11 12:59:44.099673","476.478947","0.046395","","","","","","keyboard","after digit#1","{""note"":""after digit#1"",""pd_used"":0}","2","0.016667","60.000000","1","",""
"Sergio_G01_CNS-LLF5RV3D8","cpeeg02","ses02","20260511_125107","2026-05-11 12:51:47.579060","NaN","7","probe","DIGIT_RECALL_LINE_2","162","2026-05-11 12:59:44.150925","476.525342","0.631192","","2","","","","keyboard","next recall question","{""value"":2,""note"":""next recall question"",""pd_used"":1}","2","0.016667","60.000000","1","",""
"Sergio_G01_CNS-LLF5RV3D8","cpeeg02","ses02","20260511_125107","2026-05-11 12:51:47.579060","NaN","7","probe","PROBE_DIGIT_OK_2","71","2026-05-11 12:59:45.243560","477.156534","0.607250","3.956839","slot#2","3","1","","keyboard","probe_digit#2","{""value"":""slot#2"",""entered"":3,""rt"":3.9568394000016269,""note"":""probe_digit#2""}","2","0.016667","60.000000","1","0.56644",""
"Sergio_G01_CNS-LLF5RV3D8","cpeeg02","ses02","20260511_125107","2026-05-11 12:51:47.579060","NaN","7","probe","DIGIT2_OFF","147","2026-05-11 12:59:45.384228","477.763784","0.000000","","6","","","","keyboard","digit#2 off","{""value"":6,""note"":""digit#2 off"",""pd_used"":0}","2","0.016667","60.000000","1","",""
"Sergio_G01_CNS-LLF5RV3D8","cpeeg02","ses02","20260511_125107","2026-05-11 12:51:47.579060","NaN","7","probe","POSTDIG_FIX2_ON","152","2026-05-11 12:59:45.384976","477.763784","1.772362","","","","","","keyboard","after digit#2","{""note"":""after digit#2""}","2","0.016667","60.000000","1","",""
"Sergio_G01_CNS-LLF5RV3D8","cpeeg02","ses02","20260511_125107","2026-05-11 12:51:47.579060","NaN","7","probe","POSTDIG_FIX2_OFF","157","2026-05-11 12:59:47.156920","479.536146","0.046187","","","","","","keyboard","after digit#2","{""note"":""after digit#2"",""pd_used"":0}","2","0.016667","60.000000","1","",""
"Sergio_G01_CNS-LLF5RV3D8","cpeeg02","ses02","20260511_125107","2026-05-11 12:51:47.579060","NaN","7","probe","DIGIT_RECALL_LINE_3","163","2026-05-11 12:59:47.208251","479.582333","0.876997","","3","","","","keyboard","next recall question","{""value"":3,""note"":""next recall question"",""pd_used"":1}","2","0.016667","60.000000","1","",""
"Sergio_G01_CNS-LLF5RV3D8","cpeeg02","ses02","20260511_125107","2026-05-11 12:51:47.579060","NaN","7","probe","PROBE_DIGIT_OK_3","71","2026-05-11 12:59:48.573234","480.459330","0.641171","7.259635","slot#3","4","1","","keyboard","probe_digit#3","{""value"":""slot#3"",""entered"":4,""rt"":7.2596352000036859,""note"":""probe_digit#3""}","2","0.016667","60.000000","1","0.72394",""
"Sergio_G01_CNS-LLF5RV3D8","cpeeg02","ses02","20260511_125107","2026-05-11 12:51:47.579060","NaN","7","probe","DIGIT3_OFF","148","2026-05-11 12:59:48.720995","481.100501","0.000000","","6","","","","keyboard","digit#3 off","{""value"":6,""note"":""digit#3 off"",""pd_used"":0}","2","0.016667","60.000000","1","",""
"Sergio_G01_CNS-LLF5RV3D8","cpeeg02","ses02","20260511_125107","2026-05-11 12:51:47.579060","NaN","7","probe","POSTDIG_FIX3_ON","153","2026-05-11 12:59:48.721762","481.100501","1.800418","","","","","","keyboard","after digit#3","{""note"":""after digit#3""}","2","0.016667","60.000000","1","",""
"Sergio_G01_CNS-LLF5RV3D8","cpeeg02","ses02","20260511_125107","2026-05-11 12:51:47.579060","NaN","7","probe","POSTDIG_FIX3_OFF","158","2026-05-11 12:59:50.521416","482.900919","0.045801","","","","","","keyboard","after digit#3","{""note"":""after digit#3"",""pd_used"":0}","2","0.016667","60.000000","1","",""
"Sergio_G01_CNS-LLF5RV3D8","cpeeg02","ses02","20260511_125107","2026-05-11 12:51:47.579060","NaN","7","probe","DIGIT_RECALL_LINE_4","164","2026-05-11 12:59:50.572737","482.946720","1.257801","","4","","","","keyboard","next recall question","{""value"":4,""note"":""next recall question"",""pd_used"":1}","2","0.016667","60.000000","1","",""
"Sergio_G01_CNS-LLF5RV3D8","cpeeg02","ses02","20260511_125107","2026-05-11 12:51:47.579060","NaN","7","probe","PROBE_DIGIT_OK_4","71","2026-05-11 12:59:52.282239","484.204521","0.608964","11.004826","slot#4","4","1","","keyboard","probe_digit#4","{""value"":""slot#4"",""entered"":4,""rt"":11.004826300006243,""note"":""probe_digit#4""}","2","0.016667","60.000000","1","1.1146",""
"Sergio_G01_CNS-LLF5RV3D8","cpeeg02","ses02","20260511_125107","2026-05-11 12:51:47.579060","NaN","7","probe","DIGIT4_OFF","149","2026-05-11 12:59:52.433997","484.813485","0.000000","","6","","","","keyboard","digit#4 off","{""value"":6,""note"":""digit#4 off"",""pd_used"":0}","2","0.016667","60.000000","1","",""
"Sergio_G01_CNS-LLF5RV3D8","cpeeg02","ses02","20260511_125107","2026-05-11 12:51:47.579060","NaN","7","probe","POSTDIG_FIX4_ON","154","2026-05-11 12:59:52.434748","484.813485","1.760179","","","","","","keyboard","after digit#4","{""note"":""after digit#4""}","2","0.016667","60.000000","1","",""
"Sergio_G01_CNS-LLF5RV3D8","cpeeg02","ses02","20260511_125107","2026-05-11 12:51:47.579060","NaN","7","probe","POSTDIG_FIX4_OFF","159","2026-05-11 12:59:54.194222","486.573663","0.045814","","","","","","keyboard","after digit#4","{""note"":""after digit#4"",""pd_used"":0}","2","0.016667","60.000000","1","",""
"Sergio_G01_CNS-LLF5RV3D8","cpeeg02","ses02","20260511_125107","2026-05-11 12:51:47.579060","NaN","7","probe","DIGIT_RECALL_LINE_5","165","2026-05-11 12:59:54.245773","486.619478","3.189839","","5","","","","keyboard","next recall question","{""value"":5,""note"":""next recall question"",""pd_used"":1}","2","0.016667","60.000000","1","",""
"Sergio_G01_CNS-LLF5RV3D8","cpeeg02","ses02","20260511_125107","2026-05-11 12:51:47.579060","NaN","7","probe","PROBE_DIGIT_OK_5","71","2026-05-11 12:59:57.975009","489.809317","0.700856","16.609622","slot#5","5","0","","keyboard","probe_digit#5","{""value"":""slot#5"",""entered"":5,""rt"":16.609622400006629,""note"":""probe_digit#5""}","2","0.016667","60.000000","1","3.1201",""
"Sergio_G01_CNS-LLF5RV3D8","cpeeg02","ses02","20260511_125107","2026-05-11 12:51:47.579060","NaN","7","probe","DIGIT5_OFF","150","2026-05-11 12:59:58.130682","490.510173","0.000000","","6","","","","keyboard","digit#5 off","{""value"":6,""note"":""digit#5 off"",""pd_used"":0}","2","0.016667","60.000000","1","",""
"Sergio_G01_CNS-LLF5RV3D8","cpeeg02","ses02","20260511_125107","2026-05-11 12:51:47.579060","NaN","7","probe","POSTDIG_FIX5_ON","155","2026-05-11 12:59:58.131424","490.510173","3.100966","","","","","","keyboard","after digit#5","{""note"":""after digit#5""}","2","0.016667","60.000000","1","",""
"Sergio_G01_CNS-LLF5RV3D8","cpeeg02","ses02","20260511_125107","2026-05-11 12:51:47.579060","NaN","7","probe","POSTDIG_FIX5_OFF","160","2026-05-11 13:00:01.231673","493.611139","0.043528","","","","","","keyboard","after digit#5","{""note"":""after digit#5"",""pd_used"":0}","2","0.016667","60.000000","1","",""
"Sergio_G01_CNS-LLF5RV3D8","cpeeg02","ses02","20260511_125107","2026-05-11 12:51:47.579060","NaN","7","probe","PROBE_DONE","73","2026-05-11 13:00:01.233424","493.654667","0.000676","","","","","","keyboard","probe complete","{""value"":"""",""note"":""probe complete""}","2","0.016667","60.000000","1","",""
"Sergio_G01_CNS-LLF5RV3D8","cpeeg02","ses02","20260511_125107","2026-05-11 12:51:47.579060","NaN","7","probe","TRIAL_END","21","2026-05-11 13:00:01.233984","493.655342","0.120478","","","","","","keyboard","","{}","2","0.016667","60.000000","1","",""
"Sergio_G01_CNS-LLF5RV3D8","cpeeg02","ses02","20260511_125107","2026-05-11 12:51:47.579060","NaN","8","probe","TRIAL_CHANGE","22","2026-05-11 13:00:01.354733","493.775820","0.000952","","","","","","keyboard","trial transition","{""note"":""trial transition""}","2","0.016667","60.000000","1","",""
"Sergio_G01_CNS-LLF5RV3D8","cpeeg02","ses02","20260511_125107","2026-05-11 12:51:47.579060","NaN","8","probe","TRIAL_START","20","2026-05-11 13:00:01.355420","493.776772","0.043180","","","","","","keyboard","","{}","2","0.016667","60.000000","1","",""
"Sergio_G01_CNS-LLF5RV3D8","cpeeg02","ses02","20260511_125107","2026-05-11 12:51:47.579060","NaN","8","fix1","FIX1_ON","30","2026-05-11 13:00:01.449034","493.819952","3.364297","","","","","","keyboard","","{""pd_used"":0}","2","0.016667","60.000000","1","",""
"Sergio_G01_CNS-LLF5RV3D8","cpeeg02","ses02","20260511_125107","2026-05-11 12:51:47.579060","NaN","8","fix1","FIX1_OFF","31","2026-05-11 13:00:04.804706","497.184249","0.043782","","","","","","keyboard","","{""pd_used"":0}","2","0.016667","60.000000","1","",""
"Sergio_G01_CNS-LLF5RV3D8","cpeeg02","ses02","20260511_125107","2026-05-11 12:51:47.579060","NaN","8","digit","DIGIT1_ON","141","2026-05-11 13:00:04.856148","497.228031","0.551591","","3","","","","keyboard","digit#1 shown","{""value"":3,""note"":""digit#1 shown"",""pd_used"":1}","2","0.016667","60.000000","1","","0"
"Sergio_G01_CNS-LLF5RV3D8","cpeeg02","ses02","20260511_125107","2026-05-11 12:51:47.579060","NaN","8","digit","DIGIT1_OFF","146","2026-05-11 13:00:05.400190","497.779621","0.000000","","3","","","","keyboard","digit#1 off","{""value"":3,""note"":""digit#1 off"",""pd_used"":0}","2","0.016667","60.000000","1","",""
"Sergio_G01_CNS-LLF5RV3D8","cpeeg02","ses02","20260511_125107","2026-05-11 12:51:47.579060","NaN","8","digit","POSTDIG_FIX1_ON","151","2026-05-11 13:00:05.400942","497.779621","1.804989","","","","","","keyboard","after digit#1","{""note"":""after digit#1""}","2","0.016667","60.000000","1","",""
"Sergio_G01_CNS-LLF5RV3D8","cpeeg02","ses02","20260511_125107","2026-05-11 12:51:47.579060","NaN","8","digit","POSTDIG_FIX1_OFF","156","2026-05-11 13:00:07.205362","499.584610","0.044145","","","","","","keyboard","after digit#1","{""note"":""after digit#1"",""pd_used"":0}","2","0.016667","60.000000","1","",""
"Sergio_G01_CNS-LLF5RV3D8","cpeeg02","ses02","20260511_125107","2026-05-11 12:51:47.579060","NaN","8","digit","DIGIT2_ON","142","2026-05-11 13:00:07.256837","499.628755","0.551577","","2","","","","keyboard","digit#2 shown","{""value"":2,""note"":""digit#2 shown"",""pd_used"":1}","2","0.016667","60.000000","1","","0"
"Sergio_G01_CNS-LLF5RV3D8","cpeeg02","ses02","20260511_125107","2026-05-11 12:51:47.579060","NaN","8","digit","DIGIT2_OFF","147","2026-05-11 13:00:07.801181","500.180332","0.000000","","2","","","","keyboard","digit#2 off","{""value"":2,""note"":""digit#2 off"",""pd_used"":0}","2","0.016667","60.000000","1","",""
"Sergio_G01_CNS-LLF5RV3D8","cpeeg02","ses02","20260511_125107","2026-05-11 12:51:47.579060","NaN","8","digit","POSTDIG_FIX2_ON","152","2026-05-11 13:00:07.801945","500.180332","1.660339","","","","","","keyboard","after digit#2","{""note"":""after digit#2""}","2","0.016667","60.000000","1","",""
"Sergio_G01_CNS-LLF5RV3D8","cpeeg02","ses02","20260511_125107","2026-05-11 12:51:47.579060","NaN","8","digit","POSTDIG_FIX2_OFF","157","2026-05-11 13:00:09.461358","501.840671","0.044549","","","","","","keyboard","after digit#2","{""note"":""after digit#2"",""pd_used"":0}","2","0.016667","60.000000","1","",""
"Sergio_G01_CNS-LLF5RV3D8","cpeeg02","ses02","20260511_125107","2026-05-11 12:51:47.579060","NaN","8","digit","DIGIT3_ON","143","2026-05-11 13:00:09.513255","501.885219","0.551574","","9","","","","keyboard","digit#3 shown","{""value"":9,""note"":""digit#3 shown"",""pd_used"":1}","2","0.016667","60.000000","1","","0"
"Sergio_G01_CNS-LLF5RV3D8","cpeeg02","ses02","20260511_125107","2026-05-11 12:51:47.579060","NaN","8","digit","DIGIT3_OFF","148","2026-05-11 13:00:10.057575","502.436793","0.000000","","9","","","","keyboard","digit#3 off","{""value"":9,""note"":""digit#3 off"",""pd_used"":0}","2","0.016667","60.000000","1","",""
"Sergio_G01_CNS-LLF5RV3D8","cpeeg02","ses02","20260511_125107","2026-05-11 12:51:47.579060","NaN","8","digit","POSTDIG_FIX3_ON","153","2026-05-11 13:00:10.058329","502.436793","1.717466","","","","","","keyboard","after digit#3","{""note"":""after digit#3""}","2","0.016667","60.000000","1","",""
"Sergio_G01_CNS-LLF5RV3D8","cpeeg02","ses02","20260511_125107","2026-05-11 12:51:47.579060","NaN","8","digit","POSTDIG_FIX3_OFF","158","2026-05-11 13:00:11.774759","504.154259","0.043710","","","","","","keyboard","after digit#3","{""note"":""after digit#3"",""pd_used"":0}","2","0.016667","60.000000","1","",""
"Sergio_G01_CNS-LLF5RV3D8","cpeeg02","ses02","20260511_125107","2026-05-11 12:51:47.579060","NaN","8","digit","DIGIT4_ON","144","2026-05-11 13:00:11.826019","504.197970","0.551496","","3","","","","keyboard","digit#4 shown","{""value"":3,""note"":""digit#4 shown"",""pd_used"":1}","2","0.016667","60.000000","1","","0"
"Sergio_G01_CNS-LLF5RV3D8","cpeeg02","ses02","20260511_125107","2026-05-11 12:51:47.579060","NaN","8","digit","DIGIT4_OFF","149","2026-05-11 13:00:12.370436","504.749466","0.000000","","3","","","","keyboard","digit#4 off","{""value"":3,""note"":""digit#4 off"",""pd_used"":0}","2","0.016667","60.000000","1","",""
"Sergio_G01_CNS-LLF5RV3D8","cpeeg02","ses02","20260511_125107","2026-05-11 12:51:47.579060","NaN","8","digit","POSTDIG_FIX4_ON","154","2026-05-11 13:00:12.371234","504.749466","1.579385","","","","","","keyboard","after digit#4","{""note"":""after digit#4""}","2","0.016667","60.000000","1","",""
"Sergio_G01_CNS-LLF5RV3D8","cpeeg02","ses02","20260511_125107","2026-05-11 12:51:47.579060","NaN","8","digit","POSTDIG_FIX4_OFF","159","2026-05-11 13:00:13.949898","506.328851","0.044278","","","","","","keyboard","after digit#4","{""note"":""after digit#4"",""pd_used"":0}","2","0.016667","60.000000","1","",""
"Sergio_G01_CNS-LLF5RV3D8","cpeeg02","ses02","20260511_125107","2026-05-11 12:51:47.579060","NaN","8","digit","DIGIT5_ON","145","2026-05-11 13:00:14.001454","506.373129","0.551769","","9","","","","keyboard","digit#5 shown","{""value"":9,""note"":""digit#5 shown"",""pd_used"":1}","2","0.016667","60.000000","1","","0"
"Sergio_G01_CNS-LLF5RV3D8","cpeeg02","ses02","20260511_125107","2026-05-11 12:51:47.579060","NaN","8","digit","DIGIT5_OFF","150","2026-05-11 13:00:14.545442","506.924899","0.000000","","9","","","","keyboard","digit#5 off","{""value"":9,""note"":""digit#5 off"",""pd_used"":0}","2","0.016667","60.000000","1","",""
"Sergio_G01_CNS-LLF5RV3D8","cpeeg02","ses02","20260511_125107","2026-05-11 12:51:47.579060","NaN","8","digit","POSTDIG_FIX5_ON","155","2026-05-11 13:00:14.546259","506.924899","3.244610","","","","","","keyboard","after digit#5","{""note"":""after digit#5""}","2","0.016667","60.000000","1","",""
"Sergio_G01_CNS-LLF5RV3D8","cpeeg02","ses02","20260511_125107","2026-05-11 12:51:47.579060","NaN","8","digit","POSTDIG_FIX5_OFF","160","2026-05-11 13:00:17.790142","510.169509","0.044159","","","","","","keyboard","after digit#5","{""note"":""after digit#5"",""pd_used"":0}","2","0.016667","60.000000","1","",""
"Sergio_G01_CNS-LLF5RV3D8","cpeeg02","ses02","20260511_125107","2026-05-11 12:51:47.579060","NaN","8","distractor","DISTRACTOR_ON","50","2026-05-11 13:00:17.841300","510.213667","8.057014","","5+2=7","","","","keyboard","","{""value"":""5+2=7"",""isCorrectTruth"":true,""trueSum"":7,""pd_used"":1}","2","0.016667","60.000000","1","",""
"Sergio_G01_CNS-LLF5RV3D8","cpeeg02","ses02","20260511_125107","2026-05-11 12:51:47.579060","NaN","8","distractor","DISTRACTOR_ANS","51","2026-05-11 13:00:26.414162","518.270681","0.000000","8.057014","5+2=7","F","0","","keyboard","key= (False)","{""value"":""5+2=7"",""entered"":""F"",""rt"":8.0570136000023922,""correct"":0,""note"":""key= (False)"",""truth"":true,""trueSum"":7,""shownSum"":7,""a"":5,""b"":2}","2","0.016667","60.000000","1","7.9792",""
"Sergio_G01_CNS-LLF5RV3D8","cpeeg02","ses02","20260511_125107","2026-05-11 12:51:47.579060","NaN","8","distractor","ANS_WRONG","200","2026-05-11 13:00:26.456630","518.270681","0.609276","","","","","","keyboard","","{}","2","0.016667","60.000000","1","",""
"Sergio_G01_CNS-LLF5RV3D8","cpeeg02","ses02","20260511_125107","2026-05-11 12:51:47.579060","NaN","8","distractor","DISTRACTOR_OFF","52","2026-05-11 13:00:26.508039","518.879957","0.000000","","","","","","keyboard","","{""pd_used"":0}","2","0.016667","60.000000","1","",""
"Sergio_G01_CNS-LLF5RV3D8","cpeeg02","ses02","20260511_125107","2026-05-11 12:51:47.579060","NaN","8","distractor","FIX2_ON","60","2026-05-11 13:00:26.508740","518.879957","3.251964","","","","","","keyboard","immediate after response","{""note"":""immediate after response""}","2","0.016667","60.000000","1","",""
"Sergio_G01_CNS-LLF5RV3D8","cpeeg02","ses02","20260511_125107","2026-05-11 12:51:47.579060","NaN","8","fix2","FIX2_OFF","61","2026-05-11 13:00:29.752748","522.131921","0.044157","","","","","","keyboard","","{""pd_used"":0}","2","0.016667","60.000000","1","",""
"Sergio_G01_CNS-LLF5RV3D8","cpeeg02","ses02","20260511_125107","2026-05-11 12:51:47.579060","NaN","8","probe","DIGIT_RECALL_LINE_1","161","2026-05-11 13:00:29.804212","522.176078","2.120905","","1","","","","keyboard","first recall question","{""value"":1,""note"":""first recall question"",""pd_used"":1}","2","0.016667","60.000000","1","",""
"Sergio_G01_CNS-LLF5RV3D8","cpeeg02","ses02","20260511_125107","2026-05-11 12:51:47.579060","NaN","8","probe","PROBE_DIGIT_OK_1","71","2026-05-11 13:00:32.213476","524.296983","0.454042","2.122174","slot#1","5","0","","keyboard","probe_digit#1","{""value"":""slot#1"",""entered"":5,""rt"":2.1221743000060087,""note"":""probe_digit#1""}","2","0.016667","60.000000","1","NaN",""
"Sergio_G01_CNS-LLF5RV3D8","cpeeg02","ses02","20260511_125107","2026-05-11 12:51:47.579060","NaN","8","probe","DIGIT1_OFF","146","2026-05-11 13:00:32.371362","524.751025","0.000000","","9","","","","keyboard","digit#1 off","{""value"":9,""note"":""digit#1 off"",""pd_used"":0}","2","0.016667","60.000000","1","",""
"Sergio_G01_CNS-LLF5RV3D8","cpeeg02","ses02","20260511_125107","2026-05-11 12:51:47.579060","NaN","8","probe","POSTDIG_FIX1_ON","151","2026-05-11 13:00:32.372097","524.751025","1.707974","","","","","","keyboard","after digit#1","{""note"":""after digit#1""}","2","0.016667","60.000000","1","",""
"Sergio_G01_CNS-LLF5RV3D8","cpeeg02","ses02","20260511_125107","2026-05-11 12:51:47.579060","NaN","8","probe","POSTDIG_FIX1_OFF","156","2026-05-11 13:00:34.079648","526.458999","0.046241","","","","","","keyboard","after digit#1","{""note"":""after digit#1"",""pd_used"":0}","2","0.016667","60.000000","1","",""
"Sergio_G01_CNS-LLF5RV3D8","cpeeg02","ses02","20260511_125107","2026-05-11 12:51:47.579060","NaN","8","probe","DIGIT_RECALL_LINE_2","162","2026-05-11 13:00:34.131001","526.505240","0.944766","","2","","","","keyboard","next recall question","{""value"":2,""note"":""next recall question"",""pd_used"":1}","2","0.016667","60.000000","1","",""
"Sergio_G01_CNS-LLF5RV3D8","cpeeg02","ses02","20260511_125107","2026-05-11 12:51:47.579060","NaN","8","probe","PROBE_DIGIT_OK_2","71","2026-05-11 13:00:35.484042","527.450007","0.570697","5.275198","slot#2","3","0","","keyboard","probe_digit#2","{""value"":""slot#2"",""entered"":3,""rt"":5.27519790000224,""note"":""probe_digit#2""}","2","0.016667","60.000000","1","0.90056",""
"Sergio_G01_CNS-LLF5RV3D8","cpeeg02","ses02","20260511_125107","2026-05-11 12:51:47.579060","NaN","8","probe","DIGIT2_OFF","147","2026-05-11 13:00:35.641206","528.020704","0.000000","","9","","","","keyboard","digit#2 off","{""value"":9,""note"":""digit#2 off"",""pd_used"":0}","2","0.016667","60.000000","1","",""
"Sergio_G01_CNS-LLF5RV3D8","cpeeg02","ses02","20260511_125107","2026-05-11 12:51:47.579060","NaN","8","probe","POSTDIG_FIX2_ON","152","2026-05-11 13:00:35.641947","528.020704","1.575868","","","","","","keyboard","after digit#2","{""note"":""after digit#2""}","2","0.016667","60.000000","1","",""
"Sergio_G01_CNS-LLF5RV3D8","cpeeg02","ses02","20260511_125107","2026-05-11 12:51:47.579060","NaN","8","probe","POSTDIG_FIX2_OFF","157","2026-05-11 13:00:37.217385","529.596573","0.046231","","","","","","keyboard","after digit#2","{""note"":""after digit#2"",""pd_used"":0}","2","0.016667","60.000000","1","",""
"Sergio_G01_CNS-LLF5RV3D8","cpeeg02","ses02","20260511_125107","2026-05-11 12:51:47.579060","NaN","8","probe","DIGIT_RECALL_LINE_3","163","2026-05-11 13:00:37.268839","529.642804","1.262439","","3","","","","keyboard","next recall question","{""value"":3,""note"":""next recall question"",""pd_used"":1}","2","0.016667","60.000000","1","",""
"Sergio_G01_CNS-LLF5RV3D8","cpeeg02","ses02","20260511_125107","2026-05-11 12:51:47.579060","NaN","8","probe","PROBE_DIGIT_OK_3","71","2026-05-11 13:00:39.173983","530.905243","0.798789","8.730434","slot#3","5","0","","keyboard","probe_digit#3","{""value"":""slot#3"",""entered"":5,""rt"":8.7304338000030839,""note"":""probe_digit#3""}","2","0.016667","60.000000","1","1.2069",""
"Sergio_G01_CNS-LLF5RV3D8","cpeeg02","ses02","20260511_125107","2026-05-11 12:51:47.579060","NaN","8","probe","DIGIT3_OFF","148","2026-05-11 13:00:39.324467","531.704032","0.000000","","9","","","","keyboard","digit#3 off","{""value"":9,""note"":""digit#3 off"",""pd_used"":0}","2","0.016667","60.000000","1","",""
"Sergio_G01_CNS-LLF5RV3D8","cpeeg02","ses02","20260511_125107","2026-05-11 12:51:47.579060","NaN","8","probe","POSTDIG_FIX3_ON","153","2026-05-11 13:00:39.325211","531.704032","1.691400","","","","","","keyboard","after digit#3","{""note"":""after digit#3""}","2","0.016667","60.000000","1","",""
"Sergio_G01_CNS-LLF5RV3D8","cpeeg02","ses02","20260511_125107","2026-05-11 12:51:47.579060","NaN","8","probe","POSTDIG_FIX3_OFF","158","2026-05-11 13:00:41.015861","533.395432","0.046046","","","","","","keyboard","after digit#3","{""note"":""after digit#3"",""pd_used"":0}","2","0.016667","60.000000","1","",""
"Sergio_G01_CNS-LLF5RV3D8","cpeeg02","ses02","20260511_125107","2026-05-11 12:51:47.579060","NaN","8","probe","DIGIT_RECALL_LINE_4","164","2026-05-11 13:00:41.067344","533.441477","1.212363","","4","","","","keyboard","next recall question","{""value"":4,""note"":""next recall question"",""pd_used"":1}","2","0.016667","60.000000","1","",""
"Sergio_G01_CNS-LLF5RV3D8","cpeeg02","ses02","20260511_125107","2026-05-11 12:51:47.579060","NaN","8","probe","PROBE_DIGIT_OK_4","71","2026-05-11 13:00:42.794483","534.653840","0.664771","12.479032","slot#4","4","0","","keyboard","probe_digit#4","{""value"":""slot#4"",""entered"":4,""rt"":12.479031599999871,""note"":""probe_digit#4""}","2","0.016667","60.000000","1","0.989",""
"Sergio_G01_CNS-LLF5RV3D8","cpeeg02","ses02","20260511_125107","2026-05-11 12:51:47.579060","NaN","8","probe","DIGIT4_OFF","149","2026-05-11 13:00:42.939468","535.318611","0.000000","","9","","","","keyboard","digit#4 off","{""value"":9,""note"":""digit#4 off"",""pd_used"":0}","2","0.016667","60.000000","1","",""
"Sergio_G01_CNS-LLF5RV3D8","cpeeg02","ses02","20260511_125107","2026-05-11 12:51:47.579060","NaN","8","probe","POSTDIG_FIX4_ON","154","2026-05-11 13:00:42.940218","535.318611","1.887929","","","","","","keyboard","after digit#4","{""note"":""after digit#4""}","2","0.016667","60.000000","1","",""
"Sergio_G01_CNS-LLF5RV3D8","cpeeg02","ses02","20260511_125107","2026-05-11 12:51:47.579060","NaN","8","probe","POSTDIG_FIX4_OFF","159","2026-05-11 13:00:44.827060","537.206540","0.045859","","","","","","keyboard","after digit#4","{""note"":""after digit#4"",""pd_used"":0}","2","0.016667","60.000000","1","",""
"Sergio_G01_CNS-LLF5RV3D8","cpeeg02","ses02","20260511_125107","2026-05-11 12:51:47.579060","NaN","8","probe","DIGIT_RECALL_LINE_5","165","2026-05-11 13:00:44.878156","537.252399","0.786596","","5","","","","keyboard","next recall question","{""value"":5,""note"":""next recall question"",""pd_used"":1}","2","0.016667","60.000000","1","",""
"Sergio_G01_CNS-LLF5RV3D8","cpeeg02","ses02","20260511_125107","2026-05-11 12:51:47.579060","NaN","8","probe","PROBE_DIGIT_OK_5","71","2026-05-11 13:00:46.002744","538.038995","0.487195","15.864186","slot#5","8","0","","keyboard","probe_digit#5","{""value"":""slot#5"",""entered"":8,""rt"":15.864186000006157,""note"":""probe_digit#5""}","2","0.016667","60.000000","1","0.72356",""
"Sergio_G01_CNS-LLF5RV3D8","cpeeg02","ses02","20260511_125107","2026-05-11 12:51:47.579060","NaN","8","probe","DIGIT5_OFF","150","2026-05-11 13:00:46.146722","538.526190","0.000000","","9","","","","keyboard","digit#5 off","{""value"":9,""note"":""digit#5 off"",""pd_used"":0}","2","0.016667","60.000000","1","",""
"Sergio_G01_CNS-LLF5RV3D8","cpeeg02","ses02","20260511_125107","2026-05-11 12:51:47.579060","NaN","8","probe","POSTDIG_FIX5_ON","155","2026-05-11 13:00:46.147468","538.526190","3.319562","","","","","","keyboard","after digit#5","{""note"":""after digit#5""}","2","0.016667","60.000000","1","",""
"Sergio_G01_CNS-LLF5RV3D8","cpeeg02","ses02","20260511_125107","2026-05-11 12:51:47.579060","NaN","8","probe","POSTDIG_FIX5_OFF","160","2026-05-11 13:00:49.466504","541.845752","0.043705","","","","","","keyboard","after digit#5","{""note"":""after digit#5"",""pd_used"":0}","2","0.016667","60.000000","1","",""
"Sergio_G01_CNS-LLF5RV3D8","cpeeg02","ses02","20260511_125107","2026-05-11 12:51:47.579060","NaN","8","probe","PROBE_DONE","73","2026-05-11 13:00:49.468164","541.889457","0.000586","","","","","","keyboard","probe complete","{""value"":"""",""note"":""probe complete""}","2","0.016667","60.000000","1","",""
"Sergio_G01_CNS-LLF5RV3D8","cpeeg02","ses02","20260511_125107","2026-05-11 12:51:47.579060","NaN","8","probe","TRIAL_END","21","2026-05-11 13:00:49.468681","541.890043","0.105743","","","","","","keyboard","","{}","2","0.016667","60.000000","1","",""
"Sergio_G01_CNS-LLF5RV3D8","cpeeg02","ses02","20260511_125107","2026-05-11 12:51:47.579060","NaN","9","probe","TRIAL_CHANGE","22","2026-05-11 13:00:49.574696","541.995786","0.000922","","","","","","keyboard","trial transition","{""note"":""trial transition""}","2","0.016667","60.000000","1","",""
"Sergio_G01_CNS-LLF5RV3D8","cpeeg02","ses02","20260511_125107","2026-05-11 12:51:47.579060","NaN","9","probe","TRIAL_START","20","2026-05-11 13:00:49.575354","541.996707","0.043034","","","","","","keyboard","","{}","2","0.016667","60.000000","1","",""
"Sergio_G01_CNS-LLF5RV3D8","cpeeg02","ses02","20260511_125107","2026-05-11 12:51:47.579060","NaN","9","fix1","FIX1_ON","30","2026-05-11 13:00:49.668957","542.039741","3.163934","","","","","","keyboard","","{""pd_used"":0}","2","0.016667","60.000000","1","",""
"Sergio_G01_CNS-LLF5RV3D8","cpeeg02","ses02","20260511_125107","2026-05-11 12:51:47.579060","NaN","9","fix1","FIX1_OFF","31","2026-05-11 13:00:52.824435","545.203675","0.044088","","","","","","keyboard","","{""pd_used"":0}","2","0.016667","60.000000","1","",""
"Sergio_G01_CNS-LLF5RV3D8","cpeeg02","ses02","20260511_125107","2026-05-11 12:51:47.579060","NaN","9","digit","DIGIT1_ON","141","2026-05-11 13:00:52.875769","545.247763","0.551404","","7","","","","keyboard","digit#1 shown","{""value"":7,""note"":""digit#1 shown"",""pd_used"":1}","2","0.016667","60.000000","1","","0"
"Sergio_G01_CNS-LLF5RV3D8","cpeeg02","ses02","20260511_125107","2026-05-11 12:51:47.579060","NaN","9","digit","DIGIT1_OFF","146","2026-05-11 13:00:53.419612","545.799167","0.000000","","7","","","","keyboard","digit#1 off","{""value"":7,""note"":""digit#1 off"",""pd_used"":0}","2","0.016667","60.000000","1","",""
"Sergio_G01_CNS-LLF5RV3D8","cpeeg02","ses02","20260511_125107","2026-05-11 12:51:47.579060","NaN","9","digit","POSTDIG_FIX1_ON","151","2026-05-11 13:00:53.420394","545.799167","1.677204","","","","","","keyboard","after digit#1","{""note"":""after digit#1""}","2","0.016667","60.000000","1","",""
"Sergio_G01_CNS-LLF5RV3D8","cpeeg02","ses02","20260511_125107","2026-05-11 12:51:47.579060","NaN","9","digit","POSTDIG_FIX1_OFF","156","2026-05-11 13:00:55.097196","547.476371","0.044326","","","","","","keyboard","after digit#1","{""note"":""after digit#1"",""pd_used"":0}","2","0.016667","60.000000","1","",""
"Sergio_G01_CNS-LLF5RV3D8","cpeeg02","ses02","20260511_125107","2026-05-11 12:51:47.579060","NaN","9","digit","DIGIT2_ON","142","2026-05-11 13:00:55.148343","547.520697","0.550978","","2","","","","keyboard","digit#2 shown","{""value"":2,""note"":""digit#2 shown"",""pd_used"":1}","2","0.016667","60.000000","1","","0"
"Sergio_G01_CNS-LLF5RV3D8","cpeeg02","ses02","20260511_125107","2026-05-11 12:51:47.579060","NaN","9","digit","DIGIT2_OFF","147","2026-05-11 13:00:55.692052","548.071675","0.000000","","2","","","","keyboard","digit#2 off","{""value"":2,""note"":""digit#2 off"",""pd_used"":0}","2","0.016667","60.000000","1","",""
"Sergio_G01_CNS-LLF5RV3D8","cpeeg02","ses02","20260511_125107","2026-05-11 12:51:47.579060","NaN","9","digit","POSTDIG_FIX2_ON","152","2026-05-11 13:00:55.692795","548.071675","2.007274","","","","","","keyboard","after digit#2","{""note"":""after digit#2""}","2","0.016667","60.000000","1","",""
"Sergio_G01_CNS-LLF5RV3D8","cpeeg02","ses02","20260511_125107","2026-05-11 12:51:47.579060","NaN","9","digit","POSTDIG_FIX2_OFF","157","2026-05-11 13:00:57.699494","550.078949","0.043924","","","","","","keyboard","after digit#2","{""note"":""after digit#2"",""pd_used"":0}","2","0.016667","60.000000","1","",""
"Sergio_G01_CNS-LLF5RV3D8","cpeeg02","ses02","20260511_125107","2026-05-11 12:51:47.579060","NaN","9","digit","DIGIT3_ON","143","2026-05-11 13:00:57.750726","550.122873","0.551278","","2","","","","keyboard","digit#3 shown","{""value"":2,""note"":""digit#3 shown"",""pd_used"":1}","2","0.016667","60.000000","1","","0"
"Sergio_G01_CNS-LLF5RV3D8","cpeeg02","ses02","20260511_125107","2026-05-11 12:51:47.579060","NaN","9","digit","DIGIT3_OFF","148","2026-05-11 13:00:58.294756","550.674151","0.000000","","2","","","","keyboard","digit#3 off","{""value"":2,""note"":""digit#3 off"",""pd_used"":0}","2","0.016667","60.000000","1","",""
"Sergio_G01_CNS-LLF5RV3D8","cpeeg02","ses02","20260511_125107","2026-05-11 12:51:47.579060","NaN","9","digit","POSTDIG_FIX3_ON","153","2026-05-11 13:00:58.295509","550.674151","1.552004","","","","","","keyboard","after digit#3","{""note"":""after digit#3""}","2","0.016667","60.000000","1","",""
"Sergio_G01_CNS-LLF5RV3D8","cpeeg02","ses02","20260511_125107","2026-05-11 12:51:47.579060","NaN","9","digit","POSTDIG_FIX3_OFF","158","2026-05-11 13:00:59.846718","552.226155","0.044074","","","","","","keyboard","after digit#3","{""note"":""after digit#3"",""pd_used"":0}","2","0.016667","60.000000","1","",""
"Sergio_G01_CNS-LLF5RV3D8","cpeeg02","ses02","20260511_125107","2026-05-11 12:51:47.579060","NaN","9","digit","DIGIT4_ON","144","2026-05-11 13:00:59.897902","552.270229","0.551073","","2","","","","keyboard","digit#4 shown","{""value"":2,""note"":""digit#4 shown"",""pd_used"":1}","2","0.016667","60.000000","1","","1"
"Sergio_G01_CNS-LLF5RV3D8","cpeeg02","ses02","20260511_125107","2026-05-11 12:51:47.579060","NaN","9","digit","DIGIT4_OFF","149","2026-05-11 13:01:00.442020","552.821301","0.000000","","2","","","","keyboard","digit#4 off","{""value"":2,""note"":""digit#4 off"",""pd_used"":0}","2","0.016667","60.000000","1","",""
"Sergio_G01_CNS-LLF5RV3D8","cpeeg02","ses02","20260511_125107","2026-05-11 12:51:47.579060","NaN","9","digit","POSTDIG_FIX4_ON","154","2026-05-11 13:01:00.442766","552.821301","1.884075","","","","","","keyboard","after digit#4","{""note"":""after digit#4""}","2","0.016667","60.000000","1","",""
"Sergio_G01_CNS-LLF5RV3D8","cpeeg02","ses02","20260511_125107","2026-05-11 12:51:47.579060","NaN","9","digit","POSTDIG_FIX4_OFF","159","2026-05-11 13:01:02.326063","554.705376","0.043939","","","","","","keyboard","after digit#4","{""note"":""after digit#4"",""pd_used"":0}","2","0.016667","60.000000","1","",""
"Sergio_G01_CNS-LLF5RV3D8","cpeeg02","ses02","20260511_125107","2026-05-11 12:51:47.579060","NaN","9","digit","DIGIT5_ON","145","2026-05-11 13:01:02.377269","554.749315","0.551443","","3","","","","keyboard","digit#5 shown","{""value"":3,""note"":""digit#5 shown"",""pd_used"":1}","2","0.016667","60.000000","1","","0"
"Sergio_G01_CNS-LLF5RV3D8","cpeeg02","ses02","20260511_125107","2026-05-11 12:51:47.579060","NaN","9","digit","DIGIT5_OFF","150","2026-05-11 13:01:02.921277","555.300758","0.000000","","3","","","","keyboard","digit#5 off","{""value"":3,""note"":""digit#5 off"",""pd_used"":0}","2","0.016667","60.000000","1","",""
"Sergio_G01_CNS-LLF5RV3D8","cpeeg02","ses02","20260511_125107","2026-05-11 12:51:47.579060","NaN","9","digit","POSTDIG_FIX5_ON","155","2026-05-11 13:01:02.922039","555.300758","3.213557","","","","","","keyboard","after digit#5","{""note"":""after digit#5""}","2","0.016667","60.000000","1","",""
"Sergio_G01_CNS-LLF5RV3D8","cpeeg02","ses02","20260511_125107","2026-05-11 12:51:47.579060","NaN","9","digit","POSTDIG_FIX5_OFF","160","2026-05-11 13:01:06.134833","558.514315","0.043900","","","","","","keyboard","after digit#5","{""note"":""after digit#5"",""pd_used"":0}","2","0.016667","60.000000","1","",""
"Sergio_G01_CNS-LLF5RV3D8","cpeeg02","ses02","20260511_125107","2026-05-11 12:51:47.579060","NaN","9","distractor","DISTRACTOR_ON","50","2026-05-11 13:01:06.185917","558.558215","1.054885","","8+7=15","","","","keyboard","","{""value"":""8+7=15"",""isCorrectTruth"":true,""trueSum"":15,""pd_used"":1}","2","0.016667","60.000000","1","",""
"Sergio_G01_CNS-LLF5RV3D8","cpeeg02","ses02","20260511_125107","2026-05-11 12:51:47.579060","NaN","9","distractor","DISTRACTOR_ANS","51","2026-05-11 13:01:07.503608","559.613100","0.000000","1.054885","8+7=15","F","0","","keyboard","key= (False)","{""value"":""8+7=15"",""entered"":""F"",""rt"":1.0548851999992621,""correct"":0,""note"":""key= (False)"",""truth"":true,""trueSum"":15,""shownSum"":15,""a"":8,""b"":7}","2","0.016667","60.000000","1","NaN",""
"Sergio_G01_CNS-LLF5RV3D8","cpeeg02","ses02","20260511_125107","2026-05-11 12:51:47.579060","NaN","9","distractor","ANS_WRONG","200","2026-05-11 13:01:07.546034","559.613100","0.355982","","","","","","keyboard","","{}","2","0.016667","60.000000","1","",""
"Sergio_G01_CNS-LLF5RV3D8","cpeeg02","ses02","20260511_125107","2026-05-11 12:51:47.579060","NaN","9","distractor","DISTRACTOR_OFF","52","2026-05-11 13:01:07.597233","559.969082","0.000000","","","","","","keyboard","","{""pd_used"":0}","2","0.016667","60.000000","1","",""
"Sergio_G01_CNS-LLF5RV3D8","cpeeg02","ses02","20260511_125107","2026-05-11 12:51:47.579060","NaN","9","distractor","FIX2_ON","60","2026-05-11 13:01:07.597892","559.969082","3.103224","","","","","","keyboard","immediate after response","{""note"":""immediate after response""}","2","0.016667","60.000000","1","",""
"Sergio_G01_CNS-LLF5RV3D8","cpeeg02","ses02","20260511_125107","2026-05-11 12:51:47.579060","NaN","9","fix2","FIX2_OFF","61","2026-05-11 13:01:10.692829","563.072307","0.043746","","","","","","keyboard","","{""pd_used"":0}","2","0.016667","60.000000","1","",""
"Sergio_G01_CNS-LLF5RV3D8","cpeeg02","ses02","20260511_125107","2026-05-11 12:51:47.579060","NaN","9","probe","DIGIT_RECALL_LINE_1","161","2026-05-11 13:01:10.743909","563.116053","5.329176","","1","","","","keyboard","first recall question","{""value"":1,""note"":""first recall question"",""pd_used"":1}","2","0.016667","60.000000","1","",""
"Sergio_G01_CNS-LLF5RV3D8","cpeeg02","ses02","20260511_125107","2026-05-11 12:51:47.579060","NaN","9","probe","PROBE_DIGIT_OK_1","71","2026-05-11 13:01:16.501303","568.445229","0.588452","5.330330","slot#1","8","0","","keyboard","probe_digit#1","{""value"":""slot#1"",""entered"":8,""rt"":5.3303298000028008,""note"":""probe_digit#1""}","2","0.016667","60.000000","1","5.2741",""
"Sergio_G01_CNS-LLF5RV3D8","cpeeg02","ses02","20260511_125107","2026-05-11 12:51:47.579060","NaN","9","probe","DIGIT1_OFF","146","2026-05-11 13:01:16.654436","569.033681","0.000000","","3","","","","keyboard","digit#1 off","{""value"":3,""note"":""digit#1 off"",""pd_used"":0}","2","0.016667","60.000000","1","",""
"Sergio_G01_CNS-LLF5RV3D8","cpeeg02","ses02","20260511_125107","2026-05-11 12:51:47.579060","NaN","9","probe","POSTDIG_FIX1_ON","151","2026-05-11 13:01:16.655178","569.033681","1.623987","","","","","","keyboard","after digit#1","{""note"":""after digit#1""}","2","0.016667","60.000000","1","",""
"Sergio_G01_CNS-LLF5RV3D8","cpeeg02","ses02","20260511_125107","2026-05-11 12:51:47.579060","NaN","9","probe","POSTDIG_FIX1_OFF","156","2026-05-11 13:01:18.278365","570.657668","0.046141","","","","","","keyboard","after digit#1","{""note"":""after digit#1"",""pd_used"":0}","2","0.016667","60.000000","1","",""
"Sergio_G01_CNS-LLF5RV3D8","cpeeg02","ses02","20260511_125107","2026-05-11 12:51:47.579060","NaN","9","probe","DIGIT_RECALL_LINE_2","162","2026-05-11 13:01:18.329721","570.703808","1.482999","","2","","","","keyboard","next recall question","{""value"":2,""note"":""next recall question"",""pd_used"":1}","2","0.016667","60.000000","1","",""
"Sergio_G01_CNS-LLF5RV3D8","cpeeg02","ses02","20260511_125107","2026-05-11 12:51:47.579060","NaN","9","probe","PROBE_DIGIT_OK_2","71","2026-05-11 13:01:20.371965","572.186808","0.712823","9.071909","slot#2","3","0","","keyboard","probe_digit#2","{""value"":""slot#2"",""entered"":3,""rt"":9.0719087000034051,""note"":""probe_digit#2""}","2","0.016667","60.000000","1","1.4264",""
"Sergio_G01_CNS-LLF5RV3D8","cpeeg02","ses02","20260511_125107","2026-05-11 12:51:47.579060","NaN","9","probe","DIGIT2_OFF","147","2026-05-11 13:01:20.520226","572.899631","0.000000","","3","","","","keyboard","digit#2 off","{""value"":3,""note"":""digit#2 off"",""pd_used"":0}","2","0.016667","60.000000","1","",""
"Sergio_G01_CNS-LLF5RV3D8","cpeeg02","ses02","20260511_125107","2026-05-11 12:51:47.579060","NaN","9","probe","POSTDIG_FIX2_ON","152","2026-05-11 13:01:20.520969","572.899631","1.642231","","","","","","keyboard","after digit#2","{""note"":""after digit#2""}","2","0.016667","60.000000","1","",""
"Sergio_G01_CNS-LLF5RV3D8","cpeeg02","ses02","20260511_125107","2026-05-11 12:51:47.579060","NaN","9","probe","POSTDIG_FIX2_OFF","157","2026-05-11 13:01:22.162335","574.541861","0.046180","","","","","","keyboard","after digit#2","{""note"":""after digit#2"",""pd_used"":0}","2","0.016667","60.000000","1","",""
"Sergio_G01_CNS-LLF5RV3D8","cpeeg02","ses02","20260511_125107","2026-05-11 12:51:47.579060","NaN","9","probe","DIGIT_RECALL_LINE_3","163","2026-05-11 13:01:22.213601","574.588041","1.073864","","3","","","","keyboard","next recall question","{""value"":3,""note"":""next recall question"",""pd_used"":1}","2","0.016667","60.000000","1","",""
"Sergio_G01_CNS-LLF5RV3D8","cpeeg02","ses02","20260511_125107","2026-05-11 12:51:47.579060","NaN","9","probe","PROBE_DIGIT_OK_3","71","2026-05-11 13:01:23.892884","575.661905","0.763568","12.547006","slot#3","3","0","","keyboard","probe_digit#3","{""value"":""slot#3"",""entered"":3,""rt"":12.547006300002977,""note"":""probe_digit#3""}","2","0.016667","60.000000","1","1.0304",""
"Sergio_G01_CNS-LLF5RV3D8","cpeeg02","ses02","20260511_125107","2026-05-11 12:51:47.579060","NaN","9","probe","DIGIT3_OFF","148","2026-05-11 13:01:24.045744","576.425474","0.000000","","3","","","","keyboard","digit#3 off","{""value"":3,""note"":""digit#3 off"",""pd_used"":0}","2","0.016667","60.000000","1","",""
"Sergio_G01_CNS-LLF5RV3D8","cpeeg02","ses02","20260511_125107","2026-05-11 12:51:47.579060","NaN","9","probe","POSTDIG_FIX3_ON","153","2026-05-11 13:01:24.046534","576.425474","1.642800","","","","","","keyboard","after digit#3","{""note"":""after digit#3""}","2","0.016667","60.000000","1","",""
"Sergio_G01_CNS-LLF5RV3D8","cpeeg02","ses02","20260511_125107","2026-05-11 12:51:47.579060","NaN","9","probe","POSTDIG_FIX3_OFF","158","2026-05-11 13:01:25.689225","578.068274","0.046235","","","","","","keyboard","after digit#3","{""note"":""after digit#3"",""pd_used"":0}","2","0.016667","60.000000","1","",""
"Sergio_G01_CNS-LLF5RV3D8","cpeeg02","ses02","20260511_125107","2026-05-11 12:51:47.579060","NaN","9","probe","DIGIT_RECALL_LINE_4","164","2026-05-11 13:01:25.740270","578.114508","1.969721","","4","","","","keyboard","next recall question","{""value"":4,""note"":""next recall question"",""pd_used"":1}","2","0.016667","60.000000","1","",""
"Sergio_G01_CNS-LLF5RV3D8","cpeeg02","ses02","20260511_125107","2026-05-11 12:51:47.579060","NaN","9","probe","PROBE_DIGIT_OK_4","71","2026-05-11 13:01:28.362994","580.084229","0.814038","16.969330","slot#4","2","1","","keyboard","probe_digit#4","{""value"":""slot#4"",""entered"":2,""rt"":16.969329700004891,""note"":""probe_digit#4""}","2","0.016667","60.000000","1","1.914",""
"Sergio_G01_CNS-LLF5RV3D8","cpeeg02","ses02","20260511_125107","2026-05-11 12:51:47.579060","NaN","9","probe","DIGIT4_OFF","149","2026-05-11 13:01:28.518589","580.898267","0.000000","","3","","","","keyboard","digit#4 off","{""value"":3,""note"":""digit#4 off"",""pd_used"":0}","2","0.016667","60.000000","1","",""
"Sergio_G01_CNS-LLF5RV3D8","cpeeg02","ses02","20260511_125107","2026-05-11 12:51:47.579060","NaN","9","probe","POSTDIG_FIX4_ON","154","2026-05-11 13:01:28.519373","580.898267","1.636195","","","","","","keyboard","after digit#4","{""note"":""after digit#4""}","2","0.016667","60.000000","1","",""
"Sergio_G01_CNS-LLF5RV3D8","cpeeg02","ses02","20260511_125107","2026-05-11 12:51:47.579060","NaN","9","probe","POSTDIG_FIX4_OFF","159","2026-05-11 13:01:30.155026","582.534462","0.045945","","","","","","keyboard","after digit#4","{""note"":""after digit#4"",""pd_used"":0}","2","0.016667","60.000000","1","",""
"Sergio_G01_CNS-LLF5RV3D8","cpeeg02","ses02","20260511_125107","2026-05-11 12:51:47.579060","NaN","9","probe","DIGIT_RECALL_LINE_5","165","2026-05-11 13:01:30.206182","582.580407","0.070048","","5","","","","keyboard","next recall question","{""value"":5,""note"":""next recall question"",""pd_used"":1}","2","0.016667","60.000000","1","",""
"Sergio_G01_CNS-LLF5RV3D8","cpeeg02","ses02","20260511_125107","2026-05-11 12:51:47.579060","NaN","9","probe","PROBE_DIGIT_OK_5","71","2026-05-11 13:01:30.564402","582.650454","0.452113","19.535555","slot#5","NaN","0","","keyboard","probe_digit#5","{""value"":""slot#5"",""entered"":null,""rt"":19.535555000002205,""note"":""probe_digit#5""}","2","0.016667","60.000000","1","NaN",""
"Sergio_G01_CNS-LLF5RV3D8","cpeeg02","ses02","20260511_125107","2026-05-11 12:51:47.579060","NaN","9","probe","DIGIT5_OFF","150","2026-05-11 13:01:30.723068","583.102567","0.000000","","3","","","","keyboard","digit#5 off","{""value"":3,""note"":""digit#5 off"",""pd_used"":0}","2","0.016667","60.000000","1","",""
"Sergio_G01_CNS-LLF5RV3D8","cpeeg02","ses02","20260511_125107","2026-05-11 12:51:47.579060","NaN","9","probe","POSTDIG_FIX5_ON","155","2026-05-11 13:01:30.723828","583.102567","3.224047","","","","","","keyboard","after digit#5","{""note"":""after digit#5""}","2","0.016667","60.000000","1","",""
"Sergio_G01_CNS-LLF5RV3D8","cpeeg02","ses02","20260511_125107","2026-05-11 12:51:47.579060","NaN","9","probe","POSTDIG_FIX5_OFF","160","2026-05-11 13:01:33.947189","586.326615","0.043895","","","","","","keyboard","after digit#5","{""note"":""after digit#5"",""pd_used"":0}","2","0.016667","60.000000","1","",""
"Sergio_G01_CNS-LLF5RV3D8","cpeeg02","ses02","20260511_125107","2026-05-11 12:51:47.579060","NaN","9","probe","PROBE_DONE","73","2026-05-11 13:01:33.949248","586.370510","0.000639","","","","","","keyboard","probe complete","{""value"":"""",""note"":""probe complete""}","2","0.016667","60.000000","1","",""
"Sergio_G01_CNS-LLF5RV3D8","cpeeg02","ses02","20260511_125107","2026-05-11 12:51:47.579060","NaN","9","probe","TRIAL_END","21","2026-05-11 13:01:33.949796","586.371150","0.115688","","","","","","keyboard","","{}","2","0.016667","60.000000","1","",""
"Sergio_G01_CNS-LLF5RV3D8","cpeeg02","ses02","20260511_125107","2026-05-11 12:51:47.579060","NaN","10","probe","TRIAL_CHANGE","22","2026-05-11 13:01:34.065744","586.486838","0.001203","","","","","","keyboard","trial transition","{""note"":""trial transition""}","2","0.016667","60.000000","1","",""
"Sergio_G01_CNS-LLF5RV3D8","cpeeg02","ses02","20260511_125107","2026-05-11 12:51:47.579060","NaN","10","probe","TRIAL_START","20","2026-05-11 13:01:34.066954","586.488040","0.043718","","","","","","keyboard","","{}","2","0.016667","60.000000","1","",""
"Sergio_G01_CNS-LLF5RV3D8","cpeeg02","ses02","20260511_125107","2026-05-11 12:51:47.579060","NaN","10","fix1","FIX1_ON","30","2026-05-11 13:01:34.161097","586.531758","3.400804","","","","","","keyboard","","{""pd_used"":0}","2","0.016667","60.000000","1","",""
"Sergio_G01_CNS-LLF5RV3D8","cpeeg02","ses02","20260511_125107","2026-05-11 12:51:47.579060","NaN","10","fix1","FIX1_OFF","31","2026-05-11 13:01:37.553094","589.932562","0.044074","","","","","","keyboard","","{""pd_used"":0}","2","0.016667","60.000000","1","",""
"Sergio_G01_CNS-LLF5RV3D8","cpeeg02","ses02","20260511_125107","2026-05-11 12:51:47.579060","NaN","10","digit","DIGIT1_ON","141","2026-05-11 13:01:37.604620","589.976636","0.551479","","2","","","","keyboard","digit#1 shown","{""value"":2,""note"":""digit#1 shown"",""pd_used"":1}","2","0.016667","60.000000","1","","1"
"Sergio_G01_CNS-LLF5RV3D8","cpeeg02","ses02","20260511_125107","2026-05-11 12:51:47.579060","NaN","10","digit","DIGIT1_OFF","146","2026-05-11 13:01:38.148861","590.528115","0.000000","","2","","","","keyboard","digit#1 off","{""value"":2,""note"":""digit#1 off"",""pd_used"":0}","2","0.016667","60.000000","1","",""
"Sergio_G01_CNS-LLF5RV3D8","cpeeg02","ses02","20260511_125107","2026-05-11 12:51:47.579060","NaN","10","digit","POSTDIG_FIX1_ON","151","2026-05-11 13:01:38.150398","590.528115","1.713372","","","","","","keyboard","after digit#1","{""note"":""after digit#1""}","2","0.016667","60.000000","1","",""
"Sergio_G01_CNS-LLF5RV3D8","cpeeg02","ses02","20260511_125107","2026-05-11 12:51:47.579060","NaN","10","digit","POSTDIG_FIX1_OFF","156","2026-05-11 13:01:39.862284","592.241487","0.044044","","","","","","keyboard","after digit#1","{""note"":""after digit#1"",""pd_used"":0}","2","0.016667","60.000000","1","",""
"Sergio_G01_CNS-LLF5RV3D8","cpeeg02","ses02","20260511_125107","2026-05-11 12:51:47.579060","NaN","10","digit","DIGIT2_ON","142","2026-05-11 13:01:39.913387","592.285531","0.551169","","0","","","","keyboard","digit#2 shown","{""value"":0,""note"":""digit#2 shown"",""pd_used"":1}","2","0.016667","60.000000","1","","0"
"Sergio_G01_CNS-LLF5RV3D8","cpeeg02","ses02","20260511_125107","2026-05-11 12:51:47.579060","NaN","10","digit","DIGIT2_OFF","147","2026-05-11 13:01:40.457218","592.836700","0.000000","","0","","","","keyboard","digit#2 off","{""value"":0,""note"":""digit#2 off"",""pd_used"":0}","2","0.016667","60.000000","1","",""
"Sergio_G01_CNS-LLF5RV3D8","cpeeg02","ses02","20260511_125107","2026-05-11 12:51:47.579060","NaN","10","digit","POSTDIG_FIX2_ON","152","2026-05-11 13:01:40.457983","592.836700","1.544869","","","","","","keyboard","after digit#2","{""note"":""after digit#2""}","2","0.016667","60.000000","1","",""
"Sergio_G01_CNS-LLF5RV3D8","cpeeg02","ses02","20260511_125107","2026-05-11 12:51:47.579060","NaN","10","digit","POSTDIG_FIX2_OFF","157","2026-05-11 13:01:42.002152","594.381570","0.043905","","","","","","keyboard","after digit#2","{""note"":""after digit#2"",""pd_used"":0}","2","0.016667","60.000000","1","",""
"Sergio_G01_CNS-LLF5RV3D8","cpeeg02","ses02","20260511_125107","2026-05-11 12:51:47.579060","NaN","10","digit","DIGIT3_ON","143","2026-05-11 13:01:42.053582","594.425474","0.551354","","0","","","","keyboard","digit#3 shown","{""value"":0,""note"":""digit#3 shown"",""pd_used"":1}","2","0.016667","60.000000","1","","0"
"Sergio_G01_CNS-LLF5RV3D8","cpeeg02","ses02","20260511_125107","2026-05-11 12:51:47.579060","NaN","10","digit","DIGIT3_OFF","148","2026-05-11 13:01:42.597359","594.976829","0.000000","","0","","","","keyboard","digit#3 off","{""value"":0,""note"":""digit#3 off"",""pd_used"":0}","2","0.016667","60.000000","1","",""
"Sergio_G01_CNS-LLF5RV3D8","cpeeg02","ses02","20260511_125107","2026-05-11 12:51:47.579060","NaN","10","digit","POSTDIG_FIX3_ON","153","2026-05-11 13:01:42.598094","594.976829","1.999210","","","","","","keyboard","after digit#3","{""note"":""after digit#3""}","2","0.016667","60.000000","1","",""
"Sergio_G01_CNS-LLF5RV3D8","cpeeg02","ses02","20260511_125107","2026-05-11 12:51:47.579060","NaN","10","digit","POSTDIG_FIX3_OFF","158","2026-05-11 13:01:44.596662","596.976039","0.043924","","","","","","keyboard","after digit#3","{""note"":""after digit#3"",""pd_used"":0}","2","0.016667","60.000000","1","",""
"Sergio_G01_CNS-LLF5RV3D8","cpeeg02","ses02","20260511_125107","2026-05-11 12:51:47.579060","NaN","10","digit","DIGIT4_ON","144","2026-05-11 13:01:44.647792","597.019963","0.551230","","2","","","","keyboard","digit#4 shown","{""value"":2,""note"":""digit#4 shown"",""pd_used"":1}","2","0.016667","60.000000","1","","0"
"Sergio_G01_CNS-LLF5RV3D8","cpeeg02","ses02","20260511_125107","2026-05-11 12:51:47.579060","NaN","10","digit","DIGIT4_OFF","149","2026-05-11 13:01:45.191980","597.571192","0.000000","","2","","","","keyboard","digit#4 off","{""value"":2,""note"":""digit#4 off"",""pd_used"":0}","2","0.016667","60.000000","1","",""
"Sergio_G01_CNS-LLF5RV3D8","cpeeg02","ses02","20260511_125107","2026-05-11 12:51:47.579060","NaN","10","digit","POSTDIG_FIX4_ON","154","2026-05-11 13:01:45.192718","597.571192","1.987436","","","","","","keyboard","after digit#4","{""note"":""after digit#4""}","2","0.016667","60.000000","1","",""
"Sergio_G01_CNS-LLF5RV3D8","cpeeg02","ses02","20260511_125107","2026-05-11 12:51:47.579060","NaN","10","digit","POSTDIG_FIX4_OFF","159","2026-05-11 13:01:47.179023","599.558628","0.043667","","","","","","keyboard","after digit#4","{""note"":""after digit#4"",""pd_used"":0}","2","0.016667","60.000000","1","",""
"Sergio_G01_CNS-LLF5RV3D8","cpeeg02","ses02","20260511_125107","2026-05-11 12:51:47.579060","NaN","10","digit","DIGIT5_ON","145","2026-05-11 13:01:47.230750","599.602295","0.551785","","9","","","","keyboard","digit#5 shown","{""value"":9,""note"":""digit#5 shown"",""pd_used"":1}","2","0.016667","60.000000","1","","0"
"Sergio_G01_CNS-LLF5RV3D8","cpeeg02","ses02","20260511_125107","2026-05-11 12:51:47.579060","NaN","10","digit","DIGIT5_OFF","150","2026-05-11 13:01:47.774435","600.154080","0.000000","","9","","","","keyboard","digit#5 off","{""value"":9,""note"":""digit#5 off"",""pd_used"":0}","2","0.016667","60.000000","1","",""
"Sergio_G01_CNS-LLF5RV3D8","cpeeg02","ses02","20260511_125107","2026-05-11 12:51:47.579060","NaN","10","digit","POSTDIG_FIX5_ON","155","2026-05-11 13:01:47.775163","600.154080","3.475820","","","","","","keyboard","after digit#5","{""note"":""after digit#5""}","2","0.016667","60.000000","1","",""
"Sergio_G01_CNS-LLF5RV3D8","cpeeg02","ses02","20260511_125107","2026-05-11 12:51:47.579060","NaN","10","digit","POSTDIG_FIX5_OFF","160","2026-05-11 13:01:51.250339","603.629900","0.043679","","","","","","keyboard","after digit#5","{""note"":""after digit#5"",""pd_used"":0}","2","0.016667","60.000000","1","",""
"Sergio_G01_CNS-LLF5RV3D8","cpeeg02","ses02","20260511_125107","2026-05-11 12:51:47.579060","NaN","10","distractor","DISTRACTOR_ON","50","2026-05-11 13:01:51.301854","603.673579","3.028327","","2+2=7","","","","keyboard","","{""value"":""2+2=7"",""isCorrectTruth"":false,""trueSum"":4,""pd_used"":1}","2","0.016667","60.000000","1","",""
"Sergio_G01_CNS-LLF5RV3D8","cpeeg02","ses02","20260511_125107","2026-05-11 12:51:47.579060","NaN","10","distractor","DISTRACTOR_ANS","51","2026-05-11 13:01:54.918107","606.701906","0.000000","3.028327","2+2=7","F","1","","keyboard","key= (False)","{""value"":""2+2=7"",""entered"":""F"",""rt"":3.0283267999984673,""correct"":1,""note"":""key= (False)"",""truth"":false,""trueSum"":4,""shownSum"":7,""a"":2,""b"":2}","2","0.016667","60.000000","1","2.9167",""
"Sergio_G01_CNS-LLF5RV3D8","cpeeg02","ses02","20260511_125107","2026-05-11 12:51:47.579060","NaN","10","distractor","ANS_CORRECT","100","2026-05-11 13:01:54.960689","606.701906","0.682480","","","","","","keyboard","","{}","2","0.016667","60.000000","1","",""
"Sergio_G01_CNS-LLF5RV3D8","cpeeg02","ses02","20260511_125107","2026-05-11 12:51:47.579060","NaN","10","distractor","DISTRACTOR_OFF","52","2026-05-11 13:01:55.011918","607.384386","0.000000","","","","","","keyboard","","{""pd_used"":0}","2","0.016667","60.000000","1","",""
"Sergio_G01_CNS-LLF5RV3D8","cpeeg02","ses02","20260511_125107","2026-05-11 12:51:47.579060","NaN","10","distractor","FIX2_ON","60","2026-05-11 13:01:55.012619","607.384386","3.279938","","","","","","keyboard","immediate after response","{""note"":""immediate after response""}","2","0.016667","60.000000","1","",""
"Sergio_G01_CNS-LLF5RV3D8","cpeeg02","ses02","20260511_125107","2026-05-11 12:51:47.579060","NaN","10","fix2","FIX2_OFF","61","2026-05-11 13:01:58.284983","610.664324","0.043995","","","","","","keyboard","","{""pd_used"":0}","2","0.016667","60.000000","1","",""
"Sergio_G01_CNS-LLF5RV3D8","cpeeg02","ses02","20260511_125107","2026-05-11 12:51:47.579060","NaN","10","probe","DIGIT_RECALL_LINE_1","161","2026-05-11 13:01:58.336204","610.708319","2.066442","","1","","","","keyboard","first recall question","{""value"":1,""note"":""first recall question"",""pd_used"":1}","2","0.016667","60.000000","1","",""
"Sergio_G01_CNS-LLF5RV3D8","cpeeg02","ses02","20260511_125107","2026-05-11 12:51:47.579060","NaN","10","probe","PROBE_DIGIT_OK_1","71","2026-05-11 13:02:00.994207","612.774761","0.740729","2.067720","slot#1","2","1","","keyboard","probe_digit#1","{""value"":""slot#1"",""entered"":2,""rt"":2.0677195999960531,""note"":""probe_digit#1""}","2","0.016667","60.000000","1","2.0164",""
"Sergio_G01_CNS-LLF5RV3D8","cpeeg02","ses02","20260511_125107","2026-05-11 12:51:47.579060","NaN","10","probe","DIGIT1_OFF","146","2026-05-11 13:02:01.135961","613.515490","0.000000","","9","","","","keyboard","digit#1 off","{""value"":9,""note"":""digit#1 off"",""pd_used"":0}","2","0.016667","60.000000","1","",""
"Sergio_G01_CNS-LLF5RV3D8","cpeeg02","ses02","20260511_125107","2026-05-11 12:51:47.579060","NaN","10","probe","POSTDIG_FIX1_ON","151","2026-05-11 13:02:01.137207","613.515490","1.801591","","","","","","keyboard","after digit#1","{""note"":""after digit#1""}","2","0.016667","60.000000","1","",""
"Sergio_G01_CNS-LLF5RV3D8","cpeeg02","ses02","20260511_125107","2026-05-11 12:51:47.579060","NaN","10","probe","POSTDIG_FIX1_OFF","156","2026-05-11 13:02:02.937678","615.317081","0.046083","","","","","","keyboard","after digit#1","{""note"":""after digit#1"",""pd_used"":0}","2","0.016667","60.000000","1","",""
"Sergio_G01_CNS-LLF5RV3D8","cpeeg02","ses02","20260511_125107","2026-05-11 12:51:47.579060","NaN","10","probe","DIGIT_RECALL_LINE_2","162","2026-05-11 13:02:02.988902","615.363164","1.605521","","2","","","","keyboard","next recall question","{""value"":2,""note"":""next recall question"",""pd_used"":1}","2","0.016667","60.000000","1","",""
"Sergio_G01_CNS-LLF5RV3D8","cpeeg02","ses02","20260511_125107","2026-05-11 12:51:47.579060","NaN","10","probe","PROBE_DIGIT_OK_2","71","2026-05-11 13:02:05.142810","616.968685","0.698434","6.261643","slot#2","2","0","","keyboard","probe_digit#2","{""value"":""slot#2"",""entered"":2,""rt"":6.2616434999945341,""note"":""probe_digit#2""}","2","0.016667","60.000000","1","1.5521",""
"Sergio_G01_CNS-LLF5RV3D8","cpeeg02","ses02","20260511_125107","2026-05-11 12:51:47.579060","NaN","10","probe","DIGIT2_OFF","147","2026-05-11 13:02:05.287642","617.667119","0.000000","","9","","","","keyboard","digit#2 off","{""value"":9,""note"":""digit#2 off"",""pd_used"":0}","2","0.016667","60.000000","1","",""
"Sergio_G01_CNS-LLF5RV3D8","cpeeg02","ses02","20260511_125107","2026-05-11 12:51:47.579060","NaN","10","probe","POSTDIG_FIX2_ON","152","2026-05-11 13:02:05.288401","617.667119","1.944275","","","","","","keyboard","after digit#2","{""note"":""after digit#2""}","2","0.016667","60.000000","1","",""
"Sergio_G01_CNS-LLF5RV3D8","cpeeg02","ses02","20260511_125107","2026-05-11 12:51:47.579060","NaN","10","probe","POSTDIG_FIX2_OFF","157","2026-05-11 13:02:07.231880","619.611394","0.045760","","","","","","keyboard","after digit#2","{""note"":""after digit#2"",""pd_used"":0}","2","0.016667","60.000000","1","",""
"Sergio_G01_CNS-LLF5RV3D8","cpeeg02","ses02","20260511_125107","2026-05-11 12:51:47.579060","NaN","10","probe","DIGIT_RECALL_LINE_3","163","2026-05-11 13:02:07.283163","619.657155","3.121341","","3","","","","keyboard","next recall question","{""value"":3,""note"":""next recall question"",""pd_used"":1}","2","0.016667","60.000000","1","",""
"Sergio_G01_CNS-LLF5RV3D8","cpeeg02","ses02","20260511_125107","2026-05-11 12:51:47.579060","NaN","10","probe","PROBE_DIGIT_OK_3","71","2026-05-11 13:02:10.942645","622.778496","0.683484","12.071454","slot#3","2","0","","keyboard","probe_digit#3","{""value"":""slot#3"",""entered"":2,""rt"":12.071453999997175,""note"":""probe_digit#3""}","2","0.016667","60.000000","1","3.0712",""
"Sergio_G01_CNS-LLF5RV3D8","cpeeg02","ses02","20260511_125107","2026-05-11 12:51:47.579060","NaN","10","probe","DIGIT3_OFF","148","2026-05-11 13:02:11.082490","623.461980","0.000000","","9","","","","keyboard","digit#3 off","{""value"":9,""note"":""digit#3 off"",""pd_used"":0}","2","0.016667","60.000000","1","",""
"Sergio_G01_CNS-LLF5RV3D8","cpeeg02","ses02","20260511_125107","2026-05-11 12:51:47.579060","NaN","10","probe","POSTDIG_FIX3_ON","153","2026-05-11 13:02:11.083270","623.461980","1.940495","","","","","","keyboard","after digit#3","{""note"":""after digit#3""}","2","0.016667","60.000000","1","",""
"Sergio_G01_CNS-LLF5RV3D8","cpeeg02","ses02","20260511_125107","2026-05-11 12:51:47.579060","NaN","10","probe","POSTDIG_FIX3_OFF","158","2026-05-11 13:02:13.023056","625.402475","0.045788","","","","","","keyboard","after digit#3","{""note"":""after digit#3"",""pd_used"":0}","2","0.016667","60.000000","1","",""
"Sergio_G01_CNS-LLF5RV3D8","cpeeg02","ses02","20260511_125107","2026-05-11 12:51:47.579060","NaN","10","probe","DIGIT_RECALL_LINE_4","164","2026-05-11 13:02:13.074410","625.448263","0.962239","","4","","","","keyboard","next recall question","{""value"":4,""note"":""next recall question"",""pd_used"":1}","2","0.016667","60.000000","1","",""
"Sergio_G01_CNS-LLF5RV3D8","cpeeg02","ses02","20260511_125107","2026-05-11 12:51:47.579060","NaN","10","probe","PROBE_DIGIT_OK_4","71","2026-05-11 13:02:14.592986","626.410501","0.712435","15.703460","slot#4","9","0","","keyboard","probe_digit#4","{""value"":""slot#4"",""entered"":9,""rt"":15.70345969999471,""note"":""probe_digit#4""}","2","0.016667","60.000000","1","0.8765",""
"Sergio_G01_CNS-LLF5RV3D8","cpeeg02","ses02","20260511_125107","2026-05-11 12:51:47.579060","NaN","10","probe","DIGIT4_OFF","149","2026-05-11 13:02:14.743412","627.122936","0.000000","","9","","","","keyboard","digit#4 off","{""value"":9,""note"":""digit#4 off"",""pd_used"":0}","2","0.016667","60.000000","1","",""
"Sergio_G01_CNS-LLF5RV3D8","cpeeg02","ses02","20260511_125107","2026-05-11 12:51:47.579060","NaN","10","probe","POSTDIG_FIX4_ON","154","2026-05-11 13:02:14.744142","627.122936","1.815431","","","","","","keyboard","after digit#4","{""note"":""after digit#4""}","2","0.016667","60.000000","1","",""
"Sergio_G01_CNS-LLF5RV3D8","cpeeg02","ses02","20260511_125107","2026-05-11 12:51:47.579060","NaN","10","probe","POSTDIG_FIX4_OFF","159","2026-05-11 13:02:16.558844","628.938367","0.045826","","","","","","keyboard","after digit#4","{""note"":""after digit#4"",""pd_used"":0}","2","0.016667","60.000000","1","",""
"Sergio_G01_CNS-LLF5RV3D8","cpeeg02","ses02","20260511_125107","2026-05-11 12:51:47.579060","NaN","10","probe","DIGIT_RECALL_LINE_5","165","2026-05-11 13:02:16.610166","628.984193","2.201550","","5","","","","keyboard","next recall question","{""value"":5,""note"":""next recall question"",""pd_used"":1}","2","0.016667","60.000000","1","",""
"Sergio_G01_CNS-LLF5RV3D8","cpeeg02","ses02","20260511_125107","2026-05-11 12:51:47.579060","NaN","10","probe","PROBE_DIGIT_OK_5","71","2026-05-11 13:02:19.458539","631.185743","0.792196","20.478701","slot#5","5","0","","keyboard","probe_digit#5","{""value"":""slot#5"",""entered"":5,""rt"":20.478701,""note"":""probe_digit#5""}","2","0.016667","60.000000","1","2.1477",""
"Sergio_G01_CNS-LLF5RV3D8","cpeeg02","ses02","20260511_125107","2026-05-11 12:51:47.579060","NaN","10","probe","DIGIT5_OFF","150","2026-05-11 13:02:19.598693","631.977939","0.000000","","9","","","","keyboard","digit#5 off","{""value"":9,""note"":""digit#5 off"",""pd_used"":0}","2","0.016667","60.000000","1","",""
"Sergio_G01_CNS-LLF5RV3D8","cpeeg02","ses02","20260511_125107","2026-05-11 12:51:47.579060","NaN","10","probe","POSTDIG_FIX5_ON","155","2026-05-11 13:02:19.599436","631.977939","3.145031","","","","","","keyboard","after digit#5","{""note"":""after digit#5""}","2","0.016667","60.000000","1","",""
"Sergio_G01_CNS-LLF5RV3D8","cpeeg02","ses02","20260511_125107","2026-05-11 12:51:47.579060","NaN","10","probe","POSTDIG_FIX5_OFF","160","2026-05-11 13:02:22.743435","635.122970","0.043316","","","","","","keyboard","after digit#5","{""note"":""after digit#5"",""pd_used"":0}","2","0.016667","60.000000","1","",""
"Sergio_G01_CNS-LLF5RV3D8","cpeeg02","ses02","20260511_125107","2026-05-11 12:51:47.579060","NaN","10","probe","PROBE_DONE","73","2026-05-11 13:02:22.745045","635.166285","0.000848","","","","","","keyboard","probe complete","{""value"":"""",""note"":""probe complete""}","2","0.016667","60.000000","1","",""
"Sergio_G01_CNS-LLF5RV3D8","cpeeg02","ses02","20260511_125107","2026-05-11 12:51:47.579060","NaN","10","probe","TRIAL_END","21","2026-05-11 13:02:22.745829","635.167134","0.105283","","","","","","keyboard","","{}","2","0.016667","60.000000","1","",""
"Sergio_G01_CNS-LLF5RV3D8","cpeeg02","ses02","20260511_125107","2026-05-11 12:51:47.579060","NaN","10","probe","BLOCK_END","11","2026-05-11 13:02:22.851420","635.272417","0.248367","","","","","","keyboard","","{}","2","0.016667","60.000000","1","",""
"Sergio_G01_CNS-LLF5RV3D8","cpeeg02","ses02","20260511_125107","2026-05-11 12:51:47.579060","NaN","10","probe","SESSION_END","3","2026-05-11 13:02:23.099864","635.520784","NaN","","","","","","keyboard","","{}","2","0.016667","60.000000","1","",""
