file_version,subject,condition,session,task_start_time,block,trial,phase,event_name,event_code,wall_clock,t_rel_sec,duration_to_next,rt,value_shown,entered_value,correct,key_name,device,note,json,screen_index,ifi,refresh_hz,pd_used
Sergio_G01_CNS-LLF5RV3D8,cpeeg02,ses04,20260810_141523,2026-08-10 14:16:15.537958,NaN,NaN,,MIC_NOISEFLOOR,6,2026-08-10 14:16:20.525637,4.987170,4.162260,,,,,,keyboard,,{},2,NaN,NaN,1
Sergio_G01_CNS-LLF5RV3D8,cpeeg02,ses04,20260810_141523,2026-08-10 14:16:15.537958,NaN,NaN,,MIC_REC_SPEECH,7,2026-08-10 14:16:24.687571,9.149430,6.647476,,,,,,keyboard,,{},2,NaN,NaN,1
Sergio_G01_CNS-LLF5RV3D8,cpeeg02,ses04,20260810_141523,2026-08-10 14:16:15.537958,NaN,NaN,,SESSION_START,1,2026-08-10 14:17:26.646054,71.106575,0.002351,,,,,,keyboard,,{},2,0.016667,60.000000,1
Sergio_G01_CNS-LLF5RV3D8,cpeeg02,ses04,20260810_141523,2026-08-10 14:16:15.537958,NaN,NaN,,BLOCK_START,10,2026-08-10 14:17:26.646817,71.108926,0.112503,,,,,,keyboard,,{},2,0.016667,60.000000,1
Sergio_G01_CNS-LLF5RV3D8,cpeeg02,ses04,20260810_141523,2026-08-10 14:16:15.537958,NaN,0,reading,START_PAGE_ON,4,2026-08-10 14:17:26.801486,71.221429,0.045936,,,,,,keyboard,,"{""pd_used"":0}",2,0.016667,60.000000,1
Sergio_G01_CNS-LLF5RV3D8,cpeeg02,ses04,20260810_141523,2026-08-10 14:16:15.537958,NaN,0,reading,START_PAGE_ON,4,2026-08-10 14:17:26.801486,71.221429,5.665846,,,,,,keyboard,,"{""pd_used"":0}",2,0.016667,60.000000,1
Sergio_G01_CNS-LLF5RV3D8,cpeeg02,ses04,20260810_141523,2026-08-10 14:16:15.537958,NaN,0,reading,START_PAGE_ON,4,2026-08-10 14:17:26.801486,71.221429,6.083004,,,,,,keyboard,,"{""pd_used"":0}",2,0.016667,60.000000,1
Sergio_G01_CNS-LLF5RV3D8,cpeeg02,ses04,20260810_141523,2026-08-10 14:16:15.537958,NaN,0,reading,READING_START,23,2026-08-10 14:17:32.842615,77.304433,0.134548,,,,,,keyboard,,{},2,0.016667,60.000000,1
Sergio_G01_CNS-LLF5RV3D8,cpeeg02,ses04,20260810_141523,2026-08-10 14:16:15.537958,NaN,0,reading,DIGIT_READ1_ON,101,2026-08-10 14:17:33.018924,77.438981,3.525881,,4,,,,keyboard,digit#1 shown,"{""value"":4,""note"":""digit#1 shown"",""pd_used"":1}",2,0.016667,60.000000,1
Sergio_G01_CNS-LLF5RV3D8,cpeeg02,ses04,20260810_141523,2026-08-10 14:16:15.537958,NaN,0,reading,PROBE_COUNT_OK_1,71,2026-08-10 14:17:37.192759,80.964862,0.735531,9.746814,slot#1,NaN,,,keyboard,probe_digit#1,"{""value"":""slot#1"",""entered"":null,""rt"":9.7468144000740722,""note"":""probe_digit#1""}",2,0.016667,60.000000,1
Sergio_G01_CNS-LLF5RV3D8,cpeeg02,ses04,20260810_141523,2026-08-10 14:16:15.537958,NaN,0,reading,DIGIT_READ1_OFF,116,2026-08-10 14:17:37.286806,81.700393,0.000000,,4,,,,keyboard,digit#1 off,"{""value"":4,""note"":""digit#1 off"",""pd_used"":0}",2,0.016667,60.000000,1
Sergio_G01_CNS-LLF5RV3D8,cpeeg02,ses04,20260810_141523,2026-08-10 14:16:15.537958,NaN,0,reading,POSTREAD_FIX1_ON,201,2026-08-10 14:17:37.287935,81.700393,1.805588,,,,,,keyboard,after digit#1,"{""note"":""after digit#1""}",2,0.016667,60.000000,1
Sergio_G01_CNS-LLF5RV3D8,cpeeg02,ses04,20260810_141523,2026-08-10 14:16:15.537958,NaN,0,reading,POSTREAD_FIX1_OFF,216,2026-08-10 14:17:39.085854,83.505981,0.046535,,,,,,keyboard,after digit#1,"{""note"":""after digit#1"",""pd_used"":0}",2,0.016667,60.000000,1
Sergio_G01_CNS-LLF5RV3D8,cpeeg02,ses04,20260810_141523,2026-08-10 14:16:15.537958,NaN,0,reading,DIGIT_READ2_ON,102,2026-08-10 14:17:39.137153,83.552515,1.515667,,4,,,,keyboard,digit#2 shown,"{""value"":4,""note"":""digit#2 shown"",""pd_used"":1}",2,0.016667,60.000000,1
Sergio_G01_CNS-LLF5RV3D8,cpeeg02,ses04,20260810_141523,2026-08-10 14:16:15.537958,NaN,0,reading,PROBE_COUNT_OK_2,71,2026-08-10 14:17:41.221832,85.068182,0.659611,13.850134,slot#2,NaN,,,keyboard,probe_digit#2,"{""value"":""slot#2"",""entered"":null,""rt"":13.850134300068021,""note"":""probe_digit#2""}",2,0.016667,60.000000,1
Sergio_G01_CNS-LLF5RV3D8,cpeeg02,ses04,20260810_141523,2026-08-10 14:16:15.537958,NaN,0,reading,DIGIT_READ2_OFF,117,2026-08-10 14:17:41.316288,85.727793,0.000000,,4,,,,keyboard,digit#2 off,"{""value"":4,""note"":""digit#2 off"",""pd_used"":0}",2,0.016667,60.000000,1
Sergio_G01_CNS-LLF5RV3D8,cpeeg02,ses04,20260810_141523,2026-08-10 14:16:15.537958,NaN,0,reading,POSTREAD_FIX2_ON,202,2026-08-10 14:17:41.317126,85.727793,1.857395,,,,,,keyboard,after digit#2,"{""note"":""after digit#2""}",2,0.016667,60.000000,1
Sergio_G01_CNS-LLF5RV3D8,cpeeg02,ses04,20260810_141523,2026-08-10 14:16:15.537958,NaN,0,reading,POSTREAD_FIX2_OFF,217,2026-08-10 14:17:43.165178,87.585189,0.046599,,,,,,keyboard,after digit#2,"{""note"":""after digit#2"",""pd_used"":0}",2,0.016667,60.000000,1
Sergio_G01_CNS-LLF5RV3D8,cpeeg02,ses04,20260810_141523,2026-08-10 14:16:15.537958,NaN,0,reading,DIGIT_READ3_ON,103,2026-08-10 14:17:43.216542,87.631787,1.840429,,6,,,,keyboard,digit#3 shown,"{""value"":6,""note"":""digit#3 shown"",""pd_used"":1}",2,0.016667,60.000000,1
Sergio_G01_CNS-LLF5RV3D8,cpeeg02,ses04,20260810_141523,2026-08-10 14:16:15.537958,NaN,0,reading,PROBE_COUNT_OK_3,71,2026-08-10 14:17:45.451498,89.472217,0.485100,18.254169,slot#3,NaN,,,keyboard,probe_digit#3,"{""value"":""slot#3"",""entered"":null,""rt"":18.254169100080617,""note"":""probe_digit#3""}",2,0.016667,60.000000,1
Sergio_G01_CNS-LLF5RV3D8,cpeeg02,ses04,20260810_141523,2026-08-10 14:16:15.537958,NaN,0,reading,DIGIT_READ3_OFF,118,2026-08-10 14:17:45.545579,89.957316,0.000000,,6,,,,keyboard,digit#3 off,"{""value"":6,""note"":""digit#3 off"",""pd_used"":0}",2,0.016667,60.000000,1
Sergio_G01_CNS-LLF5RV3D8,cpeeg02,ses04,20260810_141523,2026-08-10 14:16:15.537958,NaN,0,reading,POSTREAD_FIX3_ON,203,2026-08-10 14:17:45.546418,89.957316,1.906397,,,,,,keyboard,after digit#3,"{""note"":""after digit#3""}",2,0.016667,60.000000,1
Sergio_G01_CNS-LLF5RV3D8,cpeeg02,ses04,20260810_141523,2026-08-10 14:16:15.537958,NaN,0,reading,POSTREAD_FIX3_OFF,218,2026-08-10 14:17:47.443766,91.863714,0.046489,,,,,,keyboard,after digit#3,"{""note"":""after digit#3"",""pd_used"":0}",2,0.016667,60.000000,1
Sergio_G01_CNS-LLF5RV3D8,cpeeg02,ses04,20260810_141523,2026-08-10 14:16:15.537958,NaN,0,reading,DIGIT_READ4_ON,104,2026-08-10 14:17:47.495328,91.910202,1.629801,,3,,,,keyboard,digit#4 shown,"{""value"":3,""note"":""digit#4 shown"",""pd_used"":1}",2,0.016667,60.000000,1
Sergio_G01_CNS-LLF5RV3D8,cpeeg02,ses04,20260810_141523,2026-08-10 14:16:15.537958,NaN,0,reading,PROBE_COUNT_OK_4,71,2026-08-10 14:17:49.624505,93.540003,0.590270,22.321956,slot#4,NaN,,,keyboard,probe_digit#4,"{""value"":""slot#4"",""entered"":null,""rt"":22.32195600005798,""note"":""probe_digit#4""}",2,0.016667,60.000000,1
Sergio_G01_CNS-LLF5RV3D8,cpeeg02,ses04,20260810_141523,2026-08-10 14:16:15.537958,NaN,0,reading,DIGIT_READ4_OFF,119,2026-08-10 14:17:49.718390,94.130274,0.000000,,3,,,,keyboard,digit#4 off,"{""value"":3,""note"":""digit#4 off"",""pd_used"":0}",2,0.016667,60.000000,1
Sergio_G01_CNS-LLF5RV3D8,cpeeg02,ses04,20260810_141523,2026-08-10 14:16:15.537958,NaN,0,reading,POSTREAD_FIX4_ON,204,2026-08-10 14:17:49.719185,94.130274,1.729716,,,,,,keyboard,after digit#4,"{""note"":""after digit#4""}",2,0.016667,60.000000,1
Sergio_G01_CNS-LLF5RV3D8,cpeeg02,ses04,20260810_141523,2026-08-10 14:16:15.537958,NaN,0,reading,POSTREAD_FIX4_OFF,219,2026-08-10 14:17:51.439912,95.859989,0.046163,,,,,,keyboard,after digit#4,"{""note"":""after digit#4"",""pd_used"":0}",2,0.016667,60.000000,1
Sergio_G01_CNS-LLF5RV3D8,cpeeg02,ses04,20260810_141523,2026-08-10 14:16:15.537958,NaN,0,reading,DIGIT_READ5_ON,105,2026-08-10 14:17:51.491542,95.906152,1.187178,,8,,,,keyboard,digit#5 shown,"{""value"":8,""note"":""digit#5 shown"",""pd_used"":1}",2,0.016667,60.000000,1
Sergio_G01_CNS-LLF5RV3D8,cpeeg02,ses04,20260810_141523,2026-08-10 14:16:15.537958,NaN,0,reading,PROBE_COUNT_OK_5,71,2026-08-10 14:17:53.041421,97.093330,0.453402,25.875283,slot#5,NaN,,,keyboard,probe_digit#5,"{""value"":""slot#5"",""entered"":null,""rt"":25.875282500055619,""note"":""probe_digit#5""}",2,0.016667,60.000000,1
Sergio_G01_CNS-LLF5RV3D8,cpeeg02,ses04,20260810_141523,2026-08-10 14:16:15.537958,NaN,0,reading,DIGIT_READ5_OFF,120,2026-08-10 14:17:53.135425,97.546732,0.000000,,8,,,,keyboard,digit#5 off,"{""value"":8,""note"":""digit#5 off"",""pd_used"":0}",2,0.016667,60.000000,1
Sergio_G01_CNS-LLF5RV3D8,cpeeg02,ses04,20260810_141523,2026-08-10 14:16:15.537958,NaN,0,reading,POSTREAD_FIX5_ON,205,2026-08-10 14:17:53.136281,97.546732,1.666525,,,,,,keyboard,after digit#5,"{""note"":""after digit#5""}",2,0.016667,60.000000,1
Sergio_G01_CNS-LLF5RV3D8,cpeeg02,ses04,20260810_141523,2026-08-10 14:16:15.537958,NaN,0,reading,POSTREAD_FIX5_OFF,220,2026-08-10 14:17:54.793256,99.213256,0.046450,,,,,,keyboard,after digit#5,"{""note"":""after digit#5"",""pd_used"":0}",2,0.016667,60.000000,1
Sergio_G01_CNS-LLF5RV3D8,cpeeg02,ses04,20260810_141523,2026-08-10 14:16:15.537958,NaN,0,reading,DIGIT_READ6_ON,106,2026-08-10 14:17:54.844726,99.259706,0.981087,,8,,,,keyboard,digit#6 shown,"{""value"":8,""note"":""digit#6 shown"",""pd_used"":1}",2,0.016667,60.000000,1
Sergio_G01_CNS-LLF5RV3D8,cpeeg02,ses04,20260810_141523,2026-08-10 14:16:15.537958,NaN,0,reading,PROBE_COUNT_OK_6,71,2026-08-10 14:17:56.321043,100.240793,0.585557,29.022745,slot#6,NaN,,,keyboard,probe_digit#6,"{""value"":""slot#6"",""entered"":null,""rt"":29.022745300084352,""note"":""probe_digit#6""}",2,0.016667,60.000000,1
Sergio_G01_CNS-LLF5RV3D8,cpeeg02,ses04,20260810_141523,2026-08-10 14:16:15.537958,NaN,0,reading,DIGIT_READ6_OFF,121,2026-08-10 14:17:56.415167,100.826350,0.000000,,8,,,,keyboard,digit#6 off,"{""value"":8,""note"":""digit#6 off"",""pd_used"":0}",2,0.016667,60.000000,1
Sergio_G01_CNS-LLF5RV3D8,cpeeg02,ses04,20260810_141523,2026-08-10 14:16:15.537958,NaN,0,reading,POSTREAD_FIX6_ON,206,2026-08-10 14:17:56.415946,100.826350,1.743727,,,,,,keyboard,after digit#6,"{""note"":""after digit#6""}",2,0.016667,60.000000,1
Sergio_G01_CNS-LLF5RV3D8,cpeeg02,ses04,20260810_141523,2026-08-10 14:16:15.537958,NaN,0,reading,POSTREAD_FIX6_OFF,221,2026-08-10 14:17:58.149910,102.570077,0.046341,,,,,,keyboard,after digit#6,"{""note"":""after digit#6"",""pd_used"":0}",2,0.016667,60.000000,1
Sergio_G01_CNS-LLF5RV3D8,cpeeg02,ses04,20260810_141523,2026-08-10 14:16:15.537958,NaN,0,reading,DIGIT_READ7_ON,107,2026-08-10 14:17:58.201596,102.616417,1.551871,,2,,,,keyboard,digit#7 shown,"{""value"":2,""note"":""digit#7 shown"",""pd_used"":1}",2,0.016667,60.000000,1
Sergio_G01_CNS-LLF5RV3D8,cpeeg02,ses04,20260810_141523,2026-08-10 14:16:15.537958,NaN,0,reading,PROBE_COUNT_OK_7,71,2026-08-10 14:18:00.161269,104.168288,0.498545,32.950241,slot#7,NaN,,,keyboard,probe_digit#7,"{""value"":""slot#7"",""entered"":null,""rt"":32.95024050003849,""note"":""probe_digit#7""}",2,0.016667,60.000000,1
Sergio_G01_CNS-LLF5RV3D8,cpeeg02,ses04,20260810_141523,2026-08-10 14:16:15.537958,NaN,0,reading,DIGIT_READ7_OFF,122,2026-08-10 14:18:00.255137,104.666833,0.000000,,2,,,,keyboard,digit#7 off,"{""value"":2,""note"":""digit#7 off"",""pd_used"":0}",2,0.016667,60.000000,1
Sergio_G01_CNS-LLF5RV3D8,cpeeg02,ses04,20260810_141523,2026-08-10 14:16:15.537958,NaN,0,reading,POSTREAD_FIX7_ON,207,2026-08-10 14:18:00.256002,104.666833,1.787125,,,,,,keyboard,after digit#7,"{""note"":""after digit#7""}",2,0.016667,60.000000,1
Sergio_G01_CNS-LLF5RV3D8,cpeeg02,ses04,20260810_141523,2026-08-10 14:16:15.537958,NaN,0,reading,POSTREAD_FIX7_OFF,222,2026-08-10 14:18:02.033909,106.453958,0.046468,,,,,,keyboard,after digit#7,"{""note"":""after digit#7"",""pd_used"":0}",2,0.016667,60.000000,1
Sergio_G01_CNS-LLF5RV3D8,cpeeg02,ses04,20260810_141523,2026-08-10 14:16:15.537958,NaN,0,reading,DIGIT_READ8_ON,108,2026-08-10 14:18:02.085071,106.500426,1.578561,,7,,,,keyboard,digit#8 shown,"{""value"":7,""note"":""digit#8 shown"",""pd_used"":1}",2,0.016667,60.000000,1
Sergio_G01_CNS-LLF5RV3D8,cpeeg02,ses04,20260810_141523,2026-08-10 14:16:15.537958,NaN,0,reading,PROBE_COUNT_OK_8,71,2026-08-10 14:18:04.229699,108.078987,0.656418,36.860940,slot#8,NaN,,,keyboard,probe_digit#8,"{""value"":""slot#8"",""entered"":null,""rt"":36.860939900041558,""note"":""probe_digit#8""}",2,0.016667,60.000000,1
Sergio_G01_CNS-LLF5RV3D8,cpeeg02,ses04,20260810_141523,2026-08-10 14:16:15.537958,NaN,0,reading,DIGIT_READ8_OFF,123,2026-08-10 14:18:04.323638,108.735405,0.000000,,7,,,,keyboard,digit#8 off,"{""value"":7,""note"":""digit#8 off"",""pd_used"":0}",2,0.016667,60.000000,1
Sergio_G01_CNS-LLF5RV3D8,cpeeg02,ses04,20260810_141523,2026-08-10 14:16:15.537958,NaN,0,reading,POSTREAD_FIX8_ON,208,2026-08-10 14:18:04.324429,108.735405,1.590681,,,,,,keyboard,after digit#8,"{""note"":""after digit#8""}",2,0.016667,60.000000,1
Sergio_G01_CNS-LLF5RV3D8,cpeeg02,ses04,20260810_141523,2026-08-10 14:16:15.537958,NaN,0,reading,POSTREAD_FIX8_OFF,223,2026-08-10 14:18:05.906031,110.326086,0.046450,,,,,,keyboard,after digit#8,"{""note"":""after digit#8"",""pd_used"":0}",2,0.016667,60.000000,1
Sergio_G01_CNS-LLF5RV3D8,cpeeg02,ses04,20260810_141523,2026-08-10 14:16:15.537958,NaN,0,reading,DIGIT_READ9_ON,109,2026-08-10 14:18:05.957406,110.372536,1.889144,,2,,,,keyboard,digit#9 shown,"{""value"":2,""note"":""digit#9 shown"",""pd_used"":1}",2,0.016667,60.000000,1
Sergio_G01_CNS-LLF5RV3D8,cpeeg02,ses04,20260810_141523,2026-08-10 14:16:15.537958,NaN,0,reading,PROBE_COUNT_OK_9,71,2026-08-10 14:18:08.380979,112.261680,0.624815,41.043633,slot#9,NaN,,,keyboard,probe_digit#9,"{""value"":""slot#9"",""entered"":null,""rt"":41.0436328999931,""note"":""probe_digit#9""}",2,0.016667,60.000000,1
Sergio_G01_CNS-LLF5RV3D8,cpeeg02,ses04,20260810_141523,2026-08-10 14:16:15.537958,NaN,0,reading,DIGIT_READ9_OFF,124,2026-08-10 14:18:08.475222,112.886495,0.000000,,2,,,,keyboard,digit#9 off,"{""value"":2,""note"":""digit#9 off"",""pd_used"":0}",2,0.016667,60.000000,1
Sergio_G01_CNS-LLF5RV3D8,cpeeg02,ses04,20260810_141523,2026-08-10 14:16:15.537958,NaN,0,reading,POSTREAD_FIX9_ON,209,2026-08-10 14:18:08.476097,112.886495,1.747757,,,,,,keyboard,after digit#9,"{""note"":""after digit#9""}",2,0.016667,60.000000,1
Sergio_G01_CNS-LLF5RV3D8,cpeeg02,ses04,20260810_141523,2026-08-10 14:16:15.537958,NaN,0,reading,POSTREAD_FIX9_OFF,224,2026-08-10 14:18:10.214034,114.634251,0.046148,,,,,,keyboard,after digit#9,"{""note"":""after digit#9"",""pd_used"":0}",2,0.016667,60.000000,1
Sergio_G01_CNS-LLF5RV3D8,cpeeg02,ses04,20260810_141523,2026-08-10 14:16:15.537958,NaN,0,reading,DIGIT_READ10_ON,110,2026-08-10 14:18:10.265380,114.680399,1.579493,,3,,,,keyboard,digit#10 shown,"{""value"":3,""note"":""digit#10 shown"",""pd_used"":1}",2,0.016667,60.000000,1
Sergio_G01_CNS-LLF5RV3D8,cpeeg02,ses04,20260810_141523,2026-08-10 14:16:15.537958,NaN,0,reading,PROBE_COUNT_OK_10,71,2026-08-10 14:18:12.530024,116.259892,0.775992,45.041844,slot#10,NaN,,,keyboard,probe_digit#10,"{""value"":""slot#10"",""entered"":null,""rt"":45.041844399995171,""note"":""probe_digit#10""}",2,0.016667,60.000000,1
Sergio_G01_CNS-LLF5RV3D8,cpeeg02,ses04,20260810_141523,2026-08-10 14:16:15.537958,NaN,0,reading,DIGIT_READ10_OFF,125,2026-08-10 14:18:12.624237,117.035884,0.000000,,3,,,,keyboard,digit#10 off,"{""value"":3,""note"":""digit#10 off"",""pd_used"":0}",2,0.016667,60.000000,1
Sergio_G01_CNS-LLF5RV3D8,cpeeg02,ses04,20260810_141523,2026-08-10 14:16:15.537958,NaN,0,reading,POSTREAD_FIX10_ON,210,2026-08-10 14:18:12.625104,117.035884,1.979625,,,,,,keyboard,after digit#10,"{""note"":""after digit#10""}",2,0.016667,60.000000,1
Sergio_G01_CNS-LLF5RV3D8,cpeeg02,ses04,20260810_141523,2026-08-10 14:16:15.537958,NaN,0,reading,POSTREAD_FIX10_OFF,225,2026-08-10 14:18:14.595493,119.015508,0.046360,,,,,,keyboard,after digit#10,"{""note"":""after digit#10"",""pd_used"":0}",2,0.016667,60.000000,1
Sergio_G01_CNS-LLF5RV3D8,cpeeg02,ses04,20260810_141523,2026-08-10 14:16:15.537958,NaN,0,reading,DIGIT_READ11_ON,111,2026-08-10 14:18:14.647020,119.061869,0.907802,,3,,,,keyboard,digit#11 shown,"{""value"":3,""note"":""digit#11 shown"",""pd_used"":1}",2,0.016667,60.000000,1
Sergio_G01_CNS-LLF5RV3D8,cpeeg02,ses04,20260810_141523,2026-08-10 14:16:15.537958,NaN,0,reading,PROBE_COUNT_OK_11,71,2026-08-10 14:18:16.060560,119.969671,0.596358,48.751624,slot#11,NaN,,,keyboard,probe_digit#11,"{""value"":""slot#11"",""entered"":null,""rt"":48.751623700023629,""note"":""probe_digit#11""}",2,0.016667,60.000000,1
Sergio_G01_CNS-LLF5RV3D8,cpeeg02,ses04,20260810_141523,2026-08-10 14:16:15.537958,NaN,0,reading,DIGIT_READ11_OFF,126,2026-08-10 14:18:16.154869,120.566029,0.000000,,3,,,,keyboard,digit#11 off,"{""value"":3,""note"":""digit#11 off"",""pd_used"":0}",2,0.016667,60.000000,1
Sergio_G01_CNS-LLF5RV3D8,cpeeg02,ses04,20260810_141523,2026-08-10 14:16:15.537958,NaN,0,reading,POSTREAD_FIX11_ON,211,2026-08-10 14:18:16.155754,120.566029,1.687406,,,,,,keyboard,after digit#11,"{""note"":""after digit#11""}",2,0.016667,60.000000,1
Sergio_G01_CNS-LLF5RV3D8,cpeeg02,ses04,20260810_141523,2026-08-10 14:16:15.537958,NaN,0,reading,POSTREAD_FIX11_OFF,226,2026-08-10 14:18:17.833372,122.253435,0.046385,,,,,,keyboard,after digit#11,"{""note"":""after digit#11"",""pd_used"":0}",2,0.016667,60.000000,1
Sergio_G01_CNS-LLF5RV3D8,cpeeg02,ses04,20260810_141523,2026-08-10 14:16:15.537958,NaN,0,reading,DIGIT_READ12_ON,112,2026-08-10 14:18:17.884773,122.299820,1.569088,,7,,,,keyboard,digit#12 shown,"{""value"":7,""note"":""digit#12 shown"",""pd_used"":1}",2,0.016667,60.000000,1
Sergio_G01_CNS-LLF5RV3D8,cpeeg02,ses04,20260810_141523,2026-08-10 14:16:15.537958,NaN,0,reading,PROBE_COUNT_OK_12,71,2026-08-10 14:18:19.934826,123.868909,0.571656,52.650861,slot#12,NaN,,,keyboard,probe_digit#12,"{""value"":""slot#12"",""entered"":null,""rt"":52.650861200061627,""note"":""probe_digit#12""}",2,0.016667,60.000000,1
Sergio_G01_CNS-LLF5RV3D8,cpeeg02,ses04,20260810_141523,2026-08-10 14:16:15.537958,NaN,0,reading,DIGIT_READ12_OFF,127,2026-08-10 14:18:20.029125,124.440565,0.000000,,7,,,,keyboard,digit#12 off,"{""value"":7,""note"":""digit#12 off"",""pd_used"":0}",2,0.016667,60.000000,1
Sergio_G01_CNS-LLF5RV3D8,cpeeg02,ses04,20260810_141523,2026-08-10 14:16:15.537958,NaN,0,reading,POSTREAD_FIX12_ON,212,2026-08-10 14:18:20.029924,124.440565,1.678248,,,,,,keyboard,after digit#12,"{""note"":""after digit#12""}",2,0.016667,60.000000,1
Sergio_G01_CNS-LLF5RV3D8,cpeeg02,ses04,20260810_141523,2026-08-10 14:16:15.537958,NaN,0,reading,POSTREAD_FIX12_OFF,227,2026-08-10 14:18:21.698799,126.118813,0.046419,,,,,,keyboard,after digit#12,"{""note"":""after digit#12"",""pd_used"":0}",2,0.016667,60.000000,1
Sergio_G01_CNS-LLF5RV3D8,cpeeg02,ses04,20260810_141523,2026-08-10 14:16:15.537958,NaN,0,reading,DIGIT_READ13_ON,113,2026-08-10 14:18:21.750354,126.165232,2.020230,,2,,,,keyboard,digit#13 shown,"{""value"":2,""note"":""digit#13 shown"",""pd_used"":1}",2,0.016667,60.000000,1
Sergio_G01_CNS-LLF5RV3D8,cpeeg02,ses04,20260810_141523,2026-08-10 14:16:15.537958,NaN,0,reading,PROBE_COUNT_OK_13,71,2026-08-10 14:18:24.091487,128.185462,0.411758,56.967414,slot#13,NaN,,,keyboard,probe_digit#13,"{""value"":""slot#13"",""entered"":null,""rt"":56.96741430007387,""note"":""probe_digit#13""}",2,0.016667,60.000000,1
Sergio_G01_CNS-LLF5RV3D8,cpeeg02,ses04,20260810_141523,2026-08-10 14:16:15.537958,NaN,0,reading,DIGIT_READ13_OFF,128,2026-08-10 14:18:24.185380,128.597219,0.000000,,2,,,,keyboard,digit#13 off,"{""value"":2,""note"":""digit#13 off"",""pd_used"":0}",2,0.016667,60.000000,1
Sergio_G01_CNS-LLF5RV3D8,cpeeg02,ses04,20260810_141523,2026-08-10 14:16:15.537958,NaN,0,reading,POSTREAD_FIX13_ON,213,2026-08-10 14:18:24.186179,128.597219,1.726532,,,,,,keyboard,after digit#13,"{""note"":""after digit#13""}",2,0.016667,60.000000,1
Sergio_G01_CNS-LLF5RV3D8,cpeeg02,ses04,20260810_141523,2026-08-10 14:16:15.537958,NaN,0,reading,POSTREAD_FIX13_OFF,228,2026-08-10 14:18:25.903739,130.323751,0.046196,,,,,,keyboard,after digit#13,"{""note"":""after digit#13"",""pd_used"":0}",2,0.016667,60.000000,1
Sergio_G01_CNS-LLF5RV3D8,cpeeg02,ses04,20260810_141523,2026-08-10 14:16:15.537958,NaN,0,reading,DIGIT_READ14_ON,114,2026-08-10 14:18:25.955248,130.369947,2.804215,,2,,,,keyboard,digit#14 shown,"{""value"":2,""note"":""digit#14 shown"",""pd_used"":1}",2,0.016667,60.000000,1
Sergio_G01_CNS-LLF5RV3D8,cpeeg02,ses04,20260810_141523,2026-08-10 14:16:15.537958,NaN,0,reading,PROBE_COUNT_OK_14,71,2026-08-10 14:18:29.199958,133.174162,0.531977,61.956115,slot#14,NaN,,,keyboard,probe_digit#14,"{""value"":""slot#14"",""entered"":null,""rt"":61.956114900065586,""note"":""probe_digit#14""}",2,0.016667,60.000000,1
Sergio_G01_CNS-LLF5RV3D8,cpeeg02,ses04,20260810_141523,2026-08-10 14:16:15.537958,NaN,0,reading,DIGIT_READ14_OFF,129,2026-08-10 14:18:29.294109,133.706139,0.000000,,2,,,,keyboard,digit#14 off,"{""value"":2,""note"":""digit#14 off"",""pd_used"":0}",2,0.016667,60.000000,1
Sergio_G01_CNS-LLF5RV3D8,cpeeg02,ses04,20260810_141523,2026-08-10 14:16:15.537958,NaN,0,reading,POSTREAD_FIX14_ON,214,2026-08-10 14:18:29.294956,133.706139,1.625495,,,,,,keyboard,after digit#14,"{""note"":""after digit#14""}",2,0.016667,60.000000,1
Sergio_G01_CNS-LLF5RV3D8,cpeeg02,ses04,20260810_141523,2026-08-10 14:16:15.537958,NaN,0,reading,POSTREAD_FIX14_OFF,229,2026-08-10 14:18:30.911623,135.331634,0.046548,,,,,,keyboard,after digit#14,"{""note"":""after digit#14"",""pd_used"":0}",2,0.016667,60.000000,1
Sergio_G01_CNS-LLF5RV3D8,cpeeg02,ses04,20260810_141523,2026-08-10 14:16:15.537958,NaN,0,reading,DIGIT_READ15_ON,115,2026-08-10 14:18:30.963160,135.378182,1.855803,,1,,,,keyboard,digit#15 shown,"{""value"":1,""note"":""digit#15 shown"",""pd_used"":1}",2,0.016667,60.000000,1
Sergio_G01_CNS-LLF5RV3D8,cpeeg02,ses04,20260810_141523,2026-08-10 14:16:15.537958,NaN,0,reading,PROBE_COUNT_OK_15,71,2026-08-10 14:18:33.102534,137.233985,0.374462,66.015938,slot#15,NaN,,,keyboard,probe_digit#15,"{""value"":""slot#15"",""entered"":null,""rt"":66.015937500051223,""note"":""probe_digit#15""}",2,0.016667,60.000000,1
Sergio_G01_CNS-LLF5RV3D8,cpeeg02,ses04,20260810_141523,2026-08-10 14:16:15.537958,NaN,0,reading,DIGIT_READ15_OFF,130,2026-08-10 14:18:33.196487,137.608447,0.000000,,1,,,,keyboard,digit#15 off,"{""value"":1,""note"":""digit#15 off"",""pd_used"":0}",2,0.016667,60.000000,1
Sergio_G01_CNS-LLF5RV3D8,cpeeg02,ses04,20260810_141523,2026-08-10 14:16:15.537958,NaN,0,reading,POSTREAD_FIX15_ON,215,2026-08-10 14:18:33.197281,137.608447,3.335803,,,,,,keyboard,after digit#15,"{""note"":""after digit#15""}",2,0.016667,60.000000,1
Sergio_G01_CNS-LLF5RV3D8,cpeeg02,ses04,20260810_141523,2026-08-10 14:16:15.537958,NaN,0,reading,POSTREAD_FIX15_OFF,230,2026-08-10 14:18:36.524457,140.944250,0.044021,,,,,,keyboard,after digit#15,"{""note"":""after digit#15"",""pd_used"":0}",2,0.016667,60.000000,1
Sergio_G01_CNS-LLF5RV3D8,cpeeg02,ses04,20260810_141523,2026-08-10 14:16:15.537958,NaN,0,reading,READING_END,24,2026-08-10 14:18:36.526244,140.988270,0.051346,,,,,,keyboard,,{},2,0.016667,60.000000,1
Sergio_G01_CNS-LLF5RV3D8,cpeeg02,ses04,20260810_141523,2026-08-10 14:16:15.537958,NaN,0,reading,START_PAGE_ON,4,2026-08-10 14:18:36.627192,141.039616,0.052287,,,,,,keyboard,,"{""pd_used"":0}",2,0.016667,60.000000,1
Sergio_G01_CNS-LLF5RV3D8,cpeeg02,ses04,20260810_141523,2026-08-10 14:16:15.537958,NaN,0,reading,START_PAGE_ON,4,2026-08-10 14:18:36.627192,141.039616,12.247696,,,,,,keyboard,,"{""pd_used"":0}",2,0.016667,60.000000,1
Sergio_G01_CNS-LLF5RV3D8,cpeeg02,ses04,20260810_141523,2026-08-10 14:16:15.537958,NaN,0,reading,START_PAGE_ON,4,2026-08-10 14:18:36.627192,141.039616,12.614143,,,,,,keyboard,,"{""pd_used"":0}",2,0.016667,60.000000,1
Sergio_G01_CNS-LLF5RV3D8,cpeeg02,ses04,20260810_141523,2026-08-10 14:16:15.537958,NaN,1,reading,TRIAL_CHANGE,22,2026-08-10 14:18:49.192101,153.653760,0.001278,,,,,,keyboard,trial transition,"{""note"":""trial transition""}",2,0.016667,60.000000,1
Sergio_G01_CNS-LLF5RV3D8,cpeeg02,ses04,20260810_141523,2026-08-10 14:16:15.537958,NaN,1,reading,TRIAL_START,20,2026-08-10 14:18:49.192965,153.655038,0.051480,,,,,,keyboard,,{},2,0.016667,60.000000,1
Sergio_G01_CNS-LLF5RV3D8,cpeeg02,ses04,20260810_141523,2026-08-10 14:16:15.537958,NaN,1,fix1,FIX1_ON,30,2026-08-10 14:18:49.294730,153.706518,3.302811,,,,,,keyboard,,"{""pd_used"":0}",2,0.016667,60.000000,1
Sergio_G01_CNS-LLF5RV3D8,cpeeg02,ses04,20260810_141523,2026-08-10 14:16:15.537958,NaN,1,fix1,FIX1_OFF,31,2026-08-10 14:18:52.589245,157.009330,0.044813,,,,,,keyboard,,"{""pd_used"":0}",2,0.016667,60.000000,1
Sergio_G01_CNS-LLF5RV3D8,cpeeg02,ses04,20260810_141523,2026-08-10 14:16:15.537958,NaN,1,digit,DIGIT1_ON,141,2026-08-10 14:18:52.640898,157.054142,0.551940,,5,,,,keyboard,digit#1 shown,"{""value"":5,""note"":""digit#1 shown"",""pd_used"":1}",2,0.016667,60.000000,1
Sergio_G01_CNS-LLF5RV3D8,cpeeg02,ses04,20260810_141523,2026-08-10 14:16:15.537958,NaN,1,digit,DIGIT1_OFF,146,2026-08-10 14:18:53.185975,157.606082,0.000000,,5,,,,keyboard,digit#1 off,"{""value"":5,""note"":""digit#1 off"",""pd_used"":0}",2,0.016667,60.000000,1
Sergio_G01_CNS-LLF5RV3D8,cpeeg02,ses04,20260810_141523,2026-08-10 14:16:15.537958,NaN,1,digit,POSTDIG_FIX1_ON,151,2026-08-10 14:18:53.187012,157.606082,1.822741,,,,,,keyboard,after digit#1,"{""note"":""after digit#1""}",2,0.016667,60.000000,1
Sergio_G01_CNS-LLF5RV3D8,cpeeg02,ses04,20260810_141523,2026-08-10 14:16:15.537958,NaN,1,digit,POSTDIG_FIX1_OFF,156,2026-08-10 14:18:55.009041,159.428823,0.044391,,,,,,keyboard,after digit#1,"{""note"":""after digit#1"",""pd_used"":0}",2,0.016667,60.000000,1
Sergio_G01_CNS-LLF5RV3D8,cpeeg02,ses04,20260810_141523,2026-08-10 14:16:15.537958,NaN,1,digit,DIGIT2_ON,142,2026-08-10 14:18:55.060611,159.473214,0.551590,,8,,,,keyboard,digit#2 shown,"{""value"":8,""note"":""digit#2 shown"",""pd_used"":1}",2,0.016667,60.000000,1
Sergio_G01_CNS-LLF5RV3D8,cpeeg02,ses04,20260810_141523,2026-08-10 14:16:15.537958,NaN,1,digit,DIGIT2_OFF,147,2026-08-10 14:18:55.604844,160.024804,0.000000,,8,,,,keyboard,digit#2 off,"{""value"":8,""note"":""digit#2 off"",""pd_used"":0}",2,0.016667,60.000000,1
Sergio_G01_CNS-LLF5RV3D8,cpeeg02,ses04,20260810_141523,2026-08-10 14:16:15.537958,NaN,1,digit,POSTDIG_FIX2_ON,152,2026-08-10 14:18:55.605700,160.024804,1.888929,,,,,,keyboard,after digit#2,"{""note"":""after digit#2""}",2,0.016667,60.000000,1
Sergio_G01_CNS-LLF5RV3D8,cpeeg02,ses04,20260810_141523,2026-08-10 14:16:15.537958,NaN,1,digit,POSTDIG_FIX2_OFF,157,2026-08-10 14:18:57.493762,161.913733,0.044411,,,,,,keyboard,after digit#2,"{""note"":""after digit#2"",""pd_used"":0}",2,0.016667,60.000000,1
Sergio_G01_CNS-LLF5RV3D8,cpeeg02,ses04,20260810_141523,2026-08-10 14:16:15.537958,NaN,1,digit,DIGIT3_ON,143,2026-08-10 14:18:57.545311,161.958143,0.551340,,7,,,,keyboard,digit#3 shown,"{""value"":7,""note"":""digit#3 shown"",""pd_used"":1}",2,0.016667,60.000000,1
Sergio_G01_CNS-LLF5RV3D8,cpeeg02,ses04,20260810_141523,2026-08-10 14:16:15.537958,NaN,1,digit,DIGIT3_OFF,148,2026-08-10 14:18:58.089270,162.509483,0.000000,,7,,,,keyboard,digit#3 off,"{""value"":7,""note"":""digit#3 off"",""pd_used"":0}",2,0.016667,60.000000,1
Sergio_G01_CNS-LLF5RV3D8,cpeeg02,ses04,20260810_141523,2026-08-10 14:16:15.537958,NaN,1,digit,POSTDIG_FIX3_ON,153,2026-08-10 14:18:58.090112,162.509483,1.716844,,,,,,keyboard,after digit#3,"{""note"":""after digit#3""}",2,0.016667,60.000000,1
Sergio_G01_CNS-LLF5RV3D8,cpeeg02,ses04,20260810_141523,2026-08-10 14:16:15.537958,NaN,1,digit,POSTDIG_FIX3_OFF,158,2026-08-10 14:18:59.806277,164.226327,0.044356,,,,,,keyboard,after digit#3,"{""note"":""after digit#3"",""pd_used"":0}",2,0.016667,60.000000,1
Sergio_G01_CNS-LLF5RV3D8,cpeeg02,ses04,20260810_141523,2026-08-10 14:16:15.537958,NaN,1,digit,DIGIT4_ON,144,2026-08-10 14:18:59.857892,164.270683,0.552120,,0,,,,keyboard,digit#4 shown,"{""value"":0,""note"":""digit#4 shown"",""pd_used"":1}",2,0.016667,60.000000,1
Sergio_G01_CNS-LLF5RV3D8,cpeeg02,ses04,20260810_141523,2026-08-10 14:16:15.537958,NaN,1,digit,DIGIT4_OFF,149,2026-08-10 14:19:00.402866,164.822803,0.000000,,0,,,,keyboard,digit#4 off,"{""value"":0,""note"":""digit#4 off"",""pd_used"":0}",2,0.016667,60.000000,1
Sergio_G01_CNS-LLF5RV3D8,cpeeg02,ses04,20260810_141523,2026-08-10 14:16:15.537958,NaN,1,digit,POSTDIG_FIX4_ON,154,2026-08-10 14:19:00.403689,164.822803,1.950015,,,,,,keyboard,after digit#4,"{""note"":""after digit#4""}",2,0.016667,60.000000,1
Sergio_G01_CNS-LLF5RV3D8,cpeeg02,ses04,20260810_141523,2026-08-10 14:16:15.537958,NaN,1,digit,POSTDIG_FIX4_OFF,159,2026-08-10 14:19:02.353142,166.772818,0.044488,,,,,,keyboard,after digit#4,"{""note"":""after digit#4"",""pd_used"":0}",2,0.016667,60.000000,1
Sergio_G01_CNS-LLF5RV3D8,cpeeg02,ses04,20260810_141523,2026-08-10 14:16:15.537958,NaN,1,digit,DIGIT5_ON,145,2026-08-10 14:19:02.404766,166.817306,0.551885,,6,,,,keyboard,digit#5 shown,"{""value"":6,""note"":""digit#5 shown"",""pd_used"":1}",2,0.016667,60.000000,1
Sergio_G01_CNS-LLF5RV3D8,cpeeg02,ses04,20260810_141523,2026-08-10 14:16:15.537958,NaN,1,digit,DIGIT5_OFF,150,2026-08-10 14:19:02.949630,167.369191,0.000000,,6,,,,keyboard,digit#5 off,"{""value"":6,""note"":""digit#5 off"",""pd_used"":0}",2,0.016667,60.000000,1
Sergio_G01_CNS-LLF5RV3D8,cpeeg02,ses04,20260810_141523,2026-08-10 14:16:15.537958,NaN,1,digit,POSTDIG_FIX5_ON,155,2026-08-10 14:19:02.950690,167.369191,3.371799,,,,,,keyboard,after digit#5,"{""note"":""after digit#5""}",2,0.016667,60.000000,1
Sergio_G01_CNS-LLF5RV3D8,cpeeg02,ses04,20260810_141523,2026-08-10 14:16:15.537958,NaN,1,digit,POSTDIG_FIX5_OFF,160,2026-08-10 14:19:06.321119,170.740990,0.046346,,,,,,keyboard,after digit#5,"{""note"":""after digit#5"",""pd_used"":0}",2,0.016667,60.000000,1
Sergio_G01_CNS-LLF5RV3D8,cpeeg02,ses04,20260810_141523,2026-08-10 14:16:15.537958,NaN,1,distractor,DISTRACTOR_ON,50,2026-08-10 14:19:06.372758,170.787336,7.312155,,7+3=10,,,,keyboard,,"{""value"":""7+3=10"",""isCorrectTruth"":true,""trueSum"":10,""pd_used"":1}",2,0.016667,60.000000,1
Sergio_G01_CNS-LLF5RV3D8,cpeeg02,ses04,20260810_141523,2026-08-10 14:16:15.537958,NaN,1,distractor,DISTRACTOR_ANS,51,2026-08-10 14:19:14.090651,178.099491,0.000000,7.312155,7+3=10,F,0,,keyboard,key= (False),"{""value"":""7+3=10"",""entered"":""F"",""rt"":7.3121550000505522,""correct"":0,""note"":""key= (False)"",""truth"":true,""trueSum"":10,""shownSum"":10,""a"":7,""b"":3}",2,0.016667,60.000000,1
Sergio_G01_CNS-LLF5RV3D8,cpeeg02,ses04,20260810_141523,2026-08-10 14:16:15.537958,NaN,1,distractor,ANS_WRONG,200,2026-08-10 14:19:14.133307,178.099491,0.498117,,,,,,keyboard,,{},2,0.016667,60.000000,1
Sergio_G01_CNS-LLF5RV3D8,cpeeg02,ses04,20260810_141523,2026-08-10 14:16:15.537958,NaN,1,distractor,DISTRACTOR_OFF,52,2026-08-10 14:19:14.184601,178.597608,0.000000,,,,,,keyboard,,"{""pd_used"":0}",2,0.016667,60.000000,1
Sergio_G01_CNS-LLF5RV3D8,cpeeg02,ses04,20260810_141523,2026-08-10 14:16:15.537958,NaN,1,distractor,FIX2_ON,60,2026-08-10 14:19:14.185471,178.597608,3.449712,,,,,,keyboard,immediate after response,"{""note"":""immediate after response""}",2,0.016667,60.000000,1
Sergio_G01_CNS-LLF5RV3D8,cpeeg02,ses04,20260810_141523,2026-08-10 14:16:15.537958,NaN,1,fix2,FIX2_OFF,61,2026-08-10 14:19:17.627354,182.047320,0.045032,,,,,,keyboard,,"{""pd_used"":0}",2,0.016667,60.000000,1
Sergio_G01_CNS-LLF5RV3D8,cpeeg02,ses04,20260810_141523,2026-08-10 14:16:15.537958,NaN,1,probe,DIGIT_RECALL_LINE_1,161,2026-08-10 14:19:17.678703,182.092352,2.215718,,1,,,,keyboard,first recall question,"{""value"":1,""note"":""first recall question"",""pd_used"":1}",2,0.016667,60.000000,1
Sergio_G01_CNS-LLF5RV3D8,cpeeg02,ses04,20260810_141523,2026-08-10 14:16:15.537958,NaN,1,probe,PROBE_DIGIT_OK_1,71,2026-08-10 14:19:20.351811,184.308069,0.614843,2.217711,slot#1,NaN,,,keyboard,probe_digit#1,"{""value"":""slot#1"",""entered"":null,""rt"":2.2177106000017375,""note"":""probe_digit#1""}",2,0.016667,60.000000,1
Sergio_G01_CNS-LLF5RV3D8,cpeeg02,ses04,20260810_141523,2026-08-10 14:16:15.537958,NaN,1,probe,DIGIT1_OFF,146,2026-08-10 14:19:20.502776,184.922912,0.000000,,6,,,,keyboard,digit#1 off,"{""value"":6,""note"":""digit#1 off"",""pd_used"":0}",2,0.016667,60.000000,1
Sergio_G01_CNS-LLF5RV3D8,cpeeg02,ses04,20260810_141523,2026-08-10 14:16:15.537958,NaN,1,probe,POSTDIG_FIX1_ON,151,2026-08-10 14:19:20.503825,184.922912,1.757552,,,,,,keyboard,after digit#1,"{""note"":""after digit#1""}",2,0.016667,60.000000,1
Sergio_G01_CNS-LLF5RV3D8,cpeeg02,ses04,20260810_141523,2026-08-10 14:16:15.537958,NaN,1,probe,POSTDIG_FIX1_OFF,156,2026-08-10 14:19:22.260479,186.680464,0.046503,,,,,,keyboard,after digit#1,"{""note"":""after digit#1"",""pd_used"":0}",2,0.016667,60.000000,1
Sergio_G01_CNS-LLF5RV3D8,cpeeg02,ses04,20260810_141523,2026-08-10 14:16:15.537958,NaN,1,probe,DIGIT_RECALL_LINE_2,162,2026-08-10 14:19:22.312028,186.726967,1.319797,,2,,,,keyboard,next recall question,"{""value"":2,""note"":""next recall question"",""pd_used"":1}",2,0.016667,60.000000,1
Sergio_G01_CNS-LLF5RV3D8,cpeeg02,ses04,20260810_141523,2026-08-10 14:16:15.537958,NaN,1,probe,PROBE_DIGIT_OK_2,71,2026-08-10 14:19:24.073417,188.046764,0.592458,5.956405,slot#2,NaN,,,keyboard,probe_digit#2,"{""value"":""slot#2"",""entered"":null,""rt"":5.9564053000649437,""note"":""probe_digit#2""}",2,0.016667,60.000000,1
Sergio_G01_CNS-LLF5RV3D8,cpeeg02,ses04,20260810_141523,2026-08-10 14:16:15.537958,NaN,1,probe,DIGIT2_OFF,147,2026-08-10 14:19:24.219015,188.639223,0.000000,,6,,,,keyboard,digit#2 off,"{""value"":6,""note"":""digit#2 off"",""pd_used"":0}",2,0.016667,60.000000,1
Sergio_G01_CNS-LLF5RV3D8,cpeeg02,ses04,20260810_141523,2026-08-10 14:16:15.537958,NaN,1,probe,POSTDIG_FIX2_ON,152,2026-08-10 14:19:24.219875,188.639223,1.871199,,,,,,keyboard,after digit#2,"{""note"":""after digit#2""}",2,0.016667,60.000000,1
Sergio_G01_CNS-LLF5RV3D8,cpeeg02,ses04,20260810_141523,2026-08-10 14:16:15.537958,NaN,1,probe,POSTDIG_FIX2_OFF,157,2026-08-10 14:19:26.090520,190.510422,0.046534,,,,,,keyboard,after digit#2,"{""note"":""after digit#2"",""pd_used"":0}",2,0.016667,60.000000,1
Sergio_G01_CNS-LLF5RV3D8,cpeeg02,ses04,20260810_141523,2026-08-10 14:16:15.537958,NaN,1,probe,DIGIT_RECALL_LINE_3,163,2026-08-10 14:19:26.142114,190.556956,3.292912,,3,,,,keyboard,next recall question,"{""value"":3,""note"":""next recall question"",""pd_used"":1}",2,0.016667,60.000000,1
Sergio_G01_CNS-LLF5RV3D8,cpeeg02,ses04,20260810_141523,2026-08-10 14:16:15.537958,NaN,1,probe,PROBE_DIGIT_OK_3,71,2026-08-10 14:19:29.981934,193.849868,0.697352,11.759509,slot#3,NaN,,,keyboard,probe_digit#3,"{""value"":""slot#3"",""entered"":null,""rt"":11.759508899995126,""note"":""probe_digit#3""}",2,0.016667,60.000000,1
Sergio_G01_CNS-LLF5RV3D8,cpeeg02,ses04,20260810_141523,2026-08-10 14:16:15.537958,NaN,1,probe,DIGIT3_OFF,148,2026-08-10 14:19:30.126898,194.547219,0.000000,,6,,,,keyboard,digit#3 off,"{""value"":6,""note"":""digit#3 off"",""pd_used"":0}",2,0.016667,60.000000,1
Sergio_G01_CNS-LLF5RV3D8,cpeeg02,ses04,20260810_141523,2026-08-10 14:16:15.537958,NaN,1,probe,POSTDIG_FIX3_ON,153,2026-08-10 14:19:30.127693,194.547219,1.601128,,,,,,keyboard,after digit#3,"{""note"":""after digit#3""}",2,0.016667,60.000000,1
Sergio_G01_CNS-LLF5RV3D8,cpeeg02,ses04,20260810_141523,2026-08-10 14:16:15.537958,NaN,1,probe,POSTDIG_FIX3_OFF,158,2026-08-10 14:19:31.728335,196.148347,0.046412,,,,,,keyboard,after digit#3,"{""note"":""after digit#3"",""pd_used"":0}",2,0.016667,60.000000,1
Sergio_G01_CNS-LLF5RV3D8,cpeeg02,ses04,20260810_141523,2026-08-10 14:16:15.537958,NaN,1,probe,DIGIT_RECALL_LINE_4,164,2026-08-10 14:19:31.780043,196.194760,1.380927,,4,,,,keyboard,next recall question,"{""value"":4,""note"":""next recall question"",""pd_used"":1}",2,0.016667,60.000000,1
Sergio_G01_CNS-LLF5RV3D8,cpeeg02,ses04,20260810_141523,2026-08-10 14:16:15.537958,NaN,1,probe,PROBE_DIGIT_OK_4,71,2026-08-10 14:19:33.591388,197.575687,0.584991,15.485328,slot#4,NaN,,,keyboard,probe_digit#4,"{""value"":""slot#4"",""entered"":null,""rt"":15.485328000038862,""note"":""probe_digit#4""}",2,0.016667,60.000000,1
Sergio_G01_CNS-LLF5RV3D8,cpeeg02,ses04,20260810_141523,2026-08-10 14:16:15.537958,NaN,1,probe,DIGIT4_OFF,149,2026-08-10 14:19:33.740659,198.160678,0.000000,,6,,,,keyboard,digit#4 off,"{""value"":6,""note"":""digit#4 off"",""pd_used"":0}",2,0.016667,60.000000,1
Sergio_G01_CNS-LLF5RV3D8,cpeeg02,ses04,20260810_141523,2026-08-10 14:16:15.537958,NaN,1,probe,POSTDIG_FIX4_ON,154,2026-08-10 14:19:33.741543,198.160678,1.792972,,,,,,keyboard,after digit#4,"{""note"":""after digit#4""}",2,0.016667,60.000000,1
Sergio_G01_CNS-LLF5RV3D8,cpeeg02,ses04,20260810_141523,2026-08-10 14:16:15.537958,NaN,1,probe,POSTDIG_FIX4_OFF,159,2026-08-10 14:19:35.533744,199.953650,0.046451,,,,,,keyboard,after digit#4,"{""note"":""after digit#4"",""pd_used"":0}",2,0.016667,60.000000,1
Sergio_G01_CNS-LLF5RV3D8,cpeeg02,ses04,20260810_141523,2026-08-10 14:16:15.537958,NaN,1,probe,DIGIT_RECALL_LINE_5,165,2026-08-10 14:19:35.585439,200.000101,2.217220,,5,,,,keyboard,next recall question,"{""value"":5,""note"":""next recall question"",""pd_used"":1}",2,0.016667,60.000000,1
Sergio_G01_CNS-LLF5RV3D8,cpeeg02,ses04,20260810_141523,2026-08-10 14:16:15.537958,NaN,1,probe,PROBE_DIGIT_OK_5,71,2026-08-10 14:19:38.111754,202.217320,0.469073,20.126962,slot#5,NaN,,,keyboard,probe_digit#5,"{""value"":""slot#5"",""entered"":null,""rt"":20.126961600035429,""note"":""probe_digit#5""}",2,0.016667,60.000000,1
Sergio_G01_CNS-LLF5RV3D8,cpeeg02,ses04,20260810_141523,2026-08-10 14:16:15.537958,NaN,1,probe,DIGIT5_OFF,150,2026-08-10 14:19:38.266259,202.686393,0.000000,,6,,,,keyboard,digit#5 off,"{""value"":6,""note"":""digit#5 off"",""pd_used"":0}",2,0.016667,60.000000,1
Sergio_G01_CNS-LLF5RV3D8,cpeeg02,ses04,20260810_141523,2026-08-10 14:16:15.537958,NaN,1,probe,POSTDIG_FIX5_ON,155,2026-08-10 14:19:38.267137,202.686393,3.141732,,,,,,keyboard,after digit#5,"{""note"":""after digit#5""}",2,0.016667,60.000000,1
Sergio_G01_CNS-LLF5RV3D8,cpeeg02,ses04,20260810_141523,2026-08-10 14:16:15.537958,NaN,1,probe,POSTDIG_FIX5_OFF,160,2026-08-10 14:19:41.408175,205.828124,0.044142,,,,,,keyboard,after digit#5,"{""note"":""after digit#5"",""pd_used"":0}",2,0.016667,60.000000,1
Sergio_G01_CNS-LLF5RV3D8,cpeeg02,ses04,20260810_141523,2026-08-10 14:16:15.537958,NaN,1,probe,PROBE_DONE,73,2026-08-10 14:19:41.410285,205.872266,0.000811,,,,,,keyboard,probe complete,"{""value"":"""",""note"":""probe complete""}",2,0.016667,60.000000,1
Sergio_G01_CNS-LLF5RV3D8,cpeeg02,ses04,20260810_141523,2026-08-10 14:16:15.537958,NaN,1,probe,TRIAL_END,21,2026-08-10 14:19:41.410943,205.873077,0.115104,,,,,,keyboard,,{},2,0.016667,60.000000,1
Sergio_G01_CNS-LLF5RV3D8,cpeeg02,ses04,20260810_141523,2026-08-10 14:16:15.537958,NaN,2,probe,TRIAL_CHANGE,22,2026-08-10 14:19:41.526528,205.988181,0.001354,,,,,,keyboard,trial transition,"{""note"":""trial transition""}",2,0.016667,60.000000,1
Sergio_G01_CNS-LLF5RV3D8,cpeeg02,ses04,20260810_141523,2026-08-10 14:16:15.537958,NaN,2,probe,TRIAL_START,20,2026-08-10 14:19:41.527472,205.989536,0.043469,,,,,,keyboard,,{},2,0.016667,60.000000,1
Sergio_G01_CNS-LLF5RV3D8,cpeeg02,ses04,20260810_141523,2026-08-10 14:16:15.537958,NaN,2,fix1,FIX1_ON,30,2026-08-10 14:19:41.621197,206.033004,3.241836,,,,,,keyboard,,"{""pd_used"":0}",2,0.016667,60.000000,1
Sergio_G01_CNS-LLF5RV3D8,cpeeg02,ses04,20260810_141523,2026-08-10 14:16:15.537958,NaN,2,fix1,FIX1_OFF,31,2026-08-10 14:19:44.854825,209.274840,0.044364,,,,,,keyboard,,"{""pd_used"":0}",2,0.016667,60.000000,1
Sergio_G01_CNS-LLF5RV3D8,cpeeg02,ses04,20260810_141523,2026-08-10 14:16:15.537958,NaN,2,digit,DIGIT1_ON,141,2026-08-10 14:19:44.906273,209.319204,0.551385,,7,,,,keyboard,digit#1 shown,"{""value"":7,""note"":""digit#1 shown"",""pd_used"":1}",2,0.016667,60.000000,1
Sergio_G01_CNS-LLF5RV3D8,cpeeg02,ses04,20260810_141523,2026-08-10 14:16:15.537958,NaN,2,digit,DIGIT1_OFF,146,2026-08-10 14:19:45.450513,209.870589,0.000000,,7,,,,keyboard,digit#1 off,"{""value"":7,""note"":""digit#1 off"",""pd_used"":0}",2,0.016667,60.000000,1
Sergio_G01_CNS-LLF5RV3D8,cpeeg02,ses04,20260810_141523,2026-08-10 14:16:15.537958,NaN,2,digit,POSTDIG_FIX1_ON,151,2026-08-10 14:19:45.451318,209.870589,1.984374,,,,,,keyboard,after digit#1,"{""note"":""after digit#1""}",2,0.016667,60.000000,1
Sergio_G01_CNS-LLF5RV3D8,cpeeg02,ses04,20260810_141523,2026-08-10 14:16:15.537958,NaN,2,digit,POSTDIG_FIX1_OFF,156,2026-08-10 14:19:47.435064,211.854963,0.044326,,,,,,keyboard,after digit#1,"{""note"":""after digit#1"",""pd_used"":0}",2,0.016667,60.000000,1
Sergio_G01_CNS-LLF5RV3D8,cpeeg02,ses04,20260810_141523,2026-08-10 14:16:15.537958,NaN,2,digit,DIGIT2_ON,142,2026-08-10 14:19:47.486556,211.899288,0.551617,,2,,,,keyboard,digit#2 shown,"{""value"":2,""note"":""digit#2 shown"",""pd_used"":1}",2,0.016667,60.000000,1
Sergio_G01_CNS-LLF5RV3D8,cpeeg02,ses04,20260810_141523,2026-08-10 14:16:15.537958,NaN,2,digit,DIGIT2_OFF,147,2026-08-10 14:19:48.030810,212.450905,0.000000,,2,,,,keyboard,digit#2 off,"{""value"":2,""note"":""digit#2 off"",""pd_used"":0}",2,0.016667,60.000000,1
Sergio_G01_CNS-LLF5RV3D8,cpeeg02,ses04,20260810_141523,2026-08-10 14:16:15.537958,NaN,2,digit,POSTDIG_FIX2_ON,152,2026-08-10 14:19:48.031604,212.450905,1.550395,,,,,,keyboard,after digit#2,"{""note"":""after digit#2""}",2,0.016667,60.000000,1
Sergio_G01_CNS-LLF5RV3D8,cpeeg02,ses04,20260810_141523,2026-08-10 14:16:15.537958,NaN,2,digit,POSTDIG_FIX2_OFF,157,2026-08-10 14:19:49.581134,214.001301,0.044164,,,,,,keyboard,after digit#2,"{""note"":""after digit#2"",""pd_used"":0}",2,0.016667,60.000000,1
Sergio_G01_CNS-LLF5RV3D8,cpeeg02,ses04,20260810_141523,2026-08-10 14:16:15.537958,NaN,2,digit,DIGIT3_ON,143,2026-08-10 14:19:49.633309,214.045464,0.552162,,5,,,,keyboard,digit#3 shown,"{""value"":5,""note"":""digit#3 shown"",""pd_used"":1}",2,0.016667,60.000000,1
Sergio_G01_CNS-LLF5RV3D8,cpeeg02,ses04,20260810_141523,2026-08-10 14:16:15.537958,NaN,2,digit,DIGIT3_OFF,148,2026-08-10 14:19:50.177553,214.597626,0.000000,,5,,,,keyboard,digit#3 off,"{""value"":5,""note"":""digit#3 off"",""pd_used"":0}",2,0.016667,60.000000,1
Sergio_G01_CNS-LLF5RV3D8,cpeeg02,ses04,20260810_141523,2026-08-10 14:16:15.537958,NaN,2,digit,POSTDIG_FIX3_ON,153,2026-08-10 14:19:50.178373,214.597626,1.675493,,,,,,keyboard,after digit#3,"{""note"":""after digit#3""}",2,0.016667,60.000000,1
Sergio_G01_CNS-LLF5RV3D8,cpeeg02,ses04,20260810_141523,2026-08-10 14:16:15.537958,NaN,2,digit,POSTDIG_FIX3_OFF,158,2026-08-10 14:19:51.853292,216.273119,0.044385,,,,,,keyboard,after digit#3,"{""note"":""after digit#3"",""pd_used"":0}",2,0.016667,60.000000,1
Sergio_G01_CNS-LLF5RV3D8,cpeeg02,ses04,20260810_141523,2026-08-10 14:16:15.537958,NaN,2,digit,DIGIT4_ON,144,2026-08-10 14:19:51.904990,216.317504,0.551811,,2,,,,keyboard,digit#4 shown,"{""value"":2,""note"":""digit#4 shown"",""pd_used"":1}",2,0.016667,60.000000,1
Sergio_G01_CNS-LLF5RV3D8,cpeeg02,ses04,20260810_141523,2026-08-10 14:16:15.537958,NaN,2,digit,DIGIT4_OFF,149,2026-08-10 14:19:52.449196,216.869316,0.000000,,2,,,,keyboard,digit#4 off,"{""value"":2,""note"":""digit#4 off"",""pd_used"":0}",2,0.016667,60.000000,1
Sergio_G01_CNS-LLF5RV3D8,cpeeg02,ses04,20260810_141523,2026-08-10 14:16:15.537958,NaN,2,digit,POSTDIG_FIX4_ON,154,2026-08-10 14:19:52.450008,216.869316,1.707084,,,,,,keyboard,after digit#4,"{""note"":""after digit#4""}",2,0.016667,60.000000,1
Sergio_G01_CNS-LLF5RV3D8,cpeeg02,ses04,20260810_141523,2026-08-10 14:16:15.537958,NaN,2,digit,POSTDIG_FIX4_OFF,159,2026-08-10 14:19:54.156410,218.576400,0.044263,,,,,,keyboard,after digit#4,"{""note"":""after digit#4"",""pd_used"":0}",2,0.016667,60.000000,1
Sergio_G01_CNS-LLF5RV3D8,cpeeg02,ses04,20260810_141523,2026-08-10 14:16:15.537958,NaN,2,digit,DIGIT5_ON,145,2026-08-10 14:19:54.207861,218.620663,0.551400,,4,,,,keyboard,digit#5 shown,"{""value"":4,""note"":""digit#5 shown"",""pd_used"":1}",2,0.016667,60.000000,1
Sergio_G01_CNS-LLF5RV3D8,cpeeg02,ses04,20260810_141523,2026-08-10 14:16:15.537958,NaN,2,digit,DIGIT5_OFF,150,2026-08-10 14:19:54.752163,219.172062,0.000000,,4,,,,keyboard,digit#5 off,"{""value"":4,""note"":""digit#5 off"",""pd_used"":0}",2,0.016667,60.000000,1
Sergio_G01_CNS-LLF5RV3D8,cpeeg02,ses04,20260810_141523,2026-08-10 14:16:15.537958,NaN,2,digit,POSTDIG_FIX5_ON,155,2026-08-10 14:19:54.753021,219.172062,3.393929,,,,,,keyboard,after digit#5,"{""note"":""after digit#5""}",2,0.016667,60.000000,1
Sergio_G01_CNS-LLF5RV3D8,cpeeg02,ses04,20260810_141523,2026-08-10 14:16:15.537958,NaN,2,digit,POSTDIG_FIX5_OFF,160,2026-08-10 14:19:58.145939,222.565992,0.045236,,,,,,keyboard,after digit#5,"{""note"":""after digit#5"",""pd_used"":0}",2,0.016667,60.000000,1
Sergio_G01_CNS-LLF5RV3D8,cpeeg02,ses04,20260810_141523,2026-08-10 14:16:15.537958,NaN,2,distractor,DISTRACTOR_ON,50,2026-08-10 14:19:58.197241,222.611228,9.737939,,9+8=16,,,,keyboard,,"{""value"":""9+8=16"",""isCorrectTruth"":false,""trueSum"":17,""pd_used"":1}",2,0.016667,60.000000,1
Sergio_G01_CNS-LLF5RV3D8,cpeeg02,ses04,20260810_141523,2026-08-10 14:16:15.537958,NaN,2,distractor,DISTRACTOR_ANS,51,2026-08-10 14:20:08.259854,232.349167,0.000000,9.737939,9+8=16,F,1,,keyboard,key= (False),"{""value"":""9+8=16"",""entered"":""F"",""rt"":9.7379392000148073,""correct"":1,""note"":""key= (False)"",""truth"":false,""trueSum"":17,""shownSum"":16,""a"":9,""b"":8}",2,0.016667,60.000000,1
Sergio_G01_CNS-LLF5RV3D8,cpeeg02,ses04,20260810_141523,2026-08-10 14:16:15.537958,NaN,2,distractor,ANS_CORRECT,100,2026-08-10 14:20:08.302480,232.349167,0.417563,,,,,,keyboard,,{},2,0.016667,60.000000,1
Sergio_G01_CNS-LLF5RV3D8,cpeeg02,ses04,20260810_141523,2026-08-10 14:16:15.537958,NaN,2,distractor,DISTRACTOR_OFF,52,2026-08-10 14:20:08.353759,232.766730,0.000000,,,,,,keyboard,,"{""pd_used"":0}",2,0.016667,60.000000,1
Sergio_G01_CNS-LLF5RV3D8,cpeeg02,ses04,20260810_141523,2026-08-10 14:16:15.537958,NaN,2,distractor,FIX2_ON,60,2026-08-10 14:20:08.354710,232.766730,3.069485,,,,,,keyboard,immediate after response,"{""note"":""immediate after response""}",2,0.016667,60.000000,1
Sergio_G01_CNS-LLF5RV3D8,cpeeg02,ses04,20260810_141523,2026-08-10 14:16:15.537958,NaN,2,fix2,FIX2_OFF,61,2026-08-10 14:20:11.416081,235.836215,0.044263,,,,,,keyboard,,"{""pd_used"":0}",2,0.016667,60.000000,1
Sergio_G01_CNS-LLF5RV3D8,cpeeg02,ses04,20260810_141523,2026-08-10 14:16:15.537958,NaN,2,probe,DIGIT_RECALL_LINE_1,161,2026-08-10 14:20:11.467623,235.880478,2.368949,,1,,,,keyboard,first recall question,"{""value"":1,""note"":""first recall question"",""pd_used"":1}",2,0.016667,60.000000,1
Sergio_G01_CNS-LLF5RV3D8,cpeeg02,ses04,20260810_141523,2026-08-10 14:16:15.537958,NaN,2,probe,PROBE_DIGIT_OK_1,71,2026-08-10 14:20:14.319667,238.249427,0.640530,2.370359,slot#1,NaN,,,keyboard,probe_digit#1,"{""value"":""slot#1"",""entered"":null,""rt"":2.3703590000513941,""note"":""probe_digit#1""}",2,0.016667,60.000000,1
Sergio_G01_CNS-LLF5RV3D8,cpeeg02,ses04,20260810_141523,2026-08-10 14:16:15.537958,NaN,2,probe,DIGIT1_OFF,146,2026-08-10 14:20:14.470178,238.889957,0.000000,,4,,,,keyboard,digit#1 off,"{""value"":4,""note"":""digit#1 off"",""pd_used"":0}",2,0.016667,60.000000,1
Sergio_G01_CNS-LLF5RV3D8,cpeeg02,ses04,20260810_141523,2026-08-10 14:16:15.537958,NaN,2,probe,POSTDIG_FIX1_ON,151,2026-08-10 14:20:14.471060,238.889957,1.731472,,,,,,keyboard,after digit#1,"{""note"":""after digit#1""}",2,0.016667,60.000000,1
Sergio_G01_CNS-LLF5RV3D8,cpeeg02,ses04,20260810_141523,2026-08-10 14:16:15.537958,NaN,2,probe,POSTDIG_FIX1_OFF,156,2026-08-10 14:20:16.201273,240.621429,0.046064,,,,,,keyboard,after digit#1,"{""note"":""after digit#1"",""pd_used"":0}",2,0.016667,60.000000,1
Sergio_G01_CNS-LLF5RV3D8,cpeeg02,ses04,20260810_141523,2026-08-10 14:16:15.537958,NaN,2,probe,DIGIT_RECALL_LINE_2,162,2026-08-10 14:20:16.252810,240.667493,2.483363,,2,,,,keyboard,next recall question,"{""value"":2,""note"":""next recall question"",""pd_used"":1}",2,0.016667,60.000000,1
Sergio_G01_CNS-LLF5RV3D8,cpeeg02,ses04,20260810_141523,2026-08-10 14:16:15.537958,NaN,2,probe,PROBE_DIGIT_OK_2,71,2026-08-10 14:20:19.221278,243.150856,0.633680,7.271788,slot#2,NaN,,,keyboard,probe_digit#2,"{""value"":""slot#2"",""entered"":null,""rt"":7.2717884000157937,""note"":""probe_digit#2""}",2,0.016667,60.000000,1
Sergio_G01_CNS-LLF5RV3D8,cpeeg02,ses04,20260810_141523,2026-08-10 14:16:15.537958,NaN,2,probe,DIGIT2_OFF,147,2026-08-10 14:20:19.364384,243.784536,0.000000,,4,,,,keyboard,digit#2 off,"{""value"":4,""note"":""digit#2 off"",""pd_used"":0}",2,0.016667,60.000000,1
Sergio_G01_CNS-LLF5RV3D8,cpeeg02,ses04,20260810_141523,2026-08-10 14:16:15.537958,NaN,2,probe,POSTDIG_FIX2_ON,152,2026-08-10 14:20:19.365276,243.784536,1.798340,,,,,,keyboard,after digit#2,"{""note"":""after digit#2""}",2,0.016667,60.000000,1
Sergio_G01_CNS-LLF5RV3D8,cpeeg02,ses04,20260810_141523,2026-08-10 14:16:15.537958,NaN,2,probe,POSTDIG_FIX2_OFF,157,2026-08-10 14:20:21.162689,245.582876,0.046362,,,,,,keyboard,after digit#2,"{""note"":""after digit#2"",""pd_used"":0}",2,0.016667,60.000000,1
Sergio_G01_CNS-LLF5RV3D8,cpeeg02,ses04,20260810_141523,2026-08-10 14:16:15.537958,NaN,2,probe,DIGIT_RECALL_LINE_3,163,2026-08-10 14:20:21.214193,245.629239,1.325770,,3,,,,keyboard,next recall question,"{""value"":3,""note"":""next recall question"",""pd_used"":1}",2,0.016667,60.000000,1
Sergio_G01_CNS-LLF5RV3D8,cpeeg02,ses04,20260810_141523,2026-08-10 14:16:15.537958,NaN,2,probe,PROBE_DIGIT_OK_3,71,2026-08-10 14:20:23.061913,246.955009,0.672902,11.075941,slot#3,NaN,,,keyboard,probe_digit#3,"{""value"":""slot#3"",""entered"":null,""rt"":11.075940900016576,""note"":""probe_digit#3""}",2,0.016667,60.000000,1
Sergio_G01_CNS-LLF5RV3D8,cpeeg02,ses04,20260810_141523,2026-08-10 14:16:15.537958,NaN,2,probe,DIGIT3_OFF,148,2026-08-10 14:20:23.207800,247.627911,0.000000,,4,,,,keyboard,digit#3 off,"{""value"":4,""note"":""digit#3 off"",""pd_used"":0}",2,0.016667,60.000000,1
Sergio_G01_CNS-LLF5RV3D8,cpeeg02,ses04,20260810_141523,2026-08-10 14:16:15.537958,NaN,2,probe,POSTDIG_FIX3_ON,153,2026-08-10 14:20:23.208616,247.627911,1.570892,,,,,,keyboard,after digit#3,"{""note"":""after digit#3""}",2,0.016667,60.000000,1
Sergio_G01_CNS-LLF5RV3D8,cpeeg02,ses04,20260810_141523,2026-08-10 14:16:15.537958,NaN,2,probe,POSTDIG_FIX3_OFF,158,2026-08-10 14:20:24.778776,249.198803,0.046238,,,,,,keyboard,after digit#3,"{""note"":""after digit#3"",""pd_used"":0}",2,0.016667,60.000000,1
Sergio_G01_CNS-LLF5RV3D8,cpeeg02,ses04,20260810_141523,2026-08-10 14:16:15.537958,NaN,2,probe,DIGIT_RECALL_LINE_4,164,2026-08-10 14:20:24.830236,249.245041,3.578576,,4,,,,keyboard,next recall question,"{""value"":4,""note"":""next recall question"",""pd_used"":1}",2,0.016667,60.000000,1
Sergio_G01_CNS-LLF5RV3D8,cpeeg02,ses04,20260810_141523,2026-08-10 14:16:15.537958,NaN,2,probe,PROBE_DIGIT_OK_4,71,2026-08-10 14:20:28.722148,252.823617,0.466198,16.944549,slot#4,NaN,,,keyboard,probe_digit#4,"{""value"":""slot#4"",""entered"":null,""rt"":16.944549300009385,""note"":""probe_digit#4""}",2,0.016667,60.000000,1
Sergio_G01_CNS-LLF5RV3D8,cpeeg02,ses04,20260810_141523,2026-08-10 14:16:15.537958,NaN,2,probe,DIGIT4_OFF,149,2026-08-10 14:20:28.869847,253.289815,0.000000,,4,,,,keyboard,digit#4 off,"{""value"":4,""note"":""digit#4 off"",""pd_used"":0}",2,0.016667,60.000000,1
Sergio_G01_CNS-LLF5RV3D8,cpeeg02,ses04,20260810_141523,2026-08-10 14:16:15.537958,NaN,2,probe,POSTDIG_FIX4_ON,154,2026-08-10 14:20:28.870663,253.289815,1.944818,,,,,,keyboard,after digit#4,"{""note"":""after digit#4""}",2,0.016667,60.000000,1
Sergio_G01_CNS-LLF5RV3D8,cpeeg02,ses04,20260810_141523,2026-08-10 14:16:15.537958,NaN,2,probe,POSTDIG_FIX4_OFF,159,2026-08-10 14:20:30.814671,255.234633,0.046473,,,,,,keyboard,after digit#4,"{""note"":""after digit#4"",""pd_used"":0}",2,0.016667,60.000000,1
Sergio_G01_CNS-LLF5RV3D8,cpeeg02,ses04,20260810_141523,2026-08-10 14:16:15.537958,NaN,2,probe,DIGIT_RECALL_LINE_5,165,2026-08-10 14:20:30.866023,255.281106,2.612676,,5,,,,keyboard,next recall question,"{""value"":5,""note"":""next recall question"",""pd_used"":1}",2,0.016667,60.000000,1
Sergio_G01_CNS-LLF5RV3D8,cpeeg02,ses04,20260810_141523,2026-08-10 14:16:15.537958,NaN,2,probe,PROBE_DIGIT_OK_5,71,2026-08-10 14:20:33.784868,257.893783,0.449357,22.014715,slot#5,NaN,,,keyboard,probe_digit#5,"{""value"":""slot#5"",""entered"":null,""rt"":22.014715100056492,""note"":""probe_digit#5""}",2,0.016667,60.000000,1
Sergio_G01_CNS-LLF5RV3D8,cpeeg02,ses04,20260810_141523,2026-08-10 14:16:15.537958,NaN,2,probe,DIGIT5_OFF,150,2026-08-10 14:20:33.922824,258.343140,0.000000,,4,,,,keyboard,digit#5 off,"{""value"":4,""note"":""digit#5 off"",""pd_used"":0}",2,0.016667,60.000000,1
Sergio_G01_CNS-LLF5RV3D8,cpeeg02,ses04,20260810_141523,2026-08-10 14:16:15.537958,NaN,2,probe,POSTDIG_FIX5_ON,155,2026-08-10 14:20:33.923593,258.343140,3.297862,,,,,,keyboard,after digit#5,"{""note"":""after digit#5""}",2,0.016667,60.000000,1
Sergio_G01_CNS-LLF5RV3D8,cpeeg02,ses04,20260810_141523,2026-08-10 14:16:15.537958,NaN,2,probe,POSTDIG_FIX5_OFF,160,2026-08-10 14:20:37.220887,261.641002,0.043929,,,,,,keyboard,after digit#5,"{""note"":""after digit#5"",""pd_used"":0}",2,0.016667,60.000000,1
Sergio_G01_CNS-LLF5RV3D8,cpeeg02,ses04,20260810_141523,2026-08-10 14:16:15.537958,NaN,2,probe,PROBE_DONE,73,2026-08-10 14:20:37.222954,261.684931,0.000810,,,,,,keyboard,probe complete,"{""value"":"""",""note"":""probe complete""}",2,0.016667,60.000000,1
Sergio_G01_CNS-LLF5RV3D8,cpeeg02,ses04,20260810_141523,2026-08-10 14:16:15.537958,NaN,2,probe,TRIAL_END,21,2026-08-10 14:20:37.223614,261.685741,0.109501,,,,,,keyboard,,{},2,0.016667,60.000000,1
Sergio_G01_CNS-LLF5RV3D8,cpeeg02,ses04,20260810_141523,2026-08-10 14:16:15.537958,NaN,3,probe,TRIAL_CHANGE,22,2026-08-10 14:20:37.333398,261.795242,0.001340,,,,,,keyboard,trial transition,"{""note"":""trial transition""}",2,0.016667,60.000000,1
Sergio_G01_CNS-LLF5RV3D8,cpeeg02,ses04,20260810_141523,2026-08-10 14:16:15.537958,NaN,3,probe,TRIAL_START,20,2026-08-10 14:20:37.334667,261.796583,0.043936,,,,,,keyboard,,{},2,0.016667,60.000000,1
Sergio_G01_CNS-LLF5RV3D8,cpeeg02,ses04,20260810_141523,2026-08-10 14:16:15.537958,NaN,3,fix1,FIX1_ON,30,2026-08-10 14:20:37.428887,261.840518,3.356778,,,,,,keyboard,,"{""pd_used"":0}",2,0.016667,60.000000,1
Sergio_G01_CNS-LLF5RV3D8,cpeeg02,ses04,20260810_141523,2026-08-10 14:16:15.537958,NaN,3,fix1,FIX1_OFF,31,2026-08-10 14:20:40.777181,265.197297,0.044255,,,,,,keyboard,,"{""pd_used"":0}",2,0.016667,60.000000,1
Sergio_G01_CNS-LLF5RV3D8,cpeeg02,ses04,20260810_141523,2026-08-10 14:16:15.537958,NaN,3,digit,DIGIT1_ON,141,2026-08-10 14:20:40.828568,265.241552,0.551238,,4,,,,keyboard,digit#1 shown,"{""value"":4,""note"":""digit#1 shown"",""pd_used"":1}",2,0.016667,60.000000,1
Sergio_G01_CNS-LLF5RV3D8,cpeeg02,ses04,20260810_141523,2026-08-10 14:16:15.537958,NaN,3,digit,DIGIT1_OFF,146,2026-08-10 14:20:41.372873,265.792789,0.000000,,4,,,,keyboard,digit#1 off,"{""value"":4,""note"":""digit#1 off"",""pd_used"":0}",2,0.016667,60.000000,1
Sergio_G01_CNS-LLF5RV3D8,cpeeg02,ses04,20260810_141523,2026-08-10 14:16:15.537958,NaN,3,digit,POSTDIG_FIX1_ON,151,2026-08-10 14:20:41.373714,265.792789,1.933992,,,,,,keyboard,after digit#1,"{""note"":""after digit#1""}",2,0.016667,60.000000,1
Sergio_G01_CNS-LLF5RV3D8,cpeeg02,ses04,20260810_141523,2026-08-10 14:16:15.537958,NaN,3,digit,POSTDIG_FIX1_OFF,156,2026-08-10 14:20:43.306685,267.726781,0.044186,,,,,,keyboard,after digit#1,"{""note"":""after digit#1"",""pd_used"":0}",2,0.016667,60.000000,1
Sergio_G01_CNS-LLF5RV3D8,cpeeg02,ses04,20260810_141523,2026-08-10 14:16:15.537958,NaN,3,digit,DIGIT2_ON,142,2026-08-10 14:20:43.358148,267.770967,0.551553,,0,,,,keyboard,digit#2 shown,"{""value"":0,""note"":""digit#2 shown"",""pd_used"":1}",2,0.016667,60.000000,1
Sergio_G01_CNS-LLF5RV3D8,cpeeg02,ses04,20260810_141523,2026-08-10 14:16:15.537958,NaN,3,digit,DIGIT2_OFF,147,2026-08-10 14:20:43.902487,268.322520,0.000000,,0,,,,keyboard,digit#2 off,"{""value"":0,""note"":""digit#2 off"",""pd_used"":0}",2,0.016667,60.000000,1
Sergio_G01_CNS-LLF5RV3D8,cpeeg02,ses04,20260810_141523,2026-08-10 14:16:15.537958,NaN,3,digit,POSTDIG_FIX2_ON,152,2026-08-10 14:20:43.903284,268.322520,1.963605,,,,,,keyboard,after digit#2,"{""note"":""after digit#2""}",2,0.016667,60.000000,1
Sergio_G01_CNS-LLF5RV3D8,cpeeg02,ses04,20260810_141523,2026-08-10 14:16:15.537958,NaN,3,digit,POSTDIG_FIX2_OFF,157,2026-08-10 14:20:45.866287,270.286124,0.044510,,,,,,keyboard,after digit#2,"{""note"":""after digit#2"",""pd_used"":0}",2,0.016667,60.000000,1
Sergio_G01_CNS-LLF5RV3D8,cpeeg02,ses04,20260810_141523,2026-08-10 14:16:15.537958,NaN,3,digit,DIGIT3_ON,143,2026-08-10 14:20:45.917890,270.330635,0.551777,,4,,,,keyboard,digit#3 shown,"{""value"":4,""note"":""digit#3 shown"",""pd_used"":1}",2,0.016667,60.000000,1
Sergio_G01_CNS-LLF5RV3D8,cpeeg02,ses04,20260810_141523,2026-08-10 14:16:15.537958,NaN,3,digit,DIGIT3_OFF,148,2026-08-10 14:20:46.462303,270.882412,0.000000,,4,,,,keyboard,digit#3 off,"{""value"":4,""note"":""digit#3 off"",""pd_used"":0}",2,0.016667,60.000000,1
Sergio_G01_CNS-LLF5RV3D8,cpeeg02,ses04,20260810_141523,2026-08-10 14:16:15.537958,NaN,3,digit,POSTDIG_FIX3_ON,153,2026-08-10 14:20:46.463112,270.882412,1.964416,,,,,,keyboard,after digit#3,"{""note"":""after digit#3""}",2,0.016667,60.000000,1
Sergio_G01_CNS-LLF5RV3D8,cpeeg02,ses04,20260810_141523,2026-08-10 14:16:15.537958,NaN,3,digit,POSTDIG_FIX3_OFF,158,2026-08-10 14:20:48.426771,272.846827,0.044214,,,,,,keyboard,after digit#3,"{""note"":""after digit#3"",""pd_used"":0}",2,0.016667,60.000000,1
Sergio_G01_CNS-LLF5RV3D8,cpeeg02,ses04,20260810_141523,2026-08-10 14:16:15.537958,NaN,3,digit,DIGIT4_ON,144,2026-08-10 14:20:48.478298,272.891041,0.551461,,0,,,,keyboard,digit#4 shown,"{""value"":0,""note"":""digit#4 shown"",""pd_used"":1}",2,0.016667,60.000000,1
Sergio_G01_CNS-LLF5RV3D8,cpeeg02,ses04,20260810_141523,2026-08-10 14:16:15.537958,NaN,3,digit,DIGIT4_OFF,149,2026-08-10 14:20:49.022612,273.442502,0.000000,,0,,,,keyboard,digit#4 off,"{""value"":0,""note"":""digit#4 off"",""pd_used"":0}",2,0.016667,60.000000,1
Sergio_G01_CNS-LLF5RV3D8,cpeeg02,ses04,20260810_141523,2026-08-10 14:16:15.537958,NaN,3,digit,POSTDIG_FIX4_ON,154,2026-08-10 14:20:49.023395,273.442502,1.588240,,,,,,keyboard,after digit#4,"{""note"":""after digit#4""}",2,0.016667,60.000000,1
Sergio_G01_CNS-LLF5RV3D8,cpeeg02,ses04,20260810_141523,2026-08-10 14:16:15.537958,NaN,3,digit,POSTDIG_FIX4_OFF,159,2026-08-10 14:20:50.610847,275.030743,0.044513,,,,,,keyboard,after digit#4,"{""note"":""after digit#4"",""pd_used"":0}",2,0.016667,60.000000,1
Sergio_G01_CNS-LLF5RV3D8,cpeeg02,ses04,20260810_141523,2026-08-10 14:16:15.537958,NaN,3,digit,DIGIT5_ON,145,2026-08-10 14:20:50.662206,275.075256,0.551064,,1,,,,keyboard,digit#5 shown,"{""value"":1,""note"":""digit#5 shown"",""pd_used"":1}",2,0.016667,60.000000,1
Sergio_G01_CNS-LLF5RV3D8,cpeeg02,ses04,20260810_141523,2026-08-10 14:16:15.537958,NaN,3,digit,DIGIT5_OFF,150,2026-08-10 14:20:51.206156,275.626319,0.000000,,1,,,,keyboard,digit#5 off,"{""value"":1,""note"":""digit#5 off"",""pd_used"":0}",2,0.016667,60.000000,1
Sergio_G01_CNS-LLF5RV3D8,cpeeg02,ses04,20260810_141523,2026-08-10 14:16:15.537958,NaN,3,digit,POSTDIG_FIX5_ON,155,2026-08-10 14:20:51.206950,275.626319,3.463829,,,,,,keyboard,after digit#5,"{""note"":""after digit#5""}",2,0.016667,60.000000,1
Sergio_G01_CNS-LLF5RV3D8,cpeeg02,ses04,20260810_141523,2026-08-10 14:16:15.537958,NaN,3,digit,POSTDIG_FIX5_OFF,160,2026-08-10 14:20:54.670135,279.090148,0.045195,,,,,,keyboard,after digit#5,"{""note"":""after digit#5"",""pd_used"":0}",2,0.016667,60.000000,1
Sergio_G01_CNS-LLF5RV3D8,cpeeg02,ses04,20260810_141523,2026-08-10 14:16:15.537958,NaN,3,distractor,DISTRACTOR_ON,50,2026-08-10 14:20:54.721443,279.135342,6.309976,,9+5=13,,,,keyboard,,"{""value"":""9+5=13"",""isCorrectTruth"":false,""trueSum"":14,""pd_used"":1}",2,0.016667,60.000000,1
Sergio_G01_CNS-LLF5RV3D8,cpeeg02,ses04,20260810_141523,2026-08-10 14:16:15.537958,NaN,3,distractor,DISTRACTOR_ANS,51,2026-08-10 14:21:01.563623,285.445319,0.000000,6.309976,9+5=13,F,1,,keyboard,key= (False),"{""value"":""9+5=13"",""entered"":""F"",""rt"":6.3099760999903083,""correct"":1,""note"":""key= (False)"",""truth"":false,""trueSum"":14,""shownSum"":13,""a"":9,""b"":5}",2,0.016667,60.000000,1
Sergio_G01_CNS-LLF5RV3D8,cpeeg02,ses04,20260810_141523,2026-08-10 14:16:15.537958,NaN,3,distractor,ANS_CORRECT,100,2026-08-10 14:21:01.606276,285.445319,0.625257,,,,,,keyboard,,{},2,0.016667,60.000000,1
Sergio_G01_CNS-LLF5RV3D8,cpeeg02,ses04,20260810_141523,2026-08-10 14:16:15.537958,NaN,3,distractor,DISTRACTOR_OFF,52,2026-08-10 14:21:01.657649,286.070575,0.000000,,,,,,keyboard,,"{""pd_used"":0}",2,0.016667,60.000000,1
Sergio_G01_CNS-LLF5RV3D8,cpeeg02,ses04,20260810_141523,2026-08-10 14:16:15.537958,NaN,3,distractor,FIX2_ON,60,2026-08-10 14:21:01.658480,286.070575,3.290114,,,,,,keyboard,immediate after response,"{""note"":""immediate after response""}",2,0.016667,60.000000,1
Sergio_G01_CNS-LLF5RV3D8,cpeeg02,ses04,20260810_141523,2026-08-10 14:16:15.537958,NaN,3,fix2,FIX2_OFF,61,2026-08-10 14:21:04.940541,289.360689,0.044267,,,,,,keyboard,,"{""pd_used"":0}",2,0.016667,60.000000,1
Sergio_G01_CNS-LLF5RV3D8,cpeeg02,ses04,20260810_141523,2026-08-10 14:16:15.537958,NaN,3,probe,DIGIT_RECALL_LINE_1,161,2026-08-10 14:21:04.991829,289.404956,2.425710,,1,,,,keyboard,first recall question,"{""value"":1,""note"":""first recall question"",""pd_used"":1}",2,0.016667,60.000000,1
Sergio_G01_CNS-LLF5RV3D8,cpeeg02,ses04,20260810_141523,2026-08-10 14:16:15.537958,NaN,3,probe,PROBE_DIGIT_OK_1,71,2026-08-10 14:21:07.861366,291.830666,0.589570,2.427128,slot#1,NaN,,,keyboard,probe_digit#1,"{""value"":""slot#1"",""entered"":null,""rt"":2.42712779995054,""note"":""probe_digit#1""}",2,0.016667,60.000000,1
Sergio_G01_CNS-LLF5RV3D8,cpeeg02,ses04,20260810_141523,2026-08-10 14:16:15.537958,NaN,3,probe,DIGIT1_OFF,146,2026-08-10 14:21:08.000218,292.420236,0.000000,,1,,,,keyboard,digit#1 off,"{""value"":1,""note"":""digit#1 off"",""pd_used"":0}",2,0.016667,60.000000,1
Sergio_G01_CNS-LLF5RV3D8,cpeeg02,ses04,20260810_141523,2026-08-10 14:16:15.537958,NaN,3,probe,POSTDIG_FIX1_ON,151,2026-08-10 14:21:08.001041,292.420236,1.555438,,,,,,keyboard,after digit#1,"{""note"":""after digit#1""}",2,0.016667,60.000000,1
Sergio_G01_CNS-LLF5RV3D8,cpeeg02,ses04,20260810_141523,2026-08-10 14:16:15.537958,NaN,3,probe,POSTDIG_FIX1_OFF,156,2026-08-10 14:21:09.555530,293.975674,0.046053,,,,,,keyboard,after digit#1,"{""note"":""after digit#1"",""pd_used"":0}",2,0.016667,60.000000,1
Sergio_G01_CNS-LLF5RV3D8,cpeeg02,ses04,20260810_141523,2026-08-10 14:16:15.537958,NaN,3,probe,DIGIT_RECALL_LINE_2,162,2026-08-10 14:21:09.606920,294.021726,1.516876,,2,,,,keyboard,next recall question,"{""value"":2,""note"":""next recall question"",""pd_used"":1}",2,0.016667,60.000000,1
Sergio_G01_CNS-LLF5RV3D8,cpeeg02,ses04,20260810_141523,2026-08-10 14:16:15.537958,NaN,3,probe,PROBE_DIGIT_OK_2,71,2026-08-10 14:21:11.792498,295.538602,0.818135,6.135064,slot#2,NaN,,,keyboard,probe_digit#2,"{""value"":""slot#2"",""entered"":null,""rt"":6.1350639999145642,""note"":""probe_digit#2""}",2,0.016667,60.000000,1
Sergio_G01_CNS-LLF5RV3D8,cpeeg02,ses04,20260810_141523,2026-08-10 14:16:15.537958,NaN,3,probe,DIGIT2_OFF,147,2026-08-10 14:21:11.936887,296.356737,0.000000,,1,,,,keyboard,digit#2 off,"{""value"":1,""note"":""digit#2 off"",""pd_used"":0}",2,0.016667,60.000000,1
Sergio_G01_CNS-LLF5RV3D8,cpeeg02,ses04,20260810_141523,2026-08-10 14:16:15.537958,NaN,3,probe,POSTDIG_FIX2_ON,152,2026-08-10 14:21:11.937685,296.356737,1.986170,,,,,,keyboard,after digit#2,"{""note"":""after digit#2""}",2,0.016667,60.000000,1
Sergio_G01_CNS-LLF5RV3D8,cpeeg02,ses04,20260810_141523,2026-08-10 14:16:15.537958,NaN,3,probe,POSTDIG_FIX2_OFF,157,2026-08-10 14:21:13.922821,298.342907,0.046684,,,,,,keyboard,after digit#2,"{""note"":""after digit#2"",""pd_used"":0}",2,0.016667,60.000000,1
Sergio_G01_CNS-LLF5RV3D8,cpeeg02,ses04,20260810_141523,2026-08-10 14:16:15.537958,NaN,3,probe,DIGIT_RECALL_LINE_3,163,2026-08-10 14:21:13.974321,298.389591,1.132629,,3,,,,keyboard,next recall question,"{""value"":3,""note"":""next recall question"",""pd_used"":1}",2,0.016667,60.000000,1
Sergio_G01_CNS-LLF5RV3D8,cpeeg02,ses04,20260810_141523,2026-08-10 14:16:15.537958,NaN,3,probe,PROBE_DIGIT_OK_3,71,2026-08-10 14:21:15.400061,299.522219,0.441851,10.118681,slot#3,NaN,,,keyboard,probe_digit#3,"{""value"":""slot#3"",""entered"":null,""rt"":10.11868139996659,""note"":""probe_digit#3""}",2,0.016667,60.000000,1
Sergio_G01_CNS-LLF5RV3D8,cpeeg02,ses04,20260810_141523,2026-08-10 14:16:15.537958,NaN,3,probe,DIGIT3_OFF,148,2026-08-10 14:21:15.544035,299.964070,0.000000,,1,,,,keyboard,digit#3 off,"{""value"":1,""note"":""digit#3 off"",""pd_used"":0}",2,0.016667,60.000000,1
Sergio_G01_CNS-LLF5RV3D8,cpeeg02,ses04,20260810_141523,2026-08-10 14:16:15.537958,NaN,3,probe,POSTDIG_FIX3_ON,153,2026-08-10 14:21:15.544880,299.964070,1.921368,,,,,,keyboard,after digit#3,"{""note"":""after digit#3""}",2,0.016667,60.000000,1
Sergio_G01_CNS-LLF5RV3D8,cpeeg02,ses04,20260810_141523,2026-08-10 14:16:15.537958,NaN,3,probe,POSTDIG_FIX3_OFF,158,2026-08-10 14:21:17.465358,301.885438,0.046775,,,,,,keyboard,after digit#3,"{""note"":""after digit#3"",""pd_used"":0}",2,0.016667,60.000000,1
Sergio_G01_CNS-LLF5RV3D8,cpeeg02,ses04,20260810_141523,2026-08-10 14:16:15.537958,NaN,3,probe,DIGIT_RECALL_LINE_4,164,2026-08-10 14:21:17.516815,301.932213,2.834457,,4,,,,keyboard,next recall question,"{""value"":4,""note"":""next recall question"",""pd_used"":1}",2,0.016667,60.000000,1
Sergio_G01_CNS-LLF5RV3D8,cpeeg02,ses04,20260810_141523,2026-08-10 14:16:15.537958,NaN,3,probe,PROBE_DIGIT_OK_4,71,2026-08-10 14:21:20.674964,304.766671,0.471585,15.363133,slot#4,NaN,,,keyboard,probe_digit#4,"{""value"":""slot#4"",""entered"":null,""rt"":15.363132699974813,""note"":""probe_digit#4""}",2,0.016667,60.000000,1
Sergio_G01_CNS-LLF5RV3D8,cpeeg02,ses04,20260810_141523,2026-08-10 14:16:15.537958,NaN,3,probe,DIGIT4_OFF,149,2026-08-10 14:21:20.817976,305.238256,0.000000,,1,,,,keyboard,digit#4 off,"{""value"":1,""note"":""digit#4 off"",""pd_used"":0}",2,0.016667,60.000000,1
Sergio_G01_CNS-LLF5RV3D8,cpeeg02,ses04,20260810_141523,2026-08-10 14:16:15.537958,NaN,3,probe,POSTDIG_FIX4_ON,154,2026-08-10 14:21:20.818759,305.238256,1.891490,,,,,,keyboard,after digit#4,"{""note"":""after digit#4""}",2,0.016667,60.000000,1
Sergio_G01_CNS-LLF5RV3D8,cpeeg02,ses04,20260810_141523,2026-08-10 14:16:15.537958,NaN,3,probe,POSTDIG_FIX4_OFF,159,2026-08-10 14:21:22.709820,307.129745,0.046395,,,,,,keyboard,after digit#4,"{""note"":""after digit#4"",""pd_used"":0}",2,0.016667,60.000000,1
Sergio_G01_CNS-LLF5RV3D8,cpeeg02,ses04,20260810_141523,2026-08-10 14:16:15.537958,NaN,3,probe,DIGIT_RECALL_LINE_5,165,2026-08-10 14:21:22.761373,307.176141,1.593561,,5,,,,keyboard,next recall question,"{""value"":5,""note"":""next recall question"",""pd_used"":1}",2,0.016667,60.000000,1
Sergio_G01_CNS-LLF5RV3D8,cpeeg02,ses04,20260810_141523,2026-08-10 14:16:15.537958,NaN,3,probe,PROBE_DIGIT_OK_5,71,2026-08-10 14:21:24.661774,308.769702,0.451158,19.366164,slot#5,NaN,,,keyboard,probe_digit#5,"{""value"":""slot#5"",""entered"":null,""rt"":19.366163600003347,""note"":""probe_digit#5""}",2,0.016667,60.000000,1
Sergio_G01_CNS-LLF5RV3D8,cpeeg02,ses04,20260810_141523,2026-08-10 14:16:15.537958,NaN,3,probe,DIGIT5_OFF,150,2026-08-10 14:21:24.801019,309.220860,0.000000,,1,,,,keyboard,digit#5 off,"{""value"":1,""note"":""digit#5 off"",""pd_used"":0}",2,0.016667,60.000000,1
Sergio_G01_CNS-LLF5RV3D8,cpeeg02,ses04,20260810_141523,2026-08-10 14:16:15.537958,NaN,3,probe,POSTDIG_FIX5_ON,155,2026-08-10 14:21:24.801821,309.220860,3.219361,,,,,,keyboard,after digit#5,"{""note"":""after digit#5""}",2,0.016667,60.000000,1
Sergio_G01_CNS-LLF5RV3D8,cpeeg02,ses04,20260810_141523,2026-08-10 14:16:15.537958,NaN,3,probe,POSTDIG_FIX5_OFF,160,2026-08-10 14:21:28.020414,312.440221,0.044259,,,,,,keyboard,after digit#5,"{""note"":""after digit#5"",""pd_used"":0}",2,0.016667,60.000000,1
Sergio_G01_CNS-LLF5RV3D8,cpeeg02,ses04,20260810_141523,2026-08-10 14:16:15.537958,NaN,3,probe,PROBE_DONE,73,2026-08-10 14:21:28.022508,312.484480,0.000811,,,,,,keyboard,probe complete,"{""value"":"""",""note"":""probe complete""}",2,0.016667,60.000000,1
Sergio_G01_CNS-LLF5RV3D8,cpeeg02,ses04,20260810_141523,2026-08-10 14:16:15.537958,NaN,3,probe,TRIAL_END,21,2026-08-10 14:21:28.023200,312.485291,0.099699,,,,,,keyboard,,{},2,0.016667,60.000000,1
Sergio_G01_CNS-LLF5RV3D8,cpeeg02,ses04,20260810_141523,2026-08-10 14:16:15.537958,NaN,4,probe,TRIAL_CHANGE,22,2026-08-10 14:21:28.123549,312.584990,0.001680,,,,,,keyboard,trial transition,"{""note"":""trial transition""}",2,0.016667,60.000000,1
Sergio_G01_CNS-LLF5RV3D8,cpeeg02,ses04,20260810_141523,2026-08-10 14:16:15.537958,NaN,4,probe,TRIAL_START,20,2026-08-10 14:21:28.124685,312.586670,0.045160,,,,,,keyboard,,{},2,0.016667,60.000000,1
Sergio_G01_CNS-LLF5RV3D8,cpeeg02,ses04,20260810_141523,2026-08-10 14:16:15.537958,NaN,4,fix1,FIX1_ON,30,2026-08-10 14:21:28.218993,312.631830,3.146599,,,,,,keyboard,,"{""pd_used"":0}",2,0.016667,60.000000,1
Sergio_G01_CNS-LLF5RV3D8,cpeeg02,ses04,20260810_141523,2026-08-10 14:16:15.537958,NaN,4,fix1,FIX1_OFF,31,2026-08-10 14:21:31.358495,315.778429,0.044860,,,,,,keyboard,,"{""pd_used"":0}",2,0.016667,60.000000,1
Sergio_G01_CNS-LLF5RV3D8,cpeeg02,ses04,20260810_141523,2026-08-10 14:16:15.537958,NaN,4,digit,DIGIT1_ON,141,2026-08-10 14:21:31.410052,315.823289,0.551266,,4,,,,keyboard,digit#1 shown,"{""value"":4,""note"":""digit#1 shown"",""pd_used"":1}",2,0.016667,60.000000,1
Sergio_G01_CNS-LLF5RV3D8,cpeeg02,ses04,20260810_141523,2026-08-10 14:16:15.537958,NaN,4,digit,DIGIT1_OFF,146,2026-08-10 14:21:31.954443,316.374555,0.000000,,4,,,,keyboard,digit#1 off,"{""value"":4,""note"":""digit#1 off"",""pd_used"":0}",2,0.016667,60.000000,1
Sergio_G01_CNS-LLF5RV3D8,cpeeg02,ses04,20260810_141523,2026-08-10 14:16:15.537958,NaN,4,digit,POSTDIG_FIX1_ON,151,2026-08-10 14:21:31.955247,316.374555,1.723977,,,,,,keyboard,after digit#1,"{""note"":""after digit#1""}",2,0.016667,60.000000,1
Sergio_G01_CNS-LLF5RV3D8,cpeeg02,ses04,20260810_141523,2026-08-10 14:16:15.537958,NaN,4,digit,POSTDIG_FIX1_OFF,156,2026-08-10 14:21:33.678575,318.098532,0.044240,,,,,,keyboard,after digit#1,"{""note"":""after digit#1"",""pd_used"":0}",2,0.016667,60.000000,1
Sergio_G01_CNS-LLF5RV3D8,cpeeg02,ses04,20260810_141523,2026-08-10 14:16:15.537958,NaN,4,digit,DIGIT2_ON,142,2026-08-10 14:21:33.730230,318.142772,0.552048,,6,,,,keyboard,digit#2 shown,"{""value"":6,""note"":""digit#2 shown"",""pd_used"":1}",2,0.016667,60.000000,1
Sergio_G01_CNS-LLF5RV3D8,cpeeg02,ses04,20260810_141523,2026-08-10 14:16:15.537958,NaN,4,digit,DIGIT2_OFF,147,2026-08-10 14:21:34.274870,318.694820,0.000000,,6,,,,keyboard,digit#2 off,"{""value"":6,""note"":""digit#2 off"",""pd_used"":0}",2,0.016667,60.000000,1
Sergio_G01_CNS-LLF5RV3D8,cpeeg02,ses04,20260810_141523,2026-08-10 14:16:15.537958,NaN,4,digit,POSTDIG_FIX2_ON,152,2026-08-10 14:21:34.275751,318.694820,1.859428,,,,,,keyboard,after digit#2,"{""note"":""after digit#2""}",2,0.016667,60.000000,1
Sergio_G01_CNS-LLF5RV3D8,cpeeg02,ses04,20260810_141523,2026-08-10 14:16:15.537958,NaN,4,digit,POSTDIG_FIX2_OFF,157,2026-08-10 14:21:36.134184,320.554248,0.044231,,,,,,keyboard,after digit#2,"{""note"":""after digit#2"",""pd_used"":0}",2,0.016667,60.000000,1
Sergio_G01_CNS-LLF5RV3D8,cpeeg02,ses04,20260810_141523,2026-08-10 14:16:15.537958,NaN,4,digit,DIGIT3_ON,143,2026-08-10 14:21:36.185539,320.598479,0.551324,,4,,,,keyboard,digit#3 shown,"{""value"":4,""note"":""digit#3 shown"",""pd_used"":1}",2,0.016667,60.000000,1
Sergio_G01_CNS-LLF5RV3D8,cpeeg02,ses04,20260810_141523,2026-08-10 14:16:15.537958,NaN,4,digit,DIGIT3_OFF,148,2026-08-10 14:21:36.729637,321.149803,0.000000,,4,,,,keyboard,digit#3 off,"{""value"":4,""note"":""digit#3 off"",""pd_used"":0}",2,0.016667,60.000000,1
Sergio_G01_CNS-LLF5RV3D8,cpeeg02,ses04,20260810_141523,2026-08-10 14:16:15.537958,NaN,4,digit,POSTDIG_FIX3_ON,153,2026-08-10 14:21:36.730445,321.149803,1.947532,,,,,,keyboard,after digit#3,"{""note"":""after digit#3""}",2,0.016667,60.000000,1
Sergio_G01_CNS-LLF5RV3D8,cpeeg02,ses04,20260810_141523,2026-08-10 14:16:15.537958,NaN,4,digit,POSTDIG_FIX3_OFF,158,2026-08-10 14:21:38.677280,323.097335,0.044292,,,,,,keyboard,after digit#3,"{""note"":""after digit#3"",""pd_used"":0}",2,0.016667,60.000000,1
Sergio_G01_CNS-LLF5RV3D8,cpeeg02,ses04,20260810_141523,2026-08-10 14:16:15.537958,NaN,4,digit,DIGIT4_ON,144,2026-08-10 14:21:38.728681,323.141627,0.551201,,8,,,,keyboard,digit#4 shown,"{""value"":8,""note"":""digit#4 shown"",""pd_used"":1}",2,0.016667,60.000000,1
Sergio_G01_CNS-LLF5RV3D8,cpeeg02,ses04,20260810_141523,2026-08-10 14:16:15.537958,NaN,4,digit,DIGIT4_OFF,149,2026-08-10 14:21:39.272873,323.692828,0.000000,,8,,,,keyboard,digit#4 off,"{""value"":8,""note"":""digit#4 off"",""pd_used"":0}",2,0.016667,60.000000,1
Sergio_G01_CNS-LLF5RV3D8,cpeeg02,ses04,20260810_141523,2026-08-10 14:16:15.537958,NaN,4,digit,POSTDIG_FIX4_ON,154,2026-08-10 14:21:39.273659,323.692828,1.886405,,,,,,keyboard,after digit#4,"{""note"":""after digit#4""}",2,0.016667,60.000000,1
Sergio_G01_CNS-LLF5RV3D8,cpeeg02,ses04,20260810_141523,2026-08-10 14:16:15.537958,NaN,4,digit,POSTDIG_FIX4_OFF,159,2026-08-10 14:21:41.159152,325.579233,0.044144,,,,,,keyboard,after digit#4,"{""note"":""after digit#4"",""pd_used"":0}",2,0.016667,60.000000,1
Sergio_G01_CNS-LLF5RV3D8,cpeeg02,ses04,20260810_141523,2026-08-10 14:16:15.537958,NaN,4,digit,DIGIT5_ON,145,2026-08-10 14:21:41.210376,325.623377,0.551454,,6,,,,keyboard,digit#5 shown,"{""value"":6,""note"":""digit#5 shown"",""pd_used"":1}",2,0.016667,60.000000,1
Sergio_G01_CNS-LLF5RV3D8,cpeeg02,ses04,20260810_141523,2026-08-10 14:16:15.537958,NaN,4,digit,DIGIT5_OFF,150,2026-08-10 14:21:41.755027,326.174831,0.000000,,6,,,,keyboard,digit#5 off,"{""value"":6,""note"":""digit#5 off"",""pd_used"":0}",2,0.016667,60.000000,1
Sergio_G01_CNS-LLF5RV3D8,cpeeg02,ses04,20260810_141523,2026-08-10 14:16:15.537958,NaN,4,digit,POSTDIG_FIX5_ON,155,2026-08-10 14:21:41.755862,326.174831,3.234512,,,,,,keyboard,after digit#5,"{""note"":""after digit#5""}",2,0.016667,60.000000,1
Sergio_G01_CNS-LLF5RV3D8,cpeeg02,ses04,20260810_141523,2026-08-10 14:16:15.537958,NaN,4,digit,POSTDIG_FIX5_OFF,160,2026-08-10 14:21:44.989192,329.409343,0.047304,,,,,,keyboard,after digit#5,"{""note"":""after digit#5"",""pd_used"":0}",2,0.016667,60.000000,1
Sergio_G01_CNS-LLF5RV3D8,cpeeg02,ses04,20260810_141523,2026-08-10 14:16:15.537958,NaN,4,distractor,DISTRACTOR_ON,50,2026-08-10 14:21:45.040487,329.456647,5.033331,,6+3=9,,,,keyboard,,"{""value"":""6+3=9"",""isCorrectTruth"":true,""trueSum"":9,""pd_used"":1}",2,0.016667,60.000000,1
Sergio_G01_CNS-LLF5RV3D8,cpeeg02,ses04,20260810_141523,2026-08-10 14:16:15.537958,NaN,4,distractor,DISTRACTOR_ANS,51,2026-08-10 14:21:50.464521,334.489978,0.000000,5.033331,6+3=9,F,0,,keyboard,key= (False),"{""value"":""6+3=9"",""entered"":""F"",""rt"":5.033330800011754,""correct"":0,""note"":""key= (False)"",""truth"":true,""trueSum"":9,""shownSum"":9,""a"":6,""b"":3}",2,0.016667,60.000000,1
Sergio_G01_CNS-LLF5RV3D8,cpeeg02,ses04,20260810_141523,2026-08-10 14:16:15.537958,NaN,4,distractor,ANS_WRONG,200,2026-08-10 14:21:50.507898,334.489978,0.482578,,,,,,keyboard,,{},2,0.016667,60.000000,1
Sergio_G01_CNS-LLF5RV3D8,cpeeg02,ses04,20260810_141523,2026-08-10 14:16:15.537958,NaN,4,distractor,DISTRACTOR_OFF,52,2026-08-10 14:21:50.558960,334.972556,0.000000,,,,,,keyboard,,"{""pd_used"":0}",2,0.016667,60.000000,1
Sergio_G01_CNS-LLF5RV3D8,cpeeg02,ses04,20260810_141523,2026-08-10 14:16:15.537958,NaN,4,distractor,FIX2_ON,60,2026-08-10 14:21:50.560168,334.972556,3.061835,,,,,,keyboard,immediate after response,"{""note"":""immediate after response""}",2,0.016667,60.000000,1
Sergio_G01_CNS-LLF5RV3D8,cpeeg02,ses04,20260810_141523,2026-08-10 14:16:15.537958,NaN,4,fix2,FIX2_OFF,61,2026-08-10 14:21:53.614226,338.034391,0.045040,,,,,,keyboard,,"{""pd_used"":0}",2,0.016667,60.000000,1
Sergio_G01_CNS-LLF5RV3D8,cpeeg02,ses04,20260810_141523,2026-08-10 14:16:15.537958,NaN,4,probe,DIGIT_RECALL_LINE_1,161,2026-08-10 14:21:53.665673,338.079431,2.270126,,1,,,,keyboard,first recall question,"{""value"":1,""note"":""first recall question"",""pd_used"":1}",2,0.016667,60.000000,1
Sergio_G01_CNS-LLF5RV3D8,cpeeg02,ses04,20260810_141523,2026-08-10 14:16:15.537958,NaN,4,probe,PROBE_DIGIT_OK_1,71,2026-08-10 14:21:56.462384,340.349557,0.681406,2.272166,slot#1,NaN,,,keyboard,probe_digit#1,"{""value"":""slot#1"",""entered"":null,""rt"":2.2721662000985816,""note"":""probe_digit#1""}",2,0.016667,60.000000,1
Sergio_G01_CNS-LLF5RV3D8,cpeeg02,ses04,20260810_141523,2026-08-10 14:16:15.537958,NaN,4,probe,DIGIT1_OFF,146,2026-08-10 14:21:56.610728,341.030963,0.000000,,6,,,,keyboard,digit#1 off,"{""value"":6,""note"":""digit#1 off"",""pd_used"":0}",2,0.016667,60.000000,1
Sergio_G01_CNS-LLF5RV3D8,cpeeg02,ses04,20260810_141523,2026-08-10 14:16:15.537958,NaN,4,probe,POSTDIG_FIX1_ON,151,2026-08-10 14:21:56.611527,341.030963,1.892678,,,,,,keyboard,after digit#1,"{""note"":""after digit#1""}",2,0.016667,60.000000,1
Sergio_G01_CNS-LLF5RV3D8,cpeeg02,ses04,20260810_141523,2026-08-10 14:16:15.537958,NaN,4,probe,POSTDIG_FIX1_OFF,156,2026-08-10 14:21:58.503527,342.923641,0.046325,,,,,,keyboard,after digit#1,"{""note"":""after digit#1"",""pd_used"":0}",2,0.016667,60.000000,1
Sergio_G01_CNS-LLF5RV3D8,cpeeg02,ses04,20260810_141523,2026-08-10 14:16:15.537958,NaN,4,probe,DIGIT_RECALL_LINE_2,162,2026-08-10 14:21:58.554964,342.969965,0.970648,,2,,,,keyboard,next recall question,"{""value"":2,""note"":""next recall question"",""pd_used"":1}",2,0.016667,60.000000,1
Sergio_G01_CNS-LLF5RV3D8,cpeeg02,ses04,20260810_141523,2026-08-10 14:16:15.537958,NaN,4,probe,PROBE_DIGIT_OK_2,71,2026-08-10 14:21:59.911442,343.940614,0.529437,5.863223,slot#2,NaN,,,keyboard,probe_digit#2,"{""value"":""slot#2"",""entered"":null,""rt"":5.8632228000788018,""note"":""probe_digit#2""}",2,0.016667,60.000000,1
Sergio_G01_CNS-LLF5RV3D8,cpeeg02,ses04,20260810_141523,2026-08-10 14:16:15.537958,NaN,4,probe,DIGIT2_OFF,147,2026-08-10 14:22:00.049987,344.470051,0.000000,,6,,,,keyboard,digit#2 off,"{""value"":6,""note"":""digit#2 off"",""pd_used"":0}",2,0.016667,60.000000,1
Sergio_G01_CNS-LLF5RV3D8,cpeeg02,ses04,20260810_141523,2026-08-10 14:16:15.537958,NaN,4,probe,POSTDIG_FIX2_ON,152,2026-08-10 14:22:00.050858,344.470051,2.042603,,,,,,keyboard,after digit#2,"{""note"":""after digit#2""}",2,0.016667,60.000000,1
Sergio_G01_CNS-LLF5RV3D8,cpeeg02,ses04,20260810_141523,2026-08-10 14:16:15.537958,NaN,4,probe,POSTDIG_FIX2_OFF,157,2026-08-10 14:22:02.092565,346.512654,0.046680,,,,,,keyboard,after digit#2,"{""note"":""after digit#2"",""pd_used"":0}",2,0.016667,60.000000,1
Sergio_G01_CNS-LLF5RV3D8,cpeeg02,ses04,20260810_141523,2026-08-10 14:16:15.537958,NaN,4,probe,DIGIT_RECALL_LINE_3,163,2026-08-10 14:22:02.144145,346.559334,5.976048,,3,,,,keyboard,next recall question,"{""value"":3,""note"":""next recall question"",""pd_used"":1}",2,0.016667,60.000000,1
Sergio_G01_CNS-LLF5RV3D8,cpeeg02,ses04,20260810_141523,2026-08-10 14:16:15.537958,NaN,4,probe,PROBE_DIGIT_OK_3,71,2026-08-10 14:22:08.510979,352.535381,0.538525,14.457991,slot#3,NaN,,,keyboard,probe_digit#3,"{""value"":""slot#3"",""entered"":null,""rt"":14.457990700029768,""note"":""probe_digit#3""}",2,0.016667,60.000000,1
Sergio_G01_CNS-LLF5RV3D8,cpeeg02,ses04,20260810_141523,2026-08-10 14:16:15.537958,NaN,4,probe,DIGIT3_OFF,148,2026-08-10 14:22:08.653771,353.073907,0.000000,,6,,,,keyboard,digit#3 off,"{""value"":6,""note"":""digit#3 off"",""pd_used"":0}",2,0.016667,60.000000,1
Sergio_G01_CNS-LLF5RV3D8,cpeeg02,ses04,20260810_141523,2026-08-10 14:16:15.537958,NaN,4,probe,POSTDIG_FIX3_ON,153,2026-08-10 14:22:08.654564,353.073907,1.690181,,,,,,keyboard,after digit#3,"{""note"":""after digit#3""}",2,0.016667,60.000000,1
Sergio_G01_CNS-LLF5RV3D8,cpeeg02,ses04,20260810_141523,2026-08-10 14:16:15.537958,NaN,4,probe,POSTDIG_FIX3_OFF,158,2026-08-10 14:22:10.344075,354.764087,0.046394,,,,,,keyboard,after digit#3,"{""note"":""after digit#3"",""pd_used"":0}",2,0.016667,60.000000,1
Sergio_G01_CNS-LLF5RV3D8,cpeeg02,ses04,20260810_141523,2026-08-10 14:16:15.537958,NaN,4,probe,DIGIT_RECALL_LINE_4,164,2026-08-10 14:22:10.395464,354.810482,5.571038,,4,,,,keyboard,next recall question,"{""value"":4,""note"":""next recall question"",""pd_used"":1}",2,0.016667,60.000000,1
Sergio_G01_CNS-LLF5RV3D8,cpeeg02,ses04,20260810_141523,2026-08-10 14:16:15.537958,NaN,4,probe,PROBE_DIGIT_OK_4,71,2026-08-10 14:22:16.412472,360.381520,0.599006,22.304129,slot#4,NaN,,,keyboard,probe_digit#4,"{""value"":""slot#4"",""entered"":null,""rt"":22.304129300056957,""note"":""probe_digit#4""}",2,0.016667,60.000000,1
Sergio_G01_CNS-LLF5RV3D8,cpeeg02,ses04,20260810_141523,2026-08-10 14:16:15.537958,NaN,4,probe,DIGIT4_OFF,149,2026-08-10 14:22:16.560498,360.980526,0.000000,,6,,,,keyboard,digit#4 off,"{""value"":6,""note"":""digit#4 off"",""pd_used"":0}",2,0.016667,60.000000,1
Sergio_G01_CNS-LLF5RV3D8,cpeeg02,ses04,20260810_141523,2026-08-10 14:16:15.537958,NaN,4,probe,POSTDIG_FIX4_ON,154,2026-08-10 14:22:16.561296,360.980526,1.957498,,,,,,keyboard,after digit#4,"{""note"":""after digit#4""}",2,0.016667,60.000000,1
Sergio_G01_CNS-LLF5RV3D8,cpeeg02,ses04,20260810_141523,2026-08-10 14:16:15.537958,NaN,4,probe,POSTDIG_FIX4_OFF,159,2026-08-10 14:22:18.517876,362.938024,0.046140,,,,,,keyboard,after digit#4,"{""note"":""after digit#4"",""pd_used"":0}",2,0.016667,60.000000,1
Sergio_G01_CNS-LLF5RV3D8,cpeeg02,ses04,20260810_141523,2026-08-10 14:16:15.537958,NaN,4,probe,DIGIT_RECALL_LINE_5,165,2026-08-10 14:22:18.569245,362.984164,1.980523,,5,,,,keyboard,next recall question,"{""value"":5,""note"":""next recall question"",""pd_used"":1}",2,0.016667,60.000000,1
Sergio_G01_CNS-LLF5RV3D8,cpeeg02,ses04,20260810_141523,2026-08-10 14:16:15.537958,NaN,4,probe,PROBE_DIGIT_OK_5,71,2026-08-10 14:22:21.043545,364.964687,0.636313,26.887296,slot#5,NaN,,,keyboard,probe_digit#5,"{""value"":""slot#5"",""entered"":null,""rt"":26.88729590002913,""note"":""probe_digit#5""}",2,0.016667,60.000000,1
Sergio_G01_CNS-LLF5RV3D8,cpeeg02,ses04,20260810_141523,2026-08-10 14:16:15.537958,NaN,4,probe,DIGIT5_OFF,150,2026-08-10 14:22:21.180798,365.601000,0.000000,,6,,,,keyboard,digit#5 off,"{""value"":6,""note"":""digit#5 off"",""pd_used"":0}",2,0.016667,60.000000,1
Sergio_G01_CNS-LLF5RV3D8,cpeeg02,ses04,20260810_141523,2026-08-10 14:16:15.537958,NaN,4,probe,POSTDIG_FIX5_ON,155,2026-08-10 14:22:21.181600,365.601000,3.432300,,,,,,keyboard,after digit#5,"{""note"":""after digit#5""}",2,0.016667,60.000000,1
Sergio_G01_CNS-LLF5RV3D8,cpeeg02,ses04,20260810_141523,2026-08-10 14:16:15.537958,NaN,4,probe,POSTDIG_FIX5_OFF,160,2026-08-10 14:22:24.613311,369.033300,0.044288,,,,,,keyboard,after digit#5,"{""note"":""after digit#5"",""pd_used"":0}",2,0.016667,60.000000,1
Sergio_G01_CNS-LLF5RV3D8,cpeeg02,ses04,20260810_141523,2026-08-10 14:16:15.537958,NaN,4,probe,PROBE_DONE,73,2026-08-10 14:22:24.615745,369.077588,0.001046,,,,,,keyboard,probe complete,"{""value"":"""",""note"":""probe complete""}",2,0.016667,60.000000,1
Sergio_G01_CNS-LLF5RV3D8,cpeeg02,ses04,20260810_141523,2026-08-10 14:16:15.537958,NaN,4,probe,TRIAL_END,21,2026-08-10 14:22:24.616814,369.078634,0.101709,,,,,,keyboard,,{},2,0.016667,60.000000,1
Sergio_G01_CNS-LLF5RV3D8,cpeeg02,ses04,20260810_141523,2026-08-10 14:16:15.537958,NaN,5,probe,TRIAL_CHANGE,22,2026-08-10 14:22:24.718440,369.180343,0.001115,,,,,,keyboard,trial transition,"{""note"":""trial transition""}",2,0.016667,60.000000,1
Sergio_G01_CNS-LLF5RV3D8,cpeeg02,ses04,20260810_141523,2026-08-10 14:16:15.537958,NaN,5,probe,TRIAL_START,20,2026-08-10 14:22:24.719576,369.181458,0.043328,,,,,,keyboard,,{},2,0.016667,60.000000,1
Sergio_G01_CNS-LLF5RV3D8,cpeeg02,ses04,20260810_141523,2026-08-10 14:16:15.537958,NaN,5,fix1,FIX1_ON,30,2026-08-10 14:22:24.813690,369.224787,3.342856,,,,,,keyboard,,"{""pd_used"":0}",2,0.016667,60.000000,1
Sergio_G01_CNS-LLF5RV3D8,cpeeg02,ses04,20260810_141523,2026-08-10 14:16:15.537958,NaN,5,fix1,FIX1_OFF,31,2026-08-10 14:22:28.147468,372.567643,0.044076,,,,,,keyboard,,"{""pd_used"":0}",2,0.016667,60.000000,1
Sergio_G01_CNS-LLF5RV3D8,cpeeg02,ses04,20260810_141523,2026-08-10 14:16:15.537958,NaN,5,digit,DIGIT1_ON,141,2026-08-10 14:22:28.199131,372.611718,0.551777,,1,,,,keyboard,digit#1 shown,"{""value"":1,""note"":""digit#1 shown"",""pd_used"":1}",2,0.016667,60.000000,1
Sergio_G01_CNS-LLF5RV3D8,cpeeg02,ses04,20260810_141523,2026-08-10 14:16:15.537958,NaN,5,digit,DIGIT1_OFF,146,2026-08-10 14:22:28.743548,373.163495,0.000000,,1,,,,keyboard,digit#1 off,"{""value"":1,""note"":""digit#1 off"",""pd_used"":0}",2,0.016667,60.000000,1
Sergio_G01_CNS-LLF5RV3D8,cpeeg02,ses04,20260810_141523,2026-08-10 14:16:15.537958,NaN,5,digit,POSTDIG_FIX1_ON,151,2026-08-10 14:22:28.744366,373.163495,1.985142,,,,,,keyboard,after digit#1,"{""note"":""after digit#1""}",2,0.016667,60.000000,1
Sergio_G01_CNS-LLF5RV3D8,cpeeg02,ses04,20260810_141523,2026-08-10 14:16:15.537958,NaN,5,digit,POSTDIG_FIX1_OFF,156,2026-08-10 14:22:30.728568,375.148637,0.044236,,,,,,keyboard,after digit#1,"{""note"":""after digit#1"",""pd_used"":0}",2,0.016667,60.000000,1
Sergio_G01_CNS-LLF5RV3D8,cpeeg02,ses04,20260810_141523,2026-08-10 14:16:15.537958,NaN,5,digit,DIGIT2_ON,142,2026-08-10 14:22:30.780032,375.192872,0.551402,,5,,,,keyboard,digit#2 shown,"{""value"":5,""note"":""digit#2 shown"",""pd_used"":1}",2,0.016667,60.000000,1
Sergio_G01_CNS-LLF5RV3D8,cpeeg02,ses04,20260810_141523,2026-08-10 14:16:15.537958,NaN,5,digit,DIGIT2_OFF,147,2026-08-10 14:22:31.324219,375.744274,0.000000,,5,,,,keyboard,digit#2 off,"{""value"":5,""note"":""digit#2 off"",""pd_used"":0}",2,0.016667,60.000000,1
Sergio_G01_CNS-LLF5RV3D8,cpeeg02,ses04,20260810_141523,2026-08-10 14:16:15.537958,NaN,5,digit,POSTDIG_FIX2_ON,152,2026-08-10 14:22:31.325002,375.744274,2.000515,,,,,,keyboard,after digit#2,"{""note"":""after digit#2""}",2,0.016667,60.000000,1
Sergio_G01_CNS-LLF5RV3D8,cpeeg02,ses04,20260810_141523,2026-08-10 14:16:15.537958,NaN,5,digit,POSTDIG_FIX2_OFF,157,2026-08-10 14:22:33.324645,377.744790,0.043928,,,,,,keyboard,after digit#2,"{""note"":""after digit#2"",""pd_used"":0}",2,0.016667,60.000000,1
Sergio_G01_CNS-LLF5RV3D8,cpeeg02,ses04,20260810_141523,2026-08-10 14:16:15.537958,NaN,5,digit,DIGIT3_ON,143,2026-08-10 14:22:33.376204,377.788718,0.551703,,1,,,,keyboard,digit#3 shown,"{""value"":1,""note"":""digit#3 shown"",""pd_used"":1}",2,0.016667,60.000000,1
Sergio_G01_CNS-LLF5RV3D8,cpeeg02,ses04,20260810_141523,2026-08-10 14:16:15.537958,NaN,5,digit,DIGIT3_OFF,148,2026-08-10 14:22:33.920163,378.340421,0.000000,,1,,,,keyboard,digit#3 off,"{""value"":1,""note"":""digit#3 off"",""pd_used"":0}",2,0.016667,60.000000,1
Sergio_G01_CNS-LLF5RV3D8,cpeeg02,ses04,20260810_141523,2026-08-10 14:16:15.537958,NaN,5,digit,POSTDIG_FIX3_ON,153,2026-08-10 14:22:33.920987,378.340421,1.937906,,,,,,keyboard,after digit#3,"{""note"":""after digit#3""}",2,0.016667,60.000000,1
Sergio_G01_CNS-LLF5RV3D8,cpeeg02,ses04,20260810_141523,2026-08-10 14:16:15.537958,NaN,5,digit,POSTDIG_FIX3_OFF,158,2026-08-10 14:22:35.858315,380.278327,0.044086,,,,,,keyboard,after digit#3,"{""note"":""after digit#3"",""pd_used"":0}",2,0.016667,60.000000,1
Sergio_G01_CNS-LLF5RV3D8,cpeeg02,ses04,20260810_141523,2026-08-10 14:16:15.537958,NaN,5,digit,DIGIT4_ON,144,2026-08-10 14:22:35.909512,380.322412,0.551392,,0,,,,keyboard,digit#4 shown,"{""value"":0,""note"":""digit#4 shown"",""pd_used"":1}",2,0.016667,60.000000,1
Sergio_G01_CNS-LLF5RV3D8,cpeeg02,ses04,20260810_141523,2026-08-10 14:16:15.537958,NaN,5,digit,DIGIT4_OFF,149,2026-08-10 14:22:36.453799,380.873804,0.000000,,0,,,,keyboard,digit#4 off,"{""value"":0,""note"":""digit#4 off"",""pd_used"":0}",2,0.016667,60.000000,1
Sergio_G01_CNS-LLF5RV3D8,cpeeg02,ses04,20260810_141523,2026-08-10 14:16:15.537958,NaN,5,digit,POSTDIG_FIX4_ON,154,2026-08-10 14:22:36.454696,380.873804,1.654994,,,,,,keyboard,after digit#4,"{""note"":""after digit#4""}",2,0.016667,60.000000,1
Sergio_G01_CNS-LLF5RV3D8,cpeeg02,ses04,20260810_141523,2026-08-10 14:16:15.537958,NaN,5,digit,POSTDIG_FIX4_OFF,159,2026-08-10 14:22:38.108706,382.528798,0.044800,,,,,,keyboard,after digit#4,"{""note"":""after digit#4"",""pd_used"":0}",2,0.016667,60.000000,1
Sergio_G01_CNS-LLF5RV3D8,cpeeg02,ses04,20260810_141523,2026-08-10 14:16:15.537958,NaN,5,digit,DIGIT5_ON,145,2026-08-10 14:22:38.160314,382.573598,0.550878,,1,,,,keyboard,digit#5 shown,"{""value"":1,""note"":""digit#5 shown"",""pd_used"":1}",2,0.016667,60.000000,1
Sergio_G01_CNS-LLF5RV3D8,cpeeg02,ses04,20260810_141523,2026-08-10 14:16:15.537958,NaN,5,digit,DIGIT5_OFF,150,2026-08-10 14:22:38.704347,383.124476,0.000000,,1,,,,keyboard,digit#5 off,"{""value"":1,""note"":""digit#5 off"",""pd_used"":0}",2,0.016667,60.000000,1
Sergio_G01_CNS-LLF5RV3D8,cpeeg02,ses04,20260810_141523,2026-08-10 14:16:15.537958,NaN,5,digit,POSTDIG_FIX5_ON,155,2026-08-10 14:22:38.705146,383.124476,3.197446,,,,,,keyboard,after digit#5,"{""note"":""after digit#5""}",2,0.016667,60.000000,1
Sergio_G01_CNS-LLF5RV3D8,cpeeg02,ses04,20260810_141523,2026-08-10 14:16:15.537958,NaN,5,digit,POSTDIG_FIX5_OFF,160,2026-08-10 14:22:41.901978,386.321922,0.044354,,,,,,keyboard,after digit#5,"{""note"":""after digit#5"",""pd_used"":0}",2,0.016667,60.000000,1
Sergio_G01_CNS-LLF5RV3D8,cpeeg02,ses04,20260810_141523,2026-08-10 14:16:15.537958,NaN,5,distractor,DISTRACTOR_ON,50,2026-08-10 14:22:41.953461,386.366276,9.861985,,3+5=8,,,,keyboard,,"{""value"":""3+5=8"",""isCorrectTruth"":true,""trueSum"":8,""pd_used"":1}",2,0.016667,60.000000,1
Sergio_G01_CNS-LLF5RV3D8,cpeeg02,ses04,20260810_141523,2026-08-10 14:16:15.537958,NaN,5,distractor,DISTRACTOR_ANS,51,2026-08-10 14:22:52.322396,396.228261,0.000000,9.861985,3+5=8,F,0,,keyboard,key= (False),"{""value"":""3+5=8"",""entered"":""F"",""rt"":9.86198519996833,""correct"":0,""note"":""key= (False)"",""truth"":true,""trueSum"":8,""shownSum"":8,""a"":3,""b"":5}",2,0.016667,60.000000,1
Sergio_G01_CNS-LLF5RV3D8,cpeeg02,ses04,20260810_141523,2026-08-10 14:16:15.537958,NaN,5,distractor,ANS_WRONG,200,2026-08-10 14:22:52.364913,396.228261,0.600821,,,,,,keyboard,,{},2,0.016667,60.000000,1
Sergio_G01_CNS-LLF5RV3D8,cpeeg02,ses04,20260810_141523,2026-08-10 14:16:15.537958,NaN,5,distractor,DISTRACTOR_OFF,52,2026-08-10 14:22:52.416358,396.829082,0.000000,,,,,,keyboard,,"{""pd_used"":0}",2,0.016667,60.000000,1
Sergio_G01_CNS-LLF5RV3D8,cpeeg02,ses04,20260810_141523,2026-08-10 14:16:15.537958,NaN,5,distractor,FIX2_ON,60,2026-08-10 14:22:52.417098,396.829082,3.186991,,,,,,keyboard,immediate after response,"{""note"":""immediate after response""}",2,0.016667,60.000000,1
Sergio_G01_CNS-LLF5RV3D8,cpeeg02,ses04,20260810_141523,2026-08-10 14:16:15.537958,NaN,5,fix2,FIX2_OFF,61,2026-08-10 14:22:55.595991,400.016072,0.044337,,,,,,keyboard,,"{""pd_used"":0}",2,0.016667,60.000000,1
Sergio_G01_CNS-LLF5RV3D8,cpeeg02,ses04,20260810_141523,2026-08-10 14:16:15.537958,NaN,5,probe,DIGIT_RECALL_LINE_1,161,2026-08-10 14:22:55.647245,400.060409,6.055615,,1,,,,keyboard,first recall question,"{""value"":1,""note"":""first recall question"",""pd_used"":1}",2,0.016667,60.000000,1
Sergio_G01_CNS-LLF5RV3D8,cpeeg02,ses04,20260810_141523,2026-08-10 14:16:15.537958,NaN,5,probe,PROBE_DIGIT_OK_1,71,2026-08-10 14:23:02.222225,406.116025,0.671543,6.057089,slot#1,NaN,,,keyboard,probe_digit#1,"{""value"":""slot#1"",""entered"":null,""rt"":6.0570886000059545,""note"":""probe_digit#1""}",2,0.016667,60.000000,1
Sergio_G01_CNS-LLF5RV3D8,cpeeg02,ses04,20260810_141523,2026-08-10 14:16:15.537958,NaN,5,probe,DIGIT1_OFF,146,2026-08-10 14:23:02.367260,406.787568,0.000000,,1,,,,keyboard,digit#1 off,"{""value"":1,""note"":""digit#1 off"",""pd_used"":0}",2,0.016667,60.000000,1
Sergio_G01_CNS-LLF5RV3D8,cpeeg02,ses04,20260810_141523,2026-08-10 14:16:15.537958,NaN,5,probe,POSTDIG_FIX1_ON,151,2026-08-10 14:23:02.368079,406.787568,1.616982,,,,,,keyboard,after digit#1,"{""note"":""after digit#1""}",2,0.016667,60.000000,1
Sergio_G01_CNS-LLF5RV3D8,cpeeg02,ses04,20260810_141523,2026-08-10 14:16:15.537958,NaN,5,probe,POSTDIG_FIX1_OFF,156,2026-08-10 14:23:03.984497,408.404550,0.046272,,,,,,keyboard,after digit#1,"{""note"":""after digit#1"",""pd_used"":0}",2,0.016667,60.000000,1
Sergio_G01_CNS-LLF5RV3D8,cpeeg02,ses04,20260810_141523,2026-08-10 14:16:15.537958,NaN,5,probe,DIGIT_RECALL_LINE_2,162,2026-08-10 14:23:04.035994,408.450822,2.156348,,2,,,,keyboard,next recall question,"{""value"":2,""note"":""next recall question"",""pd_used"":1}",2,0.016667,60.000000,1
Sergio_G01_CNS-LLF5RV3D8,cpeeg02,ses04,20260810_141523,2026-08-10 14:16:15.537958,NaN,5,probe,PROBE_DIGIT_OK_2,71,2026-08-10 14:23:06.711576,410.607170,0.670160,10.548234,slot#2,NaN,,,keyboard,probe_digit#2,"{""value"":""slot#2"",""entered"":null,""rt"":10.548233800102025,""note"":""probe_digit#2""}",2,0.016667,60.000000,1
Sergio_G01_CNS-LLF5RV3D8,cpeeg02,ses04,20260810_141523,2026-08-10 14:16:15.537958,NaN,5,probe,DIGIT2_OFF,147,2026-08-10 14:23:06.857070,411.277330,0.000000,,1,,,,keyboard,digit#2 off,"{""value"":1,""note"":""digit#2 off"",""pd_used"":0}",2,0.016667,60.000000,1
Sergio_G01_CNS-LLF5RV3D8,cpeeg02,ses04,20260810_141523,2026-08-10 14:16:15.537958,NaN,5,probe,POSTDIG_FIX2_ON,152,2026-08-10 14:23:06.857869,411.277330,1.748742,,,,,,keyboard,after digit#2,"{""note"":""after digit#2""}",2,0.016667,60.000000,1
Sergio_G01_CNS-LLF5RV3D8,cpeeg02,ses04,20260810_141523,2026-08-10 14:16:15.537958,NaN,5,probe,POSTDIG_FIX2_OFF,157,2026-08-10 14:23:08.606045,413.026072,0.046316,,,,,,keyboard,after digit#2,"{""note"":""after digit#2"",""pd_used"":0}",2,0.016667,60.000000,1
Sergio_G01_CNS-LLF5RV3D8,cpeeg02,ses04,20260810_141523,2026-08-10 14:16:15.537958,NaN,5,probe,DIGIT_RECALL_LINE_3,163,2026-08-10 14:23:08.657417,413.072389,1.078836,,3,,,,keyboard,next recall question,"{""value"":3,""note"":""next recall question"",""pd_used"":1}",2,0.016667,60.000000,1
Sergio_G01_CNS-LLF5RV3D8,cpeeg02,ses04,20260810_141523,2026-08-10 14:16:15.537958,NaN,5,probe,PROBE_DIGIT_OK_3,71,2026-08-10 14:23:10.244306,414.151225,0.659761,14.092289,slot#3,NaN,,,keyboard,probe_digit#3,"{""value"":""slot#3"",""entered"":null,""rt"":14.09228930005338,""note"":""probe_digit#3""}",2,0.016667,60.000000,1
Sergio_G01_CNS-LLF5RV3D8,cpeeg02,ses04,20260810_141523,2026-08-10 14:16:15.537958,NaN,5,probe,DIGIT3_OFF,148,2026-08-10 14:23:10.390956,414.810986,0.000000,,1,,,,keyboard,digit#3 off,"{""value"":1,""note"":""digit#3 off"",""pd_used"":0}",2,0.016667,60.000000,1
Sergio_G01_CNS-LLF5RV3D8,cpeeg02,ses04,20260810_141523,2026-08-10 14:16:15.537958,NaN,5,probe,POSTDIG_FIX3_ON,153,2026-08-10 14:23:10.391825,414.810986,1.998123,,,,,,keyboard,after digit#3,"{""note"":""after digit#3""}",2,0.016667,60.000000,1
Sergio_G01_CNS-LLF5RV3D8,cpeeg02,ses04,20260810_141523,2026-08-10 14:16:15.537958,NaN,5,probe,POSTDIG_FIX3_OFF,158,2026-08-10 14:23:12.389218,416.809109,0.046601,,,,,,keyboard,after digit#3,"{""note"":""after digit#3"",""pd_used"":0}",2,0.016667,60.000000,1
Sergio_G01_CNS-LLF5RV3D8,cpeeg02,ses04,20260810_141523,2026-08-10 14:16:15.537958,NaN,5,probe,DIGIT_RECALL_LINE_4,164,2026-08-10 14:23:12.440553,416.855710,5.007997,,4,,,,keyboard,next recall question,"{""value"":4,""note"":""next recall question"",""pd_used"":1}",2,0.016667,60.000000,1
Sergio_G01_CNS-LLF5RV3D8,cpeeg02,ses04,20260810_141523,2026-08-10 14:16:15.537958,NaN,5,probe,PROBE_DIGIT_OK_4,71,2026-08-10 14:23:18.032715,421.863707,0.749342,21.804771,slot#4,NaN,,,keyboard,probe_digit#4,"{""value"":""slot#4"",""entered"":null,""rt"":21.804771100054495,""note"":""probe_digit#4""}",2,0.016667,60.000000,1
Sergio_G01_CNS-LLF5RV3D8,cpeeg02,ses04,20260810_141523,2026-08-10 14:16:15.537958,NaN,5,probe,DIGIT4_OFF,149,2026-08-10 14:23:18.192865,422.613049,0.000000,,1,,,,keyboard,digit#4 off,"{""value"":1,""note"":""digit#4 off"",""pd_used"":0}",2,0.016667,60.000000,1
Sergio_G01_CNS-LLF5RV3D8,cpeeg02,ses04,20260810_141523,2026-08-10 14:16:15.537958,NaN,5,probe,POSTDIG_FIX4_ON,154,2026-08-10 14:23:18.193648,422.613049,1.567885,,,,,,keyboard,after digit#4,"{""note"":""after digit#4""}",2,0.016667,60.000000,1
Sergio_G01_CNS-LLF5RV3D8,cpeeg02,ses04,20260810_141523,2026-08-10 14:16:15.537958,NaN,5,probe,POSTDIG_FIX4_OFF,159,2026-08-10 14:23:19.760826,424.180934,0.046241,,,,,,keyboard,after digit#4,"{""note"":""after digit#4"",""pd_used"":0}",2,0.016667,60.000000,1
Sergio_G01_CNS-LLF5RV3D8,cpeeg02,ses04,20260810_141523,2026-08-10 14:16:15.537958,NaN,5,probe,DIGIT_RECALL_LINE_5,165,2026-08-10 14:23:19.812284,424.227176,2.684607,,5,,,,keyboard,next recall question,"{""value"":5,""note"":""next recall question"",""pd_used"":1}",2,0.016667,60.000000,1
Sergio_G01_CNS-LLF5RV3D8,cpeeg02,ses04,20260810_141523,2026-08-10 14:16:15.537958,NaN,5,probe,PROBE_DIGIT_OK_5,71,2026-08-10 14:23:22.781026,426.911782,0.438592,26.852846,slot#5,NaN,,,keyboard,probe_digit#5,"{""value"":""slot#5"",""entered"":null,""rt"":26.852846400113776,""note"":""probe_digit#5""}",2,0.016667,60.000000,1
Sergio_G01_CNS-LLF5RV3D8,cpeeg02,ses04,20260810_141523,2026-08-10 14:16:15.537958,NaN,5,probe,DIGIT5_OFF,150,2026-08-10 14:23:22.930263,427.350375,0.000000,,1,,,,keyboard,digit#5 off,"{""value"":1,""note"":""digit#5 off"",""pd_used"":0}",2,0.016667,60.000000,1
Sergio_G01_CNS-LLF5RV3D8,cpeeg02,ses04,20260810_141523,2026-08-10 14:16:15.537958,NaN,5,probe,POSTDIG_FIX5_ON,155,2026-08-10 14:23:22.931052,427.350375,3.117375,,,,,,keyboard,after digit#5,"{""note"":""after digit#5""}",2,0.016667,60.000000,1
Sergio_G01_CNS-LLF5RV3D8,cpeeg02,ses04,20260810_141523,2026-08-10 14:16:15.537958,NaN,5,probe,POSTDIG_FIX5_OFF,160,2026-08-10 14:23:26.047747,430.467750,0.043892,,,,,,keyboard,after digit#5,"{""note"":""after digit#5"",""pd_used"":0}",2,0.016667,60.000000,1
Sergio_G01_CNS-LLF5RV3D8,cpeeg02,ses04,20260810_141523,2026-08-10 14:16:15.537958,NaN,5,probe,PROBE_DONE,73,2026-08-10 14:23:26.049585,430.511642,0.000710,,,,,,keyboard,probe complete,"{""value"":"""",""note"":""probe complete""}",2,0.016667,60.000000,1
Sergio_G01_CNS-LLF5RV3D8,cpeeg02,ses04,20260810_141523,2026-08-10 14:16:15.537958,NaN,5,probe,TRIAL_END,21,2026-08-10 14:23:26.050168,430.512351,0.110573,,,,,,keyboard,,{},2,0.016667,60.000000,1
Sergio_G01_CNS-LLF5RV3D8,cpeeg02,ses04,20260810_141523,2026-08-10 14:16:15.537958,NaN,6,probe,TRIAL_CHANGE,22,2026-08-10 14:23:26.161023,430.622925,0.001157,,,,,,keyboard,trial transition,"{""note"":""trial transition""}",2,0.016667,60.000000,1
Sergio_G01_CNS-LLF5RV3D8,cpeeg02,ses04,20260810_141523,2026-08-10 14:16:15.537958,NaN,6,probe,TRIAL_START,20,2026-08-10 14:23:26.162197,430.624082,0.043672,,,,,,keyboard,,{},2,0.016667,60.000000,1
Sergio_G01_CNS-LLF5RV3D8,cpeeg02,ses04,20260810_141523,2026-08-10 14:16:15.537958,NaN,6,fix1,FIX1_ON,30,2026-08-10 14:23:26.256478,430.667754,3.327253,,,,,,keyboard,,"{""pd_used"":0}",2,0.016667,60.000000,1
Sergio_G01_CNS-LLF5RV3D8,cpeeg02,ses04,20260810_141523,2026-08-10 14:16:15.537958,NaN,6,fix1,FIX1_OFF,31,2026-08-10 14:23:29.575034,433.995007,0.044623,,,,,,keyboard,,"{""pd_used"":0}",2,0.016667,60.000000,1
Sergio_G01_CNS-LLF5RV3D8,cpeeg02,ses04,20260810_141523,2026-08-10 14:16:15.537958,NaN,6,digit,DIGIT1_ON,141,2026-08-10 14:23:29.626640,434.039631,0.551404,,1,,,,keyboard,digit#1 shown,"{""value"":1,""note"":""digit#1 shown"",""pd_used"":1}",2,0.016667,60.000000,1
Sergio_G01_CNS-LLF5RV3D8,cpeeg02,ses04,20260810_141523,2026-08-10 14:16:15.537958,NaN,6,digit,DIGIT1_OFF,146,2026-08-10 14:23:30.171037,434.591034,0.000000,,1,,,,keyboard,digit#1 off,"{""value"":1,""note"":""digit#1 off"",""pd_used"":0}",2,0.016667,60.000000,1
Sergio_G01_CNS-LLF5RV3D8,cpeeg02,ses04,20260810_141523,2026-08-10 14:16:15.537958,NaN,6,digit,POSTDIG_FIX1_ON,151,2026-08-10 14:23:30.171869,434.591034,1.589870,,,,,,keyboard,after digit#1,"{""note"":""after digit#1""}",2,0.016667,60.000000,1
Sergio_G01_CNS-LLF5RV3D8,cpeeg02,ses04,20260810_141523,2026-08-10 14:16:15.537958,NaN,6,digit,POSTDIG_FIX1_OFF,156,2026-08-10 14:23:31.760920,436.180904,0.044240,,,,,,keyboard,after digit#1,"{""note"":""after digit#1"",""pd_used"":0}",2,0.016667,60.000000,1
Sergio_G01_CNS-LLF5RV3D8,cpeeg02,ses04,20260810_141523,2026-08-10 14:16:15.537958,NaN,6,digit,DIGIT2_ON,142,2026-08-10 14:23:31.812443,436.225145,0.551420,,8,,,,keyboard,digit#2 shown,"{""value"":8,""note"":""digit#2 shown"",""pd_used"":1}",2,0.016667,60.000000,1
Sergio_G01_CNS-LLF5RV3D8,cpeeg02,ses04,20260810_141523,2026-08-10 14:16:15.537958,NaN,6,digit,DIGIT2_OFF,147,2026-08-10 14:23:32.356684,436.776565,0.000000,,8,,,,keyboard,digit#2 off,"{""value"":8,""note"":""digit#2 off"",""pd_used"":0}",2,0.016667,60.000000,1
Sergio_G01_CNS-LLF5RV3D8,cpeeg02,ses04,20260810_141523,2026-08-10 14:16:15.537958,NaN,6,digit,POSTDIG_FIX2_ON,152,2026-08-10 14:23:32.357530,436.776565,1.749896,,,,,,keyboard,after digit#2,"{""note"":""after digit#2""}",2,0.016667,60.000000,1
Sergio_G01_CNS-LLF5RV3D8,cpeeg02,ses04,20260810_141523,2026-08-10 14:16:15.537958,NaN,6,digit,POSTDIG_FIX2_OFF,157,2026-08-10 14:23:34.106787,438.526461,0.044537,,,,,,keyboard,after digit#2,"{""note"":""after digit#2"",""pd_used"":0}",2,0.016667,60.000000,1
Sergio_G01_CNS-LLF5RV3D8,cpeeg02,ses04,20260810_141523,2026-08-10 14:16:15.537958,NaN,6,digit,DIGIT3_ON,143,2026-08-10 14:23:34.158211,438.570998,0.551607,,9,,,,keyboard,digit#3 shown,"{""value"":9,""note"":""digit#3 shown"",""pd_used"":1}",2,0.016667,60.000000,1
Sergio_G01_CNS-LLF5RV3D8,cpeeg02,ses04,20260810_141523,2026-08-10 14:16:15.537958,NaN,6,digit,DIGIT3_OFF,148,2026-08-10 14:23:34.702814,439.122605,0.000000,,9,,,,keyboard,digit#3 off,"{""value"":9,""note"":""digit#3 off"",""pd_used"":0}",2,0.016667,60.000000,1
Sergio_G01_CNS-LLF5RV3D8,cpeeg02,ses04,20260810_141523,2026-08-10 14:16:15.537958,NaN,6,digit,POSTDIG_FIX3_ON,153,2026-08-10 14:23:34.703671,439.122605,1.916605,,,,,,keyboard,after digit#3,"{""note"":""after digit#3""}",2,0.016667,60.000000,1
Sergio_G01_CNS-LLF5RV3D8,cpeeg02,ses04,20260810_141523,2026-08-10 14:16:15.537958,NaN,6,digit,POSTDIG_FIX3_OFF,158,2026-08-10 14:23:36.619299,441.039211,0.044216,,,,,,keyboard,after digit#3,"{""note"":""after digit#3"",""pd_used"":0}",2,0.016667,60.000000,1
Sergio_G01_CNS-LLF5RV3D8,cpeeg02,ses04,20260810_141523,2026-08-10 14:16:15.537958,NaN,6,digit,DIGIT4_ON,144,2026-08-10 14:23:36.670803,441.083426,0.551680,,1,,,,keyboard,digit#4 shown,"{""value"":1,""note"":""digit#4 shown"",""pd_used"":1}",2,0.016667,60.000000,1
Sergio_G01_CNS-LLF5RV3D8,cpeeg02,ses04,20260810_141523,2026-08-10 14:16:15.537958,NaN,6,digit,DIGIT4_OFF,149,2026-08-10 14:23:37.215212,441.635106,0.000000,,1,,,,keyboard,digit#4 off,"{""value"":1,""note"":""digit#4 off"",""pd_used"":0}",2,0.016667,60.000000,1
Sergio_G01_CNS-LLF5RV3D8,cpeeg02,ses04,20260810_141523,2026-08-10 14:16:15.537958,NaN,6,digit,POSTDIG_FIX4_ON,154,2026-08-10 14:23:37.216020,441.635106,1.835713,,,,,,keyboard,after digit#4,"{""note"":""after digit#4""}",2,0.016667,60.000000,1
Sergio_G01_CNS-LLF5RV3D8,cpeeg02,ses04,20260810_141523,2026-08-10 14:16:15.537958,NaN,6,digit,POSTDIG_FIX4_OFF,159,2026-08-10 14:23:39.050994,443.470819,0.044756,,,,,,keyboard,after digit#4,"{""note"":""after digit#4"",""pd_used"":0}",2,0.016667,60.000000,1
Sergio_G01_CNS-LLF5RV3D8,cpeeg02,ses04,20260810_141523,2026-08-10 14:16:15.537958,NaN,6,digit,DIGIT5_ON,145,2026-08-10 14:23:39.102539,443.515575,0.551254,,2,,,,keyboard,digit#5 shown,"{""value"":2,""note"":""digit#5 shown"",""pd_used"":1}",2,0.016667,60.000000,1
Sergio_G01_CNS-LLF5RV3D8,cpeeg02,ses04,20260810_141523,2026-08-10 14:16:15.537958,NaN,6,digit,DIGIT5_OFF,150,2026-08-10 14:23:39.646843,444.066829,0.000000,,2,,,,keyboard,digit#5 off,"{""value"":2,""note"":""digit#5 off"",""pd_used"":0}",2,0.016667,60.000000,1
Sergio_G01_CNS-LLF5RV3D8,cpeeg02,ses04,20260810_141523,2026-08-10 14:16:15.537958,NaN,6,digit,POSTDIG_FIX5_ON,155,2026-08-10 14:23:39.647663,444.066829,3.076349,,,,,,keyboard,after digit#5,"{""note"":""after digit#5""}",2,0.016667,60.000000,1
Sergio_G01_CNS-LLF5RV3D8,cpeeg02,ses04,20260810_141523,2026-08-10 14:16:15.537958,NaN,6,digit,POSTDIG_FIX5_OFF,160,2026-08-10 14:23:42.723587,447.143179,0.045066,,,,,,keyboard,after digit#5,"{""note"":""after digit#5"",""pd_used"":0}",2,0.016667,60.000000,1
Sergio_G01_CNS-LLF5RV3D8,cpeeg02,ses04,20260810_141523,2026-08-10 14:16:15.537958,NaN,6,distractor,DISTRACTOR_ON,50,2026-08-10 14:23:42.775541,447.188245,8.153678,,0+4=4,,,,keyboard,,"{""value"":""0+4=4"",""isCorrectTruth"":true,""trueSum"":4,""pd_used"":1}",2,0.016667,60.000000,1
Sergio_G01_CNS-LLF5RV3D8,cpeeg02,ses04,20260810_141523,2026-08-10 14:16:15.537958,NaN,6,distractor,DISTRACTOR_ANS,51,2026-08-10 14:23:51.335074,455.341923,0.000000,8.153678,0+4=4,F,0,,keyboard,key= (False),"{""value"":""0+4=4"",""entered"":""F"",""rt"":8.1536779999732971,""correct"":0,""note"":""key= (False)"",""truth"":true,""trueSum"":4,""shownSum"":4,""a"":0,""b"":4}",2,0.016667,60.000000,1
Sergio_G01_CNS-LLF5RV3D8,cpeeg02,ses04,20260810_141523,2026-08-10 14:16:15.537958,NaN,6,distractor,ANS_WRONG,200,2026-08-10 14:23:51.377950,455.341923,0.500245,,,,,,keyboard,,{},2,0.016667,60.000000,1
Sergio_G01_CNS-LLF5RV3D8,cpeeg02,ses04,20260810_141523,2026-08-10 14:16:15.537958,NaN,6,distractor,DISTRACTOR_OFF,52,2026-08-10 14:23:51.429792,455.842168,0.000000,,,,,,keyboard,,"{""pd_used"":0}",2,0.016667,60.000000,1
Sergio_G01_CNS-LLF5RV3D8,cpeeg02,ses04,20260810_141523,2026-08-10 14:16:15.537958,NaN,6,distractor,FIX2_ON,60,2026-08-10 14:23:51.430545,455.842168,3.407367,,,,,,keyboard,immediate after response,"{""note"":""immediate after response""}",2,0.016667,60.000000,1
Sergio_G01_CNS-LLF5RV3D8,cpeeg02,ses04,20260810_141523,2026-08-10 14:16:15.537958,NaN,6,fix2,FIX2_OFF,61,2026-08-10 14:23:54.829810,459.249535,0.044675,,,,,,keyboard,,"{""pd_used"":0}",2,0.016667,60.000000,1
Sergio_G01_CNS-LLF5RV3D8,cpeeg02,ses04,20260810_141523,2026-08-10 14:16:15.537958,NaN,6,probe,DIGIT_RECALL_LINE_1,161,2026-08-10 14:23:54.881755,459.294209,5.665248,,1,,,,keyboard,first recall question,"{""value"":1,""note"":""first recall question"",""pd_used"":1}",2,0.016667,60.000000,1
Sergio_G01_CNS-LLF5RV3D8,cpeeg02,ses04,20260810_141523,2026-08-10 14:16:15.537958,NaN,6,probe,PROBE_DIGIT_OK_1,71,2026-08-10 14:24:01.014820,464.959458,0.615726,5.666697,slot#1,NaN,,,keyboard,probe_digit#1,"{""value"":""slot#1"",""entered"":null,""rt"":5.6666968000354245,""note"":""probe_digit#1""}",2,0.016667,60.000000,1
Sergio_G01_CNS-LLF5RV3D8,cpeeg02,ses04,20260810_141523,2026-08-10 14:16:15.537958,NaN,6,probe,DIGIT1_OFF,146,2026-08-10 14:24:01.155162,465.575183,0.000000,,2,,,,keyboard,digit#1 off,"{""value"":2,""note"":""digit#1 off"",""pd_used"":0}",2,0.016667,60.000000,1
Sergio_G01_CNS-LLF5RV3D8,cpeeg02,ses04,20260810_141523,2026-08-10 14:16:15.537958,NaN,6,probe,POSTDIG_FIX1_ON,151,2026-08-10 14:24:01.156042,465.575183,1.654647,,,,,,keyboard,after digit#1,"{""note"":""after digit#1""}",2,0.016667,60.000000,1
Sergio_G01_CNS-LLF5RV3D8,cpeeg02,ses04,20260810_141523,2026-08-10 14:16:15.537958,NaN,6,probe,POSTDIG_FIX1_OFF,156,2026-08-10 14:24:02.810236,467.229831,0.046796,,,,,,keyboard,after digit#1,"{""note"":""after digit#1"",""pd_used"":0}",2,0.016667,60.000000,1
Sergio_G01_CNS-LLF5RV3D8,cpeeg02,ses04,20260810_141523,2026-08-10 14:16:15.537958,NaN,6,probe,DIGIT_RECALL_LINE_2,162,2026-08-10 14:24:02.861678,467.276627,1.478184,,2,,,,keyboard,next recall question,"{""value"":2,""note"":""next recall question"",""pd_used"":1}",2,0.016667,60.000000,1
Sergio_G01_CNS-LLF5RV3D8,cpeeg02,ses04,20260810_141523,2026-08-10 14:16:15.537958,NaN,6,probe,PROBE_DIGIT_OK_2,71,2026-08-10 14:24:04.785648,468.754811,0.594041,9.462050,slot#2,NaN,,,keyboard,probe_digit#2,"{""value"":""slot#2"",""entered"":null,""rt"":9.4620497000869364,""note"":""probe_digit#2""}",2,0.016667,60.000000,1
Sergio_G01_CNS-LLF5RV3D8,cpeeg02,ses04,20260810_141523,2026-08-10 14:16:15.537958,NaN,6,probe,DIGIT2_OFF,147,2026-08-10 14:24:04.929045,469.348851,0.000000,,2,,,,keyboard,digit#2 off,"{""value"":2,""note"":""digit#2 off"",""pd_used"":0}",2,0.016667,60.000000,1
Sergio_G01_CNS-LLF5RV3D8,cpeeg02,ses04,20260810_141523,2026-08-10 14:16:15.537958,NaN,6,probe,POSTDIG_FIX2_ON,152,2026-08-10 14:24:04.929962,469.348851,1.570548,,,,,,keyboard,after digit#2,"{""note"":""after digit#2""}",2,0.016667,60.000000,1
Sergio_G01_CNS-LLF5RV3D8,cpeeg02,ses04,20260810_141523,2026-08-10 14:16:15.537958,NaN,6,probe,POSTDIG_FIX2_OFF,157,2026-08-10 14:24:06.499597,470.919399,0.046609,,,,,,keyboard,after digit#2,"{""note"":""after digit#2"",""pd_used"":0}",2,0.016667,60.000000,1
Sergio_G01_CNS-LLF5RV3D8,cpeeg02,ses04,20260810_141523,2026-08-10 14:16:15.537958,NaN,6,probe,DIGIT_RECALL_LINE_3,163,2026-08-10 14:24:06.551295,470.966008,0.755173,,3,,,,keyboard,next recall question,"{""value"":3,""note"":""next recall question"",""pd_used"":1}",2,0.016667,60.000000,1
Sergio_G01_CNS-LLF5RV3D8,cpeeg02,ses04,20260810_141523,2026-08-10 14:16:15.537958,NaN,6,probe,PROBE_DIGIT_OK_3,71,2026-08-10 14:24:07.573700,471.721181,0.422142,12.428420,slot#3,NaN,,,keyboard,probe_digit#3,"{""value"":""slot#3"",""entered"":null,""rt"":12.428420000011101,""note"":""probe_digit#3""}",2,0.016667,60.000000,1
Sergio_G01_CNS-LLF5RV3D8,cpeeg02,ses04,20260810_141523,2026-08-10 14:16:15.537958,NaN,6,probe,DIGIT3_OFF,148,2026-08-10 14:24:07.723482,472.143323,0.000000,,2,,,,keyboard,digit#3 off,"{""value"":2,""note"":""digit#3 off"",""pd_used"":0}",2,0.016667,60.000000,1
Sergio_G01_CNS-LLF5RV3D8,cpeeg02,ses04,20260810_141523,2026-08-10 14:16:15.537958,NaN,6,probe,POSTDIG_FIX3_ON,153,2026-08-10 14:24:07.724336,472.143323,1.892383,,,,,,keyboard,after digit#3,"{""note"":""after digit#3""}",2,0.016667,60.000000,1
Sergio_G01_CNS-LLF5RV3D8,cpeeg02,ses04,20260810_141523,2026-08-10 14:16:15.537958,NaN,6,probe,POSTDIG_FIX3_OFF,158,2026-08-10 14:24:09.615875,474.035705,0.046635,,,,,,keyboard,after digit#3,"{""note"":""after digit#3"",""pd_used"":0}",2,0.016667,60.000000,1
Sergio_G01_CNS-LLF5RV3D8,cpeeg02,ses04,20260810_141523,2026-08-10 14:16:15.537958,NaN,6,probe,DIGIT_RECALL_LINE_4,164,2026-08-10 14:24:09.667530,474.082341,1.234315,,4,,,,keyboard,next recall question,"{""value"":4,""note"":""next recall question"",""pd_used"":1}",2,0.016667,60.000000,1
Sergio_G01_CNS-LLF5RV3D8,cpeeg02,ses04,20260810_141523,2026-08-10 14:16:15.537958,NaN,6,probe,PROBE_DIGIT_OK_4,71,2026-08-10 14:24:11.303862,475.316656,0.549017,16.023895,slot#4,NaN,,,keyboard,probe_digit#4,"{""value"":""slot#4"",""entered"":null,""rt"":16.023894900106825,""note"":""probe_digit#4""}",2,0.016667,60.000000,1
Sergio_G01_CNS-LLF5RV3D8,cpeeg02,ses04,20260810_141523,2026-08-10 14:16:15.537958,NaN,6,probe,DIGIT4_OFF,149,2026-08-10 14:24:11.445483,475.865672,0.000000,,2,,,,keyboard,digit#4 off,"{""value"":2,""note"":""digit#4 off"",""pd_used"":0}",2,0.016667,60.000000,1
Sergio_G01_CNS-LLF5RV3D8,cpeeg02,ses04,20260810_141523,2026-08-10 14:16:15.537958,NaN,6,probe,POSTDIG_FIX4_ON,154,2026-08-10 14:24:11.446271,475.865672,1.859529,,,,,,keyboard,after digit#4,"{""note"":""after digit#4""}",2,0.016667,60.000000,1
Sergio_G01_CNS-LLF5RV3D8,cpeeg02,ses04,20260810_141523,2026-08-10 14:16:15.537958,NaN,6,probe,POSTDIG_FIX4_OFF,159,2026-08-10 14:24:13.305546,477.725201,0.046728,,,,,,keyboard,after digit#4,"{""note"":""after digit#4"",""pd_used"":0}",2,0.016667,60.000000,1
Sergio_G01_CNS-LLF5RV3D8,cpeeg02,ses04,20260810_141523,2026-08-10 14:16:15.537958,NaN,6,probe,DIGIT_RECALL_LINE_5,165,2026-08-10 14:24:13.357189,477.771930,2.614762,,5,,,,keyboard,next recall question,"{""value"":5,""note"":""next recall question"",""pd_used"":1}",2,0.016667,60.000000,1
Sergio_G01_CNS-LLF5RV3D8,cpeeg02,ses04,20260810_141523,2026-08-10 14:16:15.537958,NaN,6,probe,PROBE_DIGIT_OK_5,71,2026-08-10 14:24:16.353986,480.386691,0.534607,21.093930,slot#5,NaN,,,keyboard,probe_digit#5,"{""value"":""slot#5"",""entered"":null,""rt"":21.093930400093086,""note"":""probe_digit#5""}",2,0.016667,60.000000,1
Sergio_G01_CNS-LLF5RV3D8,cpeeg02,ses04,20260810_141523,2026-08-10 14:16:15.537958,NaN,6,probe,DIGIT5_OFF,150,2026-08-10 14:24:16.501385,480.921298,0.000000,,2,,,,keyboard,digit#5 off,"{""value"":2,""note"":""digit#5 off"",""pd_used"":0}",2,0.016667,60.000000,1
Sergio_G01_CNS-LLF5RV3D8,cpeeg02,ses04,20260810_141523,2026-08-10 14:16:15.537958,NaN,6,probe,POSTDIG_FIX5_ON,155,2026-08-10 14:24:16.502230,480.921298,3.378099,,,,,,keyboard,after digit#5,"{""note"":""after digit#5""}",2,0.016667,60.000000,1
Sergio_G01_CNS-LLF5RV3D8,cpeeg02,ses04,20260810_141523,2026-08-10 14:16:15.537958,NaN,6,probe,POSTDIG_FIX5_OFF,160,2026-08-10 14:24:19.879262,484.299397,0.043680,,,,,,keyboard,after digit#5,"{""note"":""after digit#5"",""pd_used"":0}",2,0.016667,60.000000,1
Sergio_G01_CNS-LLF5RV3D8,cpeeg02,ses04,20260810_141523,2026-08-10 14:16:15.537958,NaN,6,probe,PROBE_DONE,73,2026-08-10 14:24:19.881037,484.343078,0.000734,,,,,,keyboard,probe complete,"{""value"":"""",""note"":""probe complete""}",2,0.016667,60.000000,1
Sergio_G01_CNS-LLF5RV3D8,cpeeg02,ses04,20260810_141523,2026-08-10 14:16:15.537958,NaN,6,probe,TRIAL_END,21,2026-08-10 14:24:19.881648,484.343812,0.113613,,,,,,keyboard,,{},2,0.016667,60.000000,1
Sergio_G01_CNS-LLF5RV3D8,cpeeg02,ses04,20260810_141523,2026-08-10 14:16:15.537958,NaN,7,probe,TRIAL_CHANGE,22,2026-08-10 14:24:19.995548,484.457425,0.001021,,,,,,keyboard,trial transition,"{""note"":""trial transition""}",2,0.016667,60.000000,1
Sergio_G01_CNS-LLF5RV3D8,cpeeg02,ses04,20260810_141523,2026-08-10 14:16:15.537958,NaN,7,probe,TRIAL_START,20,2026-08-10 14:24:19.996273,484.458445,0.042946,,,,,,keyboard,,{},2,0.016667,60.000000,1
Sergio_G01_CNS-LLF5RV3D8,cpeeg02,ses04,20260810_141523,2026-08-10 14:16:15.537958,NaN,7,fix1,FIX1_ON,30,2026-08-10 14:24:20.090031,484.501392,3.258766,,,,,,keyboard,,"{""pd_used"":0}",2,0.016667,60.000000,1
Sergio_G01_CNS-LLF5RV3D8,cpeeg02,ses04,20260810_141523,2026-08-10 14:16:15.537958,NaN,7,fix1,FIX1_OFF,31,2026-08-10 14:24:23.340023,487.760158,0.043996,,,,,,keyboard,,"{""pd_used"":0}",2,0.016667,60.000000,1
Sergio_G01_CNS-LLF5RV3D8,cpeeg02,ses04,20260810_141523,2026-08-10 14:16:15.537958,NaN,7,digit,DIGIT1_ON,141,2026-08-10 14:24:23.391799,487.804154,0.552263,,7,,,,keyboard,digit#1 shown,"{""value"":7,""note"":""digit#1 shown"",""pd_used"":1}",2,0.016667,60.000000,1
Sergio_G01_CNS-LLF5RV3D8,cpeeg02,ses04,20260810_141523,2026-08-10 14:16:15.537958,NaN,7,digit,DIGIT1_OFF,146,2026-08-10 14:24:23.936326,488.356417,0.000000,,7,,,,keyboard,digit#1 off,"{""value"":7,""note"":""digit#1 off"",""pd_used"":0}",2,0.016667,60.000000,1
Sergio_G01_CNS-LLF5RV3D8,cpeeg02,ses04,20260810_141523,2026-08-10 14:16:15.537958,NaN,7,digit,POSTDIG_FIX1_ON,151,2026-08-10 14:24:23.937116,488.356417,1.681421,,,,,,keyboard,after digit#1,"{""note"":""after digit#1""}",2,0.016667,60.000000,1
Sergio_G01_CNS-LLF5RV3D8,cpeeg02,ses04,20260810_141523,2026-08-10 14:16:15.537958,NaN,7,digit,POSTDIG_FIX1_OFF,156,2026-08-10 14:24:25.618076,490.037838,0.044596,,,,,,keyboard,after digit#1,"{""note"":""after digit#1"",""pd_used"":0}",2,0.016667,60.000000,1
Sergio_G01_CNS-LLF5RV3D8,cpeeg02,ses04,20260810_141523,2026-08-10 14:16:15.537958,NaN,7,digit,DIGIT2_ON,142,2026-08-10 14:24:25.669630,490.082434,0.551508,,9,,,,keyboard,digit#2 shown,"{""value"":9,""note"":""digit#2 shown"",""pd_used"":1}",2,0.016667,60.000000,1
Sergio_G01_CNS-LLF5RV3D8,cpeeg02,ses04,20260810_141523,2026-08-10 14:16:15.537958,NaN,7,digit,DIGIT2_OFF,147,2026-08-10 14:24:26.214083,490.633942,0.000000,,9,,,,keyboard,digit#2 off,"{""value"":9,""note"":""digit#2 off"",""pd_used"":0}",2,0.016667,60.000000,1
Sergio_G01_CNS-LLF5RV3D8,cpeeg02,ses04,20260810_141523,2026-08-10 14:16:15.537958,NaN,7,digit,POSTDIG_FIX2_ON,152,2026-08-10 14:24:26.215157,490.633942,1.840920,,,,,,keyboard,after digit#2,"{""note"":""after digit#2""}",2,0.016667,60.000000,1
Sergio_G01_CNS-LLF5RV3D8,cpeeg02,ses04,20260810_141523,2026-08-10 14:16:15.537958,NaN,7,digit,POSTDIG_FIX2_OFF,157,2026-08-10 14:24:28.055289,492.474862,0.044702,,,,,,keyboard,after digit#2,"{""note"":""after digit#2"",""pd_used"":0}",2,0.016667,60.000000,1
Sergio_G01_CNS-LLF5RV3D8,cpeeg02,ses04,20260810_141523,2026-08-10 14:16:15.537958,NaN,7,digit,DIGIT3_ON,143,2026-08-10 14:24:28.106826,492.519564,0.551583,,5,,,,keyboard,digit#3 shown,"{""value"":5,""note"":""digit#3 shown"",""pd_used"":1}",2,0.016667,60.000000,1
Sergio_G01_CNS-LLF5RV3D8,cpeeg02,ses04,20260810_141523,2026-08-10 14:16:15.537958,NaN,7,digit,DIGIT3_OFF,148,2026-08-10 14:24:28.650998,493.071147,0.000000,,5,,,,keyboard,digit#3 off,"{""value"":5,""note"":""digit#3 off"",""pd_used"":0}",2,0.016667,60.000000,1
Sergio_G01_CNS-LLF5RV3D8,cpeeg02,ses04,20260810_141523,2026-08-10 14:16:15.537958,NaN,7,digit,POSTDIG_FIX3_ON,153,2026-08-10 14:24:28.651784,493.071147,1.765384,,,,,,keyboard,after digit#3,"{""note"":""after digit#3""}",2,0.016667,60.000000,1
Sergio_G01_CNS-LLF5RV3D8,cpeeg02,ses04,20260810_141523,2026-08-10 14:16:15.537958,NaN,7,digit,POSTDIG_FIX3_OFF,158,2026-08-10 14:24:30.416340,494.836531,0.044054,,,,,,keyboard,after digit#3,"{""note"":""after digit#3"",""pd_used"":0}",2,0.016667,60.000000,1
Sergio_G01_CNS-LLF5RV3D8,cpeeg02,ses04,20260810_141523,2026-08-10 14:16:15.537958,NaN,7,digit,DIGIT4_ON,144,2026-08-10 14:24:30.467962,494.880585,0.551881,,8,,,,keyboard,digit#4 shown,"{""value"":8,""note"":""digit#4 shown"",""pd_used"":1}",2,0.016667,60.000000,1
Sergio_G01_CNS-LLF5RV3D8,cpeeg02,ses04,20260810_141523,2026-08-10 14:16:15.537958,NaN,7,digit,DIGIT4_OFF,149,2026-08-10 14:24:31.012854,495.432466,0.000000,,8,,,,keyboard,digit#4 off,"{""value"":8,""note"":""digit#4 off"",""pd_used"":0}",2,0.016667,60.000000,1
Sergio_G01_CNS-LLF5RV3D8,cpeeg02,ses04,20260810_141523,2026-08-10 14:16:15.537958,NaN,7,digit,POSTDIG_FIX4_ON,154,2026-08-10 14:24:31.013737,495.432466,1.892604,,,,,,keyboard,after digit#4,"{""note"":""after digit#4""}",2,0.016667,60.000000,1
Sergio_G01_CNS-LLF5RV3D8,cpeeg02,ses04,20260810_141523,2026-08-10 14:16:15.537958,NaN,7,digit,POSTDIG_FIX4_OFF,159,2026-08-10 14:24:32.905233,497.325070,0.044431,,,,,,keyboard,after digit#4,"{""note"":""after digit#4"",""pd_used"":0}",2,0.016667,60.000000,1
Sergio_G01_CNS-LLF5RV3D8,cpeeg02,ses04,20260810_141523,2026-08-10 14:16:15.537958,NaN,7,digit,DIGIT5_ON,145,2026-08-10 14:24:32.956505,497.369502,0.551354,,6,,,,keyboard,digit#5 shown,"{""value"":6,""note"":""digit#5 shown"",""pd_used"":1}",2,0.016667,60.000000,1
Sergio_G01_CNS-LLF5RV3D8,cpeeg02,ses04,20260810_141523,2026-08-10 14:16:15.537958,NaN,7,digit,DIGIT5_OFF,150,2026-08-10 14:24:33.500858,497.920856,0.000000,,6,,,,keyboard,digit#5 off,"{""value"":6,""note"":""digit#5 off"",""pd_used"":0}",2,0.016667,60.000000,1
Sergio_G01_CNS-LLF5RV3D8,cpeeg02,ses04,20260810_141523,2026-08-10 14:16:15.537958,NaN,7,digit,POSTDIG_FIX5_ON,155,2026-08-10 14:24:33.501666,497.920856,3.132587,,,,,,keyboard,after digit#5,"{""note"":""after digit#5""}",2,0.016667,60.000000,1
Sergio_G01_CNS-LLF5RV3D8,cpeeg02,ses04,20260810_141523,2026-08-10 14:16:15.537958,NaN,7,digit,POSTDIG_FIX5_OFF,160,2026-08-10 14:24:36.633435,501.053442,0.044645,,,,,,keyboard,after digit#5,"{""note"":""after digit#5"",""pd_used"":0}",2,0.016667,60.000000,1
Sergio_G01_CNS-LLF5RV3D8,cpeeg02,ses04,20260810_141523,2026-08-10 14:16:15.537958,NaN,7,distractor,DISTRACTOR_ON,50,2026-08-10 14:24:36.685170,501.098087,3.668497,,7+1=9,,,,keyboard,,"{""value"":""7+1=9"",""isCorrectTruth"":false,""trueSum"":8,""pd_used"":1}",2,0.016667,60.000000,1
Sergio_G01_CNS-LLF5RV3D8,cpeeg02,ses04,20260810_141523,2026-08-10 14:16:15.537958,NaN,7,distractor,DISTRACTOR_ANS,51,2026-08-10 14:24:40.721501,504.766584,0.000000,3.668497,7+1=9,F,1,,keyboard,key= (False),"{""value"":""7+1=9"",""entered"":""F"",""rt"":3.6684966000029817,""correct"":1,""note"":""key= (False)"",""truth"":false,""trueSum"":8,""shownSum"":9,""a"":7,""b"":1}",2,0.016667,60.000000,1
Sergio_G01_CNS-LLF5RV3D8,cpeeg02,ses04,20260810_141523,2026-08-10 14:16:15.537958,NaN,7,distractor,ANS_CORRECT,100,2026-08-10 14:24:40.764100,504.766584,0.461794,,,,,,keyboard,,{},2,0.016667,60.000000,1
Sergio_G01_CNS-LLF5RV3D8,cpeeg02,ses04,20260810_141523,2026-08-10 14:16:15.537958,NaN,7,distractor,DISTRACTOR_OFF,52,2026-08-10 14:24:40.815413,505.228378,0.000000,,,,,,keyboard,,"{""pd_used"":0}",2,0.016667,60.000000,1
Sergio_G01_CNS-LLF5RV3D8,cpeeg02,ses04,20260810_141523,2026-08-10 14:16:15.537958,NaN,7,distractor,FIX2_ON,60,2026-08-10 14:24:40.816134,505.228378,3.419526,,,,,,keyboard,immediate after response,"{""note"":""immediate after response""}",2,0.016667,60.000000,1
Sergio_G01_CNS-LLF5RV3D8,cpeeg02,ses04,20260810_141523,2026-08-10 14:16:15.537958,NaN,7,fix2,FIX2_OFF,61,2026-08-10 14:24:44.227847,508.647904,0.044142,,,,,,keyboard,,"{""pd_used"":0}",2,0.016667,60.000000,1
Sergio_G01_CNS-LLF5RV3D8,cpeeg02,ses04,20260810_141523,2026-08-10 14:16:15.537958,NaN,7,probe,DIGIT_RECALL_LINE_1,161,2026-08-10 14:24:44.279159,508.692046,2.067225,,1,,,,keyboard,first recall question,"{""value"":1,""note"":""first recall question"",""pd_used"":1}",2,0.016667,60.000000,1
Sergio_G01_CNS-LLF5RV3D8,cpeeg02,ses04,20260810_141523,2026-08-10 14:16:15.537958,NaN,7,probe,PROBE_DIGIT_OK_1,71,2026-08-10 14:24:46.933918,510.759271,0.733369,2.068510,slot#1,NaN,,,keyboard,probe_digit#1,"{""value"":""slot#1"",""entered"":null,""rt"":2.0685102000134066,""note"":""probe_digit#1""}",2,0.016667,60.000000,1
Sergio_G01_CNS-LLF5RV3D8,cpeeg02,ses04,20260810_141523,2026-08-10 14:16:15.537958,NaN,7,probe,DIGIT1_OFF,146,2026-08-10 14:24:47.072388,511.492639,0.000000,,6,,,,keyboard,digit#1 off,"{""value"":6,""note"":""digit#1 off"",""pd_used"":0}",2,0.016667,60.000000,1
Sergio_G01_CNS-LLF5RV3D8,cpeeg02,ses04,20260810_141523,2026-08-10 14:16:15.537958,NaN,7,probe,POSTDIG_FIX1_ON,151,2026-08-10 14:24:47.073171,511.492639,1.645239,,,,,,keyboard,after digit#1,"{""note"":""after digit#1""}",2,0.016667,60.000000,1
Sergio_G01_CNS-LLF5RV3D8,cpeeg02,ses04,20260810_141523,2026-08-10 14:16:15.537958,NaN,7,probe,POSTDIG_FIX1_OFF,156,2026-08-10 14:24:48.717913,513.137878,0.046673,,,,,,keyboard,after digit#1,"{""note"":""after digit#1"",""pd_used"":0}",2,0.016667,60.000000,1
Sergio_G01_CNS-LLF5RV3D8,cpeeg02,ses04,20260810_141523,2026-08-10 14:16:15.537958,NaN,7,probe,DIGIT_RECALL_LINE_2,162,2026-08-10 14:24:48.769291,513.184551,1.534625,,2,,,,keyboard,next recall question,"{""value"":2,""note"":""next recall question"",""pd_used"":1}",2,0.016667,60.000000,1
Sergio_G01_CNS-LLF5RV3D8,cpeeg02,ses04,20260810_141523,2026-08-10 14:16:15.537958,NaN,7,probe,PROBE_DIGIT_OK_2,71,2026-08-10 14:24:50.750950,514.719176,0.596948,6.028416,slot#2,NaN,,,keyboard,probe_digit#2,"{""value"":""slot#2"",""entered"":null,""rt"":6.0284157999558374,""note"":""probe_digit#2""}",2,0.016667,60.000000,1
Sergio_G01_CNS-LLF5RV3D8,cpeeg02,ses04,20260810_141523,2026-08-10 14:16:15.537958,NaN,7,probe,DIGIT2_OFF,147,2026-08-10 14:24:50.896016,515.316125,0.000000,,6,,,,keyboard,digit#2 off,"{""value"":6,""note"":""digit#2 off"",""pd_used"":0}",2,0.016667,60.000000,1
Sergio_G01_CNS-LLF5RV3D8,cpeeg02,ses04,20260810_141523,2026-08-10 14:16:15.537958,NaN,7,probe,POSTDIG_FIX2_ON,152,2026-08-10 14:24:50.896869,515.316125,1.754716,,,,,,keyboard,after digit#2,"{""note"":""after digit#2""}",2,0.016667,60.000000,1
Sergio_G01_CNS-LLF5RV3D8,cpeeg02,ses04,20260810_141523,2026-08-10 14:16:15.537958,NaN,7,probe,POSTDIG_FIX2_OFF,157,2026-08-10 14:24:52.650943,517.070841,0.046575,,,,,,keyboard,after digit#2,"{""note"":""after digit#2"",""pd_used"":0}",2,0.016667,60.000000,1
Sergio_G01_CNS-LLF5RV3D8,cpeeg02,ses04,20260810_141523,2026-08-10 14:16:15.537958,NaN,7,probe,DIGIT_RECALL_LINE_3,163,2026-08-10 14:24:52.702655,517.117416,1.316852,,3,,,,keyboard,next recall question,"{""value"":3,""note"":""next recall question"",""pd_used"":1}",2,0.016667,60.000000,1
Sergio_G01_CNS-LLF5RV3D8,cpeeg02,ses04,20260810_141523,2026-08-10 14:16:15.537958,NaN,7,probe,PROBE_DIGIT_OK_3,71,2026-08-10 14:24:54.511473,518.434268,0.645167,9.743507,slot#3,NaN,,,keyboard,probe_digit#3,"{""value"":""slot#3"",""entered"":null,""rt"":9.7435074000386521,""note"":""probe_digit#3""}",2,0.016667,60.000000,1
Sergio_G01_CNS-LLF5RV3D8,cpeeg02,ses04,20260810_141523,2026-08-10 14:16:15.537958,NaN,7,probe,DIGIT3_OFF,148,2026-08-10 14:24:54.659196,519.079435,0.000000,,6,,,,keyboard,digit#3 off,"{""value"":6,""note"":""digit#3 off"",""pd_used"":0}",2,0.016667,60.000000,1
Sergio_G01_CNS-LLF5RV3D8,cpeeg02,ses04,20260810_141523,2026-08-10 14:16:15.537958,NaN,7,probe,POSTDIG_FIX3_ON,153,2026-08-10 14:24:54.659994,519.079435,1.871649,,,,,,keyboard,after digit#3,"{""note"":""after digit#3""}",2,0.016667,60.000000,1
Sergio_G01_CNS-LLF5RV3D8,cpeeg02,ses04,20260810_141523,2026-08-10 14:16:15.537958,NaN,7,probe,POSTDIG_FIX3_OFF,158,2026-08-10 14:24:56.531250,520.951083,0.046612,,,,,,keyboard,after digit#3,"{""note"":""after digit#3"",""pd_used"":0}",2,0.016667,60.000000,1
Sergio_G01_CNS-LLF5RV3D8,cpeeg02,ses04,20260810_141523,2026-08-10 14:16:15.537958,NaN,7,probe,DIGIT_RECALL_LINE_4,164,2026-08-10 14:24:56.582892,520.997696,6.919582,,4,,,,keyboard,next recall question,"{""value"":4,""note"":""next recall question"",""pd_used"":1}",2,0.016667,60.000000,1
Sergio_G01_CNS-LLF5RV3D8,cpeeg02,ses04,20260810_141523,2026-08-10 14:16:15.537958,NaN,7,probe,PROBE_DIGIT_OK_4,71,2026-08-10 14:25:04.011946,527.917277,0.654048,19.226516,slot#4,NaN,,,keyboard,probe_digit#4,"{""value"":""slot#4"",""entered"":null,""rt"":19.226516399998218,""note"":""probe_digit#4""}",2,0.016667,60.000000,1
Sergio_G01_CNS-LLF5RV3D8,cpeeg02,ses04,20260810_141523,2026-08-10 14:16:15.537958,NaN,7,probe,DIGIT4_OFF,149,2026-08-10 14:25:04.151204,528.571325,0.000000,,6,,,,keyboard,digit#4 off,"{""value"":6,""note"":""digit#4 off"",""pd_used"":0}",2,0.016667,60.000000,1
Sergio_G01_CNS-LLF5RV3D8,cpeeg02,ses04,20260810_141523,2026-08-10 14:16:15.537958,NaN,7,probe,POSTDIG_FIX4_ON,154,2026-08-10 14:25:04.152009,528.571325,1.654697,,,,,,keyboard,after digit#4,"{""note"":""after digit#4""}",2,0.016667,60.000000,1
Sergio_G01_CNS-LLF5RV3D8,cpeeg02,ses04,20260810_141523,2026-08-10 14:16:15.537958,NaN,7,probe,POSTDIG_FIX4_OFF,159,2026-08-10 14:25:05.806038,530.226022,0.046173,,,,,,keyboard,after digit#4,"{""note"":""after digit#4"",""pd_used"":0}",2,0.016667,60.000000,1
Sergio_G01_CNS-LLF5RV3D8,cpeeg02,ses04,20260810_141523,2026-08-10 14:16:15.537958,NaN,7,probe,DIGIT_RECALL_LINE_5,165,2026-08-10 14:25:05.857803,530.272195,4.179070,,5,,,,keyboard,next recall question,"{""value"":5,""note"":""next recall question"",""pd_used"":1}",2,0.016667,60.000000,1
Sergio_G01_CNS-LLF5RV3D8,cpeeg02,ses04,20260810_141523,2026-08-10 14:16:15.537958,NaN,7,probe,PROBE_DIGIT_OK_5,71,2026-08-10 14:25:10.431560,534.451265,0.548209,25.760504,slot#5,NaN,,,keyboard,probe_digit#5,"{""value"":""slot#5"",""entered"":null,""rt"":25.760504300007597,""note"":""probe_digit#5""}",2,0.016667,60.000000,1
Sergio_G01_CNS-LLF5RV3D8,cpeeg02,ses04,20260810_141523,2026-08-10 14:16:15.537958,NaN,7,probe,DIGIT5_OFF,150,2026-08-10 14:25:10.579513,534.999474,0.000000,,6,,,,keyboard,digit#5 off,"{""value"":6,""note"":""digit#5 off"",""pd_used"":0}",2,0.016667,60.000000,1
Sergio_G01_CNS-LLF5RV3D8,cpeeg02,ses04,20260810_141523,2026-08-10 14:16:15.537958,NaN,7,probe,POSTDIG_FIX5_ON,155,2026-08-10 14:25:10.580295,534.999474,3.483808,,,,,,keyboard,after digit#5,"{""note"":""after digit#5""}",2,0.016667,60.000000,1
Sergio_G01_CNS-LLF5RV3D8,cpeeg02,ses04,20260810_141523,2026-08-10 14:16:15.537958,NaN,7,probe,POSTDIG_FIX5_OFF,160,2026-08-10 14:25:14.063185,538.483283,0.043814,,,,,,keyboard,after digit#5,"{""note"":""after digit#5"",""pd_used"":0}",2,0.016667,60.000000,1
Sergio_G01_CNS-LLF5RV3D8,cpeeg02,ses04,20260810_141523,2026-08-10 14:16:15.537958,NaN,7,probe,PROBE_DONE,73,2026-08-10 14:25:14.065067,538.527097,0.000749,,,,,,keyboard,probe complete,"{""value"":"""",""note"":""probe complete""}",2,0.016667,60.000000,1
Sergio_G01_CNS-LLF5RV3D8,cpeeg02,ses04,20260810_141523,2026-08-10 14:16:15.537958,NaN,7,probe,TRIAL_END,21,2026-08-10 14:25:14.065670,538.527846,0.108113,,,,,,keyboard,,{},2,0.016667,60.000000,1
Sergio_G01_CNS-LLF5RV3D8,cpeeg02,ses04,20260810_141523,2026-08-10 14:16:15.537958,NaN,8,probe,TRIAL_CHANGE,22,2026-08-10 14:25:14.174037,538.635959,0.000919,,,,,,keyboard,trial transition,"{""note"":""trial transition""}",2,0.016667,60.000000,1
Sergio_G01_CNS-LLF5RV3D8,cpeeg02,ses04,20260810_141523,2026-08-10 14:16:15.537958,NaN,8,probe,TRIAL_START,20,2026-08-10 14:25:14.174748,538.636878,0.043209,,,,,,keyboard,,{},2,0.016667,60.000000,1
Sergio_G01_CNS-LLF5RV3D8,cpeeg02,ses04,20260810_141523,2026-08-10 14:16:15.537958,NaN,8,fix1,FIX1_ON,30,2026-08-10 14:25:14.268630,538.680087,3.154911,,,,,,keyboard,,"{""pd_used"":0}",2,0.016667,60.000000,1
Sergio_G01_CNS-LLF5RV3D8,cpeeg02,ses04,20260810_141523,2026-08-10 14:16:15.537958,NaN,8,fix1,FIX1_OFF,31,2026-08-10 14:25:17.415093,541.834998,0.044496,,,,,,keyboard,,"{""pd_used"":0}",2,0.016667,60.000000,1
Sergio_G01_CNS-LLF5RV3D8,cpeeg02,ses04,20260810_141523,2026-08-10 14:16:15.537958,NaN,8,digit,DIGIT1_ON,141,2026-08-10 14:25:17.466504,541.879494,0.551335,,5,,,,keyboard,digit#1 shown,"{""value"":5,""note"":""digit#1 shown"",""pd_used"":1}",2,0.016667,60.000000,1
Sergio_G01_CNS-LLF5RV3D8,cpeeg02,ses04,20260810_141523,2026-08-10 14:16:15.537958,NaN,8,digit,DIGIT1_OFF,146,2026-08-10 14:25:18.010925,542.430829,0.000000,,5,,,,keyboard,digit#1 off,"{""value"":5,""note"":""digit#1 off"",""pd_used"":0}",2,0.016667,60.000000,1
Sergio_G01_CNS-LLF5RV3D8,cpeeg02,ses04,20260810_141523,2026-08-10 14:16:15.537958,NaN,8,digit,POSTDIG_FIX1_ON,151,2026-08-10 14:25:18.011733,542.430829,1.546203,,,,,,keyboard,after digit#1,"{""note"":""after digit#1""}",2,0.016667,60.000000,1
Sergio_G01_CNS-LLF5RV3D8,cpeeg02,ses04,20260810_141523,2026-08-10 14:16:15.537958,NaN,8,digit,POSTDIG_FIX1_OFF,156,2026-08-10 14:25:19.556978,543.977032,0.044167,,,,,,keyboard,after digit#1,"{""note"":""after digit#1"",""pd_used"":0}",2,0.016667,60.000000,1
Sergio_G01_CNS-LLF5RV3D8,cpeeg02,ses04,20260810_141523,2026-08-10 14:16:15.537958,NaN,8,digit,DIGIT2_ON,142,2026-08-10 14:25:19.608542,544.021200,0.551752,,0,,,,keyboard,digit#2 shown,"{""value"":0,""note"":""digit#2 shown"",""pd_used"":1}",2,0.016667,60.000000,1
Sergio_G01_CNS-LLF5RV3D8,cpeeg02,ses04,20260810_141523,2026-08-10 14:16:15.537958,NaN,8,digit,DIGIT2_OFF,147,2026-08-10 14:25:20.153034,544.572952,0.000000,,0,,,,keyboard,digit#2 off,"{""value"":0,""note"":""digit#2 off"",""pd_used"":0}",2,0.016667,60.000000,1
Sergio_G01_CNS-LLF5RV3D8,cpeeg02,ses04,20260810_141523,2026-08-10 14:16:15.537958,NaN,8,digit,POSTDIG_FIX2_ON,152,2026-08-10 14:25:20.153817,544.572952,1.651324,,,,,,keyboard,after digit#2,"{""note"":""after digit#2""}",2,0.016667,60.000000,1
Sergio_G01_CNS-LLF5RV3D8,cpeeg02,ses04,20260810_141523,2026-08-10 14:16:15.537958,NaN,8,digit,POSTDIG_FIX2_OFF,157,2026-08-10 14:25:21.804168,546.224275,0.044053,,,,,,keyboard,after digit#2,"{""note"":""after digit#2"",""pd_used"":0}",2,0.016667,60.000000,1
Sergio_G01_CNS-LLF5RV3D8,cpeeg02,ses04,20260810_141523,2026-08-10 14:16:15.537958,NaN,8,digit,DIGIT3_ON,143,2026-08-10 14:25:21.855754,546.268328,0.551898,,8,,,,keyboard,digit#3 shown,"{""value"":8,""note"":""digit#3 shown"",""pd_used"":1}",2,0.016667,60.000000,1
Sergio_G01_CNS-LLF5RV3D8,cpeeg02,ses04,20260810_141523,2026-08-10 14:16:15.537958,NaN,8,digit,DIGIT3_OFF,148,2026-08-10 14:25:22.399993,546.820226,0.000000,,8,,,,keyboard,digit#3 off,"{""value"":8,""note"":""digit#3 off"",""pd_used"":0}",2,0.016667,60.000000,1
Sergio_G01_CNS-LLF5RV3D8,cpeeg02,ses04,20260810_141523,2026-08-10 14:16:15.537958,NaN,8,digit,POSTDIG_FIX3_ON,153,2026-08-10 14:25:22.400773,546.820226,1.677913,,,,,,keyboard,after digit#3,"{""note"":""after digit#3""}",2,0.016667,60.000000,1
Sergio_G01_CNS-LLF5RV3D8,cpeeg02,ses04,20260810_141523,2026-08-10 14:16:15.537958,NaN,8,digit,POSTDIG_FIX3_OFF,158,2026-08-10 14:25:24.077914,548.498139,0.043938,,,,,,keyboard,after digit#3,"{""note"":""after digit#3"",""pd_used"":0}",2,0.016667,60.000000,1
Sergio_G01_CNS-LLF5RV3D8,cpeeg02,ses04,20260810_141523,2026-08-10 14:16:15.537958,NaN,8,digit,DIGIT4_ON,144,2026-08-10 14:25:24.129431,548.542078,0.551724,,3,,,,keyboard,digit#4 shown,"{""value"":3,""note"":""digit#4 shown"",""pd_used"":1}",2,0.016667,60.000000,1
Sergio_G01_CNS-LLF5RV3D8,cpeeg02,ses04,20260810_141523,2026-08-10 14:16:15.537958,NaN,8,digit,DIGIT4_OFF,149,2026-08-10 14:25:24.673750,549.093802,0.000000,,3,,,,keyboard,digit#4 off,"{""value"":3,""note"":""digit#4 off"",""pd_used"":0}",2,0.016667,60.000000,1
Sergio_G01_CNS-LLF5RV3D8,cpeeg02,ses04,20260810_141523,2026-08-10 14:16:15.537958,NaN,8,digit,POSTDIG_FIX4_ON,154,2026-08-10 14:25:24.674534,549.093802,1.784113,,,,,,keyboard,after digit#4,"{""note"":""after digit#4""}",2,0.016667,60.000000,1
Sergio_G01_CNS-LLF5RV3D8,cpeeg02,ses04,20260810_141523,2026-08-10 14:16:15.537958,NaN,8,digit,POSTDIG_FIX4_OFF,159,2026-08-10 14:25:26.457995,550.877915,0.044362,,,,,,keyboard,after digit#4,"{""note"":""after digit#4"",""pd_used"":0}",2,0.016667,60.000000,1
Sergio_G01_CNS-LLF5RV3D8,cpeeg02,ses04,20260810_141523,2026-08-10 14:16:15.537958,NaN,8,digit,DIGIT5_ON,145,2026-08-10 14:25:26.509351,550.922276,0.551394,,4,,,,keyboard,digit#5 shown,"{""value"":4,""note"":""digit#5 shown"",""pd_used"":1}",2,0.016667,60.000000,1
Sergio_G01_CNS-LLF5RV3D8,cpeeg02,ses04,20260810_141523,2026-08-10 14:16:15.537958,NaN,8,digit,DIGIT5_OFF,150,2026-08-10 14:25:27.053521,551.473670,0.000000,,4,,,,keyboard,digit#5 off,"{""value"":4,""note"":""digit#5 off"",""pd_used"":0}",2,0.016667,60.000000,1
Sergio_G01_CNS-LLF5RV3D8,cpeeg02,ses04,20260810_141523,2026-08-10 14:16:15.537958,NaN,8,digit,POSTDIG_FIX5_ON,155,2026-08-10 14:25:27.054328,551.473670,3.446204,,,,,,keyboard,after digit#5,"{""note"":""after digit#5""}",2,0.016667,60.000000,1
Sergio_G01_CNS-LLF5RV3D8,cpeeg02,ses04,20260810_141523,2026-08-10 14:16:15.537958,NaN,8,digit,POSTDIG_FIX5_OFF,160,2026-08-10 14:25:30.499924,554.919874,0.044371,,,,,,keyboard,after digit#5,"{""note"":""after digit#5"",""pd_used"":0}",2,0.016667,60.000000,1
Sergio_G01_CNS-LLF5RV3D8,cpeeg02,ses04,20260810_141523,2026-08-10 14:16:15.537958,NaN,8,distractor,DISTRACTOR_ON,50,2026-08-10 14:25:30.551395,554.964246,8.768611,,8+9=15,,,,keyboard,,"{""value"":""8+9=15"",""isCorrectTruth"":false,""trueSum"":17,""pd_used"":1}",2,0.016667,60.000000,1
Sergio_G01_CNS-LLF5RV3D8,cpeeg02,ses04,20260810_141523,2026-08-10 14:16:15.537958,NaN,8,distractor,DISTRACTOR_ANS,51,2026-08-10 14:25:39.782631,563.732856,0.000000,8.768611,8+9=15,F,1,,keyboard,key= (False),"{""value"":""8+9=15"",""entered"":""F"",""rt"":8.7686108000343665,""correct"":1,""note"":""key= (False)"",""truth"":false,""trueSum"":17,""shownSum"":15,""a"":8,""b"":9}",2,0.016667,60.000000,1
Sergio_G01_CNS-LLF5RV3D8,cpeeg02,ses04,20260810_141523,2026-08-10 14:16:15.537958,NaN,8,distractor,ANS_CORRECT,100,2026-08-10 14:25:39.825240,563.732856,0.556396,,,,,,keyboard,,{},2,0.016667,60.000000,1
Sergio_G01_CNS-LLF5RV3D8,cpeeg02,ses04,20260810_141523,2026-08-10 14:16:15.537958,NaN,8,distractor,DISTRACTOR_OFF,52,2026-08-10 14:25:39.876770,564.289252,0.000000,,,,,,keyboard,,"{""pd_used"":0}",2,0.016667,60.000000,1
Sergio_G01_CNS-LLF5RV3D8,cpeeg02,ses04,20260810_141523,2026-08-10 14:16:15.537958,NaN,8,distractor,FIX2_ON,60,2026-08-10 14:25:39.877500,564.289252,3.163513,,,,,,keyboard,immediate after response,"{""note"":""immediate after response""}",2,0.016667,60.000000,1
Sergio_G01_CNS-LLF5RV3D8,cpeeg02,ses04,20260810_141523,2026-08-10 14:16:15.537958,NaN,8,fix2,FIX2_OFF,61,2026-08-10 14:25:43.032774,567.452766,0.044069,,,,,,keyboard,,"{""pd_used"":0}",2,0.016667,60.000000,1
Sergio_G01_CNS-LLF5RV3D8,cpeeg02,ses04,20260810_141523,2026-08-10 14:16:15.537958,NaN,8,probe,DIGIT_RECALL_LINE_1,161,2026-08-10 14:25:43.084089,567.496834,2.228500,,1,,,,keyboard,first recall question,"{""value"":1,""note"":""first recall question"",""pd_used"":1}",2,0.016667,60.000000,1
Sergio_G01_CNS-LLF5RV3D8,cpeeg02,ses04,20260810_141523,2026-08-10 14:16:15.537958,NaN,8,probe,PROBE_DIGIT_OK_1,71,2026-08-10 14:25:45.861920,569.725334,0.706076,2.229648,slot#1,NaN,,,keyboard,probe_digit#1,"{""value"":""slot#1"",""entered"":null,""rt"":2.2296480999793857,""note"":""probe_digit#1""}",2,0.016667,60.000000,1
Sergio_G01_CNS-LLF5RV3D8,cpeeg02,ses04,20260810_141523,2026-08-10 14:16:15.537958,NaN,8,probe,DIGIT1_OFF,146,2026-08-10 14:25:46.011112,570.431411,0.000000,,4,,,,keyboard,digit#1 off,"{""value"":4,""note"":""digit#1 off"",""pd_used"":0}",2,0.016667,60.000000,1
Sergio_G01_CNS-LLF5RV3D8,cpeeg02,ses04,20260810_141523,2026-08-10 14:16:15.537958,NaN,8,probe,POSTDIG_FIX1_ON,151,2026-08-10 14:25:46.011895,570.431411,1.906309,,,,,,keyboard,after digit#1,"{""note"":""after digit#1""}",2,0.016667,60.000000,1
Sergio_G01_CNS-LLF5RV3D8,cpeeg02,ses04,20260810_141523,2026-08-10 14:16:15.537958,NaN,8,probe,POSTDIG_FIX1_OFF,156,2026-08-10 14:25:47.917645,572.337720,0.046438,,,,,,keyboard,after digit#1,"{""note"":""after digit#1"",""pd_used"":0}",2,0.016667,60.000000,1
Sergio_G01_CNS-LLF5RV3D8,cpeeg02,ses04,20260810_141523,2026-08-10 14:16:15.537958,NaN,8,probe,DIGIT_RECALL_LINE_2,162,2026-08-10 14:25:47.969119,572.384158,1.209340,,2,,,,keyboard,next recall question,"{""value"":2,""note"":""next recall question"",""pd_used"":1}",2,0.016667,60.000000,1
Sergio_G01_CNS-LLF5RV3D8,cpeeg02,ses04,20260810_141523,2026-08-10 14:16:15.537958,NaN,8,probe,PROBE_DIGIT_OK_2,71,2026-08-10 14:25:49.612575,573.593498,0.589128,6.097811,slot#2,NaN,,,keyboard,probe_digit#2,"{""value"":""slot#2"",""entered"":null,""rt"":6.0978114999597892,""note"":""probe_digit#2""}",2,0.016667,60.000000,1
Sergio_G01_CNS-LLF5RV3D8,cpeeg02,ses04,20260810_141523,2026-08-10 14:16:15.537958,NaN,8,probe,DIGIT2_OFF,147,2026-08-10 14:25:49.762534,574.182626,0.000000,,4,,,,keyboard,digit#2 off,"{""value"":4,""note"":""digit#2 off"",""pd_used"":0}",2,0.016667,60.000000,1
Sergio_G01_CNS-LLF5RV3D8,cpeeg02,ses04,20260810_141523,2026-08-10 14:16:15.537958,NaN,8,probe,POSTDIG_FIX2_ON,152,2026-08-10 14:25:49.763320,574.182626,1.992640,,,,,,keyboard,after digit#2,"{""note"":""after digit#2""}",2,0.016667,60.000000,1
Sergio_G01_CNS-LLF5RV3D8,cpeeg02,ses04,20260810_141523,2026-08-10 14:16:15.537958,NaN,8,probe,POSTDIG_FIX2_OFF,157,2026-08-10 14:25:51.755217,576.175266,0.046183,,,,,,keyboard,after digit#2,"{""note"":""after digit#2"",""pd_used"":0}",2,0.016667,60.000000,1
Sergio_G01_CNS-LLF5RV3D8,cpeeg02,ses04,20260810_141523,2026-08-10 14:16:15.537958,NaN,8,probe,DIGIT_RECALL_LINE_3,163,2026-08-10 14:25:51.806625,576.221449,0.928269,,3,,,,keyboard,next recall question,"{""value"":3,""note"":""next recall question"",""pd_used"":1}",2,0.016667,60.000000,1
Sergio_G01_CNS-LLF5RV3D8,cpeeg02,ses04,20260810_141523,2026-08-10 14:16:15.537958,NaN,8,probe,PROBE_DIGIT_OK_3,71,2026-08-10 14:25:53.040752,577.149718,0.454903,9.654032,slot#3,NaN,,,keyboard,probe_digit#3,"{""value"":""slot#3"",""entered"":null,""rt"":9.6540320999920368,""note"":""probe_digit#3""}",2,0.016667,60.000000,1
Sergio_G01_CNS-LLF5RV3D8,cpeeg02,ses04,20260810_141523,2026-08-10 14:16:15.537958,NaN,8,probe,DIGIT3_OFF,148,2026-08-10 14:25:53.184384,577.604622,0.000000,,4,,,,keyboard,digit#3 off,"{""value"":4,""note"":""digit#3 off"",""pd_used"":0}",2,0.016667,60.000000,1
Sergio_G01_CNS-LLF5RV3D8,cpeeg02,ses04,20260810_141523,2026-08-10 14:16:15.537958,NaN,8,probe,POSTDIG_FIX3_ON,153,2026-08-10 14:25:53.185155,577.604622,1.961160,,,,,,keyboard,after digit#3,"{""note"":""after digit#3""}",2,0.016667,60.000000,1
Sergio_G01_CNS-LLF5RV3D8,cpeeg02,ses04,20260810_141523,2026-08-10 14:16:15.537958,NaN,8,probe,POSTDIG_FIX3_OFF,158,2026-08-10 14:25:55.145615,579.565781,0.046334,,,,,,keyboard,after digit#3,"{""note"":""after digit#3"",""pd_used"":0}",2,0.016667,60.000000,1
Sergio_G01_CNS-LLF5RV3D8,cpeeg02,ses04,20260810_141523,2026-08-10 14:16:15.537958,NaN,8,probe,DIGIT_RECALL_LINE_4,164,2026-08-10 14:25:55.197013,579.612115,1.303131,,4,,,,keyboard,next recall question,"{""value"":4,""note"":""next recall question"",""pd_used"":1}",2,0.016667,60.000000,1
Sergio_G01_CNS-LLF5RV3D8,cpeeg02,ses04,20260810_141523,2026-08-10 14:16:15.537958,NaN,8,probe,PROBE_DIGIT_OK_4,71,2026-08-10 14:25:56.853596,580.915246,0.497663,13.419559,slot#4,NaN,,,keyboard,probe_digit#4,"{""value"":""slot#4"",""entered"":null,""rt"":13.419559499947354,""note"":""probe_digit#4""}",2,0.016667,60.000000,1
Sergio_G01_CNS-LLF5RV3D8,cpeeg02,ses04,20260810_141523,2026-08-10 14:16:15.537958,NaN,8,probe,DIGIT4_OFF,149,2026-08-10 14:25:56.992832,581.412908,0.000000,,4,,,,keyboard,digit#4 off,"{""value"":4,""note"":""digit#4 off"",""pd_used"":0}",2,0.016667,60.000000,1
Sergio_G01_CNS-LLF5RV3D8,cpeeg02,ses04,20260810_141523,2026-08-10 14:16:15.537958,NaN,8,probe,POSTDIG_FIX4_ON,154,2026-08-10 14:25:56.993627,581.412908,1.895032,,,,,,keyboard,after digit#4,"{""note"":""after digit#4""}",2,0.016667,60.000000,1
Sergio_G01_CNS-LLF5RV3D8,cpeeg02,ses04,20260810_141523,2026-08-10 14:16:15.537958,NaN,8,probe,POSTDIG_FIX4_OFF,159,2026-08-10 14:25:58.887921,583.307940,0.046403,,,,,,keyboard,after digit#4,"{""note"":""after digit#4"",""pd_used"":0}",2,0.016667,60.000000,1
Sergio_G01_CNS-LLF5RV3D8,cpeeg02,ses04,20260810_141523,2026-08-10 14:16:15.537958,NaN,8,probe,DIGIT_RECALL_LINE_5,165,2026-08-10 14:25:58.939717,583.354342,4.229976,,5,,,,keyboard,next recall question,"{""value"":5,""note"":""next recall question"",""pd_used"":1}",2,0.016667,60.000000,1
Sergio_G01_CNS-LLF5RV3D8,cpeeg02,ses04,20260810_141523,2026-08-10 14:16:15.537958,NaN,8,probe,PROBE_DIGIT_OK_5,71,2026-08-10 14:26:03.752814,587.584318,0.737947,20.088632,slot#5,NaN,,,keyboard,probe_digit#5,"{""value"":""slot#5"",""entered"":null,""rt"":20.08863199991174,""note"":""probe_digit#5""}",2,0.016667,60.000000,1
Sergio_G01_CNS-LLF5RV3D8,cpeeg02,ses04,20260810_141523,2026-08-10 14:16:15.537958,NaN,8,probe,DIGIT5_OFF,150,2026-08-10 14:26:03.901987,588.322265,0.000000,,4,,,,keyboard,digit#5 off,"{""value"":4,""note"":""digit#5 off"",""pd_used"":0}",2,0.016667,60.000000,1
Sergio_G01_CNS-LLF5RV3D8,cpeeg02,ses04,20260810_141523,2026-08-10 14:16:15.537958,NaN,8,probe,POSTDIG_FIX5_ON,155,2026-08-10 14:26:03.902755,588.322265,3.162572,,,,,,keyboard,after digit#5,"{""note"":""after digit#5""}",2,0.016667,60.000000,1
Sergio_G01_CNS-LLF5RV3D8,cpeeg02,ses04,20260810_141523,2026-08-10 14:16:15.537958,NaN,8,probe,POSTDIG_FIX5_OFF,160,2026-08-10 14:26:07.064784,591.484837,0.043779,,,,,,keyboard,after digit#5,"{""note"":""after digit#5"",""pd_used"":0}",2,0.016667,60.000000,1
Sergio_G01_CNS-LLF5RV3D8,cpeeg02,ses04,20260810_141523,2026-08-10 14:16:15.537958,NaN,8,probe,PROBE_DONE,73,2026-08-10 14:26:07.066538,591.528616,0.000674,,,,,,keyboard,probe complete,"{""value"":"""",""note"":""probe complete""}",2,0.016667,60.000000,1
Sergio_G01_CNS-LLF5RV3D8,cpeeg02,ses04,20260810_141523,2026-08-10 14:16:15.537958,NaN,8,probe,TRIAL_END,21,2026-08-10 14:26:07.067116,591.529290,0.115427,,,,,,keyboard,,{},2,0.016667,60.000000,1
Sergio_G01_CNS-LLF5RV3D8,cpeeg02,ses04,20260810_141523,2026-08-10 14:16:15.537958,NaN,9,probe,TRIAL_CHANGE,22,2026-08-10 14:26:07.182818,591.644717,0.001420,,,,,,keyboard,trial transition,"{""note"":""trial transition""}",2,0.016667,60.000000,1
Sergio_G01_CNS-LLF5RV3D8,cpeeg02,ses04,20260810_141523,2026-08-10 14:16:15.537958,NaN,9,probe,TRIAL_START,20,2026-08-10 14:26:07.184226,591.646137,0.043304,,,,,,keyboard,,{},2,0.016667,60.000000,1
Sergio_G01_CNS-LLF5RV3D8,cpeeg02,ses04,20260810_141523,2026-08-10 14:16:15.537958,NaN,9,fix1,FIX1_ON,30,2026-08-10 14:26:07.277947,591.689441,3.414390,,,,,,keyboard,,"{""pd_used"":0}",2,0.016667,60.000000,1
Sergio_G01_CNS-LLF5RV3D8,cpeeg02,ses04,20260810_141523,2026-08-10 14:16:15.537958,NaN,9,fix1,FIX1_OFF,31,2026-08-10 14:26:10.684288,595.103831,0.044704,,,,,,keyboard,,"{""pd_used"":0}",2,0.016667,60.000000,1
Sergio_G01_CNS-LLF5RV3D8,cpeeg02,ses04,20260810_141523,2026-08-10 14:16:15.537958,NaN,9,digit,DIGIT1_ON,141,2026-08-10 14:26:10.735898,595.148535,0.551594,,2,,,,keyboard,digit#1 shown,"{""value"":2,""note"":""digit#1 shown"",""pd_used"":1}",2,0.016667,60.000000,1
Sergio_G01_CNS-LLF5RV3D8,cpeeg02,ses04,20260810_141523,2026-08-10 14:16:15.537958,NaN,9,digit,DIGIT1_OFF,146,2026-08-10 14:26:11.279918,595.700129,0.000000,,2,,,,keyboard,digit#1 off,"{""value"":2,""note"":""digit#1 off"",""pd_used"":0}",2,0.016667,60.000000,1
Sergio_G01_CNS-LLF5RV3D8,cpeeg02,ses04,20260810_141523,2026-08-10 14:16:15.537958,NaN,9,digit,POSTDIG_FIX1_ON,151,2026-08-10 14:26:11.280695,595.700129,2.024572,,,,,,keyboard,after digit#1,"{""note"":""after digit#1""}",2,0.016667,60.000000,1
Sergio_G01_CNS-LLF5RV3D8,cpeeg02,ses04,20260810_141523,2026-08-10 14:16:15.537958,NaN,9,digit,POSTDIG_FIX1_OFF,156,2026-08-10 14:26:13.304677,597.724701,0.044237,,,,,,keyboard,after digit#1,"{""note"":""after digit#1"",""pd_used"":0}",2,0.016667,60.000000,1
Sergio_G01_CNS-LLF5RV3D8,cpeeg02,ses04,20260810_141523,2026-08-10 14:16:15.537958,NaN,9,digit,DIGIT2_ON,142,2026-08-10 14:26:13.356237,597.768938,0.551637,,4,,,,keyboard,digit#2 shown,"{""value"":4,""note"":""digit#2 shown"",""pd_used"":1}",2,0.016667,60.000000,1
Sergio_G01_CNS-LLF5RV3D8,cpeeg02,ses04,20260810_141523,2026-08-10 14:16:15.537958,NaN,9,digit,DIGIT2_OFF,147,2026-08-10 14:26:13.900592,598.320575,0.000000,,4,,,,keyboard,digit#2 off,"{""value"":4,""note"":""digit#2 off"",""pd_used"":0}",2,0.016667,60.000000,1
Sergio_G01_CNS-LLF5RV3D8,cpeeg02,ses04,20260810_141523,2026-08-10 14:16:15.537958,NaN,9,digit,POSTDIG_FIX2_ON,152,2026-08-10 14:26:13.901383,598.320575,1.766642,,,,,,keyboard,after digit#2,"{""note"":""after digit#2""}",2,0.016667,60.000000,1
Sergio_G01_CNS-LLF5RV3D8,cpeeg02,ses04,20260810_141523,2026-08-10 14:16:15.537958,NaN,9,digit,POSTDIG_FIX2_OFF,157,2026-08-10 14:26:15.667064,600.087218,0.044037,,,,,,keyboard,after digit#2,"{""note"":""after digit#2"",""pd_used"":0}",2,0.016667,60.000000,1
Sergio_G01_CNS-LLF5RV3D8,cpeeg02,ses04,20260810_141523,2026-08-10 14:16:15.537958,NaN,9,digit,DIGIT3_ON,143,2026-08-10 14:26:15.718318,600.131255,0.551265,,6,,,,keyboard,digit#3 shown,"{""value"":6,""note"":""digit#3 shown"",""pd_used"":1}",2,0.016667,60.000000,1
Sergio_G01_CNS-LLF5RV3D8,cpeeg02,ses04,20260810_141523,2026-08-10 14:16:15.537958,NaN,9,digit,DIGIT3_OFF,148,2026-08-10 14:26:16.262515,600.682520,0.000000,,6,,,,keyboard,digit#3 off,"{""value"":6,""note"":""digit#3 off"",""pd_used"":0}",2,0.016667,60.000000,1
Sergio_G01_CNS-LLF5RV3D8,cpeeg02,ses04,20260810_141523,2026-08-10 14:16:15.537958,NaN,9,digit,POSTDIG_FIX3_ON,153,2026-08-10 14:26:16.263310,600.682520,1.611174,,,,,,keyboard,after digit#3,"{""note"":""after digit#3""}",2,0.016667,60.000000,1
Sergio_G01_CNS-LLF5RV3D8,cpeeg02,ses04,20260810_141523,2026-08-10 14:16:15.537958,NaN,9,digit,POSTDIG_FIX3_OFF,158,2026-08-10 14:26:17.873909,602.293694,0.044419,,,,,,keyboard,after digit#3,"{""note"":""after digit#3"",""pd_used"":0}",2,0.016667,60.000000,1
Sergio_G01_CNS-LLF5RV3D8,cpeeg02,ses04,20260810_141523,2026-08-10 14:16:15.537958,NaN,9,digit,DIGIT4_ON,144,2026-08-10 14:26:17.925373,602.338113,0.551679,,5,,,,keyboard,digit#4 shown,"{""value"":5,""note"":""digit#4 shown"",""pd_used"":1}",2,0.016667,60.000000,1
Sergio_G01_CNS-LLF5RV3D8,cpeeg02,ses04,20260810_141523,2026-08-10 14:16:15.537958,NaN,9,digit,DIGIT4_OFF,149,2026-08-10 14:26:18.469575,602.889792,0.000000,,5,,,,keyboard,digit#4 off,"{""value"":5,""note"":""digit#4 off"",""pd_used"":0}",2,0.016667,60.000000,1
Sergio_G01_CNS-LLF5RV3D8,cpeeg02,ses04,20260810_141523,2026-08-10 14:16:15.537958,NaN,9,digit,POSTDIG_FIX4_ON,154,2026-08-10 14:26:18.470376,602.889792,1.853034,,,,,,keyboard,after digit#4,"{""note"":""after digit#4""}",2,0.016667,60.000000,1
Sergio_G01_CNS-LLF5RV3D8,cpeeg02,ses04,20260810_141523,2026-08-10 14:16:15.537958,NaN,9,digit,POSTDIG_FIX4_OFF,159,2026-08-10 14:26:20.322822,604.742827,0.044217,,,,,,keyboard,after digit#4,"{""note"":""after digit#4"",""pd_used"":0}",2,0.016667,60.000000,1
Sergio_G01_CNS-LLF5RV3D8,cpeeg02,ses04,20260810_141523,2026-08-10 14:16:15.537958,NaN,9,digit,DIGIT5_ON,145,2026-08-10 14:26:20.374262,604.787043,0.551472,,7,,,,keyboard,digit#5 shown,"{""value"":7,""note"":""digit#5 shown"",""pd_used"":1}",2,0.016667,60.000000,1
Sergio_G01_CNS-LLF5RV3D8,cpeeg02,ses04,20260810_141523,2026-08-10 14:16:15.537958,NaN,9,digit,DIGIT5_OFF,150,2026-08-10 14:26:20.918434,605.338515,0.000000,,7,,,,keyboard,digit#5 off,"{""value"":7,""note"":""digit#5 off"",""pd_used"":0}",2,0.016667,60.000000,1
Sergio_G01_CNS-LLF5RV3D8,cpeeg02,ses04,20260810_141523,2026-08-10 14:16:15.537958,NaN,9,digit,POSTDIG_FIX5_ON,155,2026-08-10 14:26:20.919248,605.338515,3.332478,,,,,,keyboard,after digit#5,"{""note"":""after digit#5""}",2,0.016667,60.000000,1
Sergio_G01_CNS-LLF5RV3D8,cpeeg02,ses04,20260810_141523,2026-08-10 14:16:15.537958,NaN,9,digit,POSTDIG_FIX5_OFF,160,2026-08-10 14:26:24.251079,608.670993,0.044482,,,,,,keyboard,after digit#5,"{""note"":""after digit#5"",""pd_used"":0}",2,0.016667,60.000000,1
Sergio_G01_CNS-LLF5RV3D8,cpeeg02,ses04,20260810_141523,2026-08-10 14:16:15.537958,NaN,9,distractor,DISTRACTOR_ON,50,2026-08-10 14:26:24.302563,608.715475,4.289734,,9+0=9,,,,keyboard,,"{""value"":""9+0=9"",""isCorrectTruth"":true,""trueSum"":9,""pd_used"":1}",2,0.016667,60.000000,1
Sergio_G01_CNS-LLF5RV3D8,cpeeg02,ses04,20260810_141523,2026-08-10 14:16:15.537958,NaN,9,distractor,DISTRACTOR_ANS,51,2026-08-10 14:26:29.051358,613.005209,0.000000,4.289734,9+0=9,F,0,,keyboard,key= (False),"{""value"":""9+0=9"",""entered"":""F"",""rt"":4.2897339999908581,""correct"":0,""note"":""key= (False)"",""truth"":true,""trueSum"":9,""shownSum"":9,""a"":9,""b"":0}",2,0.016667,60.000000,1
Sergio_G01_CNS-LLF5RV3D8,cpeeg02,ses04,20260810_141523,2026-08-10 14:16:15.537958,NaN,9,distractor,ANS_WRONG,200,2026-08-10 14:26:29.093802,613.005209,0.552956,,,,,,keyboard,,{},2,0.016667,60.000000,1
Sergio_G01_CNS-LLF5RV3D8,cpeeg02,ses04,20260810_141523,2026-08-10 14:16:15.537958,NaN,9,distractor,DISTRACTOR_OFF,52,2026-08-10 14:26:29.145167,613.558165,0.000000,,,,,,keyboard,,"{""pd_used"":0}",2,0.016667,60.000000,1
Sergio_G01_CNS-LLF5RV3D8,cpeeg02,ses04,20260810_141523,2026-08-10 14:16:15.537958,NaN,9,distractor,FIX2_ON,60,2026-08-10 14:26:29.145880,613.558165,3.427364,,,,,,keyboard,immediate after response,"{""note"":""immediate after response""}",2,0.016667,60.000000,1
Sergio_G01_CNS-LLF5RV3D8,cpeeg02,ses04,20260810_141523,2026-08-10 14:16:15.537958,NaN,9,fix2,FIX2_OFF,61,2026-08-10 14:26:32.565464,616.985529,0.044053,,,,,,keyboard,,"{""pd_used"":0}",2,0.016667,60.000000,1
Sergio_G01_CNS-LLF5RV3D8,cpeeg02,ses04,20260810_141523,2026-08-10 14:16:15.537958,NaN,9,probe,DIGIT_RECALL_LINE_1,161,2026-08-10 14:26:32.616732,617.029582,1.641098,,1,,,,keyboard,first recall question,"{""value"":1,""note"":""first recall question"",""pd_used"":1}",2,0.016667,60.000000,1
Sergio_G01_CNS-LLF5RV3D8,cpeeg02,ses04,20260810_141523,2026-08-10 14:16:15.537958,NaN,9,probe,PROBE_DIGIT_OK_1,71,2026-08-10 14:26:34.704134,618.670680,0.598662,1.642310,slot#1,NaN,,,keyboard,probe_digit#1,"{""value"":""slot#1"",""entered"":null,""rt"":1.6423099000239745,""note"":""probe_digit#1""}",2,0.016667,60.000000,1
Sergio_G01_CNS-LLF5RV3D8,cpeeg02,ses04,20260810_141523,2026-08-10 14:16:15.537958,NaN,9,probe,DIGIT1_OFF,146,2026-08-10 14:26:34.849127,619.269342,0.000000,,7,,,,keyboard,digit#1 off,"{""value"":7,""note"":""digit#1 off"",""pd_used"":0}",2,0.016667,60.000000,1
Sergio_G01_CNS-LLF5RV3D8,cpeeg02,ses04,20260810_141523,2026-08-10 14:16:15.537958,NaN,9,probe,POSTDIG_FIX1_ON,151,2026-08-10 14:26:34.849901,619.269342,1.773728,,,,,,keyboard,after digit#1,"{""note"":""after digit#1""}",2,0.016667,60.000000,1
Sergio_G01_CNS-LLF5RV3D8,cpeeg02,ses04,20260810_141523,2026-08-10 14:16:15.537958,NaN,9,probe,POSTDIG_FIX1_OFF,156,2026-08-10 14:26:36.623000,621.043070,0.046617,,,,,,keyboard,after digit#1,"{""note"":""after digit#1"",""pd_used"":0}",2,0.016667,60.000000,1
Sergio_G01_CNS-LLF5RV3D8,cpeeg02,ses04,20260810_141523,2026-08-10 14:16:15.537958,NaN,9,probe,DIGIT_RECALL_LINE_2,162,2026-08-10 14:26:36.674563,621.089687,1.699895,,2,,,,keyboard,next recall question,"{""value"":2,""note"":""next recall question"",""pd_used"":1}",2,0.016667,60.000000,1
Sergio_G01_CNS-LLF5RV3D8,cpeeg02,ses04,20260810_141523,2026-08-10 14:16:15.537958,NaN,9,probe,PROBE_DIGIT_OK_2,71,2026-08-10 14:26:38.764549,622.789582,0.536065,5.761212,slot#2,NaN,,,keyboard,probe_digit#2,"{""value"":""slot#2"",""entered"":null,""rt"":5.7612116999225691,""note"":""probe_digit#2""}",2,0.016667,60.000000,1
Sergio_G01_CNS-LLF5RV3D8,cpeeg02,ses04,20260810_141523,2026-08-10 14:16:15.537958,NaN,9,probe,DIGIT2_OFF,147,2026-08-10 14:26:38.905520,623.325647,0.000000,,7,,,,keyboard,digit#2 off,"{""value"":7,""note"":""digit#2 off"",""pd_used"":0}",2,0.016667,60.000000,1
Sergio_G01_CNS-LLF5RV3D8,cpeeg02,ses04,20260810_141523,2026-08-10 14:16:15.537958,NaN,9,probe,POSTDIG_FIX2_ON,152,2026-08-10 14:26:38.906299,623.325647,1.942795,,,,,,keyboard,after digit#2,"{""note"":""after digit#2""}",2,0.016667,60.000000,1
Sergio_G01_CNS-LLF5RV3D8,cpeeg02,ses04,20260810_141523,2026-08-10 14:16:15.537958,NaN,9,probe,POSTDIG_FIX2_OFF,157,2026-08-10 14:26:40.848597,625.268442,0.046835,,,,,,keyboard,after digit#2,"{""note"":""after digit#2"",""pd_used"":0}",2,0.016667,60.000000,1
Sergio_G01_CNS-LLF5RV3D8,cpeeg02,ses04,20260810_141523,2026-08-10 14:16:15.537958,NaN,9,probe,DIGIT_RECALL_LINE_3,163,2026-08-10 14:26:40.899876,625.315277,1.087690,,3,,,,keyboard,next recall question,"{""value"":3,""note"":""next recall question"",""pd_used"":1}",2,0.016667,60.000000,1
Sergio_G01_CNS-LLF5RV3D8,cpeeg02,ses04,20260810_141523,2026-08-10 14:16:15.537958,NaN,9,probe,PROBE_DIGIT_OK_3,71,2026-08-10 14:26:42.465531,626.402967,0.624300,9.374597,slot#3,NaN,,,keyboard,probe_digit#3,"{""value"":""slot#3"",""entered"":null,""rt"":9.3745969999581575,""note"":""probe_digit#3""}",2,0.016667,60.000000,1
Sergio_G01_CNS-LLF5RV3D8,cpeeg02,ses04,20260810_141523,2026-08-10 14:16:15.537958,NaN,9,probe,DIGIT3_OFF,148,2026-08-10 14:26:42.607094,627.027267,0.000000,,7,,,,keyboard,digit#3 off,"{""value"":7,""note"":""digit#3 off"",""pd_used"":0}",2,0.016667,60.000000,1
Sergio_G01_CNS-LLF5RV3D8,cpeeg02,ses04,20260810_141523,2026-08-10 14:16:15.537958,NaN,9,probe,POSTDIG_FIX3_ON,153,2026-08-10 14:26:42.607873,627.027267,1.757628,,,,,,keyboard,after digit#3,"{""note"":""after digit#3""}",2,0.016667,60.000000,1
Sergio_G01_CNS-LLF5RV3D8,cpeeg02,ses04,20260810_141523,2026-08-10 14:16:15.537958,NaN,9,probe,POSTDIG_FIX3_OFF,158,2026-08-10 14:26:44.364706,628.784895,0.046137,,,,,,keyboard,after digit#3,"{""note"":""after digit#3"",""pd_used"":0}",2,0.016667,60.000000,1
Sergio_G01_CNS-LLF5RV3D8,cpeeg02,ses04,20260810_141523,2026-08-10 14:16:15.537958,NaN,9,probe,DIGIT_RECALL_LINE_4,164,2026-08-10 14:26:44.416160,628.831033,0.980668,,4,,,,keyboard,next recall question,"{""value"":4,""note"":""next recall question"",""pd_used"":1}",2,0.016667,60.000000,1
Sergio_G01_CNS-LLF5RV3D8,cpeeg02,ses04,20260810_141523,2026-08-10 14:16:15.537958,NaN,9,probe,PROBE_DIGIT_OK_4,71,2026-08-10 14:26:45.662876,629.811701,0.417929,12.783331,slot#4,NaN,,,keyboard,probe_digit#4,"{""value"":""slot#4"",""entered"":null,""rt"":12.783330700010993,""note"":""probe_digit#4""}",2,0.016667,60.000000,1
Sergio_G01_CNS-LLF5RV3D8,cpeeg02,ses04,20260810_141523,2026-08-10 14:16:15.537958,NaN,9,probe,DIGIT4_OFF,149,2026-08-10 14:26:45.809387,630.229629,0.000000,,7,,,,keyboard,digit#4 off,"{""value"":7,""note"":""digit#4 off"",""pd_used"":0}",2,0.016667,60.000000,1
Sergio_G01_CNS-LLF5RV3D8,cpeeg02,ses04,20260810_141523,2026-08-10 14:16:15.537958,NaN,9,probe,POSTDIG_FIX4_ON,154,2026-08-10 14:26:45.810148,630.229629,1.953114,,,,,,keyboard,after digit#4,"{""note"":""after digit#4""}",2,0.016667,60.000000,1
Sergio_G01_CNS-LLF5RV3D8,cpeeg02,ses04,20260810_141523,2026-08-10 14:16:15.537958,NaN,9,probe,POSTDIG_FIX4_OFF,159,2026-08-10 14:26:47.762707,632.182743,0.046424,,,,,,keyboard,after digit#4,"{""note"":""after digit#4"",""pd_used"":0}",2,0.016667,60.000000,1
Sergio_G01_CNS-LLF5RV3D8,cpeeg02,ses04,20260810_141523,2026-08-10 14:16:15.537958,NaN,9,probe,DIGIT_RECALL_LINE_5,165,2026-08-10 14:26:47.814086,632.229167,2.633940,,5,,,,keyboard,next recall question,"{""value"":5,""note"":""next recall question"",""pd_used"":1}",2,0.016667,60.000000,1
Sergio_G01_CNS-LLF5RV3D8,cpeeg02,ses04,20260810_141523,2026-08-10 14:16:15.537958,NaN,9,probe,PROBE_DIGIT_OK_5,71,2026-08-10 14:26:50.951864,634.863108,0.651767,17.834738,slot#5,NaN,,,keyboard,probe_digit#5,"{""value"":""slot#5"",""entered"":null,""rt"":17.834737599943765,""note"":""probe_digit#5""}",2,0.016667,60.000000,1
Sergio_G01_CNS-LLF5RV3D8,cpeeg02,ses04,20260810_141523,2026-08-10 14:16:15.537958,NaN,9,probe,DIGIT5_OFF,150,2026-08-10 14:26:51.094678,635.514874,0.000000,,7,,,,keyboard,digit#5 off,"{""value"":7,""note"":""digit#5 off"",""pd_used"":0}",2,0.016667,60.000000,1
Sergio_G01_CNS-LLF5RV3D8,cpeeg02,ses04,20260810_141523,2026-08-10 14:16:15.537958,NaN,9,probe,POSTDIG_FIX5_ON,155,2026-08-10 14:26:51.095464,635.514874,3.424066,,,,,,keyboard,after digit#5,"{""note"":""after digit#5""}",2,0.016667,60.000000,1
Sergio_G01_CNS-LLF5RV3D8,cpeeg02,ses04,20260810_141523,2026-08-10 14:16:15.537958,NaN,9,probe,POSTDIG_FIX5_OFF,160,2026-08-10 14:26:54.519049,638.938941,0.044047,,,,,,keyboard,after digit#5,"{""note"":""after digit#5"",""pd_used"":0}",2,0.016667,60.000000,1
Sergio_G01_CNS-LLF5RV3D8,cpeeg02,ses04,20260810_141523,2026-08-10 14:16:15.537958,NaN,9,probe,PROBE_DONE,73,2026-08-10 14:26:54.520946,638.982988,0.000717,,,,,,keyboard,probe complete,"{""value"":"""",""note"":""probe complete""}",2,0.016667,60.000000,1
Sergio_G01_CNS-LLF5RV3D8,cpeeg02,ses04,20260810_141523,2026-08-10 14:16:15.537958,NaN,9,probe,TRIAL_END,21,2026-08-10 14:26:54.521512,638.983706,0.102189,,,,,,keyboard,,{},2,0.016667,60.000000,1
Sergio_G01_CNS-LLF5RV3D8,cpeeg02,ses04,20260810_141523,2026-08-10 14:16:15.537958,NaN,10,probe,TRIAL_CHANGE,22,2026-08-10 14:26:54.623950,639.085894,0.001014,,,,,,keyboard,trial transition,"{""note"":""trial transition""}",2,0.016667,60.000000,1
Sergio_G01_CNS-LLF5RV3D8,cpeeg02,ses04,20260810_141523,2026-08-10 14:16:15.537958,NaN,10,probe,TRIAL_START,20,2026-08-10 14:26:54.624836,639.086908,0.043874,,,,,,keyboard,,{},2,0.016667,60.000000,1
Sergio_G01_CNS-LLF5RV3D8,cpeeg02,ses04,20260810_141523,2026-08-10 14:16:15.537958,NaN,10,fix1,FIX1_ON,30,2026-08-10 14:26:54.719513,639.130782,3.279618,,,,,,keyboard,,"{""pd_used"":0}",2,0.016667,60.000000,1
Sergio_G01_CNS-LLF5RV3D8,cpeeg02,ses04,20260810_141523,2026-08-10 14:16:15.537958,NaN,10,fix1,FIX1_OFF,31,2026-08-10 14:26:57.990277,642.410400,0.044262,,,,,,keyboard,,"{""pd_used"":0}",2,0.016667,60.000000,1
Sergio_G01_CNS-LLF5RV3D8,cpeeg02,ses04,20260810_141523,2026-08-10 14:16:15.537958,NaN,10,digit,DIGIT1_ON,141,2026-08-10 14:26:58.041737,642.454661,0.551418,,6,,,,keyboard,digit#1 shown,"{""value"":6,""note"":""digit#1 shown"",""pd_used"":1}",2,0.016667,60.000000,1
Sergio_G01_CNS-LLF5RV3D8,cpeeg02,ses04,20260810_141523,2026-08-10 14:16:15.537958,NaN,10,digit,DIGIT1_OFF,146,2026-08-10 14:26:58.586004,643.006079,0.000000,,6,,,,keyboard,digit#1 off,"{""value"":6,""note"":""digit#1 off"",""pd_used"":0}",2,0.016667,60.000000,1
Sergio_G01_CNS-LLF5RV3D8,cpeeg02,ses04,20260810_141523,2026-08-10 14:16:15.537958,NaN,10,digit,POSTDIG_FIX1_ON,151,2026-08-10 14:26:58.587409,643.006079,1.938606,,,,,,keyboard,after digit#1,"{""note"":""after digit#1""}",2,0.016667,60.000000,1
Sergio_G01_CNS-LLF5RV3D8,cpeeg02,ses04,20260810_141523,2026-08-10 14:16:15.537958,NaN,10,digit,POSTDIG_FIX1_OFF,156,2026-08-10 14:27:00.524770,644.944685,0.044523,,,,,,keyboard,after digit#1,"{""note"":""after digit#1"",""pd_used"":0}",2,0.016667,60.000000,1
Sergio_G01_CNS-LLF5RV3D8,cpeeg02,ses04,20260810_141523,2026-08-10 14:16:15.537958,NaN,10,digit,DIGIT2_ON,142,2026-08-10 14:27:00.576237,644.989208,0.551122,,2,,,,keyboard,digit#2 shown,"{""value"":2,""note"":""digit#2 shown"",""pd_used"":1}",2,0.016667,60.000000,1
Sergio_G01_CNS-LLF5RV3D8,cpeeg02,ses04,20260810_141523,2026-08-10 14:16:15.537958,NaN,10,digit,DIGIT2_OFF,147,2026-08-10 14:27:01.120282,645.540330,0.000000,,2,,,,keyboard,digit#2 off,"{""value"":2,""note"":""digit#2 off"",""pd_used"":0}",2,0.016667,60.000000,1
Sergio_G01_CNS-LLF5RV3D8,cpeeg02,ses04,20260810_141523,2026-08-10 14:16:15.537958,NaN,10,digit,POSTDIG_FIX2_ON,152,2026-08-10 14:27:01.121053,645.540330,1.673288,,,,,,keyboard,after digit#2,"{""note"":""after digit#2""}",2,0.016667,60.000000,1
Sergio_G01_CNS-LLF5RV3D8,cpeeg02,ses04,20260810_141523,2026-08-10 14:16:15.537958,NaN,10,digit,POSTDIG_FIX2_OFF,157,2026-08-10 14:27:02.793545,647.213618,0.044405,,,,,,keyboard,after digit#2,"{""note"":""after digit#2"",""pd_used"":0}",2,0.016667,60.000000,1
Sergio_G01_CNS-LLF5RV3D8,cpeeg02,ses04,20260810_141523,2026-08-10 14:16:15.537958,NaN,10,digit,DIGIT3_ON,143,2026-08-10 14:27:02.845303,647.258024,0.551582,,1,,,,keyboard,digit#3 shown,"{""value"":1,""note"":""digit#3 shown"",""pd_used"":1}",2,0.016667,60.000000,1
Sergio_G01_CNS-LLF5RV3D8,cpeeg02,ses04,20260810_141523,2026-08-10 14:16:15.537958,NaN,10,digit,DIGIT3_OFF,148,2026-08-10 14:27:03.389482,647.809606,0.000000,,1,,,,keyboard,digit#3 off,"{""value"":1,""note"":""digit#3 off"",""pd_used"":0}",2,0.016667,60.000000,1
Sergio_G01_CNS-LLF5RV3D8,cpeeg02,ses04,20260810_141523,2026-08-10 14:16:15.537958,NaN,10,digit,POSTDIG_FIX3_ON,153,2026-08-10 14:27:03.390270,647.809606,1.858867,,,,,,keyboard,after digit#3,"{""note"":""after digit#3""}",2,0.016667,60.000000,1
Sergio_G01_CNS-LLF5RV3D8,cpeeg02,ses04,20260810_141523,2026-08-10 14:16:15.537958,NaN,10,digit,POSTDIG_FIX3_OFF,158,2026-08-10 14:27:05.248221,649.668474,0.044043,,,,,,keyboard,after digit#3,"{""note"":""after digit#3"",""pd_used"":0}",2,0.016667,60.000000,1
Sergio_G01_CNS-LLF5RV3D8,cpeeg02,ses04,20260810_141523,2026-08-10 14:16:15.537958,NaN,10,digit,DIGIT4_ON,144,2026-08-10 14:27:05.299755,649.712517,0.551535,,7,,,,keyboard,digit#4 shown,"{""value"":7,""note"":""digit#4 shown"",""pd_used"":1}",2,0.016667,60.000000,1
Sergio_G01_CNS-LLF5RV3D8,cpeeg02,ses04,20260810_141523,2026-08-10 14:16:15.537958,NaN,10,digit,DIGIT4_OFF,149,2026-08-10 14:27:05.844185,650.264052,0.000000,,7,,,,keyboard,digit#4 off,"{""value"":7,""note"":""digit#4 off"",""pd_used"":0}",2,0.016667,60.000000,1
Sergio_G01_CNS-LLF5RV3D8,cpeeg02,ses04,20260810_141523,2026-08-10 14:16:15.537958,NaN,10,digit,POSTDIG_FIX4_ON,154,2026-08-10 14:27:05.844958,650.264052,1.584145,,,,,,keyboard,after digit#4,"{""note"":""after digit#4""}",2,0.016667,60.000000,1
Sergio_G01_CNS-LLF5RV3D8,cpeeg02,ses04,20260810_141523,2026-08-10 14:16:15.537958,NaN,10,digit,POSTDIG_FIX4_OFF,159,2026-08-10 14:27:07.427961,651.848197,0.043987,,,,,,keyboard,after digit#4,"{""note"":""after digit#4"",""pd_used"":0}",2,0.016667,60.000000,1
Sergio_G01_CNS-LLF5RV3D8,cpeeg02,ses04,20260810_141523,2026-08-10 14:16:15.537958,NaN,10,digit,DIGIT5_ON,145,2026-08-10 14:27:07.479464,651.892184,0.551573,,1,,,,keyboard,digit#5 shown,"{""value"":1,""note"":""digit#5 shown"",""pd_used"":1}",2,0.016667,60.000000,1
Sergio_G01_CNS-LLF5RV3D8,cpeeg02,ses04,20260810_141523,2026-08-10 14:16:15.537958,NaN,10,digit,DIGIT5_OFF,150,2026-08-10 14:27:08.023947,652.443757,0.000000,,1,,,,keyboard,digit#5 off,"{""value"":1,""note"":""digit#5 off"",""pd_used"":0}",2,0.016667,60.000000,1
Sergio_G01_CNS-LLF5RV3D8,cpeeg02,ses04,20260810_141523,2026-08-10 14:16:15.537958,NaN,10,digit,POSTDIG_FIX5_ON,155,2026-08-10 14:27:08.024730,652.443757,3.122394,,,,,,keyboard,after digit#5,"{""note"":""after digit#5""}",2,0.016667,60.000000,1
Sergio_G01_CNS-LLF5RV3D8,cpeeg02,ses04,20260810_141523,2026-08-10 14:16:15.537958,NaN,10,digit,POSTDIG_FIX5_OFF,160,2026-08-10 14:27:11.146152,655.566151,0.044410,,,,,,keyboard,after digit#5,"{""note"":""after digit#5"",""pd_used"":0}",2,0.016667,60.000000,1
Sergio_G01_CNS-LLF5RV3D8,cpeeg02,ses04,20260810_141523,2026-08-10 14:16:15.537958,NaN,10,distractor,DISTRACTOR_ON,50,2026-08-10 14:27:11.197686,655.610562,3.622934,,7+0=5,,,,keyboard,,"{""value"":""7+0=5"",""isCorrectTruth"":false,""trueSum"":7,""pd_used"":1}",2,0.016667,60.000000,1
Sergio_G01_CNS-LLF5RV3D8,cpeeg02,ses04,20260810_141523,2026-08-10 14:16:15.537958,NaN,10,distractor,DISTRACTOR_ANS,51,2026-08-10 14:27:15.122527,659.233496,0.000000,3.622934,7+0=5,F,1,,keyboard,key= (False),"{""value"":""7+0=5"",""entered"":""F"",""rt"":3.6229343999875709,""correct"":1,""note"":""key= (False)"",""truth"":false,""trueSum"":7,""shownSum"":5,""a"":7,""b"":0}",2,0.016667,60.000000,1
Sergio_G01_CNS-LLF5RV3D8,cpeeg02,ses04,20260810_141523,2026-08-10 14:16:15.537958,NaN,10,distractor,ANS_CORRECT,100,2026-08-10 14:27:15.166074,659.233496,0.397318,,,,,,keyboard,,{},2,0.016667,60.000000,1
Sergio_G01_CNS-LLF5RV3D8,cpeeg02,ses04,20260810_141523,2026-08-10 14:16:15.537958,NaN,10,distractor,DISTRACTOR_OFF,52,2026-08-10 14:27:15.217240,659.630814,0.000000,,,,,,keyboard,,"{""pd_used"":0}",2,0.016667,60.000000,1
Sergio_G01_CNS-LLF5RV3D8,cpeeg02,ses04,20260810_141523,2026-08-10 14:16:15.537958,NaN,10,distractor,FIX2_ON,60,2026-08-10 14:27:15.217957,659.630814,3.183073,,,,,,keyboard,immediate after response,"{""note"":""immediate after response""}",2,0.016667,60.000000,1
Sergio_G01_CNS-LLF5RV3D8,cpeeg02,ses04,20260810_141523,2026-08-10 14:16:15.537958,NaN,10,fix2,FIX2_OFF,61,2026-08-10 14:27:18.393822,662.813887,0.044413,,,,,,keyboard,,"{""pd_used"":0}",2,0.016667,60.000000,1
Sergio_G01_CNS-LLF5RV3D8,cpeeg02,ses04,20260810_141523,2026-08-10 14:16:15.537958,NaN,10,probe,DIGIT_RECALL_LINE_1,161,2026-08-10 14:27:18.445196,662.858300,5.610196,,1,,,,keyboard,first recall question,"{""value"":1,""note"":""first recall question"",""pd_used"":1}",2,0.016667,60.000000,1
Sergio_G01_CNS-LLF5RV3D8,cpeeg02,ses04,20260810_141523,2026-08-10 14:16:15.537958,NaN,10,probe,PROBE_DIGIT_OK_1,71,2026-08-10 14:27:24.354523,668.468496,0.445839,5.611731,slot#1,NaN,,,keyboard,probe_digit#1,"{""value"":""slot#1"",""entered"":null,""rt"":5.6117314000148326,""note"":""probe_digit#1""}",2,0.016667,60.000000,1
Sergio_G01_CNS-LLF5RV3D8,cpeeg02,ses04,20260810_141523,2026-08-10 14:16:15.537958,NaN,10,probe,DIGIT1_OFF,146,2026-08-10 14:27:24.494211,668.914335,0.000000,,1,,,,keyboard,digit#1 off,"{""value"":1,""note"":""digit#1 off"",""pd_used"":0}",2,0.016667,60.000000,1
Sergio_G01_CNS-LLF5RV3D8,cpeeg02,ses04,20260810_141523,2026-08-10 14:16:15.537958,NaN,10,probe,POSTDIG_FIX1_ON,151,2026-08-10 14:27:24.495648,668.914335,1.771401,,,,,,keyboard,after digit#1,"{""note"":""after digit#1""}",2,0.016667,60.000000,1
Sergio_G01_CNS-LLF5RV3D8,cpeeg02,ses04,20260810_141523,2026-08-10 14:16:15.537958,NaN,10,probe,POSTDIG_FIX1_OFF,156,2026-08-10 14:27:26.265667,670.685737,0.046304,,,,,,keyboard,after digit#1,"{""note"":""after digit#1"",""pd_used"":0}",2,0.016667,60.000000,1
Sergio_G01_CNS-LLF5RV3D8,cpeeg02,ses04,20260810_141523,2026-08-10 14:16:15.537958,NaN,10,probe,DIGIT_RECALL_LINE_2,162,2026-08-10 14:27:26.317184,670.732041,1.464673,,2,,,,keyboard,next recall question,"{""value"":2,""note"":""next recall question"",""pd_used"":1}",2,0.016667,60.000000,1
Sergio_G01_CNS-LLF5RV3D8,cpeeg02,ses04,20260810_141523,2026-08-10 14:16:15.537958,NaN,10,probe,PROBE_DIGIT_OK_2,71,2026-08-10 14:27:28.092016,672.196714,0.466197,9.339949,slot#2,NaN,,,keyboard,probe_digit#2,"{""value"":""slot#2"",""entered"":null,""rt"":9.3399492000462487,""note"":""probe_digit#2""}",2,0.016667,60.000000,1
Sergio_G01_CNS-LLF5RV3D8,cpeeg02,ses04,20260810_141523,2026-08-10 14:16:15.537958,NaN,10,probe,DIGIT2_OFF,147,2026-08-10 14:27:28.242571,672.662911,0.000000,,1,,,,keyboard,digit#2 off,"{""value"":1,""note"":""digit#2 off"",""pd_used"":0}",2,0.016667,60.000000,1
Sergio_G01_CNS-LLF5RV3D8,cpeeg02,ses04,20260810_141523,2026-08-10 14:16:15.537958,NaN,10,probe,POSTDIG_FIX2_ON,152,2026-08-10 14:27:28.243337,672.662911,2.032428,,,,,,keyboard,after digit#2,"{""note"":""after digit#2""}",2,0.016667,60.000000,1
Sergio_G01_CNS-LLF5RV3D8,cpeeg02,ses04,20260810_141523,2026-08-10 14:16:15.537958,NaN,10,probe,POSTDIG_FIX2_OFF,157,2026-08-10 14:27:30.275266,674.695339,0.046236,,,,,,keyboard,after digit#2,"{""note"":""after digit#2"",""pd_used"":0}",2,0.016667,60.000000,1
Sergio_G01_CNS-LLF5RV3D8,cpeeg02,ses04,20260810_141523,2026-08-10 14:16:15.537958,NaN,10,probe,DIGIT_RECALL_LINE_3,163,2026-08-10 14:27:30.326748,674.741575,1.567298,,3,,,,keyboard,next recall question,"{""value"":3,""note"":""next recall question"",""pd_used"":1}",2,0.016667,60.000000,1
Sergio_G01_CNS-LLF5RV3D8,cpeeg02,ses04,20260810_141523,2026-08-10 14:16:15.537958,NaN,10,probe,PROBE_DIGIT_OK_3,71,2026-08-10 14:27:32.190273,676.308873,0.443467,13.452108,slot#3,NaN,,,keyboard,probe_digit#3,"{""value"":""slot#3"",""entered"":null,""rt"":13.452108300058171,""note"":""probe_digit#3""}",2,0.016667,60.000000,1
Sergio_G01_CNS-LLF5RV3D8,cpeeg02,ses04,20260810_141523,2026-08-10 14:16:15.537958,NaN,10,probe,DIGIT3_OFF,148,2026-08-10 14:27:32.332344,676.752340,0.000000,,1,,,,keyboard,digit#3 off,"{""value"":1,""note"":""digit#3 off"",""pd_used"":0}",2,0.016667,60.000000,1
Sergio_G01_CNS-LLF5RV3D8,cpeeg02,ses04,20260810_141523,2026-08-10 14:16:15.537958,NaN,10,probe,POSTDIG_FIX3_ON,153,2026-08-10 14:27:32.333156,676.752340,1.730721,,,,,,keyboard,after digit#3,"{""note"":""after digit#3""}",2,0.016667,60.000000,1
Sergio_G01_CNS-LLF5RV3D8,cpeeg02,ses04,20260810_141523,2026-08-10 14:16:15.537958,NaN,10,probe,POSTDIG_FIX3_OFF,158,2026-08-10 14:27:34.063215,678.483061,0.046269,,,,,,keyboard,after digit#3,"{""note"":""after digit#3"",""pd_used"":0}",2,0.016667,60.000000,1
Sergio_G01_CNS-LLF5RV3D8,cpeeg02,ses04,20260810_141523,2026-08-10 14:16:15.537958,NaN,10,probe,DIGIT_RECALL_LINE_4,164,2026-08-10 14:27:34.114781,678.529330,1.874572,,4,,,,keyboard,next recall question,"{""value"":4,""note"":""next recall question"",""pd_used"":1}",2,0.016667,60.000000,1
Sergio_G01_CNS-LLF5RV3D8,cpeeg02,ses04,20260810_141523,2026-08-10 14:16:15.537958,NaN,10,probe,PROBE_DIGIT_OK_4,71,2026-08-10 14:27:36.521303,680.403902,0.681931,17.547137,slot#4,NaN,,,keyboard,probe_digit#4,"{""value"":""slot#4"",""entered"":null,""rt"":17.547137400018983,""note"":""probe_digit#4""}",2,0.016667,60.000000,1
Sergio_G01_CNS-LLF5RV3D8,cpeeg02,ses04,20260810_141523,2026-08-10 14:16:15.537958,NaN,10,probe,DIGIT4_OFF,149,2026-08-10 14:27:36.665559,681.085833,0.000000,,1,,,,keyboard,digit#4 off,"{""value"":1,""note"":""digit#4 off"",""pd_used"":0}",2,0.016667,60.000000,1
Sergio_G01_CNS-LLF5RV3D8,cpeeg02,ses04,20260810_141523,2026-08-10 14:16:15.537958,NaN,10,probe,POSTDIG_FIX4_ON,154,2026-08-10 14:27:36.666362,681.085833,1.784911,,,,,,keyboard,after digit#4,"{""note"":""after digit#4""}",2,0.016667,60.000000,1
Sergio_G01_CNS-LLF5RV3D8,cpeeg02,ses04,20260810_141523,2026-08-10 14:16:15.537958,NaN,10,probe,POSTDIG_FIX4_OFF,159,2026-08-10 14:27:38.450958,682.870745,0.046469,,,,,,keyboard,after digit#4,"{""note"":""after digit#4"",""pd_used"":0}",2,0.016667,60.000000,1
Sergio_G01_CNS-LLF5RV3D8,cpeeg02,ses04,20260810_141523,2026-08-10 14:16:15.537958,NaN,10,probe,DIGIT_RECALL_LINE_5,165,2026-08-10 14:27:38.502329,682.917214,4.690778,,5,,,,keyboard,next recall question,"{""value"":5,""note"":""next recall question"",""pd_used"":1}",2,0.016667,60.000000,1
Sergio_G01_CNS-LLF5RV3D8,cpeeg02,ses04,20260810_141523,2026-08-10 14:16:15.537958,NaN,10,probe,PROBE_DIGIT_OK_5,71,2026-08-10 14:27:43.642612,687.607992,0.605156,24.751227,slot#5,NaN,,,keyboard,probe_digit#5,"{""value"":""slot#5"",""entered"":null,""rt"":24.751227000029758,""note"":""probe_digit#5""}",2,0.016667,60.000000,1
Sergio_G01_CNS-LLF5RV3D8,cpeeg02,ses04,20260810_141523,2026-08-10 14:16:15.537958,NaN,10,probe,DIGIT5_OFF,150,2026-08-10 14:27:43.793129,688.213147,0.000000,,1,,,,keyboard,digit#5 off,"{""value"":1,""note"":""digit#5 off"",""pd_used"":0}",2,0.016667,60.000000,1
Sergio_G01_CNS-LLF5RV3D8,cpeeg02,ses04,20260810_141523,2026-08-10 14:16:15.537958,NaN,10,probe,POSTDIG_FIX5_ON,155,2026-08-10 14:27:43.793945,688.213147,3.079562,,,,,,keyboard,after digit#5,"{""note"":""after digit#5""}",2,0.016667,60.000000,1
Sergio_G01_CNS-LLF5RV3D8,cpeeg02,ses04,20260810_141523,2026-08-10 14:16:15.537958,NaN,10,probe,POSTDIG_FIX5_OFF,160,2026-08-10 14:27:46.872446,691.292710,0.043614,,,,,,keyboard,after digit#5,"{""note"":""after digit#5"",""pd_used"":0}",2,0.016667,60.000000,1
Sergio_G01_CNS-LLF5RV3D8,cpeeg02,ses04,20260810_141523,2026-08-10 14:16:15.537958,NaN,10,probe,PROBE_DONE,73,2026-08-10 14:27:46.874236,691.336323,0.000673,,,,,,keyboard,probe complete,"{""value"":"""",""note"":""probe complete""}",2,0.016667,60.000000,1
Sergio_G01_CNS-LLF5RV3D8,cpeeg02,ses04,20260810_141523,2026-08-10 14:16:15.537958,NaN,10,probe,TRIAL_END,21,2026-08-10 14:27:46.874810,691.336996,0.111808,,,,,,keyboard,,{},2,0.016667,60.000000,1
Sergio_G01_CNS-LLF5RV3D8,cpeeg02,ses04,20260810_141523,2026-08-10 14:16:15.537958,NaN,10,probe,BLOCK_END,11,2026-08-10 14:27:46.986950,691.448804,0.232641,,,,,,keyboard,,{},2,0.016667,60.000000,1
Sergio_G01_CNS-LLF5RV3D8,cpeeg02,ses04,20260810_141523,2026-08-10 14:16:15.537958,NaN,10,probe,SESSION_END,3,2026-08-10 14:27:47.219719,691.681445,NaN,,,,,,keyboard,,{},2,0.016667,60.000000,1
