file_version,subject,condition,session,task_start_time,block,trial,phase,event_name,event_code,wall_clock,t_rel_sec,duration_to_next,rt,value_shown,entered_value,correct,key_name,device,note,json,screen_index,ifi,refresh_hz,pd_used,rt_from_audio,remembered
"Sergio_G01_CNS-LLF5RV3D8","cpeeg02","ses03","20260617_123304","2026-06-17 12:34:21.301880","NaN","NaN","","MIC_NOISEFLOOR","6","2026-06-17 12:34:26.318936","5.016897","4.131061","","","","","","keyboard","","{}","2","NaN","NaN","1","",""
"Sergio_G01_CNS-LLF5RV3D8","cpeeg02","ses03","20260617_123304","2026-06-17 12:34:21.301880","NaN","NaN","","MIC_REC_SPEECH","7","2026-06-17 12:34:30.449887","9.147958","6.656462","","","","","","keyboard","","{}","2","NaN","NaN","1","",""
"Sergio_G01_CNS-LLF5RV3D8","cpeeg02","ses03","20260617_123304","2026-06-17 12:34:21.301880","NaN","NaN","","SESSION_START","1","2026-06-17 12:35:44.411335","83.109275","0.001106","","","","","","keyboard","","{}","2","0.016667","60.000000","1","",""
"Sergio_G01_CNS-LLF5RV3D8","cpeeg02","ses03","20260617_123304","2026-06-17 12:34:21.301880","NaN","NaN","","BLOCK_START","10","2026-06-17 12:35:44.411956","83.110380","0.099552","","","","","","keyboard","","{}","2","0.016667","60.000000","1","",""
"Sergio_G01_CNS-LLF5RV3D8","cpeeg02","ses03","20260617_123304","2026-06-17 12:34:21.301880","NaN","0","reading","START_PAGE_ON","4","2026-06-17 12:35:44.553666","83.209932","0.045282","","","","","","keyboard","","{""pd_used"":0}","2","0.016667","60.000000","1","",""
"Sergio_G01_CNS-LLF5RV3D8","cpeeg02","ses03","20260617_123304","2026-06-17 12:34:21.301880","NaN","0","reading","START_PAGE_ON","4","2026-06-17 12:35:44.553666","83.209932","11.125366","","","","","","keyboard","","{""pd_used"":0}","2","0.016667","60.000000","1","",""
"Sergio_G01_CNS-LLF5RV3D8","cpeeg02","ses03","20260617_123304","2026-06-17 12:34:21.301880","NaN","0","reading","START_PAGE_ON","4","2026-06-17 12:35:44.553666","83.209932","11.547374","","","","","","keyboard","","{""pd_used"":0}","2","0.016667","60.000000","1","",""
"Sergio_G01_CNS-LLF5RV3D8","cpeeg02","ses03","20260617_123304","2026-06-17 12:34:21.301880","NaN","0","reading","READING_START","23","2026-06-17 12:35:56.059148","94.757306","0.117632","","","","","","keyboard","","{}","2","0.016667","60.000000","1","",""
"Sergio_G01_CNS-LLF5RV3D8","cpeeg02","ses03","20260617_123304","2026-06-17 12:34:21.301880","NaN","0","reading","DIGIT_READ1_ON","101","2026-06-17 12:35:56.218131","94.874938","7.521369","","8","","","","keyboard","digit#1 shown","{""value"":8,""note"":""digit#1 shown"",""pd_used"":1}","2","0.016667","60.000000","1","",""
"Sergio_G01_CNS-LLF5RV3D8","cpeeg02","ses03","20260617_123304","2026-06-17 12:34:21.301880","NaN","0","reading","PROBE_COUNT_OK_1","71","2026-06-17 12:36:04.109329","102.396307","0.455632","19.189299","slot#1","8","1","","keyboard","probe_digit#1","{""value"":""slot#1"",""entered"":8,""rt"":19.189298600016627,""note"":""probe_digit#1""}","2","0.016667","60.000000","1","7.4557",""
"Sergio_G01_CNS-LLF5RV3D8","cpeeg02","ses03","20260617_123304","2026-06-17 12:34:21.301880","NaN","0","reading","DIGIT_READ1_OFF","116","2026-06-17 12:36:04.203917","102.851940","0.000000","","8","","","","keyboard","digit#1 off","{""value"":8,""note"":""digit#1 off"",""pd_used"":0}","2","0.016667","60.000000","1","",""
"Sergio_G01_CNS-LLF5RV3D8","cpeeg02","ses03","20260617_123304","2026-06-17 12:34:21.301880","NaN","0","reading","POSTREAD_FIX1_ON","201","2026-06-17 12:36:04.204938","102.851940","1.952700","","","","","","keyboard","after digit#1","{""note"":""after digit#1""}","2","0.016667","60.000000","1","",""
"Sergio_G01_CNS-LLF5RV3D8","cpeeg02","ses03","20260617_123304","2026-06-17 12:34:21.301880","NaN","0","reading","POSTREAD_FIX1_OFF","216","2026-06-17 12:36:06.148163","104.804639","0.046070","","","","","","keyboard","after digit#1","{""note"":""after digit#1"",""pd_used"":0}","2","0.016667","60.000000","1","",""
"Sergio_G01_CNS-LLF5RV3D8","cpeeg02","ses03","20260617_123304","2026-06-17 12:34:21.301880","NaN","0","reading","DIGIT_READ2_ON","102","2026-06-17 12:36:06.199487","104.850710","1.051515","","4","","","","keyboard","digit#2 shown","{""value"":4,""note"":""digit#2 shown"",""pd_used"":1}","2","0.016667","60.000000","1","",""
"Sergio_G01_CNS-LLF5RV3D8","cpeeg02","ses03","20260617_123304","2026-06-17 12:34:21.301880","NaN","0","reading","PROBE_COUNT_OK_2","71","2026-06-17 12:36:07.667322","105.902225","0.506577","22.695216","slot#2","4","1","","keyboard","probe_digit#2","{""value"":""slot#2"",""entered"":4,""rt"":22.695216200023424,""note"":""probe_digit#2""}","2","0.016667","60.000000","1","0.95694",""
"Sergio_G01_CNS-LLF5RV3D8","cpeeg02","ses03","20260617_123304","2026-06-17 12:34:21.301880","NaN","0","reading","DIGIT_READ2_OFF","117","2026-06-17 12:36:07.760943","106.408801","0.000000","","4","","","","keyboard","digit#2 off","{""value"":4,""note"":""digit#2 off"",""pd_used"":0}","2","0.016667","60.000000","1","",""
"Sergio_G01_CNS-LLF5RV3D8","cpeeg02","ses03","20260617_123304","2026-06-17 12:34:21.301880","NaN","0","reading","POSTREAD_FIX2_ON","202","2026-06-17 12:36:07.761717","106.408801","1.751503","","","","","","keyboard","after digit#2","{""note"":""after digit#2""}","2","0.016667","60.000000","1","",""
"Sergio_G01_CNS-LLF5RV3D8","cpeeg02","ses03","20260617_123304","2026-06-17 12:34:21.301880","NaN","0","reading","POSTREAD_FIX2_OFF","217","2026-06-17 12:36:09.503887","108.160304","0.046092","","","","","","keyboard","after digit#2","{""note"":""after digit#2"",""pd_used"":0}","2","0.016667","60.000000","1","",""
"Sergio_G01_CNS-LLF5RV3D8","cpeeg02","ses03","20260617_123304","2026-06-17 12:34:21.301880","NaN","0","reading","DIGIT_READ3_ON","103","2026-06-17 12:36:09.555262","108.206396","1.381082","","5","","","","keyboard","digit#3 shown","{""value"":5,""note"":""digit#3 shown"",""pd_used"":1}","2","0.016667","60.000000","1","",""
"Sergio_G01_CNS-LLF5RV3D8","cpeeg02","ses03","20260617_123304","2026-06-17 12:34:21.301880","NaN","0","reading","PROBE_COUNT_OK_3","71","2026-06-17 12:36:11.413462","109.587479","0.567829","26.380470","slot#3","5","1","","keyboard","probe_digit#3","{""value"":""slot#3"",""entered"":5,""rt"":26.38046990003204,""note"":""probe_digit#3""}","2","0.016667","60.000000","1","1.3226",""
"Sergio_G01_CNS-LLF5RV3D8","cpeeg02","ses03","20260617_123304","2026-06-17 12:34:21.301880","NaN","0","reading","DIGIT_READ3_OFF","118","2026-06-17 12:36:11.507508","110.155308","0.000000","","5","","","","keyboard","digit#3 off","{""value"":5,""note"":""digit#3 off"",""pd_used"":0}","2","0.016667","60.000000","1","",""
"Sergio_G01_CNS-LLF5RV3D8","cpeeg02","ses03","20260617_123304","2026-06-17 12:34:21.301880","NaN","0","reading","POSTREAD_FIX3_ON","203","2026-06-17 12:36:11.508266","110.155308","1.911555","","","","","","keyboard","after digit#3","{""note"":""after digit#3""}","2","0.016667","60.000000","1","",""
"Sergio_G01_CNS-LLF5RV3D8","cpeeg02","ses03","20260617_123304","2026-06-17 12:34:21.301880","NaN","0","reading","POSTREAD_FIX3_OFF","218","2026-06-17 12:36:13.410317","112.066862","0.045856","","","","","","keyboard","after digit#3","{""note"":""after digit#3"",""pd_used"":0}","2","0.016667","60.000000","1","",""
"Sergio_G01_CNS-LLF5RV3D8","cpeeg02","ses03","20260617_123304","2026-06-17 12:34:21.301880","NaN","0","reading","DIGIT_READ4_ON","104","2026-06-17 12:36:13.461707","112.112719","1.039281","","9","","","","keyboard","digit#4 shown","{""value"":9,""note"":""digit#4 shown"",""pd_used"":1}","2","0.016667","60.000000","1","",""
"Sergio_G01_CNS-LLF5RV3D8","cpeeg02","ses03","20260617_123304","2026-06-17 12:34:21.301880","NaN","0","reading","PROBE_COUNT_OK_4","71","2026-06-17 12:36:14.885935","113.152000","0.475816","29.944991","slot#4","9","1","","keyboard","probe_digit#4","{""value"":""slot#4"",""entered"":9,""rt"":29.944991299998946,""note"":""probe_digit#4""}","2","0.016667","60.000000","1","0.85637",""
"Sergio_G01_CNS-LLF5RV3D8","cpeeg02","ses03","20260617_123304","2026-06-17 12:34:21.301880","NaN","0","reading","DIGIT_READ4_OFF","119","2026-06-17 12:36:14.979913","113.627816","0.000000","","9","","","","keyboard","digit#4 off","{""value"":9,""note"":""digit#4 off"",""pd_used"":0}","2","0.016667","60.000000","1","",""
"Sergio_G01_CNS-LLF5RV3D8","cpeeg02","ses03","20260617_123304","2026-06-17 12:34:21.301880","NaN","0","reading","POSTREAD_FIX4_ON","204","2026-06-17 12:36:14.980681","113.627816","1.938351","","","","","","keyboard","after digit#4","{""note"":""after digit#4""}","2","0.016667","60.000000","1","",""
"Sergio_G01_CNS-LLF5RV3D8","cpeeg02","ses03","20260617_123304","2026-06-17 12:34:21.301880","NaN","0","reading","POSTREAD_FIX4_OFF","219","2026-06-17 12:36:16.909622","115.566168","0.045953","","","","","","keyboard","after digit#4","{""note"":""after digit#4"",""pd_used"":0}","2","0.016667","60.000000","1","",""
"Sergio_G01_CNS-LLF5RV3D8","cpeeg02","ses03","20260617_123304","2026-06-17 12:34:21.301880","NaN","0","reading","DIGIT_READ5_ON","105","2026-06-17 12:36:16.961031","115.612121","2.256938","","5","","","","keyboard","digit#5 shown","{""value"":5,""note"":""digit#5 shown"",""pd_used"":1}","2","0.016667","60.000000","1","",""
"Sergio_G01_CNS-LLF5RV3D8","cpeeg02","ses03","20260617_123304","2026-06-17 12:34:21.301880","NaN","0","reading","PROBE_COUNT_OK_5","71","2026-06-17 12:36:19.705243","117.869059","0.577979","34.662051","slot#5","5","1","","keyboard","probe_digit#5","{""value"":""slot#5"",""entered"":5,""rt"":34.662050600047223,""note"":""probe_digit#5""}","2","0.016667","60.000000","1","2.1917",""
"Sergio_G01_CNS-LLF5RV3D8","cpeeg02","ses03","20260617_123304","2026-06-17 12:34:21.301880","NaN","0","reading","DIGIT_READ5_OFF","120","2026-06-17 12:36:19.799109","118.447038","0.000000","","5","","","","keyboard","digit#5 off","{""value"":5,""note"":""digit#5 off"",""pd_used"":0}","2","0.016667","60.000000","1","",""
"Sergio_G01_CNS-LLF5RV3D8","cpeeg02","ses03","20260617_123304","2026-06-17 12:34:21.301880","NaN","0","reading","POSTREAD_FIX5_ON","205","2026-06-17 12:36:19.799868","118.447038","1.740650","","","","","","keyboard","after digit#5","{""note"":""after digit#5""}","2","0.016667","60.000000","1","",""
"Sergio_G01_CNS-LLF5RV3D8","cpeeg02","ses03","20260617_123304","2026-06-17 12:34:21.301880","NaN","0","reading","POSTREAD_FIX5_OFF","220","2026-06-17 12:36:21.531114","120.187688","0.045858","","","","","","keyboard","after digit#5","{""note"":""after digit#5"",""pd_used"":0}","2","0.016667","60.000000","1","",""
"Sergio_G01_CNS-LLF5RV3D8","cpeeg02","ses03","20260617_123304","2026-06-17 12:34:21.301880","NaN","0","reading","DIGIT_READ6_ON","106","2026-06-17 12:36:21.582457","120.233546","4.474084","","9","","","","keyboard","digit#6 shown","{""value"":9,""note"":""digit#6 shown"",""pd_used"":1}","2","0.016667","60.000000","1","",""
"Sergio_G01_CNS-LLF5RV3D8","cpeeg02","ses03","20260617_123304","2026-06-17 12:34:21.301880","NaN","0","reading","PROBE_COUNT_OK_6","71","2026-06-17 12:36:26.639681","124.707630","0.673962","41.500621","slot#6","9","1","","keyboard","probe_digit#6","{""value"":""slot#6"",""entered"":9,""rt"":41.500621300016064,""note"":""probe_digit#6""}","2","0.016667","60.000000","1","1.3174",""
"Sergio_G01_CNS-LLF5RV3D8","cpeeg02","ses03","20260617_123304","2026-06-17 12:34:21.301880","NaN","0","reading","DIGIT_READ6_OFF","121","2026-06-17 12:36:26.733582","125.381592","0.000000","","9","","","","keyboard","digit#6 off","{""value"":9,""note"":""digit#6 off"",""pd_used"":0}","2","0.016667","60.000000","1","",""
"Sergio_G01_CNS-LLF5RV3D8","cpeeg02","ses03","20260617_123304","2026-06-17 12:34:21.301880","NaN","0","reading","POSTREAD_FIX6_ON","206","2026-06-17 12:36:26.734351","125.381592","1.617206","","","","","","keyboard","after digit#6","{""note"":""after digit#6""}","2","0.016667","60.000000","1","",""
"Sergio_G01_CNS-LLF5RV3D8","cpeeg02","ses03","20260617_123304","2026-06-17 12:34:21.301880","NaN","0","reading","POSTREAD_FIX6_OFF","221","2026-06-17 12:36:28.342332","126.998798","0.046233","","","","","","keyboard","after digit#6","{""note"":""after digit#6"",""pd_used"":0}","2","0.016667","60.000000","1","",""
"Sergio_G01_CNS-LLF5RV3D8","cpeeg02","ses03","20260617_123304","2026-06-17 12:34:21.301880","NaN","0","reading","DIGIT_READ7_ON","107","2026-06-17 12:36:28.393879","127.045031","1.554859","","0","","","","keyboard","digit#7 shown","{""value"":0,""note"":""digit#7 shown"",""pd_used"":1}","2","0.016667","60.000000","1","",""
"Sergio_G01_CNS-LLF5RV3D8","cpeeg02","ses03","20260617_123304","2026-06-17 12:34:21.301880","NaN","0","reading","PROBE_COUNT_OK_7","71","2026-06-17 12:36:30.655766","128.599890","0.797617","45.392882","slot#7","0","1","","keyboard","probe_digit#7","{""value"":""slot#7"",""entered"":0,""rt"":45.392881600011606,""note"":""probe_digit#7""}","2","0.016667","60.000000","1","1.355",""
"Sergio_G01_CNS-LLF5RV3D8","cpeeg02","ses03","20260617_123304","2026-06-17 12:34:21.301880","NaN","0","reading","DIGIT_READ7_OFF","122","2026-06-17 12:36:30.749432","129.397507","0.000000","","0","","","","keyboard","digit#7 off","{""value"":0,""note"":""digit#7 off"",""pd_used"":0}","2","0.016667","60.000000","1","",""
"Sergio_G01_CNS-LLF5RV3D8","cpeeg02","ses03","20260617_123304","2026-06-17 12:34:21.301880","NaN","0","reading","POSTREAD_FIX7_ON","207","2026-06-17 12:36:30.750208","129.397507","1.909546","","","","","","keyboard","after digit#7","{""note"":""after digit#7""}","2","0.016667","60.000000","1","",""
"Sergio_G01_CNS-LLF5RV3D8","cpeeg02","ses03","20260617_123304","2026-06-17 12:34:21.301880","NaN","0","reading","POSTREAD_FIX7_OFF","222","2026-06-17 12:36:32.650597","131.307054","0.045877","","","","","","keyboard","after digit#7","{""note"":""after digit#7"",""pd_used"":0}","2","0.016667","60.000000","1","",""
"Sergio_G01_CNS-LLF5RV3D8","cpeeg02","ses03","20260617_123304","2026-06-17 12:34:21.301880","NaN","0","reading","DIGIT_READ8_ON","108","2026-06-17 12:36:32.702337","131.352931","1.455367","","2","","","","keyboard","digit#8 shown","{""value"":2,""note"":""digit#8 shown"",""pd_used"":1}","2","0.016667","60.000000","1","",""
"Sergio_G01_CNS-LLF5RV3D8","cpeeg02","ses03","20260617_123304","2026-06-17 12:34:21.301880","NaN","0","reading","PROBE_COUNT_OK_8","71","2026-06-17 12:36:34.778164","132.808298","0.711408","49.601290","slot#8","2","1","","keyboard","probe_digit#8","{""value"":""slot#8"",""entered"":2,""rt"":49.601289500016719,""note"":""probe_digit#8""}","2","0.016667","60.000000","1","1.4064",""
"Sergio_G01_CNS-LLF5RV3D8","cpeeg02","ses03","20260617_123304","2026-06-17 12:34:21.301880","NaN","0","reading","DIGIT_READ8_OFF","123","2026-06-17 12:36:34.872012","133.519706","0.000000","","2","","","","keyboard","digit#8 off","{""value"":2,""note"":""digit#8 off"",""pd_used"":0}","2","0.016667","60.000000","1","",""
"Sergio_G01_CNS-LLF5RV3D8","cpeeg02","ses03","20260617_123304","2026-06-17 12:34:21.301880","NaN","0","reading","POSTREAD_FIX8_ON","208","2026-06-17 12:36:34.872807","133.519706","1.867555","","","","","","keyboard","after digit#8","{""note"":""after digit#8""}","2","0.016667","60.000000","1","",""
"Sergio_G01_CNS-LLF5RV3D8","cpeeg02","ses03","20260617_123304","2026-06-17 12:34:21.301880","NaN","0","reading","POSTREAD_FIX8_OFF","223","2026-06-17 12:36:36.730799","135.387262","0.046012","","","","","","keyboard","after digit#8","{""note"":""after digit#8"",""pd_used"":0}","2","0.016667","60.000000","1","",""
"Sergio_G01_CNS-LLF5RV3D8","cpeeg02","ses03","20260617_123304","2026-06-17 12:34:21.301880","NaN","0","reading","DIGIT_READ9_ON","109","2026-06-17 12:36:36.782028","135.433273","0.958738","","2","","","","keyboard","digit#9 shown","{""value"":2,""note"":""digit#9 shown"",""pd_used"":1}","2","0.016667","60.000000","1","",""
"Sergio_G01_CNS-LLF5RV3D8","cpeeg02","ses03","20260617_123304","2026-06-17 12:34:21.301880","NaN","0","reading","PROBE_COUNT_OK_9","71","2026-06-17 12:36:38.315019","136.392011","0.664811","53.185003","slot#9","2","1","","keyboard","probe_digit#9","{""value"":""slot#9"",""entered"":2,""rt"":53.185002600017469,""note"":""probe_digit#9""}","2","0.016667","60.000000","1","0.83388",""
"Sergio_G01_CNS-LLF5RV3D8","cpeeg02","ses03","20260617_123304","2026-06-17 12:34:21.301880","NaN","0","reading","DIGIT_READ9_OFF","124","2026-06-17 12:36:38.408718","137.056823","0.000000","","2","","","","keyboard","digit#9 off","{""value"":2,""note"":""digit#9 off"",""pd_used"":0}","2","0.016667","60.000000","1","",""
"Sergio_G01_CNS-LLF5RV3D8","cpeeg02","ses03","20260617_123304","2026-06-17 12:34:21.301880","NaN","0","reading","POSTREAD_FIX9_ON","209","2026-06-17 12:36:38.409483","137.056823","1.789978","","","","","","keyboard","after digit#9","{""note"":""after digit#9""}","2","0.016667","60.000000","1","",""
"Sergio_G01_CNS-LLF5RV3D8","cpeeg02","ses03","20260617_123304","2026-06-17 12:34:21.301880","NaN","0","reading","POSTREAD_FIX9_OFF","224","2026-06-17 12:36:40.190365","138.846801","0.046199","","","","","","keyboard","after digit#9","{""note"":""after digit#9"",""pd_used"":0}","2","0.016667","60.000000","1","",""
"Sergio_G01_CNS-LLF5RV3D8","cpeeg02","ses03","20260617_123304","2026-06-17 12:34:21.301880","NaN","0","reading","DIGIT_READ10_ON","110","2026-06-17 12:36:40.241736","138.893000","1.352796","","2","","","","keyboard","digit#10 shown","{""value"":2,""note"":""digit#10 shown"",""pd_used"":1}","2","0.016667","60.000000","1","",""
"Sergio_G01_CNS-LLF5RV3D8","cpeeg02","ses03","20260617_123304","2026-06-17 12:34:21.301880","NaN","0","reading","PROBE_COUNT_OK_10","71","2026-06-17 12:36:41.993376","140.245796","0.489354","57.038787","slot#10","2","1","","keyboard","probe_digit#10","{""value"":""slot#10"",""entered"":2,""rt"":57.038787199999206,""note"":""probe_digit#10""}","2","0.016667","60.000000","1","1.252",""
"Sergio_G01_CNS-LLF5RV3D8","cpeeg02","ses03","20260617_123304","2026-06-17 12:34:21.301880","NaN","0","reading","DIGIT_READ10_OFF","125","2026-06-17 12:36:42.087168","140.735150","0.000000","","2","","","","keyboard","digit#10 off","{""value"":2,""note"":""digit#10 off"",""pd_used"":0}","2","0.016667","60.000000","1","",""
"Sergio_G01_CNS-LLF5RV3D8","cpeeg02","ses03","20260617_123304","2026-06-17 12:34:21.301880","NaN","0","reading","POSTREAD_FIX10_ON","210","2026-06-17 12:36:42.087954","140.735150","1.854522","","","","","","keyboard","after digit#10","{""note"":""after digit#10""}","2","0.016667","60.000000","1","",""
"Sergio_G01_CNS-LLF5RV3D8","cpeeg02","ses03","20260617_123304","2026-06-17 12:34:21.301880","NaN","0","reading","POSTREAD_FIX10_OFF","225","2026-06-17 12:36:43.933134","142.589672","0.045787","","","","","","keyboard","after digit#10","{""note"":""after digit#10"",""pd_used"":0}","2","0.016667","60.000000","1","",""
"Sergio_G01_CNS-LLF5RV3D8","cpeeg02","ses03","20260617_123304","2026-06-17 12:34:21.301880","NaN","0","reading","DIGIT_READ11_ON","111","2026-06-17 12:36:43.984903","142.635459","1.826662","","0","","","","keyboard","digit#11 shown","{""value"":0,""note"":""digit#11 shown"",""pd_used"":1}","2","0.016667","60.000000","1","",""
"Sergio_G01_CNS-LLF5RV3D8","cpeeg02","ses03","20260617_123304","2026-06-17 12:34:21.301880","NaN","0","reading","PROBE_COUNT_OK_11","71","2026-06-17 12:36:46.234034","144.462121","0.513414","61.255113","slot#11","0","1","","keyboard","probe_digit#11","{""value"":""slot#11"",""entered"":0,""rt"":61.255112600047141,""note"":""probe_digit#11""}","2","0.016667","60.000000","1","1.5826",""
"Sergio_G01_CNS-LLF5RV3D8","cpeeg02","ses03","20260617_123304","2026-06-17 12:34:21.301880","NaN","0","reading","DIGIT_READ11_OFF","126","2026-06-17 12:36:46.327699","144.975535","0.000000","","0","","","","keyboard","digit#11 off","{""value"":0,""note"":""digit#11 off"",""pd_used"":0}","2","0.016667","60.000000","1","",""
"Sergio_G01_CNS-LLF5RV3D8","cpeeg02","ses03","20260617_123304","2026-06-17 12:34:21.301880","NaN","0","reading","POSTREAD_FIX11_ON","211","2026-06-17 12:36:46.328458","144.975535","1.723721","","","","","","keyboard","after digit#11","{""note"":""after digit#11""}","2","0.016667","60.000000","1","",""
"Sergio_G01_CNS-LLF5RV3D8","cpeeg02","ses03","20260617_123304","2026-06-17 12:34:21.301880","NaN","0","reading","POSTREAD_FIX11_OFF","226","2026-06-17 12:36:48.043300","146.699256","0.046525","","","","","","keyboard","after digit#11","{""note"":""after digit#11"",""pd_used"":0}","2","0.016667","60.000000","1","",""
"Sergio_G01_CNS-LLF5RV3D8","cpeeg02","ses03","20260617_123304","2026-06-17 12:34:21.301880","NaN","0","reading","DIGIT_READ12_ON","112","2026-06-17 12:36:48.094791","146.745781","1.385355","","7","","","","keyboard","digit#12 shown","{""value"":7,""note"":""digit#12 shown"",""pd_used"":1}","2","0.016667","60.000000","1","",""
"Sergio_G01_CNS-LLF5RV3D8","cpeeg02","ses03","20260617_123304","2026-06-17 12:34:21.301880","NaN","0","reading","PROBE_COUNT_OK_12","71","2026-06-17 12:36:50.134892","148.131137","0.745370","64.924128","slot#12","7","1","","keyboard","probe_digit#12","{""value"":""slot#12"",""entered"":7,""rt"":64.924127800040878,""note"":""probe_digit#12""}","2","0.016667","60.000000","1","1.3236",""
"Sergio_G01_CNS-LLF5RV3D8","cpeeg02","ses03","20260617_123304","2026-06-17 12:34:21.301880","NaN","0","reading","DIGIT_READ12_OFF","127","2026-06-17 12:36:50.228508","148.876507","0.000000","","7","","","","keyboard","digit#12 off","{""value"":7,""note"":""digit#12 off"",""pd_used"":0}","2","0.016667","60.000000","1","",""
"Sergio_G01_CNS-LLF5RV3D8","cpeeg02","ses03","20260617_123304","2026-06-17 12:34:21.301880","NaN","0","reading","POSTREAD_FIX12_ON","212","2026-06-17 12:36:50.229358","148.876507","1.747960","","","","","","keyboard","after digit#12","{""note"":""after digit#12""}","2","0.016667","60.000000","1","",""
"Sergio_G01_CNS-LLF5RV3D8","cpeeg02","ses03","20260617_123304","2026-06-17 12:34:21.301880","NaN","0","reading","POSTREAD_FIX12_OFF","227","2026-06-17 12:36:51.968295","150.624467","0.046488","","","","","","keyboard","after digit#12","{""note"":""after digit#12"",""pd_used"":0}","2","0.016667","60.000000","1","",""
"Sergio_G01_CNS-LLF5RV3D8","cpeeg02","ses03","20260617_123304","2026-06-17 12:34:21.301880","NaN","0","reading","DIGIT_READ13_ON","113","2026-06-17 12:36:52.019832","150.670954","1.581728","","0","","","","keyboard","digit#13 shown","{""value"":0,""note"":""digit#13 shown"",""pd_used"":1}","2","0.016667","60.000000","1","",""
"Sergio_G01_CNS-LLF5RV3D8","cpeeg02","ses03","20260617_123304","2026-06-17 12:34:21.301880","NaN","0","reading","PROBE_COUNT_OK_13","71","2026-06-17 12:36:53.968119","152.252682","0.457259","69.045674","slot#13","0","1","","keyboard","probe_digit#13","{""value"":""slot#13"",""entered"":0,""rt"":69.045673600048758,""note"":""probe_digit#13""}","2","0.016667","60.000000","1","1.3279",""
"Sergio_G01_CNS-LLF5RV3D8","cpeeg02","ses03","20260617_123304","2026-06-17 12:34:21.301880","NaN","0","reading","DIGIT_READ13_OFF","128","2026-06-17 12:36:54.063000","152.709942","0.000000","","0","","","","keyboard","digit#13 off","{""value"":0,""note"":""digit#13 off"",""pd_used"":0}","2","0.016667","60.000000","1","",""
"Sergio_G01_CNS-LLF5RV3D8","cpeeg02","ses03","20260617_123304","2026-06-17 12:34:21.301880","NaN","0","reading","POSTREAD_FIX13_ON","213","2026-06-17 12:36:54.063766","152.709942","1.809630","","","","","","keyboard","after digit#13","{""note"":""after digit#13""}","2","0.016667","60.000000","1","",""
"Sergio_G01_CNS-LLF5RV3D8","cpeeg02","ses03","20260617_123304","2026-06-17 12:34:21.301880","NaN","0","reading","POSTREAD_FIX13_OFF","228","2026-06-17 12:36:55.863288","154.519571","0.046369","","","","","","keyboard","after digit#13","{""note"":""after digit#13"",""pd_used"":0}","2","0.016667","60.000000","1","",""
"Sergio_G01_CNS-LLF5RV3D8","cpeeg02","ses03","20260617_123304","2026-06-17 12:34:21.301880","NaN","0","reading","DIGIT_READ14_ON","114","2026-06-17 12:36:55.914956","154.565940","1.069110","","9","","","","keyboard","digit#14 shown","{""value"":9,""note"":""digit#14 shown"",""pd_used"":1}","2","0.016667","60.000000","1","",""
"Sergio_G01_CNS-LLF5RV3D8","cpeeg02","ses03","20260617_123304","2026-06-17 12:34:21.301880","NaN","0","reading","PROBE_COUNT_OK_14","71","2026-06-17 12:36:57.527049","155.635050","0.633892","72.428041","slot#14","9","1","","keyboard","probe_digit#14","{""value"":""slot#14"",""entered"":9,""rt"":72.428041000035591,""note"":""probe_digit#14""}","2","0.016667","60.000000","1","0.8565",""
"Sergio_G01_CNS-LLF5RV3D8","cpeeg02","ses03","20260617_123304","2026-06-17 12:34:21.301880","NaN","0","reading","DIGIT_READ14_OFF","129","2026-06-17 12:36:57.621005","156.268942","0.000000","","9","","","","keyboard","digit#14 off","{""value"":9,""note"":""digit#14 off"",""pd_used"":0}","2","0.016667","60.000000","1","",""
"Sergio_G01_CNS-LLF5RV3D8","cpeeg02","ses03","20260617_123304","2026-06-17 12:34:21.301880","NaN","0","reading","POSTREAD_FIX14_ON","214","2026-06-17 12:36:57.621770","156.268942","1.561857","","","","","","keyboard","after digit#14","{""note"":""after digit#14""}","2","0.016667","60.000000","1","",""
"Sergio_G01_CNS-LLF5RV3D8","cpeeg02","ses03","20260617_123304","2026-06-17 12:34:21.301880","NaN","0","reading","POSTREAD_FIX14_OFF","229","2026-06-17 12:36:59.174589","157.830799","0.047815","","","","","","keyboard","after digit#14","{""note"":""after digit#14"",""pd_used"":0}","2","0.016667","60.000000","1","",""
"Sergio_G01_CNS-LLF5RV3D8","cpeeg02","ses03","20260617_123304","2026-06-17 12:34:21.301880","NaN","0","reading","DIGIT_READ15_ON","115","2026-06-17 12:36:59.226145","157.878614","1.288023","","0","","","","keyboard","digit#15 shown","{""value"":0,""note"":""digit#15 shown"",""pd_used"":1}","2","0.016667","60.000000","1","",""
"Sergio_G01_CNS-LLF5RV3D8","cpeeg02","ses03","20260617_123304","2026-06-17 12:34:21.301880","NaN","0","reading","PROBE_COUNT_OK_15","71","2026-06-17 12:37:00.977097","159.166637","0.552803","75.959628","slot#15","0","1","","keyboard","probe_digit#15","{""value"":""slot#15"",""entered"":0,""rt"":75.959627900039777,""note"":""probe_digit#15""}","2","0.016667","60.000000","1","1.0444",""
"Sergio_G01_CNS-LLF5RV3D8","cpeeg02","ses03","20260617_123304","2026-06-17 12:34:21.301880","NaN","0","reading","DIGIT_READ15_OFF","130","2026-06-17 12:37:01.071508","159.719440","0.000000","","0","","","","keyboard","digit#15 off","{""value"":0,""note"":""digit#15 off"",""pd_used"":0}","2","0.016667","60.000000","1","",""
"Sergio_G01_CNS-LLF5RV3D8","cpeeg02","ses03","20260617_123304","2026-06-17 12:34:21.301880","NaN","0","reading","POSTREAD_FIX15_ON","215","2026-06-17 12:37:01.072331","159.719440","3.481758","","","","","","keyboard","after digit#15","{""note"":""after digit#15""}","2","0.016667","60.000000","1","",""
"Sergio_G01_CNS-LLF5RV3D8","cpeeg02","ses03","20260617_123304","2026-06-17 12:34:21.301880","NaN","0","reading","POSTREAD_FIX15_OFF","230","2026-06-17 12:37:04.544961","163.201198","0.043892","","","","","","keyboard","after digit#15","{""note"":""after digit#15"",""pd_used"":0}","2","0.016667","60.000000","1","",""
"Sergio_G01_CNS-LLF5RV3D8","cpeeg02","ses03","20260617_123304","2026-06-17 12:34:21.301880","NaN","0","reading","READING_END","24","2026-06-17 12:37:04.546807","163.245090","0.051674","","","","","","keyboard","","{}","2","0.016667","60.000000","1","",""
"Sergio_G01_CNS-LLF5RV3D8","cpeeg02","ses03","20260617_123304","2026-06-17 12:34:21.301880","NaN","0","reading","START_PAGE_ON","4","2026-06-17 12:37:04.648032","163.296765","0.052162","","","","","","keyboard","","{""pd_used"":0}","2","0.016667","60.000000","1","",""
"Sergio_G01_CNS-LLF5RV3D8","cpeeg02","ses03","20260617_123304","2026-06-17 12:34:21.301880","NaN","0","reading","START_PAGE_ON","4","2026-06-17 12:37:04.648032","163.296765","6.296618","","","","","","keyboard","","{""pd_used"":0}","2","0.016667","60.000000","1","",""
"Sergio_G01_CNS-LLF5RV3D8","cpeeg02","ses03","20260617_123304","2026-06-17 12:34:21.301880","NaN","0","reading","START_PAGE_ON","4","2026-06-17 12:37:04.648032","163.296765","6.662736","","","","","","keyboard","","{""pd_used"":0}","2","0.016667","60.000000","1","",""
"Sergio_G01_CNS-LLF5RV3D8","cpeeg02","ses03","20260617_123304","2026-06-17 12:34:21.301880","NaN","1","reading","TRIAL_CHANGE","22","2026-06-17 12:37:11.261473","169.959501","0.001123","","","","","","keyboard","trial transition","{""note"":""trial transition""}","2","0.016667","60.000000","1","",""
"Sergio_G01_CNS-LLF5RV3D8","cpeeg02","ses03","20260617_123304","2026-06-17 12:34:21.301880","NaN","1","reading","TRIAL_START","20","2026-06-17 12:37:11.262325","169.960624","0.051343","","","","","","keyboard","","{}","2","0.016667","60.000000","1","",""
"Sergio_G01_CNS-LLF5RV3D8","cpeeg02","ses03","20260617_123304","2026-06-17 12:34:21.301880","NaN","1","fix1","FIX1_ON","30","2026-06-17 12:37:11.363710","170.011968","3.159341","","","","","","keyboard","","{""pd_used"":0}","2","0.016667","60.000000","1","",""
"Sergio_G01_CNS-LLF5RV3D8","cpeeg02","ses03","20260617_123304","2026-06-17 12:34:21.301880","NaN","1","fix1","FIX1_OFF","31","2026-06-17 12:37:14.514851","173.171309","0.044759","","","","","","keyboard","","{""pd_used"":0}","2","0.016667","60.000000","1","",""
"Sergio_G01_CNS-LLF5RV3D8","cpeeg02","ses03","20260617_123304","2026-06-17 12:34:21.301880","NaN","1","digit","DIGIT1_ON","141","2026-06-17 12:37:14.566667","173.216069","0.551450","","6","","","","keyboard","digit#1 shown","{""value"":6,""note"":""digit#1 shown"",""pd_used"":1}","2","0.016667","60.000000","1","","1"
"Sergio_G01_CNS-LLF5RV3D8","cpeeg02","ses03","20260617_123304","2026-06-17 12:34:21.301880","NaN","1","digit","DIGIT1_OFF","146","2026-06-17 12:37:15.111134","173.767518","0.000000","","6","","","","keyboard","digit#1 off","{""value"":6,""note"":""digit#1 off"",""pd_used"":0}","2","0.016667","60.000000","1","",""
"Sergio_G01_CNS-LLF5RV3D8","cpeeg02","ses03","20260617_123304","2026-06-17 12:34:21.301880","NaN","1","digit","POSTDIG_FIX1_ON","151","2026-06-17 12:37:15.112174","173.767518","1.983406","","","","","","keyboard","after digit#1","{""note"":""after digit#1""}","2","0.016667","60.000000","1","",""
"Sergio_G01_CNS-LLF5RV3D8","cpeeg02","ses03","20260617_123304","2026-06-17 12:34:21.301880","NaN","1","digit","POSTDIG_FIX1_OFF","156","2026-06-17 12:37:17.094504","175.750924","0.044085","","","","","","keyboard","after digit#1","{""note"":""after digit#1"",""pd_used"":0}","2","0.016667","60.000000","1","",""
"Sergio_G01_CNS-LLF5RV3D8","cpeeg02","ses03","20260617_123304","2026-06-17 12:34:21.301880","NaN","1","digit","DIGIT2_ON","142","2026-06-17 12:37:17.145934","175.795009","0.551459","","9","","","","keyboard","digit#2 shown","{""value"":9,""note"":""digit#2 shown"",""pd_used"":1}","2","0.016667","60.000000","1","","1"
"Sergio_G01_CNS-LLF5RV3D8","cpeeg02","ses03","20260617_123304","2026-06-17 12:34:21.301880","NaN","1","digit","DIGIT2_OFF","147","2026-06-17 12:37:17.690068","176.346467","0.000000","","9","","","","keyboard","digit#2 off","{""value"":9,""note"":""digit#2 off"",""pd_used"":0}","2","0.016667","60.000000","1","",""
"Sergio_G01_CNS-LLF5RV3D8","cpeeg02","ses03","20260617_123304","2026-06-17 12:34:21.301880","NaN","1","digit","POSTDIG_FIX2_ON","152","2026-06-17 12:37:17.690851","176.346467","1.940272","","","","","","keyboard","after digit#2","{""note"":""after digit#2""}","2","0.016667","60.000000","1","",""
"Sergio_G01_CNS-LLF5RV3D8","cpeeg02","ses03","20260617_123304","2026-06-17 12:34:21.301880","NaN","1","digit","POSTDIG_FIX2_OFF","157","2026-06-17 12:37:19.630226","178.286740","0.043952","","","","","","keyboard","after digit#2","{""note"":""after digit#2"",""pd_used"":0}","2","0.016667","60.000000","1","",""
"Sergio_G01_CNS-LLF5RV3D8","cpeeg02","ses03","20260617_123304","2026-06-17 12:34:21.301880","NaN","1","digit","DIGIT3_ON","143","2026-06-17 12:37:19.681987","178.330692","0.551873","","0","","","","keyboard","digit#3 shown","{""value"":0,""note"":""digit#3 shown"",""pd_used"":1}","2","0.016667","60.000000","1","","0"
"Sergio_G01_CNS-LLF5RV3D8","cpeeg02","ses03","20260617_123304","2026-06-17 12:34:21.301880","NaN","1","digit","DIGIT3_OFF","148","2026-06-17 12:37:20.226098","178.882565","0.000000","","0","","","","keyboard","digit#3 off","{""value"":0,""note"":""digit#3 off"",""pd_used"":0}","2","0.016667","60.000000","1","",""
"Sergio_G01_CNS-LLF5RV3D8","cpeeg02","ses03","20260617_123304","2026-06-17 12:34:21.301880","NaN","1","digit","POSTDIG_FIX3_ON","153","2026-06-17 12:37:20.226920","178.882565","1.991051","","","","","","keyboard","after digit#3","{""note"":""after digit#3""}","2","0.016667","60.000000","1","",""
"Sergio_G01_CNS-LLF5RV3D8","cpeeg02","ses03","20260617_123304","2026-06-17 12:34:21.301880","NaN","1","digit","POSTDIG_FIX3_OFF","158","2026-06-17 12:37:22.217276","180.873617","0.044028","","","","","","keyboard","after digit#3","{""note"":""after digit#3"",""pd_used"":0}","2","0.016667","60.000000","1","",""
"Sergio_G01_CNS-LLF5RV3D8","cpeeg02","ses03","20260617_123304","2026-06-17 12:34:21.301880","NaN","1","digit","DIGIT4_ON","144","2026-06-17 12:37:22.268663","180.917645","0.551629","","4","","","","keyboard","digit#4 shown","{""value"":4,""note"":""digit#4 shown"",""pd_used"":1}","2","0.016667","60.000000","1","","0"
"Sergio_G01_CNS-LLF5RV3D8","cpeeg02","ses03","20260617_123304","2026-06-17 12:34:21.301880","NaN","1","digit","DIGIT4_OFF","149","2026-06-17 12:37:22.812689","181.469274","0.000000","","4","","","","keyboard","digit#4 off","{""value"":4,""note"":""digit#4 off"",""pd_used"":0}","2","0.016667","60.000000","1","",""
"Sergio_G01_CNS-LLF5RV3D8","cpeeg02","ses03","20260617_123304","2026-06-17 12:34:21.301880","NaN","1","digit","POSTDIG_FIX4_ON","154","2026-06-17 12:37:22.813457","181.469274","1.946875","","","","","","keyboard","after digit#4","{""note"":""after digit#4""}","2","0.016667","60.000000","1","",""
"Sergio_G01_CNS-LLF5RV3D8","cpeeg02","ses03","20260617_123304","2026-06-17 12:34:21.301880","NaN","1","digit","POSTDIG_FIX4_OFF","159","2026-06-17 12:37:24.759696","183.416150","0.044121","","","","","","keyboard","after digit#4","{""note"":""after digit#4"",""pd_used"":0}","2","0.016667","60.000000","1","",""
"Sergio_G01_CNS-LLF5RV3D8","cpeeg02","ses03","20260617_123304","2026-06-17 12:34:21.301880","NaN","1","digit","DIGIT5_ON","145","2026-06-17 12:37:24.811284","183.460271","0.551575","","3","","","","keyboard","digit#5 shown","{""value"":3,""note"":""digit#5 shown"",""pd_used"":1}","2","0.016667","60.000000","1","","0"
"Sergio_G01_CNS-LLF5RV3D8","cpeeg02","ses03","20260617_123304","2026-06-17 12:34:21.301880","NaN","1","digit","DIGIT5_OFF","150","2026-06-17 12:37:25.355473","184.011845","0.000000","","3","","","","keyboard","digit#5 off","{""value"":3,""note"":""digit#5 off"",""pd_used"":0}","2","0.016667","60.000000","1","",""
"Sergio_G01_CNS-LLF5RV3D8","cpeeg02","ses03","20260617_123304","2026-06-17 12:34:21.301880","NaN","1","digit","POSTDIG_FIX5_ON","155","2026-06-17 12:37:25.356287","184.011845","3.100636","","","","","","keyboard","after digit#5","{""note"":""after digit#5""}","2","0.016667","60.000000","1","",""
"Sergio_G01_CNS-LLF5RV3D8","cpeeg02","ses03","20260617_123304","2026-06-17 12:34:21.301880","NaN","1","digit","POSTDIG_FIX5_OFF","160","2026-06-17 12:37:28.456057","187.112481","0.045337","","","","","","keyboard","after digit#5","{""note"":""after digit#5"",""pd_used"":0}","2","0.016667","60.000000","1","",""
"Sergio_G01_CNS-LLF5RV3D8","cpeeg02","ses03","20260617_123304","2026-06-17 12:34:21.301880","NaN","1","distractor","DISTRACTOR_ON","50","2026-06-17 12:37:28.507392","187.157819","2.953056","","9+0=9","","","","keyboard","","{""value"":""9+0=9"",""isCorrectTruth"":true,""trueSum"":9,""pd_used"":1}","2","0.016667","60.000000","1","",""
"Sergio_G01_CNS-LLF5RV3D8","cpeeg02","ses03","20260617_123304","2026-06-17 12:34:21.301880","NaN","1","distractor","DISTRACTOR_ANS","51","2026-06-17 12:37:31.729476","190.110875","0.000000","2.953056","9+0=9","F","0","","keyboard","key= (False)","{""value"":""9+0=9"",""entered"":""F"",""rt"":2.9530559999984689,""correct"":0,""note"":""key= (False)"",""truth"":true,""trueSum"":9,""shownSum"":9,""a"":9,""b"":0}","2","0.016667","60.000000","1","2.6484",""
"Sergio_G01_CNS-LLF5RV3D8","cpeeg02","ses03","20260617_123304","2026-06-17 12:34:21.301880","NaN","1","distractor","ANS_WRONG","200","2026-06-17 12:37:31.772443","190.110875","0.362387","","","","","","keyboard","","{}","2","0.016667","60.000000","1","",""
"Sergio_G01_CNS-LLF5RV3D8","cpeeg02","ses03","20260617_123304","2026-06-17 12:34:21.301880","NaN","1","distractor","DISTRACTOR_OFF","52","2026-06-17 12:37:31.823531","190.473262","0.000000","","","","","","keyboard","","{""pd_used"":0}","2","0.016667","60.000000","1","",""
"Sergio_G01_CNS-LLF5RV3D8","cpeeg02","ses03","20260617_123304","2026-06-17 12:34:21.301880","NaN","1","distractor","FIX2_ON","60","2026-06-17 12:37:31.824586","190.473262","3.322782","","","","","","keyboard","immediate after response","{""note"":""immediate after response""}","2","0.016667","60.000000","1","",""
"Sergio_G01_CNS-LLF5RV3D8","cpeeg02","ses03","20260617_123304","2026-06-17 12:34:21.301880","NaN","1","fix2","FIX2_OFF","61","2026-06-17 12:37:35.139460","193.796044","0.044514","","","","","","keyboard","","{""pd_used"":0}","2","0.016667","60.000000","1","",""
"Sergio_G01_CNS-LLF5RV3D8","cpeeg02","ses03","20260617_123304","2026-06-17 12:34:21.301880","NaN","1","probe","DIGIT_RECALL_LINE_1","161","2026-06-17 12:37:35.190655","193.840557","3.859689","","1","","","","keyboard","first recall question","{""value"":1,""note"":""first recall question"",""pd_used"":1}","2","0.016667","60.000000","1","",""
"Sergio_G01_CNS-LLF5RV3D8","cpeeg02","ses03","20260617_123304","2026-06-17 12:34:21.301880","NaN","1","probe","PROBE_DIGIT_OK_1","71","2026-06-17 12:37:39.459603","197.700246","0.569253","3.861366","slot#1","6","1","","keyboard","probe_digit#1","{""value"":""slot#1"",""entered"":6,""rt"":3.8613663999713026,""note"":""probe_digit#1""}","2","0.016667","60.000000","1","1.4225",""
"Sergio_G01_CNS-LLF5RV3D8","cpeeg02","ses03","20260617_123304","2026-06-17 12:34:21.301880","NaN","1","probe","DIGIT1_OFF","146","2026-06-17 12:37:39.612759","198.269499","0.000000","","3","","","","keyboard","digit#1 off","{""value"":3,""note"":""digit#1 off"",""pd_used"":0}","2","0.016667","60.000000","1","",""
"Sergio_G01_CNS-LLF5RV3D8","cpeeg02","ses03","20260617_123304","2026-06-17 12:34:21.301880","NaN","1","probe","POSTDIG_FIX1_ON","151","2026-06-17 12:37:39.613776","198.269499","1.702276","","","","","","keyboard","after digit#1","{""note"":""after digit#1""}","2","0.016667","60.000000","1","",""
"Sergio_G01_CNS-LLF5RV3D8","cpeeg02","ses03","20260617_123304","2026-06-17 12:34:21.301880","NaN","1","probe","POSTDIG_FIX1_OFF","156","2026-06-17 12:37:41.315266","199.971775","0.046882","","","","","","keyboard","after digit#1","{""note"":""after digit#1"",""pd_used"":0}","2","0.016667","60.000000","1","",""
"Sergio_G01_CNS-LLF5RV3D8","cpeeg02","ses03","20260617_123304","2026-06-17 12:34:21.301880","NaN","1","probe","DIGIT_RECALL_LINE_2","162","2026-06-17 12:37:41.366931","200.018657","0.905675","","2","","","","keyboard","next recall question","{""value"":2,""note"":""next recall question"",""pd_used"":1}","2","0.016667","60.000000","1","",""
"Sergio_G01_CNS-LLF5RV3D8","cpeeg02","ses03","20260617_123304","2026-06-17 12:34:21.301880","NaN","1","probe","PROBE_DIGIT_OK_2","71","2026-06-17 12:37:42.837730","200.924332","0.718685","7.085453","slot#2","9","1","","keyboard","probe_digit#2","{""value"":""slot#2"",""entered"":9,""rt"":7.0854525999748148,""note"":""probe_digit#2""}","2","0.016667","60.000000","1","0.70794",""
"Sergio_G01_CNS-LLF5RV3D8","cpeeg02","ses03","20260617_123304","2026-06-17 12:34:21.301880","NaN","1","probe","DIGIT2_OFF","147","2026-06-17 12:37:42.986490","201.643017","0.000000","","3","","","","keyboard","digit#2 off","{""value"":3,""note"":""digit#2 off"",""pd_used"":0}","2","0.016667","60.000000","1","",""
"Sergio_G01_CNS-LLF5RV3D8","cpeeg02","ses03","20260617_123304","2026-06-17 12:34:21.301880","NaN","1","probe","POSTDIG_FIX2_ON","152","2026-06-17 12:37:42.987377","201.643017","1.772338","","","","","","keyboard","after digit#2","{""note"":""after digit#2""}","2","0.016667","60.000000","1","",""
"Sergio_G01_CNS-LLF5RV3D8","cpeeg02","ses03","20260617_123304","2026-06-17 12:34:21.301880","NaN","1","probe","POSTDIG_FIX2_OFF","157","2026-06-17 12:37:44.759289","203.415356","0.046876","","","","","","keyboard","after digit#2","{""note"":""after digit#2"",""pd_used"":0}","2","0.016667","60.000000","1","",""
"Sergio_G01_CNS-LLF5RV3D8","cpeeg02","ses03","20260617_123304","2026-06-17 12:34:21.301880","NaN","1","probe","DIGIT_RECALL_LINE_3","163","2026-06-17 12:37:44.810774","203.462232","0.759083","","3","","","","keyboard","next recall question","{""value"":3,""note"":""next recall question"",""pd_used"":1}","2","0.016667","60.000000","1","",""
"Sergio_G01_CNS-LLF5RV3D8","cpeeg02","ses03","20260617_123304","2026-06-17 12:34:21.301880","NaN","1","probe","PROBE_DIGIT_OK_3","71","2026-06-17 12:37:45.905366","204.221315","0.484514","10.382435","slot#3","4","0","","keyboard","probe_digit#3","{""value"":""slot#3"",""entered"":4,""rt"":10.38243539998075,""note"":""probe_digit#3""}","2","0.016667","60.000000","1","0.53606",""
"Sergio_G01_CNS-LLF5RV3D8","cpeeg02","ses03","20260617_123304","2026-06-17 12:34:21.301880","NaN","1","probe","DIGIT3_OFF","148","2026-06-17 12:37:46.049373","204.705829","0.000000","","3","","","","keyboard","digit#3 off","{""value"":3,""note"":""digit#3 off"",""pd_used"":0}","2","0.016667","60.000000","1","",""
"Sergio_G01_CNS-LLF5RV3D8","cpeeg02","ses03","20260617_123304","2026-06-17 12:34:21.301880","NaN","1","probe","POSTDIG_FIX3_ON","153","2026-06-17 12:37:46.050155","204.705829","1.706102","","","","","","keyboard","after digit#3","{""note"":""after digit#3""}","2","0.016667","60.000000","1","",""
"Sergio_G01_CNS-LLF5RV3D8","cpeeg02","ses03","20260617_123304","2026-06-17 12:34:21.301880","NaN","1","probe","POSTDIG_FIX3_OFF","158","2026-06-17 12:37:47.755586","206.411931","0.046237","","","","","","keyboard","after digit#3","{""note"":""after digit#3"",""pd_used"":0}","2","0.016667","60.000000","1","",""
"Sergio_G01_CNS-LLF5RV3D8","cpeeg02","ses03","20260617_123304","2026-06-17 12:34:21.301880","NaN","1","probe","DIGIT_RECALL_LINE_4","164","2026-06-17 12:37:47.807276","206.458168","0.621086","","4","","","","keyboard","next recall question","{""value"":4,""note"":""next recall question"",""pd_used"":1}","2","0.016667","60.000000","1","",""
"Sergio_G01_CNS-LLF5RV3D8","cpeeg02","ses03","20260617_123304","2026-06-17 12:34:21.301880","NaN","1","probe","PROBE_DIGIT_OK_4","71","2026-06-17 12:37:48.936344","207.079254","0.658785","13.240374","slot#4","7","0","","keyboard","probe_digit#4","{""value"":""slot#4"",""entered"":7,""rt"":13.240374299988616,""note"":""probe_digit#4""}","2","0.016667","60.000000","1","0.58088",""
"Sergio_G01_CNS-LLF5RV3D8","cpeeg02","ses03","20260617_123304","2026-06-17 12:34:21.301880","NaN","1","probe","DIGIT4_OFF","149","2026-06-17 12:37:49.081554","207.738039","0.000000","","3","","","","keyboard","digit#4 off","{""value"":3,""note"":""digit#4 off"",""pd_used"":0}","2","0.016667","60.000000","1","",""
"Sergio_G01_CNS-LLF5RV3D8","cpeeg02","ses03","20260617_123304","2026-06-17 12:34:21.301880","NaN","1","probe","POSTDIG_FIX4_ON","154","2026-06-17 12:37:49.082445","207.738039","1.571757","","","","","","keyboard","after digit#4","{""note"":""after digit#4""}","2","0.016667","60.000000","1","",""
"Sergio_G01_CNS-LLF5RV3D8","cpeeg02","ses03","20260617_123304","2026-06-17 12:34:21.301880","NaN","1","probe","POSTDIG_FIX4_OFF","159","2026-06-17 12:37:50.653318","209.309796","0.046102","","","","","","keyboard","after digit#4","{""note"":""after digit#4"",""pd_used"":0}","2","0.016667","60.000000","1","",""
"Sergio_G01_CNS-LLF5RV3D8","cpeeg02","ses03","20260617_123304","2026-06-17 12:34:21.301880","NaN","1","probe","DIGIT_RECALL_LINE_5","165","2026-06-17 12:37:50.705137","209.355898","0.988022","","5","","","","keyboard","next recall question","{""value"":5,""note"":""next recall question"",""pd_used"":1}","2","0.016667","60.000000","1","",""
"Sergio_G01_CNS-LLF5RV3D8","cpeeg02","ses03","20260617_123304","2026-06-17 12:34:21.301880","NaN","1","probe","PROBE_DIGIT_OK_5","71","2026-06-17 12:37:52.045976","210.343920","0.504234","16.505040","slot#5","0","0","","keyboard","probe_digit#5","{""value"":""slot#5"",""entered"":0,""rt"":16.505040099960752,""note"":""probe_digit#5""}","2","0.016667","60.000000","1","0.77",""
"Sergio_G01_CNS-LLF5RV3D8","cpeeg02","ses03","20260617_123304","2026-06-17 12:34:21.301880","NaN","1","probe","DIGIT5_OFF","150","2026-06-17 12:37:52.191542","210.848154","0.000000","","3","","","","keyboard","digit#5 off","{""value"":3,""note"":""digit#5 off"",""pd_used"":0}","2","0.016667","60.000000","1","",""
"Sergio_G01_CNS-LLF5RV3D8","cpeeg02","ses03","20260617_123304","2026-06-17 12:34:21.301880","NaN","1","probe","POSTDIG_FIX5_ON","155","2026-06-17 12:37:52.192424","210.848154","3.297038","","","","","","keyboard","after digit#5","{""note"":""after digit#5""}","2","0.016667","60.000000","1","",""
"Sergio_G01_CNS-LLF5RV3D8","cpeeg02","ses03","20260617_123304","2026-06-17 12:34:21.301880","NaN","1","probe","POSTDIG_FIX5_OFF","160","2026-06-17 12:37:55.489013","214.145192","0.044252","","","","","","keyboard","after digit#5","{""note"":""after digit#5"",""pd_used"":0}","2","0.016667","60.000000","1","",""
"Sergio_G01_CNS-LLF5RV3D8","cpeeg02","ses03","20260617_123304","2026-06-17 12:34:21.301880","NaN","1","probe","PROBE_DONE","73","2026-06-17 12:37:55.491226","214.189444","0.000847","","","","","","keyboard","probe complete","{""value"":"""",""note"":""probe complete""}","2","0.016667","60.000000","1","",""
"Sergio_G01_CNS-LLF5RV3D8","cpeeg02","ses03","20260617_123304","2026-06-17 12:34:21.301880","NaN","1","probe","TRIAL_END","21","2026-06-17 12:37:55.492064","214.190291","0.108350","","","","","","keyboard","","{}","2","0.016667","60.000000","1","",""
"Sergio_G01_CNS-LLF5RV3D8","cpeeg02","ses03","20260617_123304","2026-06-17 12:34:21.301880","NaN","2","probe","TRIAL_CHANGE","22","2026-06-17 12:37:55.600542","214.298641","0.001100","","","","","","keyboard","trial transition","{""note"":""trial transition""}","2","0.016667","60.000000","1","",""
"Sergio_G01_CNS-LLF5RV3D8","cpeeg02","ses03","20260617_123304","2026-06-17 12:34:21.301880","NaN","2","probe","TRIAL_START","20","2026-06-17 12:37:55.601336","214.299741","0.043550","","","","","","keyboard","","{}","2","0.016667","60.000000","1","",""
"Sergio_G01_CNS-LLF5RV3D8","cpeeg02","ses03","20260617_123304","2026-06-17 12:34:21.301880","NaN","2","fix1","FIX1_ON","30","2026-06-17 12:37:55.695579","214.343291","3.344145","","","","","","keyboard","","{""pd_used"":0}","2","0.016667","60.000000","1","",""
"Sergio_G01_CNS-LLF5RV3D8","cpeeg02","ses03","20260617_123304","2026-06-17 12:34:21.301880","NaN","2","fix1","FIX1_OFF","31","2026-06-17 12:37:59.030980","217.687436","0.043841","","","","","","keyboard","","{""pd_used"":0}","2","0.016667","60.000000","1","",""
"Sergio_G01_CNS-LLF5RV3D8","cpeeg02","ses03","20260617_123304","2026-06-17 12:34:21.301880","NaN","2","digit","DIGIT1_ON","141","2026-06-17 12:37:59.082501","217.731277","0.551795","","1","","","","keyboard","digit#1 shown","{""value"":1,""note"":""digit#1 shown"",""pd_used"":1}","2","0.016667","60.000000","1","","1"
"Sergio_G01_CNS-LLF5RV3D8","cpeeg02","ses03","20260617_123304","2026-06-17 12:34:21.301880","NaN","2","digit","DIGIT1_OFF","146","2026-06-17 12:37:59.626681","218.283071","0.000000","","1","","","","keyboard","digit#1 off","{""value"":1,""note"":""digit#1 off"",""pd_used"":0}","2","0.016667","60.000000","1","",""
"Sergio_G01_CNS-LLF5RV3D8","cpeeg02","ses03","20260617_123304","2026-06-17 12:34:21.301880","NaN","2","digit","POSTDIG_FIX1_ON","151","2026-06-17 12:37:59.627630","218.283071","1.849763","","","","","","keyboard","after digit#1","{""note"":""after digit#1""}","2","0.016667","60.000000","1","",""
"Sergio_G01_CNS-LLF5RV3D8","cpeeg02","ses03","20260617_123304","2026-06-17 12:34:21.301880","NaN","2","digit","POSTDIG_FIX1_OFF","156","2026-06-17 12:38:01.476260","220.132834","0.044079","","","","","","keyboard","after digit#1","{""note"":""after digit#1"",""pd_used"":0}","2","0.016667","60.000000","1","",""
"Sergio_G01_CNS-LLF5RV3D8","cpeeg02","ses03","20260617_123304","2026-06-17 12:34:21.301880","NaN","2","digit","DIGIT2_ON","142","2026-06-17 12:38:01.527598","220.176913","0.551336","","2","","","","keyboard","digit#2 shown","{""value"":2,""note"":""digit#2 shown"",""pd_used"":1}","2","0.016667","60.000000","1","","0"
"Sergio_G01_CNS-LLF5RV3D8","cpeeg02","ses03","20260617_123304","2026-06-17 12:34:21.301880","NaN","2","digit","DIGIT2_OFF","147","2026-06-17 12:38:02.071924","220.728249","0.000000","","2","","","","keyboard","digit#2 off","{""value"":2,""note"":""digit#2 off"",""pd_used"":0}","2","0.016667","60.000000","1","",""
"Sergio_G01_CNS-LLF5RV3D8","cpeeg02","ses03","20260617_123304","2026-06-17 12:34:21.301880","NaN","2","digit","POSTDIG_FIX2_ON","152","2026-06-17 12:38:02.072770","220.728249","1.675322","","","","","","keyboard","after digit#2","{""note"":""after digit#2""}","2","0.016667","60.000000","1","",""
"Sergio_G01_CNS-LLF5RV3D8","cpeeg02","ses03","20260617_123304","2026-06-17 12:34:21.301880","NaN","2","digit","POSTDIG_FIX2_OFF","157","2026-06-17 12:38:03.747376","222.403570","0.044425","","","","","","keyboard","after digit#2","{""note"":""after digit#2"",""pd_used"":0}","2","0.016667","60.000000","1","",""
"Sergio_G01_CNS-LLF5RV3D8","cpeeg02","ses03","20260617_123304","2026-06-17 12:34:21.301880","NaN","2","digit","DIGIT3_ON","143","2026-06-17 12:38:03.798717","222.447996","0.551368","","4","","","","keyboard","digit#3 shown","{""value"":4,""note"":""digit#3 shown"",""pd_used"":1}","2","0.016667","60.000000","1","","1"
"Sergio_G01_CNS-LLF5RV3D8","cpeeg02","ses03","20260617_123304","2026-06-17 12:34:21.301880","NaN","2","digit","DIGIT3_OFF","148","2026-06-17 12:38:04.343115","222.999364","0.000000","","4","","","","keyboard","digit#3 off","{""value"":4,""note"":""digit#3 off"",""pd_used"":0}","2","0.016667","60.000000","1","",""
"Sergio_G01_CNS-LLF5RV3D8","cpeeg02","ses03","20260617_123304","2026-06-17 12:34:21.301880","NaN","2","digit","POSTDIG_FIX3_ON","153","2026-06-17 12:38:04.344201","222.999364","1.621560","","","","","","keyboard","after digit#3","{""note"":""after digit#3""}","2","0.016667","60.000000","1","",""
"Sergio_G01_CNS-LLF5RV3D8","cpeeg02","ses03","20260617_123304","2026-06-17 12:34:21.301880","NaN","2","digit","POSTDIG_FIX3_OFF","158","2026-06-17 12:38:05.964611","224.620924","0.044069","","","","","","keyboard","after digit#3","{""note"":""after digit#3"",""pd_used"":0}","2","0.016667","60.000000","1","",""
"Sergio_G01_CNS-LLF5RV3D8","cpeeg02","ses03","20260617_123304","2026-06-17 12:34:21.301880","NaN","2","digit","DIGIT4_ON","144","2026-06-17 12:38:06.016093","224.664992","0.551736","","8","","","","keyboard","digit#4 shown","{""value"":8,""note"":""digit#4 shown"",""pd_used"":1}","2","0.016667","60.000000","1","","1"
"Sergio_G01_CNS-LLF5RV3D8","cpeeg02","ses03","20260617_123304","2026-06-17 12:34:21.301880","NaN","2","digit","DIGIT4_OFF","149","2026-06-17 12:38:06.560537","225.216729","0.000000","","8","","","","keyboard","digit#4 off","{""value"":8,""note"":""digit#4 off"",""pd_used"":0}","2","0.016667","60.000000","1","",""
"Sergio_G01_CNS-LLF5RV3D8","cpeeg02","ses03","20260617_123304","2026-06-17 12:34:21.301880","NaN","2","digit","POSTDIG_FIX4_ON","154","2026-06-17 12:38:06.561358","225.216729","1.775863","","","","","","keyboard","after digit#4","{""note"":""after digit#4""}","2","0.016667","60.000000","1","",""
"Sergio_G01_CNS-LLF5RV3D8","cpeeg02","ses03","20260617_123304","2026-06-17 12:34:21.301880","NaN","2","digit","POSTDIG_FIX4_OFF","159","2026-06-17 12:38:08.336204","226.992592","0.044037","","","","","","keyboard","after digit#4","{""note"":""after digit#4"",""pd_used"":0}","2","0.016667","60.000000","1","",""
"Sergio_G01_CNS-LLF5RV3D8","cpeeg02","ses03","20260617_123304","2026-06-17 12:34:21.301880","NaN","2","digit","DIGIT5_ON","145","2026-06-17 12:38:08.387837","227.036629","0.551718","","8","","","","keyboard","digit#5 shown","{""value"":8,""note"":""digit#5 shown"",""pd_used"":1}","2","0.016667","60.000000","1","","1"
"Sergio_G01_CNS-LLF5RV3D8","cpeeg02","ses03","20260617_123304","2026-06-17 12:34:21.301880","NaN","2","digit","DIGIT5_OFF","150","2026-06-17 12:38:08.931928","227.588347","0.000000","","8","","","","keyboard","digit#5 off","{""value"":8,""note"":""digit#5 off"",""pd_used"":0}","2","0.016667","60.000000","1","",""
"Sergio_G01_CNS-LLF5RV3D8","cpeeg02","ses03","20260617_123304","2026-06-17 12:34:21.301880","NaN","2","digit","POSTDIG_FIX5_ON","155","2026-06-17 12:38:08.932718","227.588347","3.049692","","","","","","keyboard","after digit#5","{""note"":""after digit#5""}","2","0.016667","60.000000","1","",""
"Sergio_G01_CNS-LLF5RV3D8","cpeeg02","ses03","20260617_123304","2026-06-17 12:34:21.301880","NaN","2","digit","POSTDIG_FIX5_OFF","160","2026-06-17 12:38:11.981667","230.638039","0.044298","","","","","","keyboard","after digit#5","{""note"":""after digit#5"",""pd_used"":0}","2","0.016667","60.000000","1","",""
"Sergio_G01_CNS-LLF5RV3D8","cpeeg02","ses03","20260617_123304","2026-06-17 12:34:21.301880","NaN","2","distractor","DISTRACTOR_ON","50","2026-06-17 12:38:12.033145","230.682337","2.839391","","2+1=3","","","","keyboard","","{""value"":""2+1=3"",""isCorrectTruth"":true,""trueSum"":3,""pd_used"":1}","2","0.016667","60.000000","1","",""
"Sergio_G01_CNS-LLF5RV3D8","cpeeg02","ses03","20260617_123304","2026-06-17 12:34:21.301880","NaN","2","distractor","DISTRACTOR_ANS","51","2026-06-17 12:38:15.195292","233.521728","0.000000","2.839391","2+1=3","F","0","","keyboard","key= (False)","{""value"":""2+1=3"",""entered"":""F"",""rt"":2.8393905999837443,""correct"":0,""note"":""key= (False)"",""truth"":true,""trueSum"":3,""shownSum"":3,""a"":2,""b"":1}","2","0.016667","60.000000","1","2.7246",""
"Sergio_G01_CNS-LLF5RV3D8","cpeeg02","ses03","20260617_123304","2026-06-17 12:34:21.301880","NaN","2","distractor","ANS_WRONG","200","2026-06-17 12:38:15.237530","233.521728","0.416206","","","","","","keyboard","","{}","2","0.016667","60.000000","1","",""
"Sergio_G01_CNS-LLF5RV3D8","cpeeg02","ses03","20260617_123304","2026-06-17 12:34:21.301880","NaN","2","distractor","DISTRACTOR_OFF","52","2026-06-17 12:38:15.288969","233.937934","0.000000","","","","","","keyboard","","{""pd_used"":0}","2","0.016667","60.000000","1","",""
"Sergio_G01_CNS-LLF5RV3D8","cpeeg02","ses03","20260617_123304","2026-06-17 12:34:21.301880","NaN","2","distractor","FIX2_ON","60","2026-06-17 12:38:15.289726","233.937934","3.078144","","","","","","keyboard","immediate after response","{""note"":""immediate after response""}","2","0.016667","60.000000","1","",""
"Sergio_G01_CNS-LLF5RV3D8","cpeeg02","ses03","20260617_123304","2026-06-17 12:34:21.301880","NaN","2","fix2","FIX2_OFF","61","2026-06-17 12:38:18.359839","237.016078","0.044608","","","","","","keyboard","","{""pd_used"":0}","2","0.016667","60.000000","1","",""
"Sergio_G01_CNS-LLF5RV3D8","cpeeg02","ses03","20260617_123304","2026-06-17 12:34:21.301880","NaN","2","probe","DIGIT_RECALL_LINE_1","161","2026-06-17 12:38:18.411083","237.060686","0.758595","","1","","","","keyboard","first recall question","{""value"":1,""note"":""first recall question"",""pd_used"":1}","2","0.016667","60.000000","1","",""
"Sergio_G01_CNS-LLF5RV3D8","cpeeg02","ses03","20260617_123304","2026-06-17 12:34:21.301880","NaN","2","probe","PROBE_DIGIT_OK_1","71","2026-06-17 12:38:19.543807","237.819281","0.521906","0.760204","slot#1","1","1","","keyboard","probe_digit#1","{""value"":""slot#1"",""entered"":1,""rt"":0.76020359998801723,""note"":""probe_digit#1""}","2","0.016667","60.000000","1","0.58306",""
"Sergio_G01_CNS-LLF5RV3D8","cpeeg02","ses03","20260617_123304","2026-06-17 12:34:21.301880","NaN","2","probe","DIGIT1_OFF","146","2026-06-17 12:38:19.684505","238.341187","0.000000","","8","","","","keyboard","digit#1 off","{""value"":8,""note"":""digit#1 off"",""pd_used"":0}","2","0.016667","60.000000","1","",""
"Sergio_G01_CNS-LLF5RV3D8","cpeeg02","ses03","20260617_123304","2026-06-17 12:34:21.301880","NaN","2","probe","POSTDIG_FIX1_ON","151","2026-06-17 12:38:19.685299","238.341187","1.693223","","","","","","keyboard","after digit#1","{""note"":""after digit#1""}","2","0.016667","60.000000","1","",""
"Sergio_G01_CNS-LLF5RV3D8","cpeeg02","ses03","20260617_123304","2026-06-17 12:34:21.301880","NaN","2","probe","POSTDIG_FIX1_OFF","156","2026-06-17 12:38:21.378196","240.034410","0.046339","","","","","","keyboard","after digit#1","{""note"":""after digit#1"",""pd_used"":0}","2","0.016667","60.000000","1","",""
"Sergio_G01_CNS-LLF5RV3D8","cpeeg02","ses03","20260617_123304","2026-06-17 12:34:21.301880","NaN","2","probe","DIGIT_RECALL_LINE_2","162","2026-06-17 12:38:21.429593","240.080749","1.071229","","2","","","","keyboard","next recall question","{""value"":2,""note"":""next recall question"",""pd_used"":1}","2","0.016667","60.000000","1","",""
"Sergio_G01_CNS-LLF5RV3D8","cpeeg02","ses03","20260617_123304","2026-06-17 12:34:21.301880","NaN","2","probe","PROBE_DIGIT_OK_2","71","2026-06-17 12:38:22.785291","241.151978","0.438238","4.092900","slot#2","NaN","0","","keyboard","probe_digit#2","{""value"":""slot#2"",""entered"":null,""rt"":4.0929001999902539,""note"":""probe_digit#2""}","2","0.016667","60.000000","1","1.0107",""
"Sergio_G01_CNS-LLF5RV3D8","cpeeg02","ses03","20260617_123304","2026-06-17 12:34:21.301880","NaN","2","probe","DIGIT2_OFF","147","2026-06-17 12:38:22.933666","241.590216","0.000000","","8","","","","keyboard","digit#2 off","{""value"":8,""note"":""digit#2 off"",""pd_used"":0}","2","0.016667","60.000000","1","",""
"Sergio_G01_CNS-LLF5RV3D8","cpeeg02","ses03","20260617_123304","2026-06-17 12:34:21.301880","NaN","2","probe","POSTDIG_FIX2_ON","152","2026-06-17 12:38:22.934439","241.590216","1.703052","","","","","","keyboard","after digit#2","{""note"":""after digit#2""}","2","0.016667","60.000000","1","",""
"Sergio_G01_CNS-LLF5RV3D8","cpeeg02","ses03","20260617_123304","2026-06-17 12:34:21.301880","NaN","2","probe","POSTDIG_FIX2_OFF","157","2026-06-17 12:38:24.636814","243.293269","0.046166","","","","","","keyboard","after digit#2","{""note"":""after digit#2"",""pd_used"":0}","2","0.016667","60.000000","1","",""
"Sergio_G01_CNS-LLF5RV3D8","cpeeg02","ses03","20260617_123304","2026-06-17 12:34:21.301880","NaN","2","probe","DIGIT_RECALL_LINE_3","163","2026-06-17 12:38:24.688239","243.339435","1.914959","","3","","","","keyboard","next recall question","{""value"":3,""note"":""next recall question"",""pd_used"":1}","2","0.016667","60.000000","1","",""
"Sergio_G01_CNS-LLF5RV3D8","cpeeg02","ses03","20260617_123304","2026-06-17 12:34:21.301880","NaN","2","probe","PROBE_DIGIT_OK_3","71","2026-06-17 12:38:27.396483","245.254394","0.940353","8.195316","slot#3","4","1","","keyboard","probe_digit#3","{""value"":""slot#3"",""entered"":4,""rt"":8.19531590002589,""note"":""probe_digit#3""}","2","0.016667","60.000000","1","0.61431",""
"Sergio_G01_CNS-LLF5RV3D8","cpeeg02","ses03","20260617_123304","2026-06-17 12:34:21.301880","NaN","2","probe","DIGIT3_OFF","148","2026-06-17 12:38:27.538449","246.194747","0.000000","","8","","","","keyboard","digit#3 off","{""value"":8,""note"":""digit#3 off"",""pd_used"":0}","2","0.016667","60.000000","1","",""
"Sergio_G01_CNS-LLF5RV3D8","cpeeg02","ses03","20260617_123304","2026-06-17 12:34:21.301880","NaN","2","probe","POSTDIG_FIX3_ON","153","2026-06-17 12:38:27.539256","246.194747","1.609507","","","","","","keyboard","after digit#3","{""note"":""after digit#3""}","2","0.016667","60.000000","1","",""
"Sergio_G01_CNS-LLF5RV3D8","cpeeg02","ses03","20260617_123304","2026-06-17 12:34:21.301880","NaN","2","probe","POSTDIG_FIX3_OFF","158","2026-06-17 12:38:29.147833","247.804254","0.046287","","","","","","keyboard","after digit#3","{""note"":""after digit#3"",""pd_used"":0}","2","0.016667","60.000000","1","",""
"Sergio_G01_CNS-LLF5RV3D8","cpeeg02","ses03","20260617_123304","2026-06-17 12:34:21.301880","NaN","2","probe","DIGIT_RECALL_LINE_4","164","2026-06-17 12:38:29.199270","247.850541","0.667669","","4","","","","keyboard","next recall question","{""value"":4,""note"":""next recall question"",""pd_used"":1}","2","0.016667","60.000000","1","",""
"Sergio_G01_CNS-LLF5RV3D8","cpeeg02","ses03","20260617_123304","2026-06-17 12:34:21.301880","NaN","2","probe","PROBE_DIGIT_OK_4","71","2026-06-17 12:38:30.245961","248.518210","0.528920","11.459132","slot#4","8","1","","keyboard","probe_digit#4","{""value"":""slot#4"",""entered"":8,""rt"":11.459132099989802,""note"":""probe_digit#4""}","2","0.016667","60.000000","1","0.55806",""
"Sergio_G01_CNS-LLF5RV3D8","cpeeg02","ses03","20260617_123304","2026-06-17 12:34:21.301880","NaN","2","probe","DIGIT4_OFF","149","2026-06-17 12:38:30.390833","249.047130","0.000000","","8","","","","keyboard","digit#4 off","{""value"":8,""note"":""digit#4 off"",""pd_used"":0}","2","0.016667","60.000000","1","",""
"Sergio_G01_CNS-LLF5RV3D8","cpeeg02","ses03","20260617_123304","2026-06-17 12:34:21.301880","NaN","2","probe","POSTDIG_FIX4_ON","154","2026-06-17 12:38:30.391666","249.047130","2.021991","","","","","","keyboard","after digit#4","{""note"":""after digit#4""}","2","0.016667","60.000000","1","",""
"Sergio_G01_CNS-LLF5RV3D8","cpeeg02","ses03","20260617_123304","2026-06-17 12:34:21.301880","NaN","2","probe","POSTDIG_FIX4_OFF","159","2026-06-17 12:38:32.412733","251.069121","0.046200","","","","","","keyboard","after digit#4","{""note"":""after digit#4"",""pd_used"":0}","2","0.016667","60.000000","1","",""
"Sergio_G01_CNS-LLF5RV3D8","cpeeg02","ses03","20260617_123304","2026-06-17 12:34:21.301880","NaN","2","probe","DIGIT_RECALL_LINE_5","165","2026-06-17 12:38:32.464401","251.115321","0.531011","","5","","","","keyboard","next recall question","{""value"":5,""note"":""next recall question"",""pd_used"":1}","2","0.016667","60.000000","1","",""
"Sergio_G01_CNS-LLF5RV3D8","cpeeg02","ses03","20260617_123304","2026-06-17 12:34:21.301880","NaN","2","probe","PROBE_DIGIT_OK_5","71","2026-06-17 12:38:33.346281","251.646332","0.493573","14.587254","slot#5","8","1","","keyboard","probe_digit#5","{""value"":""slot#5"",""entered"":8,""rt"":14.587253700010478,""note"":""probe_digit#5""}","2","0.016667","60.000000","1","0.42631",""
"Sergio_G01_CNS-LLF5RV3D8","cpeeg02","ses03","20260617_123304","2026-06-17 12:34:21.301880","NaN","2","probe","DIGIT5_OFF","150","2026-06-17 12:38:33.483454","252.139905","0.000000","","8","","","","keyboard","digit#5 off","{""value"":8,""note"":""digit#5 off"",""pd_used"":0}","2","0.016667","60.000000","1","",""
"Sergio_G01_CNS-LLF5RV3D8","cpeeg02","ses03","20260617_123304","2026-06-17 12:34:21.301880","NaN","2","probe","POSTDIG_FIX5_ON","155","2026-06-17 12:38:33.484273","252.139905","3.446287","","","","","","keyboard","after digit#5","{""note"":""after digit#5""}","2","0.016667","60.000000","1","",""
"Sergio_G01_CNS-LLF5RV3D8","cpeeg02","ses03","20260617_123304","2026-06-17 12:34:21.301880","NaN","2","probe","POSTDIG_FIX5_OFF","160","2026-06-17 12:38:36.929781","255.586192","0.043750","","","","","","keyboard","after digit#5","{""note"":""after digit#5"",""pd_used"":0}","2","0.016667","60.000000","1","",""
"Sergio_G01_CNS-LLF5RV3D8","cpeeg02","ses03","20260617_123304","2026-06-17 12:34:21.301880","NaN","2","probe","PROBE_DONE","73","2026-06-17 12:38:36.931575","255.629942","0.000698","","","","","","keyboard","probe complete","{""value"":"""",""note"":""probe complete""}","2","0.016667","60.000000","1","",""
"Sergio_G01_CNS-LLF5RV3D8","cpeeg02","ses03","20260617_123304","2026-06-17 12:34:21.301880","NaN","2","probe","TRIAL_END","21","2026-06-17 12:38:36.932151","255.630640","0.101776","","","","","","keyboard","","{}","2","0.016667","60.000000","1","",""
"Sergio_G01_CNS-LLF5RV3D8","cpeeg02","ses03","20260617_123304","2026-06-17 12:34:21.301880","NaN","3","probe","TRIAL_CHANGE","22","2026-06-17 12:38:37.034163","255.732416","0.001037","","","","","","keyboard","trial transition","{""note"":""trial transition""}","2","0.016667","60.000000","1","",""
"Sergio_G01_CNS-LLF5RV3D8","cpeeg02","ses03","20260617_123304","2026-06-17 12:34:21.301880","NaN","3","probe","TRIAL_START","20","2026-06-17 12:38:37.035282","255.733453","0.043332","","","","","","keyboard","","{}","2","0.016667","60.000000","1","",""
"Sergio_G01_CNS-LLF5RV3D8","cpeeg02","ses03","20260617_123304","2026-06-17 12:34:21.301880","NaN","3","fix1","FIX1_ON","30","2026-06-17 12:38:37.128818","255.776785","3.297580","","","","","","keyboard","","{""pd_used"":0}","2","0.016667","60.000000","1","",""
"Sergio_G01_CNS-LLF5RV3D8","cpeeg02","ses03","20260617_123304","2026-06-17 12:34:21.301880","NaN","3","fix1","FIX1_OFF","31","2026-06-17 12:38:40.417995","259.074366","0.044771","","","","","","keyboard","","{""pd_used"":0}","2","0.016667","60.000000","1","",""
"Sergio_G01_CNS-LLF5RV3D8","cpeeg02","ses03","20260617_123304","2026-06-17 12:34:21.301880","NaN","3","digit","DIGIT1_ON","141","2026-06-17 12:38:40.469240","259.119137","0.550448","","1","","","","keyboard","digit#1 shown","{""value"":1,""note"":""digit#1 shown"",""pd_used"":1}","2","0.016667","60.000000","1","","1"
"Sergio_G01_CNS-LLF5RV3D8","cpeeg02","ses03","20260617_123304","2026-06-17 12:34:21.301880","NaN","3","digit","DIGIT1_OFF","146","2026-06-17 12:38:41.012976","259.669584","0.000000","","1","","","","keyboard","digit#1 off","{""value"":1,""note"":""digit#1 off"",""pd_used"":0}","2","0.016667","60.000000","1","",""
"Sergio_G01_CNS-LLF5RV3D8","cpeeg02","ses03","20260617_123304","2026-06-17 12:34:21.301880","NaN","3","digit","POSTDIG_FIX1_ON","151","2026-06-17 12:38:41.013711","259.669584","1.589181","","","","","","keyboard","after digit#1","{""note"":""after digit#1""}","2","0.016667","60.000000","1","",""
"Sergio_G01_CNS-LLF5RV3D8","cpeeg02","ses03","20260617_123304","2026-06-17 12:34:21.301880","NaN","3","digit","POSTDIG_FIX1_OFF","156","2026-06-17 12:38:42.602254","261.258765","0.043914","","","","","","keyboard","after digit#1","{""note"":""after digit#1"",""pd_used"":0}","2","0.016667","60.000000","1","",""
"Sergio_G01_CNS-LLF5RV3D8","cpeeg02","ses03","20260617_123304","2026-06-17 12:34:21.301880","NaN","3","digit","DIGIT2_ON","142","2026-06-17 12:38:42.653796","261.302679","0.551709","","8","","","","keyboard","digit#2 shown","{""value"":8,""note"":""digit#2 shown"",""pd_used"":1}","2","0.016667","60.000000","1","","0"
"Sergio_G01_CNS-LLF5RV3D8","cpeeg02","ses03","20260617_123304","2026-06-17 12:34:21.301880","NaN","3","digit","DIGIT2_OFF","147","2026-06-17 12:38:43.198001","261.854388","0.000000","","8","","","","keyboard","digit#2 off","{""value"":8,""note"":""digit#2 off"",""pd_used"":0}","2","0.016667","60.000000","1","",""
"Sergio_G01_CNS-LLF5RV3D8","cpeeg02","ses03","20260617_123304","2026-06-17 12:34:21.301880","NaN","3","digit","POSTDIG_FIX2_ON","152","2026-06-17 12:38:43.198778","261.854388","2.020667","","","","","","keyboard","after digit#2","{""note"":""after digit#2""}","2","0.016667","60.000000","1","",""
"Sergio_G01_CNS-LLF5RV3D8","cpeeg02","ses03","20260617_123304","2026-06-17 12:34:21.301880","NaN","3","digit","POSTDIG_FIX2_OFF","157","2026-06-17 12:38:45.218696","263.875055","0.044288","","","","","","keyboard","after digit#2","{""note"":""after digit#2"",""pd_used"":0}","2","0.016667","60.000000","1","",""
"Sergio_G01_CNS-LLF5RV3D8","cpeeg02","ses03","20260617_123304","2026-06-17 12:34:21.301880","NaN","3","digit","DIGIT3_ON","143","2026-06-17 12:38:45.270226","263.919344","0.551258","","4","","","","keyboard","digit#3 shown","{""value"":4,""note"":""digit#3 shown"",""pd_used"":1}","2","0.016667","60.000000","1","","0"
"Sergio_G01_CNS-LLF5RV3D8","cpeeg02","ses03","20260617_123304","2026-06-17 12:34:21.301880","NaN","3","digit","DIGIT3_OFF","148","2026-06-17 12:38:45.814031","264.470601","0.000000","","4","","","","keyboard","digit#3 off","{""value"":4,""note"":""digit#3 off"",""pd_used"":0}","2","0.016667","60.000000","1","",""
"Sergio_G01_CNS-LLF5RV3D8","cpeeg02","ses03","20260617_123304","2026-06-17 12:34:21.301880","NaN","3","digit","POSTDIG_FIX3_ON","153","2026-06-17 12:38:45.814806","264.470601","1.774483","","","","","","keyboard","after digit#3","{""note"":""after digit#3""}","2","0.016667","60.000000","1","",""
"Sergio_G01_CNS-LLF5RV3D8","cpeeg02","ses03","20260617_123304","2026-06-17 12:34:21.301880","NaN","3","digit","POSTDIG_FIX3_OFF","158","2026-06-17 12:38:47.588877","266.245084","0.044151","","","","","","keyboard","after digit#3","{""note"":""after digit#3"",""pd_used"":0}","2","0.016667","60.000000","1","",""
"Sergio_G01_CNS-LLF5RV3D8","cpeeg02","ses03","20260617_123304","2026-06-17 12:34:21.301880","NaN","3","digit","DIGIT4_ON","144","2026-06-17 12:38:47.640190","266.289236","0.551406","","0","","","","keyboard","digit#4 shown","{""value"":0,""note"":""digit#4 shown"",""pd_used"":1}","2","0.016667","60.000000","1","","0"
"Sergio_G01_CNS-LLF5RV3D8","cpeeg02","ses03","20260617_123304","2026-06-17 12:34:21.301880","NaN","3","digit","DIGIT4_OFF","149","2026-06-17 12:38:48.184114","266.840641","0.000000","","0","","","","keyboard","digit#4 off","{""value"":0,""note"":""digit#4 off"",""pd_used"":0}","2","0.016667","60.000000","1","",""
"Sergio_G01_CNS-LLF5RV3D8","cpeeg02","ses03","20260617_123304","2026-06-17 12:34:21.301880","NaN","3","digit","POSTDIG_FIX4_ON","154","2026-06-17 12:38:48.184872","266.840641","1.969629","","","","","","keyboard","after digit#4","{""note"":""after digit#4""}","2","0.016667","60.000000","1","",""
"Sergio_G01_CNS-LLF5RV3D8","cpeeg02","ses03","20260617_123304","2026-06-17 12:34:21.301880","NaN","3","digit","POSTDIG_FIX4_OFF","159","2026-06-17 12:38:50.153843","268.810270","0.044124","","","","","","keyboard","after digit#4","{""note"":""after digit#4"",""pd_used"":0}","2","0.016667","60.000000","1","",""
"Sergio_G01_CNS-LLF5RV3D8","cpeeg02","ses03","20260617_123304","2026-06-17 12:34:21.301880","NaN","3","digit","DIGIT5_ON","145","2026-06-17 12:38:50.205267","268.854394","0.551358","","8","","","","keyboard","digit#5 shown","{""value"":8,""note"":""digit#5 shown"",""pd_used"":1}","2","0.016667","60.000000","1","","0"
"Sergio_G01_CNS-LLF5RV3D8","cpeeg02","ses03","20260617_123304","2026-06-17 12:34:21.301880","NaN","3","digit","DIGIT5_OFF","150","2026-06-17 12:38:50.749302","269.405752","0.000000","","8","","","","keyboard","digit#5 off","{""value"":8,""note"":""digit#5 off"",""pd_used"":0}","2","0.016667","60.000000","1","",""
"Sergio_G01_CNS-LLF5RV3D8","cpeeg02","ses03","20260617_123304","2026-06-17 12:34:21.301880","NaN","3","digit","POSTDIG_FIX5_ON","155","2026-06-17 12:38:50.750087","269.405752","3.262454","","","","","","keyboard","after digit#5","{""note"":""after digit#5""}","2","0.016667","60.000000","1","",""
"Sergio_G01_CNS-LLF5RV3D8","cpeeg02","ses03","20260617_123304","2026-06-17 12:34:21.301880","NaN","3","digit","POSTDIG_FIX5_OFF","160","2026-06-17 12:38:54.011837","272.668206","0.044045","","","","","","keyboard","after digit#5","{""note"":""after digit#5"",""pd_used"":0}","2","0.016667","60.000000","1","",""
"Sergio_G01_CNS-LLF5RV3D8","cpeeg02","ses03","20260617_123304","2026-06-17 12:34:21.301880","NaN","3","distractor","DISTRACTOR_ON","50","2026-06-17 12:38:54.063130","272.712251","2.868224","","7+2=9","","","","keyboard","","{""value"":""7+2=9"",""isCorrectTruth"":true,""trueSum"":9,""pd_used"":1}","2","0.016667","60.000000","1","",""
"Sergio_G01_CNS-LLF5RV3D8","cpeeg02","ses03","20260617_123304","2026-06-17 12:34:21.301880","NaN","3","distractor","DISTRACTOR_ANS","51","2026-06-17 12:38:57.375034","275.580474","0.000000","2.868224","7+2=9","F","0","","keyboard","key= (False)","{""value"":""7+2=9"",""entered"":""F"",""rt"":2.8682235999731347,""correct"":0,""note"":""key= (False)"",""truth"":true,""trueSum"":9,""shownSum"":9,""a"":7,""b"":2}","2","0.016667","60.000000","1","2.7593",""
"Sergio_G01_CNS-LLF5RV3D8","cpeeg02","ses03","20260617_123304","2026-06-17 12:34:21.301880","NaN","3","distractor","ANS_WRONG","200","2026-06-17 12:38:57.417195","275.580474","0.536989","","","","","","keyboard","","{}","2","0.016667","60.000000","1","",""
"Sergio_G01_CNS-LLF5RV3D8","cpeeg02","ses03","20260617_123304","2026-06-17 12:34:21.301880","NaN","3","distractor","DISTRACTOR_OFF","52","2026-06-17 12:38:57.468851","276.117464","0.000000","","","","","","keyboard","","{""pd_used"":0}","2","0.016667","60.000000","1","",""
"Sergio_G01_CNS-LLF5RV3D8","cpeeg02","ses03","20260617_123304","2026-06-17 12:34:21.301880","NaN","3","distractor","FIX2_ON","60","2026-06-17 12:38:57.469560","276.117464","3.216976","","","","","","keyboard","immediate after response","{""note"":""immediate after response""}","2","0.016667","60.000000","1","",""
"Sergio_G01_CNS-LLF5RV3D8","cpeeg02","ses03","20260617_123304","2026-06-17 12:34:21.301880","NaN","3","fix2","FIX2_OFF","61","2026-06-17 12:39:00.678068","279.334440","0.044071","","","","","","keyboard","","{""pd_used"":0}","2","0.016667","60.000000","1","",""
"Sergio_G01_CNS-LLF5RV3D8","cpeeg02","ses03","20260617_123304","2026-06-17 12:34:21.301880","NaN","3","probe","DIGIT_RECALL_LINE_1","161","2026-06-17 12:39:00.729513","279.378512","1.368383","","1","","","","keyboard","first recall question","{""value"":1,""note"":""first recall question"",""pd_used"":1}","2","0.016667","60.000000","1","",""
"Sergio_G01_CNS-LLF5RV3D8","cpeeg02","ses03","20260617_123304","2026-06-17 12:34:21.301880","NaN","3","probe","PROBE_DIGIT_OK_1","71","2026-06-17 12:39:02.604107","280.746895","0.657299","1.369524","slot#1","1","1","","keyboard","probe_digit#1","{""value"":""slot#1"",""entered"":1,""rt"":1.3695240000379272,""note"":""probe_digit#1""}","2","0.016667","60.000000","1","0.90556",""
"Sergio_G01_CNS-LLF5RV3D8","cpeeg02","ses03","20260617_123304","2026-06-17 12:34:21.301880","NaN","3","probe","DIGIT1_OFF","146","2026-06-17 12:39:02.747667","281.404193","0.000000","","8","","","","keyboard","digit#1 off","{""value"":8,""note"":""digit#1 off"",""pd_used"":0}","2","0.016667","60.000000","1","",""
"Sergio_G01_CNS-LLF5RV3D8","cpeeg02","ses03","20260617_123304","2026-06-17 12:34:21.301880","NaN","3","probe","POSTDIG_FIX1_ON","151","2026-06-17 12:39:02.748413","281.404193","1.619648","","","","","","keyboard","after digit#1","{""note"":""after digit#1""}","2","0.016667","60.000000","1","",""
"Sergio_G01_CNS-LLF5RV3D8","cpeeg02","ses03","20260617_123304","2026-06-17 12:34:21.301880","NaN","3","probe","POSTDIG_FIX1_OFF","156","2026-06-17 12:39:04.367447","283.023842","0.046598","","","","","","keyboard","after digit#1","{""note"":""after digit#1"",""pd_used"":0}","2","0.016667","60.000000","1","",""
"Sergio_G01_CNS-LLF5RV3D8","cpeeg02","ses03","20260617_123304","2026-06-17 12:34:21.301880","NaN","3","probe","DIGIT_RECALL_LINE_2","162","2026-06-17 12:39:04.419265","283.070440","1.051945","","2","","","","keyboard","next recall question","{""value"":2,""note"":""next recall question"",""pd_used"":1}","2","0.016667","60.000000","1","",""
"Sergio_G01_CNS-LLF5RV3D8","cpeeg02","ses03","20260617_123304","2026-06-17 12:34:21.301880","NaN","3","probe","PROBE_DIGIT_OK_2","71","2026-06-17 12:39:05.783979","284.122385","0.463627","4.745014","slot#2","4","0","","keyboard","probe_digit#2","{""value"":""slot#2"",""entered"":4,""rt"":4.7450137000414543,""note"":""probe_digit#2""}","2","0.016667","60.000000","1","0.71125",""
"Sergio_G01_CNS-LLF5RV3D8","cpeeg02","ses03","20260617_123304","2026-06-17 12:34:21.301880","NaN","3","probe","DIGIT2_OFF","147","2026-06-17 12:39:05.929247","284.586011","0.000000","","8","","","","keyboard","digit#2 off","{""value"":8,""note"":""digit#2 off"",""pd_used"":0}","2","0.016667","60.000000","1","",""
"Sergio_G01_CNS-LLF5RV3D8","cpeeg02","ses03","20260617_123304","2026-06-17 12:34:21.301880","NaN","3","probe","POSTDIG_FIX2_ON","152","2026-06-17 12:39:05.930009","284.586011","1.955020","","","","","","keyboard","after digit#2","{""note"":""after digit#2""}","2","0.016667","60.000000","1","",""
"Sergio_G01_CNS-LLF5RV3D8","cpeeg02","ses03","20260617_123304","2026-06-17 12:34:21.301880","NaN","3","probe","POSTDIG_FIX2_OFF","157","2026-06-17 12:39:07.884487","286.541031","0.045839","","","","","","keyboard","after digit#2","{""note"":""after digit#2"",""pd_used"":0}","2","0.016667","60.000000","1","",""
"Sergio_G01_CNS-LLF5RV3D8","cpeeg02","ses03","20260617_123304","2026-06-17 12:34:21.301880","NaN","3","probe","DIGIT_RECALL_LINE_3","163","2026-06-17 12:39:07.935853","286.586870","1.035718","","3","","","","keyboard","next recall question","{""value"":3,""note"":""next recall question"",""pd_used"":1}","2","0.016667","60.000000","1","",""
"Sergio_G01_CNS-LLF5RV3D8","cpeeg02","ses03","20260617_123304","2026-06-17 12:34:21.301880","NaN","3","probe","PROBE_DIGIT_OK_3","71","2026-06-17 12:39:09.483979","287.622588","0.656372","8.245217","slot#3","0","0","","keyboard","probe_digit#3","{""value"":""slot#3"",""entered"":0,""rt"":8.24521670001559,""note"":""probe_digit#3""}","2","0.016667","60.000000","1","0.808",""
"Sergio_G01_CNS-LLF5RV3D8","cpeeg02","ses03","20260617_123304","2026-06-17 12:34:21.301880","NaN","3","probe","DIGIT3_OFF","148","2026-06-17 12:39:09.622380","288.278959","0.000000","","8","","","","keyboard","digit#3 off","{""value"":8,""note"":""digit#3 off"",""pd_used"":0}","2","0.016667","60.000000","1","",""
"Sergio_G01_CNS-LLF5RV3D8","cpeeg02","ses03","20260617_123304","2026-06-17 12:34:21.301880","NaN","3","probe","POSTDIG_FIX3_ON","153","2026-06-17 12:39:09.623145","288.278959","1.671633","","","","","","keyboard","after digit#3","{""note"":""after digit#3""}","2","0.016667","60.000000","1","",""
"Sergio_G01_CNS-LLF5RV3D8","cpeeg02","ses03","20260617_123304","2026-06-17 12:34:21.301880","NaN","3","probe","POSTDIG_FIX3_OFF","158","2026-06-17 12:39:11.294137","289.950592","0.046142","","","","","","keyboard","after digit#3","{""note"":""after digit#3"",""pd_used"":0}","2","0.016667","60.000000","1","",""
"Sergio_G01_CNS-LLF5RV3D8","cpeeg02","ses03","20260617_123304","2026-06-17 12:34:21.301880","NaN","3","probe","DIGIT_RECALL_LINE_4","164","2026-06-17 12:39:11.345475","289.996734","0.671802","","4","","","","keyboard","next recall question","{""value"":4,""note"":""next recall question"",""pd_used"":1}","2","0.016667","60.000000","1","",""
"Sergio_G01_CNS-LLF5RV3D8","cpeeg02","ses03","20260617_123304","2026-06-17 12:34:21.301880","NaN","3","probe","PROBE_DIGIT_OK_4","71","2026-06-17 12:39:12.375726","290.668536","0.516851","11.291166","slot#4","8","0","","keyboard","probe_digit#4","{""value"":""slot#4"",""entered"":8,""rt"":11.291165500006173,""note"":""probe_digit#4""}","2","0.016667","60.000000","1","0.59969",""
"Sergio_G01_CNS-LLF5RV3D8","cpeeg02","ses03","20260617_123304","2026-06-17 12:34:21.301880","NaN","3","probe","DIGIT4_OFF","149","2026-06-17 12:39:12.528780","291.185387","0.000000","","8","","","","keyboard","digit#4 off","{""value"":8,""note"":""digit#4 off"",""pd_used"":0}","2","0.016667","60.000000","1","",""
"Sergio_G01_CNS-LLF5RV3D8","cpeeg02","ses03","20260617_123304","2026-06-17 12:34:21.301880","NaN","3","probe","POSTDIG_FIX4_ON","154","2026-06-17 12:39:12.529565","291.185387","1.584052","","","","","","keyboard","after digit#4","{""note"":""after digit#4""}","2","0.016667","60.000000","1","",""
"Sergio_G01_CNS-LLF5RV3D8","cpeeg02","ses03","20260617_123304","2026-06-17 12:34:21.301880","NaN","3","probe","POSTDIG_FIX4_OFF","159","2026-06-17 12:39:14.112918","292.769440","0.045817","","","","","","keyboard","after digit#4","{""note"":""after digit#4"",""pd_used"":0}","2","0.016667","60.000000","1","",""
"Sergio_G01_CNS-LLF5RV3D8","cpeeg02","ses03","20260617_123304","2026-06-17 12:34:21.301880","NaN","3","probe","DIGIT_RECALL_LINE_5","165","2026-06-17 12:39:14.164262","292.815257","4.087372","","5","","","","keyboard","next recall question","{""value"":5,""note"":""next recall question"",""pd_used"":1}","2","0.016667","60.000000","1","",""
"Sergio_G01_CNS-LLF5RV3D8","cpeeg02","ses03","20260617_123304","2026-06-17 12:34:21.301880","NaN","3","probe","PROBE_DIGIT_OK_5","71","2026-06-17 12:39:18.865493","296.902629","0.761409","17.525259","slot#5","1","0","","keyboard","probe_digit#5","{""value"":""slot#5"",""entered"":1,""rt"":17.525258500012569,""note"":""probe_digit#5""}","2","0.016667","60.000000","1","3.9774",""
"Sergio_G01_CNS-LLF5RV3D8","cpeeg02","ses03","20260617_123304","2026-06-17 12:34:21.301880","NaN","3","probe","DIGIT5_OFF","150","2026-06-17 12:39:19.007427","297.664038","0.000000","","8","","","","keyboard","digit#5 off","{""value"":8,""note"":""digit#5 off"",""pd_used"":0}","2","0.016667","60.000000","1","",""
"Sergio_G01_CNS-LLF5RV3D8","cpeeg02","ses03","20260617_123304","2026-06-17 12:34:21.301880","NaN","3","probe","POSTDIG_FIX5_ON","155","2026-06-17 12:39:19.008222","297.664038","3.153373","","","","","","keyboard","after digit#5","{""note"":""after digit#5""}","2","0.016667","60.000000","1","",""
"Sergio_G01_CNS-LLF5RV3D8","cpeeg02","ses03","20260617_123304","2026-06-17 12:34:21.301880","NaN","3","probe","POSTDIG_FIX5_OFF","160","2026-06-17 12:39:22.160831","300.817411","0.043524","","","","","","keyboard","after digit#5","{""note"":""after digit#5"",""pd_used"":0}","2","0.016667","60.000000","1","",""
"Sergio_G01_CNS-LLF5RV3D8","cpeeg02","ses03","20260617_123304","2026-06-17 12:34:21.301880","NaN","3","probe","PROBE_DONE","73","2026-06-17 12:39:22.162565","300.860935","0.000669","","","","","","keyboard","probe complete","{""value"":"""",""note"":""probe complete""}","2","0.016667","60.000000","1","",""
"Sergio_G01_CNS-LLF5RV3D8","cpeeg02","ses03","20260617_123304","2026-06-17 12:34:21.301880","NaN","3","probe","TRIAL_END","21","2026-06-17 12:39:22.163112","300.861604","0.107936","","","","","","keyboard","","{}","2","0.016667","60.000000","1","",""
"Sergio_G01_CNS-LLF5RV3D8","cpeeg02","ses03","20260617_123304","2026-06-17 12:34:21.301880","NaN","4","probe","TRIAL_CHANGE","22","2026-06-17 12:39:22.271291","300.969541","0.001008","","","","","","keyboard","trial transition","{""note"":""trial transition""}","2","0.016667","60.000000","1","",""
"Sergio_G01_CNS-LLF5RV3D8","cpeeg02","ses03","20260617_123304","2026-06-17 12:34:21.301880","NaN","4","probe","TRIAL_START","20","2026-06-17 12:39:22.272335","300.970549","0.043381","","","","","","keyboard","","{}","2","0.016667","60.000000","1","",""
"Sergio_G01_CNS-LLF5RV3D8","cpeeg02","ses03","20260617_123304","2026-06-17 12:34:21.301880","NaN","4","fix1","FIX1_ON","30","2026-06-17 12:39:22.365997","301.013930","3.086009","","","","","","keyboard","","{""pd_used"":0}","2","0.016667","60.000000","1","",""
"Sergio_G01_CNS-LLF5RV3D8","cpeeg02","ses03","20260617_123304","2026-06-17 12:34:21.301880","NaN","4","fix1","FIX1_OFF","31","2026-06-17 12:39:25.443612","304.099939","0.044112","","","","","","keyboard","","{""pd_used"":0}","2","0.016667","60.000000","1","",""
"Sergio_G01_CNS-LLF5RV3D8","cpeeg02","ses03","20260617_123304","2026-06-17 12:34:21.301880","NaN","4","digit","DIGIT1_ON","141","2026-06-17 12:39:25.494891","304.144051","0.551244","","2","","","","keyboard","digit#1 shown","{""value"":2,""note"":""digit#1 shown"",""pd_used"":1}","2","0.016667","60.000000","1","","1"
"Sergio_G01_CNS-LLF5RV3D8","cpeeg02","ses03","20260617_123304","2026-06-17 12:34:21.301880","NaN","4","digit","DIGIT1_OFF","146","2026-06-17 12:39:26.038737","304.695295","0.000000","","2","","","","keyboard","digit#1 off","{""value"":2,""note"":""digit#1 off"",""pd_used"":0}","2","0.016667","60.000000","1","",""
"Sergio_G01_CNS-LLF5RV3D8","cpeeg02","ses03","20260617_123304","2026-06-17 12:34:21.301880","NaN","4","digit","POSTDIG_FIX1_ON","151","2026-06-17 12:39:26.039482","304.695295","2.024842","","","","","","keyboard","after digit#1","{""note"":""after digit#1""}","2","0.016667","60.000000","1","",""
"Sergio_G01_CNS-LLF5RV3D8","cpeeg02","ses03","20260617_123304","2026-06-17 12:34:21.301880","NaN","4","digit","POSTDIG_FIX1_OFF","156","2026-06-17 12:39:28.063561","306.720137","0.043771","","","","","","keyboard","after digit#1","{""note"":""after digit#1"",""pd_used"":0}","2","0.016667","60.000000","1","",""
"Sergio_G01_CNS-LLF5RV3D8","cpeeg02","ses03","20260617_123304","2026-06-17 12:34:21.301880","NaN","4","digit","DIGIT2_ON","142","2026-06-17 12:39:28.114931","306.763909","0.551629","","8","","","","keyboard","digit#2 shown","{""value"":8,""note"":""digit#2 shown"",""pd_used"":1}","2","0.016667","60.000000","1","","1"
"Sergio_G01_CNS-LLF5RV3D8","cpeeg02","ses03","20260617_123304","2026-06-17 12:34:21.301880","NaN","4","digit","DIGIT2_OFF","147","2026-06-17 12:39:28.659103","307.315537","0.000000","","8","","","","keyboard","digit#2 off","{""value"":8,""note"":""digit#2 off"",""pd_used"":0}","2","0.016667","60.000000","1","",""
"Sergio_G01_CNS-LLF5RV3D8","cpeeg02","ses03","20260617_123304","2026-06-17 12:34:21.301880","NaN","4","digit","POSTDIG_FIX2_ON","152","2026-06-17 12:39:28.659857","307.315537","1.648336","","","","","","keyboard","after digit#2","{""note"":""after digit#2""}","2","0.016667","60.000000","1","",""
"Sergio_G01_CNS-LLF5RV3D8","cpeeg02","ses03","20260617_123304","2026-06-17 12:34:21.301880","NaN","4","digit","POSTDIG_FIX2_OFF","157","2026-06-17 12:39:30.307210","308.963874","0.043955","","","","","","keyboard","after digit#2","{""note"":""after digit#2"",""pd_used"":0}","2","0.016667","60.000000","1","",""
"Sergio_G01_CNS-LLF5RV3D8","cpeeg02","ses03","20260617_123304","2026-06-17 12:34:21.301880","NaN","4","digit","DIGIT3_ON","143","2026-06-17 12:39:30.358696","309.007829","0.551541","","3","","","","keyboard","digit#3 shown","{""value"":3,""note"":""digit#3 shown"",""pd_used"":1}","2","0.016667","60.000000","1","","0"
"Sergio_G01_CNS-LLF5RV3D8","cpeeg02","ses03","20260617_123304","2026-06-17 12:34:21.301880","NaN","4","digit","DIGIT3_OFF","148","2026-06-17 12:39:30.902789","309.559370","0.000000","","3","","","","keyboard","digit#3 off","{""value"":3,""note"":""digit#3 off"",""pd_used"":0}","2","0.016667","60.000000","1","",""
"Sergio_G01_CNS-LLF5RV3D8","cpeeg02","ses03","20260617_123304","2026-06-17 12:34:21.301880","NaN","4","digit","POSTDIG_FIX3_ON","153","2026-06-17 12:39:30.903557","309.559370","1.888374","","","","","","keyboard","after digit#3","{""note"":""after digit#3""}","2","0.016667","60.000000","1","",""
"Sergio_G01_CNS-LLF5RV3D8","cpeeg02","ses03","20260617_123304","2026-06-17 12:34:21.301880","NaN","4","digit","POSTDIG_FIX3_OFF","158","2026-06-17 12:39:32.791149","311.447744","0.043933","","","","","","keyboard","after digit#3","{""note"":""after digit#3"",""pd_used"":0}","2","0.016667","60.000000","1","",""
"Sergio_G01_CNS-LLF5RV3D8","cpeeg02","ses03","20260617_123304","2026-06-17 12:34:21.301880","NaN","4","digit","DIGIT4_ON","144","2026-06-17 12:39:32.842336","311.491677","0.551471","","3","","","","keyboard","digit#4 shown","{""value"":3,""note"":""digit#4 shown"",""pd_used"":1}","2","0.016667","60.000000","1","","0"
"Sergio_G01_CNS-LLF5RV3D8","cpeeg02","ses03","20260617_123304","2026-06-17 12:34:21.301880","NaN","4","digit","DIGIT4_OFF","149","2026-06-17 12:39:33.386939","312.043147","0.000000","","3","","","","keyboard","digit#4 off","{""value"":3,""note"":""digit#4 off"",""pd_used"":0}","2","0.016667","60.000000","1","",""
"Sergio_G01_CNS-LLF5RV3D8","cpeeg02","ses03","20260617_123304","2026-06-17 12:34:21.301880","NaN","4","digit","POSTDIG_FIX4_ON","154","2026-06-17 12:39:33.388250","312.043147","1.738122","","","","","","keyboard","after digit#4","{""note"":""after digit#4""}","2","0.016667","60.000000","1","",""
"Sergio_G01_CNS-LLF5RV3D8","cpeeg02","ses03","20260617_123304","2026-06-17 12:34:21.301880","NaN","4","digit","POSTDIG_FIX4_OFF","159","2026-06-17 12:39:35.124828","313.781269","0.044049","","","","","","keyboard","after digit#4","{""note"":""after digit#4"",""pd_used"":0}","2","0.016667","60.000000","1","",""
"Sergio_G01_CNS-LLF5RV3D8","cpeeg02","ses03","20260617_123304","2026-06-17 12:34:21.301880","NaN","4","digit","DIGIT5_ON","145","2026-06-17 12:39:35.176281","313.825318","0.551396","","5","","","","keyboard","digit#5 shown","{""value"":5,""note"":""digit#5 shown"",""pd_used"":1}","2","0.016667","60.000000","1","","1"
"Sergio_G01_CNS-LLF5RV3D8","cpeeg02","ses03","20260617_123304","2026-06-17 12:34:21.301880","NaN","4","digit","DIGIT5_OFF","150","2026-06-17 12:39:35.720109","314.376714","0.000000","","5","","","","keyboard","digit#5 off","{""value"":5,""note"":""digit#5 off"",""pd_used"":0}","2","0.016667","60.000000","1","",""
"Sergio_G01_CNS-LLF5RV3D8","cpeeg02","ses03","20260617_123304","2026-06-17 12:34:21.301880","NaN","4","digit","POSTDIG_FIX5_ON","155","2026-06-17 12:39:35.720846","314.376714","3.453484","","","","","","keyboard","after digit#5","{""note"":""after digit#5""}","2","0.016667","60.000000","1","",""
"Sergio_G01_CNS-LLF5RV3D8","cpeeg02","ses03","20260617_123304","2026-06-17 12:34:21.301880","NaN","4","digit","POSTDIG_FIX5_OFF","160","2026-06-17 12:39:39.173752","317.830198","0.044024","","","","","","keyboard","after digit#5","{""note"":""after digit#5"",""pd_used"":0}","2","0.016667","60.000000","1","",""
"Sergio_G01_CNS-LLF5RV3D8","cpeeg02","ses03","20260617_123304","2026-06-17 12:34:21.301880","NaN","4","distractor","DISTRACTOR_ON","50","2026-06-17 12:39:39.225104","317.874222","8.358646","","7+3=10","","","","keyboard","","{""value"":""7+3=10"",""isCorrectTruth"":true,""trueSum"":10,""pd_used"":1}","2","0.016667","60.000000","1","",""
"Sergio_G01_CNS-LLF5RV3D8","cpeeg02","ses03","20260617_123304","2026-06-17 12:34:21.301880","NaN","4","distractor","DISTRACTOR_ANS","51","2026-06-17 12:39:48.171980","326.232867","0.000000","8.358646","7+3=10","F","0","","keyboard","key= (False)","{""value"":""7+3=10"",""entered"":""F"",""rt"":8.3586455000331625,""correct"":0,""note"":""key= (False)"",""truth"":true,""trueSum"":10,""shownSum"":10,""a"":7,""b"":3}","2","0.016667","60.000000","1","8.2122",""
"Sergio_G01_CNS-LLF5RV3D8","cpeeg02","ses03","20260617_123304","2026-06-17 12:34:21.301880","NaN","4","distractor","ANS_WRONG","200","2026-06-17 12:39:48.214207","326.232867","0.681534","","","","","","keyboard","","{}","2","0.016667","60.000000","1","",""
"Sergio_G01_CNS-LLF5RV3D8","cpeeg02","ses03","20260617_123304","2026-06-17 12:34:21.301880","NaN","4","distractor","DISTRACTOR_OFF","52","2026-06-17 12:39:48.265829","326.914401","0.000000","","","","","","keyboard","","{""pd_used"":0}","2","0.016667","60.000000","1","",""
"Sergio_G01_CNS-LLF5RV3D8","cpeeg02","ses03","20260617_123304","2026-06-17 12:34:21.301880","NaN","4","distractor","FIX2_ON","60","2026-06-17 12:39:48.266537","326.914401","3.182026","","","","","","keyboard","immediate after response","{""note"":""immediate after response""}","2","0.016667","60.000000","1","",""
"Sergio_G01_CNS-LLF5RV3D8","cpeeg02","ses03","20260617_123304","2026-06-17 12:34:21.301880","NaN","4","fix2","FIX2_OFF","61","2026-06-17 12:39:51.439913","330.096427","0.043897","","","","","","keyboard","","{""pd_used"":0}","2","0.016667","60.000000","1","",""
"Sergio_G01_CNS-LLF5RV3D8","cpeeg02","ses03","20260617_123304","2026-06-17 12:34:21.301880","NaN","4","probe","DIGIT_RECALL_LINE_1","161","2026-06-17 12:39:51.491119","330.140325","2.370698","","1","","","","keyboard","first recall question","{""value"":1,""note"":""first recall question"",""pd_used"":1}","2","0.016667","60.000000","1","",""
"Sergio_G01_CNS-LLF5RV3D8","cpeeg02","ses03","20260617_123304","2026-06-17 12:34:21.301880","NaN","4","probe","PROBE_DIGIT_OK_1","71","2026-06-17 12:39:54.404579","332.511023","0.697163","2.371924","slot#1","2","1","","keyboard","probe_digit#1","{""value"":""slot#1"",""entered"":2,""rt"":2.3719235000316985,""note"":""probe_digit#1""}","2","0.016667","60.000000","1","1.5461",""
"Sergio_G01_CNS-LLF5RV3D8","cpeeg02","ses03","20260617_123304","2026-06-17 12:34:21.301880","NaN","4","probe","DIGIT1_OFF","146","2026-06-17 12:39:54.551634","333.208186","0.000000","","5","","","","keyboard","digit#1 off","{""value"":5,""note"":""digit#1 off"",""pd_used"":0}","2","0.016667","60.000000","1","",""
"Sergio_G01_CNS-LLF5RV3D8","cpeeg02","ses03","20260617_123304","2026-06-17 12:34:21.301880","NaN","4","probe","POSTDIG_FIX1_ON","151","2026-06-17 12:39:54.552414","333.208186","1.563725","","","","","","keyboard","after digit#1","{""note"":""after digit#1""}","2","0.016667","60.000000","1","",""
"Sergio_G01_CNS-LLF5RV3D8","cpeeg02","ses03","20260617_123304","2026-06-17 12:34:21.301880","NaN","4","probe","POSTDIG_FIX1_OFF","156","2026-06-17 12:39:56.115358","334.771910","0.045927","","","","","","keyboard","after digit#1","{""note"":""after digit#1"",""pd_used"":0}","2","0.016667","60.000000","1","",""
"Sergio_G01_CNS-LLF5RV3D8","cpeeg02","ses03","20260617_123304","2026-06-17 12:34:21.301880","NaN","4","probe","DIGIT_RECALL_LINE_2","162","2026-06-17 12:39:56.166704","334.817838","4.002213","","2","","","","keyboard","next recall question","{""value"":2,""note"":""next recall question"",""pd_used"":1}","2","0.016667","60.000000","1","",""
"Sergio_G01_CNS-LLF5RV3D8","cpeeg02","ses03","20260617_123304","2026-06-17 12:34:21.301880","NaN","4","probe","PROBE_DIGIT_OK_2","71","2026-06-17 12:40:00.579696","338.820051","0.560364","8.680951","slot#2","8","1","","keyboard","probe_digit#2","{""value"":""slot#2"",""entered"":8,""rt"":8.6809510000166483,""note"":""probe_digit#2""}","2","0.016667","60.000000","1","0.65581",""
"Sergio_G01_CNS-LLF5RV3D8","cpeeg02","ses03","20260617_123304","2026-06-17 12:34:21.301880","NaN","4","probe","DIGIT2_OFF","147","2026-06-17 12:40:00.724020","339.380415","0.000000","","5","","","","keyboard","digit#2 off","{""value"":5,""note"":""digit#2 off"",""pd_used"":0}","2","0.016667","60.000000","1","",""
"Sergio_G01_CNS-LLF5RV3D8","cpeeg02","ses03","20260617_123304","2026-06-17 12:34:21.301880","NaN","4","probe","POSTDIG_FIX2_ON","152","2026-06-17 12:40:00.724750","339.380415","1.698933","","","","","","keyboard","after digit#2","{""note"":""after digit#2""}","2","0.016667","60.000000","1","",""
"Sergio_G01_CNS-LLF5RV3D8","cpeeg02","ses03","20260617_123304","2026-06-17 12:34:21.301880","NaN","4","probe","POSTDIG_FIX2_OFF","157","2026-06-17 12:40:02.422921","341.079348","0.046287","","","","","","keyboard","after digit#2","{""note"":""after digit#2"",""pd_used"":0}","2","0.016667","60.000000","1","",""
"Sergio_G01_CNS-LLF5RV3D8","cpeeg02","ses03","20260617_123304","2026-06-17 12:34:21.301880","NaN","4","probe","DIGIT_RECALL_LINE_3","163","2026-06-17 12:40:02.474267","341.125635","0.549127","","3","","","","keyboard","next recall question","{""value"":3,""note"":""next recall question"",""pd_used"":1}","2","0.016667","60.000000","1","",""
"Sergio_G01_CNS-LLF5RV3D8","cpeeg02","ses03","20260617_123304","2026-06-17 12:34:21.301880","NaN","4","probe","PROBE_DIGIT_OK_3","71","2026-06-17 12:40:03.378799","341.674762","0.513444","11.535662","slot#3","NaN","0","","keyboard","probe_digit#3","{""value"":""slot#3"",""entered"":null,""rt"":11.53566240001237,""note"":""probe_digit#3""}","2","0.016667","60.000000","1","0.49688",""
"Sergio_G01_CNS-LLF5RV3D8","cpeeg02","ses03","20260617_123304","2026-06-17 12:34:21.301880","NaN","4","probe","DIGIT3_OFF","148","2026-06-17 12:40:03.531574","342.188206","0.000000","","5","","","","keyboard","digit#3 off","{""value"":5,""note"":""digit#3 off"",""pd_used"":0}","2","0.016667","60.000000","1","",""
"Sergio_G01_CNS-LLF5RV3D8","cpeeg02","ses03","20260617_123304","2026-06-17 12:34:21.301880","NaN","4","probe","POSTDIG_FIX3_ON","153","2026-06-17 12:40:03.532355","342.188206","1.619117","","","","","","keyboard","after digit#3","{""note"":""after digit#3""}","2","0.016667","60.000000","1","",""
"Sergio_G01_CNS-LLF5RV3D8","cpeeg02","ses03","20260617_123304","2026-06-17 12:34:21.301880","NaN","4","probe","POSTDIG_FIX3_OFF","158","2026-06-17 12:40:05.150869","343.807323","0.046148","","","","","","keyboard","after digit#3","{""note"":""after digit#3"",""pd_used"":0}","2","0.016667","60.000000","1","",""
"Sergio_G01_CNS-LLF5RV3D8","cpeeg02","ses03","20260617_123304","2026-06-17 12:34:21.301880","NaN","4","probe","DIGIT_RECALL_LINE_4","164","2026-06-17 12:40:05.202135","343.853471","2.375382","","4","","","","keyboard","next recall question","{""value"":4,""note"":""next recall question"",""pd_used"":1}","2","0.016667","60.000000","1","",""
"Sergio_G01_CNS-LLF5RV3D8","cpeeg02","ses03","20260617_123304","2026-06-17 12:34:21.301880","NaN","4","probe","PROBE_DIGIT_OK_4","71","2026-06-17 12:40:08.104287","346.228853","0.681805","16.089754","slot#4","0","0","","keyboard","probe_digit#4","{""value"":""slot#4"",""entered"":0,""rt"":16.089753600012045,""note"":""probe_digit#4""}","2","0.016667","60.000000","1","2.2784",""
"Sergio_G01_CNS-LLF5RV3D8","cpeeg02","ses03","20260617_123304","2026-06-17 12:34:21.301880","NaN","4","probe","DIGIT4_OFF","149","2026-06-17 12:40:08.253998","346.910659","0.000000","","5","","","","keyboard","digit#4 off","{""value"":5,""note"":""digit#4 off"",""pd_used"":0}","2","0.016667","60.000000","1","",""
"Sergio_G01_CNS-LLF5RV3D8","cpeeg02","ses03","20260617_123304","2026-06-17 12:34:21.301880","NaN","4","probe","POSTDIG_FIX4_ON","154","2026-06-17 12:40:08.254736","346.910659","1.638809","","","","","","keyboard","after digit#4","{""note"":""after digit#4""}","2","0.016667","60.000000","1","",""
"Sergio_G01_CNS-LLF5RV3D8","cpeeg02","ses03","20260617_123304","2026-06-17 12:34:21.301880","NaN","4","probe","POSTDIG_FIX4_OFF","159","2026-06-17 12:40:09.893000","348.549468","0.045860","","","","","","keyboard","after digit#4","{""note"":""after digit#4"",""pd_used"":0}","2","0.016667","60.000000","1","",""
"Sergio_G01_CNS-LLF5RV3D8","cpeeg02","ses03","20260617_123304","2026-06-17 12:34:21.301880","NaN","4","probe","DIGIT_RECALL_LINE_5","165","2026-06-17 12:40:09.944480","348.595328","1.360798","","5","","","","keyboard","next recall question","{""value"":5,""note"":""next recall question"",""pd_used"":1}","2","0.016667","60.000000","1","",""
"Sergio_G01_CNS-LLF5RV3D8","cpeeg02","ses03","20260617_123304","2026-06-17 12:34:21.301880","NaN","4","probe","PROBE_DIGIT_OK_5","71","2026-06-17 12:40:11.844450","349.956126","0.695814","19.817026","slot#5","5","1","","keyboard","probe_digit#5","{""value"":""slot#5"",""entered"":5,""rt"":19.817026000004262,""note"":""probe_digit#5""}","2","0.016667","60.000000","1","1.2846",""
"Sergio_G01_CNS-LLF5RV3D8","cpeeg02","ses03","20260617_123304","2026-06-17 12:34:21.301880","NaN","4","probe","DIGIT5_OFF","150","2026-06-17 12:40:11.995548","350.651940","0.000000","","5","","","","keyboard","digit#5 off","{""value"":5,""note"":""digit#5 off"",""pd_used"":0}","2","0.016667","60.000000","1","",""
"Sergio_G01_CNS-LLF5RV3D8","cpeeg02","ses03","20260617_123304","2026-06-17 12:34:21.301880","NaN","4","probe","POSTDIG_FIX5_ON","155","2026-06-17 12:40:11.996318","350.651940","3.380140","","","","","","keyboard","after digit#5","{""note"":""after digit#5""}","2","0.016667","60.000000","1","",""
"Sergio_G01_CNS-LLF5RV3D8","cpeeg02","ses03","20260617_123304","2026-06-17 12:34:21.301880","NaN","4","probe","POSTDIG_FIX5_OFF","160","2026-06-17 12:40:15.375582","354.032080","0.043542","","","","","","keyboard","after digit#5","{""note"":""after digit#5"",""pd_used"":0}","2","0.016667","60.000000","1","",""
"Sergio_G01_CNS-LLF5RV3D8","cpeeg02","ses03","20260617_123304","2026-06-17 12:34:21.301880","NaN","4","probe","PROBE_DONE","73","2026-06-17 12:40:15.377259","354.075621","0.000702","","","","","","keyboard","probe complete","{""value"":"""",""note"":""probe complete""}","2","0.016667","60.000000","1","",""
"Sergio_G01_CNS-LLF5RV3D8","cpeeg02","ses03","20260617_123304","2026-06-17 12:34:21.301880","NaN","4","probe","TRIAL_END","21","2026-06-17 12:40:15.377843","354.076323","0.110418","","","","","","keyboard","","{}","2","0.016667","60.000000","1","",""
"Sergio_G01_CNS-LLF5RV3D8","cpeeg02","ses03","20260617_123304","2026-06-17 12:34:21.301880","NaN","5","probe","TRIAL_CHANGE","22","2026-06-17 12:40:15.488490","354.186741","0.000881","","","","","","keyboard","trial transition","{""note"":""trial transition""}","2","0.016667","60.000000","1","",""
"Sergio_G01_CNS-LLF5RV3D8","cpeeg02","ses03","20260617_123304","2026-06-17 12:34:21.301880","NaN","5","probe","TRIAL_START","20","2026-06-17 12:40:15.489137","354.187622","0.043055","","","","","","keyboard","","{}","2","0.016667","60.000000","1","",""
"Sergio_G01_CNS-LLF5RV3D8","cpeeg02","ses03","20260617_123304","2026-06-17 12:34:21.301880","NaN","5","fix1","FIX1_ON","30","2026-06-17 12:40:15.582921","354.230677","3.442039","","","","","","keyboard","","{""pd_used"":0}","2","0.016667","60.000000","1","",""
"Sergio_G01_CNS-LLF5RV3D8","cpeeg02","ses03","20260617_123304","2026-06-17 12:34:21.301880","NaN","5","fix1","FIX1_OFF","31","2026-06-17 12:40:19.016168","357.672717","0.043870","","","","","","keyboard","","{""pd_used"":0}","2","0.016667","60.000000","1","",""
"Sergio_G01_CNS-LLF5RV3D8","cpeeg02","ses03","20260617_123304","2026-06-17 12:34:21.301880","NaN","5","digit","DIGIT1_ON","141","2026-06-17 12:40:19.067782","357.716587","0.551797","","4","","","","keyboard","digit#1 shown","{""value"":4,""note"":""digit#1 shown"",""pd_used"":1}","2","0.016667","60.000000","1","","0"
"Sergio_G01_CNS-LLF5RV3D8","cpeeg02","ses03","20260617_123304","2026-06-17 12:34:21.301880","NaN","5","digit","DIGIT1_OFF","146","2026-06-17 12:40:19.611795","358.268384","0.000000","","4","","","","keyboard","digit#1 off","{""value"":4,""note"":""digit#1 off"",""pd_used"":0}","2","0.016667","60.000000","1","",""
"Sergio_G01_CNS-LLF5RV3D8","cpeeg02","ses03","20260617_123304","2026-06-17 12:34:21.301880","NaN","5","digit","POSTDIG_FIX1_ON","151","2026-06-17 12:40:19.612578","358.268384","1.835913","","","","","","keyboard","after digit#1","{""note"":""after digit#1""}","2","0.016667","60.000000","1","",""
"Sergio_G01_CNS-LLF5RV3D8","cpeeg02","ses03","20260617_123304","2026-06-17 12:34:21.301880","NaN","5","digit","POSTDIG_FIX1_OFF","156","2026-06-17 12:40:21.447718","360.104298","0.043781","","","","","","keyboard","after digit#1","{""note"":""after digit#1"",""pd_used"":0}","2","0.016667","60.000000","1","",""
"Sergio_G01_CNS-LLF5RV3D8","cpeeg02","ses03","20260617_123304","2026-06-17 12:34:21.301880","NaN","5","digit","DIGIT2_ON","142","2026-06-17 12:40:21.499043","360.148079","0.551559","","5","","","","keyboard","digit#2 shown","{""value"":5,""note"":""digit#2 shown"",""pd_used"":1}","2","0.016667","60.000000","1","","0"
"Sergio_G01_CNS-LLF5RV3D8","cpeeg02","ses03","20260617_123304","2026-06-17 12:34:21.301880","NaN","5","digit","DIGIT2_OFF","147","2026-06-17 12:40:22.043027","360.699638","0.000000","","5","","","","keyboard","digit#2 off","{""value"":5,""note"":""digit#2 off"",""pd_used"":0}","2","0.016667","60.000000","1","",""
"Sergio_G01_CNS-LLF5RV3D8","cpeeg02","ses03","20260617_123304","2026-06-17 12:34:21.301880","NaN","5","digit","POSTDIG_FIX2_ON","152","2026-06-17 12:40:22.043766","360.699638","1.834961","","","","","","keyboard","after digit#2","{""note"":""after digit#2""}","2","0.016667","60.000000","1","",""
"Sergio_G01_CNS-LLF5RV3D8","cpeeg02","ses03","20260617_123304","2026-06-17 12:34:21.301880","NaN","5","digit","POSTDIG_FIX2_OFF","157","2026-06-17 12:40:23.878067","362.534599","0.043936","","","","","","keyboard","after digit#2","{""note"":""after digit#2"",""pd_used"":0}","2","0.016667","60.000000","1","",""
"Sergio_G01_CNS-LLF5RV3D8","cpeeg02","ses03","20260617_123304","2026-06-17 12:34:21.301880","NaN","5","digit","DIGIT3_ON","143","2026-06-17 12:40:23.929708","362.578534","0.551584","","7","","","","keyboard","digit#3 shown","{""value"":7,""note"":""digit#3 shown"",""pd_used"":1}","2","0.016667","60.000000","1","","0"
"Sergio_G01_CNS-LLF5RV3D8","cpeeg02","ses03","20260617_123304","2026-06-17 12:34:21.301880","NaN","5","digit","DIGIT3_OFF","148","2026-06-17 12:40:24.473809","363.130118","0.000000","","7","","","","keyboard","digit#3 off","{""value"":7,""note"":""digit#3 off"",""pd_used"":0}","2","0.016667","60.000000","1","",""
"Sergio_G01_CNS-LLF5RV3D8","cpeeg02","ses03","20260617_123304","2026-06-17 12:34:21.301880","NaN","5","digit","POSTDIG_FIX3_ON","153","2026-06-17 12:40:24.474616","363.130118","1.874045","","","","","","keyboard","after digit#3","{""note"":""after digit#3""}","2","0.016667","60.000000","1","",""
"Sergio_G01_CNS-LLF5RV3D8","cpeeg02","ses03","20260617_123304","2026-06-17 12:34:21.301880","NaN","5","digit","POSTDIG_FIX3_OFF","158","2026-06-17 12:40:26.347695","365.004163","0.044087","","","","","","keyboard","after digit#3","{""note"":""after digit#3"",""pd_used"":0}","2","0.016667","60.000000","1","",""
"Sergio_G01_CNS-LLF5RV3D8","cpeeg02","ses03","20260617_123304","2026-06-17 12:34:21.301880","NaN","5","digit","DIGIT4_ON","144","2026-06-17 12:40:26.399105","365.048249","0.551411","","5","","","","keyboard","digit#4 shown","{""value"":5,""note"":""digit#4 shown"",""pd_used"":1}","2","0.016667","60.000000","1","","0"
"Sergio_G01_CNS-LLF5RV3D8","cpeeg02","ses03","20260617_123304","2026-06-17 12:34:21.301880","NaN","5","digit","DIGIT4_OFF","149","2026-06-17 12:40:26.943273","365.599660","0.000000","","5","","","","keyboard","digit#4 off","{""value"":5,""note"":""digit#4 off"",""pd_used"":0}","2","0.016667","60.000000","1","",""
"Sergio_G01_CNS-LLF5RV3D8","cpeeg02","ses03","20260617_123304","2026-06-17 12:34:21.301880","NaN","5","digit","POSTDIG_FIX4_ON","154","2026-06-17 12:40:26.944046","365.599660","1.829328","","","","","","keyboard","after digit#4","{""note"":""after digit#4""}","2","0.016667","60.000000","1","",""
"Sergio_G01_CNS-LLF5RV3D8","cpeeg02","ses03","20260617_123304","2026-06-17 12:34:21.301880","NaN","5","digit","POSTDIG_FIX4_OFF","159","2026-06-17 12:40:28.772418","367.428988","0.043870","","","","","","keyboard","after digit#4","{""note"":""after digit#4"",""pd_used"":0}","2","0.016667","60.000000","1","",""
"Sergio_G01_CNS-LLF5RV3D8","cpeeg02","ses03","20260617_123304","2026-06-17 12:34:21.301880","NaN","5","digit","DIGIT5_ON","145","2026-06-17 12:40:28.823766","367.472858","0.551376","","1","","","","keyboard","digit#5 shown","{""value"":1,""note"":""digit#5 shown"",""pd_used"":1}","2","0.016667","60.000000","1","","0"
"Sergio_G01_CNS-LLF5RV3D8","cpeeg02","ses03","20260617_123304","2026-06-17 12:34:21.301880","NaN","5","digit","DIGIT5_OFF","150","2026-06-17 12:40:29.367950","368.024234","0.000000","","1","","","","keyboard","digit#5 off","{""value"":1,""note"":""digit#5 off"",""pd_used"":0}","2","0.016667","60.000000","1","",""
"Sergio_G01_CNS-LLF5RV3D8","cpeeg02","ses03","20260617_123304","2026-06-17 12:34:21.301880","NaN","5","digit","POSTDIG_FIX5_ON","155","2026-06-17 12:40:29.368696","368.024234","3.542826","","","","","","keyboard","after digit#5","{""note"":""after digit#5""}","2","0.016667","60.000000","1","",""
"Sergio_G01_CNS-LLF5RV3D8","cpeeg02","ses03","20260617_123304","2026-06-17 12:34:21.301880","NaN","5","digit","POSTDIG_FIX5_OFF","160","2026-06-17 12:40:32.910508","371.567061","0.043944","","","","","","keyboard","after digit#5","{""note"":""after digit#5"",""pd_used"":0}","2","0.016667","60.000000","1","",""
"Sergio_G01_CNS-LLF5RV3D8","cpeeg02","ses03","20260617_123304","2026-06-17 12:34:21.301880","NaN","5","distractor","DISTRACTOR_ON","50","2026-06-17 12:40:32.962009","371.611005","7.929830","","2+8=13","","","","keyboard","","{""value"":""2+8=13"",""isCorrectTruth"":false,""trueSum"":10,""pd_used"":1}","2","0.016667","60.000000","1","",""
"Sergio_G01_CNS-LLF5RV3D8","cpeeg02","ses03","20260617_123304","2026-06-17 12:34:21.301880","NaN","5","distractor","DISTRACTOR_ANS","51","2026-06-17 12:40:41.307050","379.540834","0.000000","7.929830","2+8=13","F","1","","keyboard","key= (False)","{""value"":""2+8=13"",""entered"":""F"",""rt"":7.9298298000358045,""correct"":1,""note"":""key= (False)"",""truth"":false,""trueSum"":10,""shownSum"":13,""a"":2,""b"":8}","2","0.016667","60.000000","1","4.6126",""
"Sergio_G01_CNS-LLF5RV3D8","cpeeg02","ses03","20260617_123304","2026-06-17 12:34:21.301880","NaN","5","distractor","ANS_CORRECT","100","2026-06-17 12:40:41.349855","379.540834","0.509545","","","","","","keyboard","","{}","2","0.016667","60.000000","1","",""
"Sergio_G01_CNS-LLF5RV3D8","cpeeg02","ses03","20260617_123304","2026-06-17 12:34:21.301880","NaN","5","distractor","DISTRACTOR_OFF","52","2026-06-17 12:40:41.401181","380.050379","0.000000","","","","","","keyboard","","{""pd_used"":0}","2","0.016667","60.000000","1","",""
"Sergio_G01_CNS-LLF5RV3D8","cpeeg02","ses03","20260617_123304","2026-06-17 12:34:21.301880","NaN","5","distractor","FIX2_ON","60","2026-06-17 12:40:41.401859","380.050379","3.458680","","","","","","keyboard","immediate after response","{""note"":""immediate after response""}","2","0.016667","60.000000","1","",""
"Sergio_G01_CNS-LLF5RV3D8","cpeeg02","ses03","20260617_123304","2026-06-17 12:34:21.301880","NaN","5","fix2","FIX2_OFF","61","2026-06-17 12:40:44.852556","383.509059","0.043933","","","","","","keyboard","","{""pd_used"":0}","2","0.016667","60.000000","1","",""
"Sergio_G01_CNS-LLF5RV3D8","cpeeg02","ses03","20260617_123304","2026-06-17 12:34:21.301880","NaN","5","probe","DIGIT_RECALL_LINE_1","161","2026-06-17 12:40:44.903965","383.552992","2.619357","","1","","","","keyboard","first recall question","{""value"":1,""note"":""first recall question"",""pd_used"":1}","2","0.016667","60.000000","1","",""
"Sergio_G01_CNS-LLF5RV3D8","cpeeg02","ses03","20260617_123304","2026-06-17 12:34:21.301880","NaN","5","probe","PROBE_DIGIT_OK_1","71","2026-06-17 12:40:47.877380","386.172349","0.510557","2.620564","slot#1","5","0","","keyboard","probe_digit#1","{""value"":""slot#1"",""entered"":5,""rt"":2.6205640999833122,""note"":""probe_digit#1""}","2","0.016667","60.000000","1","2.4238",""
"Sergio_G01_CNS-LLF5RV3D8","cpeeg02","ses03","20260617_123304","2026-06-17 12:34:21.301880","NaN","5","probe","DIGIT1_OFF","146","2026-06-17 12:40:48.026380","386.682906","0.000000","","1","","","","keyboard","digit#1 off","{""value"":1,""note"":""digit#1 off"",""pd_used"":0}","2","0.016667","60.000000","1","",""
"Sergio_G01_CNS-LLF5RV3D8","cpeeg02","ses03","20260617_123304","2026-06-17 12:34:21.301880","NaN","5","probe","POSTDIG_FIX1_ON","151","2026-06-17 12:40:48.027204","386.682906","1.985147","","","","","","keyboard","after digit#1","{""note"":""after digit#1""}","2","0.016667","60.000000","1","",""
"Sergio_G01_CNS-LLF5RV3D8","cpeeg02","ses03","20260617_123304","2026-06-17 12:34:21.301880","NaN","5","probe","POSTDIG_FIX1_OFF","156","2026-06-17 12:40:50.011781","388.668052","0.046422","","","","","","keyboard","after digit#1","{""note"":""after digit#1"",""pd_used"":0}","2","0.016667","60.000000","1","",""
"Sergio_G01_CNS-LLF5RV3D8","cpeeg02","ses03","20260617_123304","2026-06-17 12:34:21.301880","NaN","5","probe","DIGIT_RECALL_LINE_2","162","2026-06-17 12:40:50.063126","388.714475","4.259458","","2","","","","keyboard","next recall question","{""value"":2,""note"":""next recall question"",""pd_used"":1}","2","0.016667","60.000000","1","",""
"Sergio_G01_CNS-LLF5RV3D8","cpeeg02","ses03","20260617_123304","2026-06-17 12:34:21.301880","NaN","5","probe","PROBE_DIGIT_OK_2","71","2026-06-17 12:40:54.717479","392.973933","0.540294","9.422148","slot#2","7","0","","keyboard","probe_digit#2","{""value"":""slot#2"",""entered"":7,""rt"":9.4221483999863267,""note"":""probe_digit#2""}","2","0.016667","60.000000","1","4.1115",""
"Sergio_G01_CNS-LLF5RV3D8","cpeeg02","ses03","20260617_123304","2026-06-17 12:34:21.301880","NaN","5","probe","DIGIT2_OFF","147","2026-06-17 12:40:54.857712","393.514227","0.000000","","1","","","","keyboard","digit#2 off","{""value"":1,""note"":""digit#2 off"",""pd_used"":0}","2","0.016667","60.000000","1","",""
"Sergio_G01_CNS-LLF5RV3D8","cpeeg02","ses03","20260617_123304","2026-06-17 12:34:21.301880","NaN","5","probe","POSTDIG_FIX2_ON","152","2026-06-17 12:40:54.858483","393.514227","1.878232","","","","","","keyboard","after digit#2","{""note"":""after digit#2""}","2","0.016667","60.000000","1","",""
"Sergio_G01_CNS-LLF5RV3D8","cpeeg02","ses03","20260617_123304","2026-06-17 12:34:21.301880","NaN","5","probe","POSTDIG_FIX2_OFF","157","2026-06-17 12:40:56.736005","395.392459","0.046420","","","","","","keyboard","after digit#2","{""note"":""after digit#2"",""pd_used"":0}","2","0.016667","60.000000","1","",""
"Sergio_G01_CNS-LLF5RV3D8","cpeeg02","ses03","20260617_123304","2026-06-17 12:34:21.301880","NaN","5","probe","DIGIT_RECALL_LINE_3","163","2026-06-17 12:40:56.787616","395.438879","2.299774","","3","","","","keyboard","next recall question","{""value"":3,""note"":""next recall question"",""pd_used"":1}","2","0.016667","60.000000","1","",""
"Sergio_G01_CNS-LLF5RV3D8","cpeeg02","ses03","20260617_123304","2026-06-17 12:34:21.301880","NaN","5","probe","PROBE_DIGIT_OK_3","71","2026-06-17 12:40:59.486556","397.738653","0.556746","14.186868","slot#3","3","0","","keyboard","probe_digit#3","{""value"":""slot#3"",""entered"":3,""rt"":14.186868400021922,""note"":""probe_digit#3""}","2","0.016667","60.000000","1","2.2279",""
"Sergio_G01_CNS-LLF5RV3D8","cpeeg02","ses03","20260617_123304","2026-06-17 12:34:21.301880","NaN","5","probe","DIGIT3_OFF","148","2026-06-17 12:40:59.639068","398.295399","0.000000","","1","","","","keyboard","digit#3 off","{""value"":1,""note"":""digit#3 off"",""pd_used"":0}","2","0.016667","60.000000","1","",""
"Sergio_G01_CNS-LLF5RV3D8","cpeeg02","ses03","20260617_123304","2026-06-17 12:34:21.301880","NaN","5","probe","POSTDIG_FIX3_ON","153","2026-06-17 12:40:59.639817","398.295399","2.033227","","","","","","keyboard","after digit#3","{""note"":""after digit#3""}","2","0.016667","60.000000","1","",""
"Sergio_G01_CNS-LLF5RV3D8","cpeeg02","ses03","20260617_123304","2026-06-17 12:34:21.301880","NaN","5","probe","POSTDIG_FIX3_OFF","158","2026-06-17 12:41:01.672296","400.328626","0.046267","","","","","","keyboard","after digit#3","{""note"":""after digit#3"",""pd_used"":0}","2","0.016667","60.000000","1","",""
"Sergio_G01_CNS-LLF5RV3D8","cpeeg02","ses03","20260617_123304","2026-06-17 12:34:21.301880","NaN","5","probe","DIGIT_RECALL_LINE_4","164","2026-06-17 12:41:01.723431","400.374894","2.343215","","4","","","","keyboard","next recall question","{""value"":4,""note"":""next recall question"",""pd_used"":1}","2","0.016667","60.000000","1","",""
"Sergio_G01_CNS-LLF5RV3D8","cpeeg02","ses03","20260617_123304","2026-06-17 12:34:21.301880","NaN","5","probe","PROBE_DIGIT_OK_4","71","2026-06-17 12:41:04.754968","402.718109","0.835809","19.166324","slot#4","0","0","","keyboard","probe_digit#4","{""value"":""slot#4"",""entered"":0,""rt"":19.166324099991471,""note"":""probe_digit#4""}","2","0.016667","60.000000","1","2.2359",""
"Sergio_G01_CNS-LLF5RV3D8","cpeeg02","ses03","20260617_123304","2026-06-17 12:34:21.301880","NaN","5","probe","DIGIT4_OFF","149","2026-06-17 12:41:04.897399","403.553918","0.000000","","1","","","","keyboard","digit#4 off","{""value"":1,""note"":""digit#4 off"",""pd_used"":0}","2","0.016667","60.000000","1","",""
"Sergio_G01_CNS-LLF5RV3D8","cpeeg02","ses03","20260617_123304","2026-06-17 12:34:21.301880","NaN","5","probe","POSTDIG_FIX4_ON","154","2026-06-17 12:41:04.898140","403.553918","1.816088","","","","","","keyboard","after digit#4","{""note"":""after digit#4""}","2","0.016667","60.000000","1","",""
"Sergio_G01_CNS-LLF5RV3D8","cpeeg02","ses03","20260617_123304","2026-06-17 12:34:21.301880","NaN","5","probe","POSTDIG_FIX4_OFF","159","2026-06-17 12:41:06.713428","405.370006","0.045886","","","","","","keyboard","after digit#4","{""note"":""after digit#4"",""pd_used"":0}","2","0.016667","60.000000","1","",""
"Sergio_G01_CNS-LLF5RV3D8","cpeeg02","ses03","20260617_123304","2026-06-17 12:34:21.301880","NaN","5","probe","DIGIT_RECALL_LINE_5","165","2026-06-17 12:41:06.764773","405.415892","4.552488","","5","","","","keyboard","next recall question","{""value"":5,""note"":""next recall question"",""pd_used"":1}","2","0.016667","60.000000","1","",""
"Sergio_G01_CNS-LLF5RV3D8","cpeeg02","ses03","20260617_123304","2026-06-17 12:34:21.301880","NaN","5","probe","PROBE_DIGIT_OK_5","71","2026-06-17 12:41:11.618777","409.968379","0.448374","26.416594","slot#5","9","0","","keyboard","probe_digit#5","{""value"":""slot#5"",""entered"":9,""rt"":26.4165944000124,""note"":""probe_digit#5""}","2","0.016667","60.000000","1","1.5551",""
"Sergio_G01_CNS-LLF5RV3D8","cpeeg02","ses03","20260617_123304","2026-06-17 12:34:21.301880","NaN","5","probe","DIGIT5_OFF","150","2026-06-17 12:41:11.760200","410.416753","0.000000","","1","","","","keyboard","digit#5 off","{""value"":1,""note"":""digit#5 off"",""pd_used"":0}","2","0.016667","60.000000","1","",""
"Sergio_G01_CNS-LLF5RV3D8","cpeeg02","ses03","20260617_123304","2026-06-17 12:34:21.301880","NaN","5","probe","POSTDIG_FIX5_ON","155","2026-06-17 12:41:11.760946","410.416753","3.500889","","","","","","keyboard","after digit#5","{""note"":""after digit#5""}","2","0.016667","60.000000","1","",""
"Sergio_G01_CNS-LLF5RV3D8","cpeeg02","ses03","20260617_123304","2026-06-17 12:34:21.301880","NaN","5","probe","POSTDIG_FIX5_OFF","160","2026-06-17 12:41:15.261142","413.917642","0.043454","","","","","","keyboard","after digit#5","{""note"":""after digit#5"",""pd_used"":0}","2","0.016667","60.000000","1","",""
"Sergio_G01_CNS-LLF5RV3D8","cpeeg02","ses03","20260617_123304","2026-06-17 12:34:21.301880","NaN","5","probe","PROBE_DONE","73","2026-06-17 12:41:15.262682","413.961096","0.000619","","","","","","keyboard","probe complete","{""value"":"""",""note"":""probe complete""}","2","0.016667","60.000000","1","",""
"Sergio_G01_CNS-LLF5RV3D8","cpeeg02","ses03","20260617_123304","2026-06-17 12:34:21.301880","NaN","5","probe","TRIAL_END","21","2026-06-17 12:41:15.263222","413.961715","0.116067","","","","","","keyboard","","{}","2","0.016667","60.000000","1","",""
"Sergio_G01_CNS-LLF5RV3D8","cpeeg02","ses03","20260617_123304","2026-06-17 12:34:21.301880","NaN","6","probe","TRIAL_CHANGE","22","2026-06-17 12:41:15.379541","414.077781","0.000911","","","","","","keyboard","trial transition","{""note"":""trial transition""}","2","0.016667","60.000000","1","",""
"Sergio_G01_CNS-LLF5RV3D8","cpeeg02","ses03","20260617_123304","2026-06-17 12:34:21.301880","NaN","6","probe","TRIAL_START","20","2026-06-17 12:41:15.380211","414.078692","0.043154","","","","","","keyboard","","{}","2","0.016667","60.000000","1","",""
"Sergio_G01_CNS-LLF5RV3D8","cpeeg02","ses03","20260617_123304","2026-06-17 12:34:21.301880","NaN","6","fix1","FIX1_ON","30","2026-06-17 12:41:15.473934","414.121846","3.077784","","","","","","keyboard","","{""pd_used"":0}","2","0.016667","60.000000","1","",""
"Sergio_G01_CNS-LLF5RV3D8","cpeeg02","ses03","20260617_123304","2026-06-17 12:34:21.301880","NaN","6","fix1","FIX1_OFF","31","2026-06-17 12:41:18.543186","417.199630","0.043870","","","","","","keyboard","","{""pd_used"":0}","2","0.016667","60.000000","1","",""
"Sergio_G01_CNS-LLF5RV3D8","cpeeg02","ses03","20260617_123304","2026-06-17 12:34:21.301880","NaN","6","digit","DIGIT1_ON","141","2026-06-17 12:41:18.594708","417.243500","0.551774","","5","","","","keyboard","digit#1 shown","{""value"":5,""note"":""digit#1 shown"",""pd_used"":1}","2","0.016667","60.000000","1","","1"
"Sergio_G01_CNS-LLF5RV3D8","cpeeg02","ses03","20260617_123304","2026-06-17 12:34:21.301880","NaN","6","digit","DIGIT1_OFF","146","2026-06-17 12:41:19.139031","417.795274","0.000000","","5","","","","keyboard","digit#1 off","{""value"":5,""note"":""digit#1 off"",""pd_used"":0}","2","0.016667","60.000000","1","",""
"Sergio_G01_CNS-LLF5RV3D8","cpeeg02","ses03","20260617_123304","2026-06-17 12:34:21.301880","NaN","6","digit","POSTDIG_FIX1_ON","151","2026-06-17 12:41:19.139864","417.795274","1.586131","","","","","","keyboard","after digit#1","{""note"":""after digit#1""}","2","0.016667","60.000000","1","",""
"Sergio_G01_CNS-LLF5RV3D8","cpeeg02","ses03","20260617_123304","2026-06-17 12:34:21.301880","NaN","6","digit","POSTDIG_FIX1_OFF","156","2026-06-17 12:41:20.724987","419.381404","0.043945","","","","","","keyboard","after digit#1","{""note"":""after digit#1"",""pd_used"":0}","2","0.016667","60.000000","1","",""
"Sergio_G01_CNS-LLF5RV3D8","cpeeg02","ses03","20260617_123304","2026-06-17 12:34:21.301880","NaN","6","digit","DIGIT2_ON","142","2026-06-17 12:41:20.776178","419.425349","0.551246","","0","","","","keyboard","digit#2 shown","{""value"":0,""note"":""digit#2 shown"",""pd_used"":1}","2","0.016667","60.000000","1","","0"
"Sergio_G01_CNS-LLF5RV3D8","cpeeg02","ses03","20260617_123304","2026-06-17 12:34:21.301880","NaN","6","digit","DIGIT2_OFF","147","2026-06-17 12:41:21.320288","419.976595","0.000000","","0","","","","keyboard","digit#2 off","{""value"":0,""note"":""digit#2 off"",""pd_used"":0}","2","0.016667","60.000000","1","",""
"Sergio_G01_CNS-LLF5RV3D8","cpeeg02","ses03","20260617_123304","2026-06-17 12:34:21.301880","NaN","6","digit","POSTDIG_FIX2_ON","152","2026-06-17 12:41:21.321082","419.976595","1.604969","","","","","","keyboard","after digit#2","{""note"":""after digit#2""}","2","0.016667","60.000000","1","",""
"Sergio_G01_CNS-LLF5RV3D8","cpeeg02","ses03","20260617_123304","2026-06-17 12:34:21.301880","NaN","6","digit","POSTDIG_FIX2_OFF","157","2026-06-17 12:41:22.925009","421.581564","0.044023","","","","","","keyboard","after digit#2","{""note"":""after digit#2"",""pd_used"":0}","2","0.016667","60.000000","1","",""
"Sergio_G01_CNS-LLF5RV3D8","cpeeg02","ses03","20260617_123304","2026-06-17 12:34:21.301880","NaN","6","digit","DIGIT3_ON","143","2026-06-17 12:41:22.976402","421.625588","0.551221","","0","","","","keyboard","digit#3 shown","{""value"":0,""note"":""digit#3 shown"",""pd_used"":1}","2","0.016667","60.000000","1","","1"
"Sergio_G01_CNS-LLF5RV3D8","cpeeg02","ses03","20260617_123304","2026-06-17 12:34:21.301880","NaN","6","digit","DIGIT3_OFF","148","2026-06-17 12:41:23.520258","422.176809","0.000000","","0","","","","keyboard","digit#3 off","{""value"":0,""note"":""digit#3 off"",""pd_used"":0}","2","0.016667","60.000000","1","",""
"Sergio_G01_CNS-LLF5RV3D8","cpeeg02","ses03","20260617_123304","2026-06-17 12:34:21.301880","NaN","6","digit","POSTDIG_FIX3_ON","153","2026-06-17 12:41:23.521034","422.176809","1.673716","","","","","","keyboard","after digit#3","{""note"":""after digit#3""}","2","0.016667","60.000000","1","",""
"Sergio_G01_CNS-LLF5RV3D8","cpeeg02","ses03","20260617_123304","2026-06-17 12:34:21.301880","NaN","6","digit","POSTDIG_FIX3_OFF","158","2026-06-17 12:41:25.194171","423.850524","0.044302","","","","","","keyboard","after digit#3","{""note"":""after digit#3"",""pd_used"":0}","2","0.016667","60.000000","1","",""
"Sergio_G01_CNS-LLF5RV3D8","cpeeg02","ses03","20260617_123304","2026-06-17 12:34:21.301880","NaN","6","digit","DIGIT4_ON","144","2026-06-17 12:41:25.245380","423.894826","0.551127","","7","","","","keyboard","digit#4 shown","{""value"":7,""note"":""digit#4 shown"",""pd_used"":1}","2","0.016667","60.000000","1","","0"
"Sergio_G01_CNS-LLF5RV3D8","cpeeg02","ses03","20260617_123304","2026-06-17 12:34:21.301880","NaN","6","digit","DIGIT4_OFF","149","2026-06-17 12:41:25.789409","424.445954","0.000000","","7","","","","keyboard","digit#4 off","{""value"":7,""note"":""digit#4 off"",""pd_used"":0}","2","0.016667","60.000000","1","",""
"Sergio_G01_CNS-LLF5RV3D8","cpeeg02","ses03","20260617_123304","2026-06-17 12:34:21.301880","NaN","6","digit","POSTDIG_FIX4_ON","154","2026-06-17 12:41:25.790177","424.445954","1.544701","","","","","","keyboard","after digit#4","{""note"":""after digit#4""}","2","0.016667","60.000000","1","",""
"Sergio_G01_CNS-LLF5RV3D8","cpeeg02","ses03","20260617_123304","2026-06-17 12:34:21.301880","NaN","6","digit","POSTDIG_FIX4_OFF","159","2026-06-17 12:41:27.334103","425.990655","0.043848","","","","","","keyboard","after digit#4","{""note"":""after digit#4"",""pd_used"":0}","2","0.016667","60.000000","1","",""
"Sergio_G01_CNS-LLF5RV3D8","cpeeg02","ses03","20260617_123304","2026-06-17 12:34:21.301880","NaN","6","digit","DIGIT5_ON","145","2026-06-17 12:41:27.385398","426.034503","0.551338","","1","","","","keyboard","digit#5 shown","{""value"":1,""note"":""digit#5 shown"",""pd_used"":1}","2","0.016667","60.000000","1","","0"
"Sergio_G01_CNS-LLF5RV3D8","cpeeg02","ses03","20260617_123304","2026-06-17 12:34:21.301880","NaN","6","digit","DIGIT5_OFF","150","2026-06-17 12:41:27.929217","426.585841","0.000000","","1","","","","keyboard","digit#5 off","{""value"":1,""note"":""digit#5 off"",""pd_used"":0}","2","0.016667","60.000000","1","",""
"Sergio_G01_CNS-LLF5RV3D8","cpeeg02","ses03","20260617_123304","2026-06-17 12:34:21.301880","NaN","6","digit","POSTDIG_FIX5_ON","155","2026-06-17 12:41:27.929980","426.585841","3.121700","","","","","","keyboard","after digit#5","{""note"":""after digit#5""}","2","0.016667","60.000000","1","",""
"Sergio_G01_CNS-LLF5RV3D8","cpeeg02","ses03","20260617_123304","2026-06-17 12:34:21.301880","NaN","6","digit","POSTDIG_FIX5_OFF","160","2026-06-17 12:41:31.050967","429.707541","0.043958","","","","","","keyboard","after digit#5","{""note"":""after digit#5"",""pd_used"":0}","2","0.016667","60.000000","1","",""
"Sergio_G01_CNS-LLF5RV3D8","cpeeg02","ses03","20260617_123304","2026-06-17 12:34:21.301880","NaN","6","distractor","DISTRACTOR_ON","50","2026-06-17 12:41:31.102475","429.751499","7.156337","","6+4=10","","","","keyboard","","{""value"":""6+4=10"",""isCorrectTruth"":true,""trueSum"":10,""pd_used"":1}","2","0.016667","60.000000","1","",""
"Sergio_G01_CNS-LLF5RV3D8","cpeeg02","ses03","20260617_123304","2026-06-17 12:34:21.301880","NaN","6","distractor","DISTRACTOR_ANS","51","2026-06-17 12:41:38.618864","436.907836","0.000000","7.156337","6+4=10","F","0","","keyboard","key= (False)","{""value"":""6+4=10"",""entered"":""F"",""rt"":7.1563371000229381,""correct"":0,""note"":""key= (False)"",""truth"":true,""trueSum"":10,""shownSum"":10,""a"":6,""b"":4}","2","0.016667","60.000000","1","7.0134",""
"Sergio_G01_CNS-LLF5RV3D8","cpeeg02","ses03","20260617_123304","2026-06-17 12:34:21.301880","NaN","6","distractor","ANS_WRONG","200","2026-06-17 12:41:38.661255","436.907836","0.453699","","","","","","keyboard","","{}","2","0.016667","60.000000","1","",""
"Sergio_G01_CNS-LLF5RV3D8","cpeeg02","ses03","20260617_123304","2026-06-17 12:34:21.301880","NaN","6","distractor","DISTRACTOR_OFF","52","2026-06-17 12:41:38.712675","437.361536","0.000000","","","","","","keyboard","","{""pd_used"":0}","2","0.016667","60.000000","1","",""
"Sergio_G01_CNS-LLF5RV3D8","cpeeg02","ses03","20260617_123304","2026-06-17 12:34:21.301880","NaN","6","distractor","FIX2_ON","60","2026-06-17 12:41:38.713370","437.361536","3.462284","","","","","","keyboard","immediate after response","{""note"":""immediate after response""}","2","0.016667","60.000000","1","",""
"Sergio_G01_CNS-LLF5RV3D8","cpeeg02","ses03","20260617_123304","2026-06-17 12:34:21.301880","NaN","6","fix2","FIX2_OFF","61","2026-06-17 12:41:42.167214","440.823819","0.043834","","","","","","keyboard","","{""pd_used"":0}","2","0.016667","60.000000","1","",""
"Sergio_G01_CNS-LLF5RV3D8","cpeeg02","ses03","20260617_123304","2026-06-17 12:34:21.301880","NaN","6","probe","DIGIT_RECALL_LINE_1","161","2026-06-17 12:41:42.218490","440.867654","1.976149","","1","","","","keyboard","first recall question","{""value"":1,""note"":""first recall question"",""pd_used"":1}","2","0.016667","60.000000","1","",""
"Sergio_G01_CNS-LLF5RV3D8","cpeeg02","ses03","20260617_123304","2026-06-17 12:34:21.301880","NaN","6","probe","PROBE_DIGIT_OK_1","71","2026-06-17 12:41:44.463946","442.843803","0.425230","1.977375","slot#1","5","1","","keyboard","probe_digit#1","{""value"":""slot#1"",""entered"":5,""rt"":1.9773752000182867,""note"":""probe_digit#1""}","2","0.016667","60.000000","1","1.8772",""
"Sergio_G01_CNS-LLF5RV3D8","cpeeg02","ses03","20260617_123304","2026-06-17 12:34:21.301880","NaN","6","probe","DIGIT1_OFF","146","2026-06-17 12:41:44.612586","443.269032","0.000000","","1","","","","keyboard","digit#1 off","{""value"":1,""note"":""digit#1 off"",""pd_used"":0}","2","0.016667","60.000000","1","",""
"Sergio_G01_CNS-LLF5RV3D8","cpeeg02","ses03","20260617_123304","2026-06-17 12:34:21.301880","NaN","6","probe","POSTDIG_FIX1_ON","151","2026-06-17 12:41:44.613321","443.269032","1.576019","","","","","","keyboard","after digit#1","{""note"":""after digit#1""}","2","0.016667","60.000000","1","",""
"Sergio_G01_CNS-LLF5RV3D8","cpeeg02","ses03","20260617_123304","2026-06-17 12:34:21.301880","NaN","6","probe","POSTDIG_FIX1_OFF","156","2026-06-17 12:41:46.188615","444.845051","0.046120","","","","","","keyboard","after digit#1","{""note"":""after digit#1"",""pd_used"":0}","2","0.016667","60.000000","1","",""
"Sergio_G01_CNS-LLF5RV3D8","cpeeg02","ses03","20260617_123304","2026-06-17 12:34:21.301880","NaN","6","probe","DIGIT_RECALL_LINE_2","162","2026-06-17 12:41:46.239903","444.891172","4.061227","","2","","","","keyboard","next recall question","{""value"":2,""note"":""next recall question"",""pd_used"":1}","2","0.016667","60.000000","1","",""
"Sergio_G01_CNS-LLF5RV3D8","cpeeg02","ses03","20260617_123304","2026-06-17 12:34:21.301880","NaN","6","probe","PROBE_DIGIT_OK_2","71","2026-06-17 12:41:50.686442","448.952399","0.539708","8.085971","slot#2","4","0","","keyboard","probe_digit#2","{""value"":""slot#2"",""entered"":4,""rt"":8.0859714999678545,""note"":""probe_digit#2""}","2","0.016667","60.000000","1","1.1573",""
"Sergio_G01_CNS-LLF5RV3D8","cpeeg02","ses03","20260617_123304","2026-06-17 12:34:21.301880","NaN","6","probe","DIGIT2_OFF","147","2026-06-17 12:41:50.835527","449.492107","0.000000","","1","","","","keyboard","digit#2 off","{""value"":1,""note"":""digit#2 off"",""pd_used"":0}","2","0.016667","60.000000","1","",""
"Sergio_G01_CNS-LLF5RV3D8","cpeeg02","ses03","20260617_123304","2026-06-17 12:34:21.301880","NaN","6","probe","POSTDIG_FIX2_ON","152","2026-06-17 12:41:50.836295","449.492107","1.713887","","","","","","keyboard","after digit#2","{""note"":""after digit#2""}","2","0.016667","60.000000","1","",""
"Sergio_G01_CNS-LLF5RV3D8","cpeeg02","ses03","20260617_123304","2026-06-17 12:34:21.301880","NaN","6","probe","POSTDIG_FIX2_OFF","157","2026-06-17 12:41:52.549548","451.205994","0.046184","","","","","","keyboard","after digit#2","{""note"":""after digit#2"",""pd_used"":0}","2","0.016667","60.000000","1","",""
"Sergio_G01_CNS-LLF5RV3D8","cpeeg02","ses03","20260617_123304","2026-06-17 12:34:21.301880","NaN","6","probe","DIGIT_RECALL_LINE_3","163","2026-06-17 12:41:52.601061","451.252177","0.706913","","3","","","","keyboard","next recall question","{""value"":3,""note"":""next recall question"",""pd_used"":1}","2","0.016667","60.000000","1","",""
"Sergio_G01_CNS-LLF5RV3D8","cpeeg02","ses03","20260617_123304","2026-06-17 12:34:21.301880","NaN","6","probe","PROBE_DIGIT_OK_3","71","2026-06-17 12:41:53.736329","451.959091","0.579022","11.092663","slot#3","0","1","","keyboard","probe_digit#3","{""value"":""slot#3"",""entered"":0,""rt"":11.092663099989295,""note"":""probe_digit#3""}","2","0.016667","60.000000","1","0.56112",""
"Sergio_G01_CNS-LLF5RV3D8","cpeeg02","ses03","20260617_123304","2026-06-17 12:34:21.301880","NaN","6","probe","DIGIT3_OFF","148","2026-06-17 12:41:53.881506","452.538113","0.000000","","1","","","","keyboard","digit#3 off","{""value"":1,""note"":""digit#3 off"",""pd_used"":0}","2","0.016667","60.000000","1","",""
"Sergio_G01_CNS-LLF5RV3D8","cpeeg02","ses03","20260617_123304","2026-06-17 12:34:21.301880","NaN","6","probe","POSTDIG_FIX3_ON","153","2026-06-17 12:41:53.882274","452.538113","1.648755","","","","","","keyboard","after digit#3","{""note"":""after digit#3""}","2","0.016667","60.000000","1","",""
"Sergio_G01_CNS-LLF5RV3D8","cpeeg02","ses03","20260617_123304","2026-06-17 12:34:21.301880","NaN","6","probe","POSTDIG_FIX3_OFF","158","2026-06-17 12:41:55.530473","454.186868","0.045942","","","","","","keyboard","after digit#3","{""note"":""after digit#3"",""pd_used"":0}","2","0.016667","60.000000","1","",""
"Sergio_G01_CNS-LLF5RV3D8","cpeeg02","ses03","20260617_123304","2026-06-17 12:34:21.301880","NaN","6","probe","DIGIT_RECALL_LINE_4","164","2026-06-17 12:41:55.581732","454.232811","0.827119","","4","","","","keyboard","next recall question","{""value"":4,""note"":""next recall question"",""pd_used"":1}","2","0.016667","60.000000","1","",""
"Sergio_G01_CNS-LLF5RV3D8","cpeeg02","ses03","20260617_123304","2026-06-17 12:34:21.301880","NaN","6","probe","PROBE_DIGIT_OK_4","71","2026-06-17 12:41:56.765697","455.059929","0.504045","14.193502","slot#4","0","0","","keyboard","probe_digit#4","{""value"":""slot#4"",""entered"":0,""rt"":14.193501500005368,""note"":""probe_digit#4""}","2","0.016667","60.000000","1","0.685",""
"Sergio_G01_CNS-LLF5RV3D8","cpeeg02","ses03","20260617_123304","2026-06-17 12:34:21.301880","NaN","6","probe","DIGIT4_OFF","149","2026-06-17 12:41:56.907587","455.563974","0.000000","","1","","","","keyboard","digit#4 off","{""value"":1,""note"":""digit#4 off"",""pd_used"":0}","2","0.016667","60.000000","1","",""
"Sergio_G01_CNS-LLF5RV3D8","cpeeg02","ses03","20260617_123304","2026-06-17 12:34:21.301880","NaN","6","probe","POSTDIG_FIX4_ON","154","2026-06-17 12:41:56.908335","455.563974","1.591223","","","","","","keyboard","after digit#4","{""note"":""after digit#4""}","2","0.016667","60.000000","1","",""
"Sergio_G01_CNS-LLF5RV3D8","cpeeg02","ses03","20260617_123304","2026-06-17 12:34:21.301880","NaN","6","probe","POSTDIG_FIX4_OFF","159","2026-06-17 12:41:58.498807","457.155196","0.046204","","","","","","keyboard","after digit#4","{""note"":""after digit#4"",""pd_used"":0}","2","0.016667","60.000000","1","",""
"Sergio_G01_CNS-LLF5RV3D8","cpeeg02","ses03","20260617_123304","2026-06-17 12:34:21.301880","NaN","6","probe","DIGIT_RECALL_LINE_5","165","2026-06-17 12:41:58.550152","457.201400","3.645466","","5","","","","keyboard","next recall question","{""value"":5,""note"":""next recall question"",""pd_used"":1}","2","0.016667","60.000000","1","",""
"Sergio_G01_CNS-LLF5RV3D8","cpeeg02","ses03","20260617_123304","2026-06-17 12:34:21.301880","NaN","6","probe","PROBE_DIGIT_OK_5","71","2026-06-17 12:42:02.822023","460.846866","0.779921","19.980438","slot#5","7","0","","keyboard","probe_digit#5","{""value"":""slot#5"",""entered"":7,""rt"":19.980438400001731,""note"":""probe_digit#5""}","2","0.016667","60.000000","1","0.95063",""
"Sergio_G01_CNS-LLF5RV3D8","cpeeg02","ses03","20260617_123304","2026-06-17 12:34:21.301880","NaN","6","probe","DIGIT5_OFF","150","2026-06-17 12:42:02.970473","461.626787","0.000000","","1","","","","keyboard","digit#5 off","{""value"":1,""note"":""digit#5 off"",""pd_used"":0}","2","0.016667","60.000000","1","",""
"Sergio_G01_CNS-LLF5RV3D8","cpeeg02","ses03","20260617_123304","2026-06-17 12:34:21.301880","NaN","6","probe","POSTDIG_FIX5_ON","155","2026-06-17 12:42:02.971226","461.626787","3.484544","","","","","","keyboard","after digit#5","{""note"":""after digit#5""}","2","0.016667","60.000000","1","",""
"Sergio_G01_CNS-LLF5RV3D8","cpeeg02","ses03","20260617_123304","2026-06-17 12:34:21.301880","NaN","6","probe","POSTDIG_FIX5_OFF","160","2026-06-17 12:42:06.454822","465.111331","0.043645","","","","","","keyboard","after digit#5","{""note"":""after digit#5"",""pd_used"":0}","2","0.016667","60.000000","1","",""
"Sergio_G01_CNS-LLF5RV3D8","cpeeg02","ses03","20260617_123304","2026-06-17 12:34:21.301880","NaN","6","probe","PROBE_DONE","73","2026-06-17 12:42:06.456626","465.154976","0.000716","","","","","","keyboard","probe complete","{""value"":"""",""note"":""probe complete""}","2","0.016667","60.000000","1","",""
"Sergio_G01_CNS-LLF5RV3D8","cpeeg02","ses03","20260617_123304","2026-06-17 12:34:21.301880","NaN","6","probe","TRIAL_END","21","2026-06-17 12:42:06.457204","465.155692","0.111610","","","","","","keyboard","","{}","2","0.016667","60.000000","1","",""
"Sergio_G01_CNS-LLF5RV3D8","cpeeg02","ses03","20260617_123304","2026-06-17 12:34:21.301880","NaN","7","probe","TRIAL_CHANGE","22","2026-06-17 12:42:06.569097","465.267302","0.000960","","","","","","keyboard","trial transition","{""note"":""trial transition""}","2","0.016667","60.000000","1","",""
"Sergio_G01_CNS-LLF5RV3D8","cpeeg02","ses03","20260617_123304","2026-06-17 12:34:21.301880","NaN","7","probe","TRIAL_START","20","2026-06-17 12:42:06.569806","465.268262","0.042971","","","","","","keyboard","","{}","2","0.016667","60.000000","1","",""
"Sergio_G01_CNS-LLF5RV3D8","cpeeg02","ses03","20260617_123304","2026-06-17 12:34:21.301880","NaN","7","fix1","FIX1_ON","30","2026-06-17 12:42:06.663760","465.311233","3.239016","","","","","","keyboard","","{""pd_used"":0}","2","0.016667","60.000000","1","",""
"Sergio_G01_CNS-LLF5RV3D8","cpeeg02","ses03","20260617_123304","2026-06-17 12:34:21.301880","NaN","7","fix1","FIX1_OFF","31","2026-06-17 12:42:09.893806","468.550249","0.044057","","","","","","keyboard","","{""pd_used"":0}","2","0.016667","60.000000","1","",""
"Sergio_G01_CNS-LLF5RV3D8","cpeeg02","ses03","20260617_123304","2026-06-17 12:34:21.301880","NaN","7","digit","DIGIT1_ON","141","2026-06-17 12:42:09.945230","468.594306","0.551364","","0","","","","keyboard","digit#1 shown","{""value"":0,""note"":""digit#1 shown"",""pd_used"":1}","2","0.016667","60.000000","1","","0"
"Sergio_G01_CNS-LLF5RV3D8","cpeeg02","ses03","20260617_123304","2026-06-17 12:34:21.301880","NaN","7","digit","DIGIT1_OFF","146","2026-06-17 12:42:10.489318","469.145670","0.000000","","0","","","","keyboard","digit#1 off","{""value"":0,""note"":""digit#1 off"",""pd_used"":0}","2","0.016667","60.000000","1","",""
"Sergio_G01_CNS-LLF5RV3D8","cpeeg02","ses03","20260617_123304","2026-06-17 12:34:21.301880","NaN","7","digit","POSTDIG_FIX1_ON","151","2026-06-17 12:42:10.490068","469.145670","1.547438","","","","","","keyboard","after digit#1","{""note"":""after digit#1""}","2","0.016667","60.000000","1","",""
"Sergio_G01_CNS-LLF5RV3D8","cpeeg02","ses03","20260617_123304","2026-06-17 12:34:21.301880","NaN","7","digit","POSTDIG_FIX1_OFF","156","2026-06-17 12:42:12.036590","470.693108","0.043887","","","","","","keyboard","after digit#1","{""note"":""after digit#1"",""pd_used"":0}","2","0.016667","60.000000","1","",""
"Sergio_G01_CNS-LLF5RV3D8","cpeeg02","ses03","20260617_123304","2026-06-17 12:34:21.301880","NaN","7","digit","DIGIT2_ON","142","2026-06-17 12:42:12.088001","470.736995","0.551492","","7","","","","keyboard","digit#2 shown","{""value"":7,""note"":""digit#2 shown"",""pd_used"":1}","2","0.016667","60.000000","1","","0"
"Sergio_G01_CNS-LLF5RV3D8","cpeeg02","ses03","20260617_123304","2026-06-17 12:34:21.301880","NaN","7","digit","DIGIT2_OFF","147","2026-06-17 12:42:12.632133","471.288487","0.000000","","7","","","","keyboard","digit#2 off","{""value"":7,""note"":""digit#2 off"",""pd_used"":0}","2","0.016667","60.000000","1","",""
"Sergio_G01_CNS-LLF5RV3D8","cpeeg02","ses03","20260617_123304","2026-06-17 12:34:21.301880","NaN","7","digit","POSTDIG_FIX2_ON","152","2026-06-17 12:42:12.632914","471.288487","1.661809","","","","","","keyboard","after digit#2","{""note"":""after digit#2""}","2","0.016667","60.000000","1","",""
"Sergio_G01_CNS-LLF5RV3D8","cpeeg02","ses03","20260617_123304","2026-06-17 12:34:21.301880","NaN","7","digit","POSTDIG_FIX2_OFF","157","2026-06-17 12:42:14.293815","472.950296","0.044121","","","","","","keyboard","after digit#2","{""note"":""after digit#2"",""pd_used"":0}","2","0.016667","60.000000","1","",""
"Sergio_G01_CNS-LLF5RV3D8","cpeeg02","ses03","20260617_123304","2026-06-17 12:34:21.301880","NaN","7","digit","DIGIT3_ON","143","2026-06-17 12:42:14.345008","472.994417","0.551020","","5","","","","keyboard","digit#3 shown","{""value"":5,""note"":""digit#3 shown"",""pd_used"":1}","2","0.016667","60.000000","1","","0"
"Sergio_G01_CNS-LLF5RV3D8","cpeeg02","ses03","20260617_123304","2026-06-17 12:34:21.301880","NaN","7","digit","DIGIT3_OFF","148","2026-06-17 12:42:14.889413","473.545437","0.000000","","5","","","","keyboard","digit#3 off","{""value"":5,""note"":""digit#3 off"",""pd_used"":0}","2","0.016667","60.000000","1","",""
"Sergio_G01_CNS-LLF5RV3D8","cpeeg02","ses03","20260617_123304","2026-06-17 12:34:21.301880","NaN","7","digit","POSTDIG_FIX3_ON","153","2026-06-17 12:42:14.890185","473.545437","1.821041","","","","","","keyboard","after digit#3","{""note"":""after digit#3""}","2","0.016667","60.000000","1","",""
"Sergio_G01_CNS-LLF5RV3D8","cpeeg02","ses03","20260617_123304","2026-06-17 12:34:21.301880","NaN","7","digit","POSTDIG_FIX3_OFF","158","2026-06-17 12:42:16.710159","475.366478","0.044043","","","","","","keyboard","after digit#3","{""note"":""after digit#3"",""pd_used"":0}","2","0.016667","60.000000","1","",""
"Sergio_G01_CNS-LLF5RV3D8","cpeeg02","ses03","20260617_123304","2026-06-17 12:34:21.301880","NaN","7","digit","DIGIT4_ON","144","2026-06-17 12:42:16.761494","475.410521","0.551566","","3","","","","keyboard","digit#4 shown","{""value"":3,""note"":""digit#4 shown"",""pd_used"":1}","2","0.016667","60.000000","1","","0"
"Sergio_G01_CNS-LLF5RV3D8","cpeeg02","ses03","20260617_123304","2026-06-17 12:34:21.301880","NaN","7","digit","DIGIT4_OFF","149","2026-06-17 12:42:17.305664","475.962088","0.000000","","3","","","","keyboard","digit#4 off","{""value"":3,""note"":""digit#4 off"",""pd_used"":0}","2","0.016667","60.000000","1","",""
"Sergio_G01_CNS-LLF5RV3D8","cpeeg02","ses03","20260617_123304","2026-06-17 12:34:21.301880","NaN","7","digit","POSTDIG_FIX4_ON","154","2026-06-17 12:42:17.306435","475.962088","1.708201","","","","","","keyboard","after digit#4","{""note"":""after digit#4""}","2","0.016667","60.000000","1","",""
"Sergio_G01_CNS-LLF5RV3D8","cpeeg02","ses03","20260617_123304","2026-06-17 12:34:21.301880","NaN","7","digit","POSTDIG_FIX4_OFF","159","2026-06-17 12:42:19.013983","477.670288","0.044055","","","","","","keyboard","after digit#4","{""note"":""after digit#4"",""pd_used"":0}","2","0.016667","60.000000","1","",""
"Sergio_G01_CNS-LLF5RV3D8","cpeeg02","ses03","20260617_123304","2026-06-17 12:34:21.301880","NaN","7","digit","DIGIT5_ON","145","2026-06-17 12:42:19.065520","477.714344","0.551622","","3","","","","keyboard","digit#5 shown","{""value"":3,""note"":""digit#5 shown"",""pd_used"":1}","2","0.016667","60.000000","1","","0"
"Sergio_G01_CNS-LLF5RV3D8","cpeeg02","ses03","20260617_123304","2026-06-17 12:34:21.301880","NaN","7","digit","DIGIT5_OFF","150","2026-06-17 12:42:19.609657","478.265966","0.000000","","3","","","","keyboard","digit#5 off","{""value"":3,""note"":""digit#5 off"",""pd_used"":0}","2","0.016667","60.000000","1","",""
"Sergio_G01_CNS-LLF5RV3D8","cpeeg02","ses03","20260617_123304","2026-06-17 12:34:21.301880","NaN","7","digit","POSTDIG_FIX5_ON","155","2026-06-17 12:42:19.610410","478.265966","3.260462","","","","","","keyboard","after digit#5","{""note"":""after digit#5""}","2","0.016667","60.000000","1","",""
"Sergio_G01_CNS-LLF5RV3D8","cpeeg02","ses03","20260617_123304","2026-06-17 12:34:21.301880","NaN","7","digit","POSTDIG_FIX5_OFF","160","2026-06-17 12:42:22.870200","481.526428","0.044293","","","","","","keyboard","after digit#5","{""note"":""after digit#5"",""pd_used"":0}","2","0.016667","60.000000","1","",""
"Sergio_G01_CNS-LLF5RV3D8","cpeeg02","ses03","20260617_123304","2026-06-17 12:34:21.301880","NaN","7","distractor","DISTRACTOR_ON","50","2026-06-17 12:42:22.921465","481.570721","6.747579","","9+6=16","","","","keyboard","","{""value"":""9+6=16"",""isCorrectTruth"":false,""trueSum"":15,""pd_used"":1}","2","0.016667","60.000000","1","",""
"Sergio_G01_CNS-LLF5RV3D8","cpeeg02","ses03","20260617_123304","2026-06-17 12:34:21.301880","NaN","7","distractor","DISTRACTOR_ANS","51","2026-06-17 12:42:29.985846","488.318300","0.000000","6.747579","9+6=16","F","1","","keyboard","key= (False)","{""value"":""9+6=16"",""entered"":""F"",""rt"":6.7475785000133328,""correct"":1,""note"":""key= (False)"",""truth"":false,""trueSum"":15,""shownSum"":16,""a"":9,""b"":6}","2","0.016667","60.000000","1","0.51425",""
"Sergio_G01_CNS-LLF5RV3D8","cpeeg02","ses03","20260617_123304","2026-06-17 12:34:21.301880","NaN","7","distractor","ANS_CORRECT","100","2026-06-17 12:42:30.028079","488.318300","0.410131","","","","","","keyboard","","{}","2","0.016667","60.000000","1","",""
"Sergio_G01_CNS-LLF5RV3D8","cpeeg02","ses03","20260617_123304","2026-06-17 12:34:21.301880","NaN","7","distractor","DISTRACTOR_OFF","52","2026-06-17 12:42:30.079736","488.728431","0.000000","","","","","","keyboard","","{""pd_used"":0}","2","0.016667","60.000000","1","",""
"Sergio_G01_CNS-LLF5RV3D8","cpeeg02","ses03","20260617_123304","2026-06-17 12:34:21.301880","NaN","7","distractor","FIX2_ON","60","2026-06-17 12:42:30.080517","488.728431","3.249826","","","","","","keyboard","immediate after response","{""note"":""immediate after response""}","2","0.016667","60.000000","1","",""
"Sergio_G01_CNS-LLF5RV3D8","cpeeg02","ses03","20260617_123304","2026-06-17 12:34:21.301880","NaN","7","fix2","FIX2_OFF","61","2026-06-17 12:42:33.321668","491.978257","0.043890","","","","","","keyboard","","{""pd_used"":0}","2","0.016667","60.000000","1","",""
"Sergio_G01_CNS-LLF5RV3D8","cpeeg02","ses03","20260617_123304","2026-06-17 12:34:21.301880","NaN","7","probe","DIGIT_RECALL_LINE_1","161","2026-06-17 12:42:33.373039","492.022148","1.740148","","1","","","","keyboard","first recall question","{""value"":1,""note"":""first recall question"",""pd_used"":1}","2","0.016667","60.000000","1","",""
"Sergio_G01_CNS-LLF5RV3D8","cpeeg02","ses03","20260617_123304","2026-06-17 12:34:21.301880","NaN","7","probe","PROBE_DIGIT_OK_1","71","2026-06-17 12:42:35.624546","493.762295","0.667005","1.741418","slot#1","NaN","0","","keyboard","probe_digit#1","{""value"":""slot#1"",""entered"":null,""rt"":1.7414184000226669,""note"":""probe_digit#1""}","2","0.016667","60.000000","1","NaN",""
"Sergio_G01_CNS-LLF5RV3D8","cpeeg02","ses03","20260617_123304","2026-06-17 12:34:21.301880","NaN","7","probe","DIGIT1_OFF","146","2026-06-17 12:42:35.772688","494.429300","0.000000","","3","","","","keyboard","digit#1 off","{""value"":3,""note"":""digit#1 off"",""pd_used"":0}","2","0.016667","60.000000","1","",""
"Sergio_G01_CNS-LLF5RV3D8","cpeeg02","ses03","20260617_123304","2026-06-17 12:34:21.301880","NaN","7","probe","POSTDIG_FIX1_ON","151","2026-06-17 12:42:35.773439","494.429300","1.829594","","","","","","keyboard","after digit#1","{""note"":""after digit#1""}","2","0.016667","60.000000","1","",""
"Sergio_G01_CNS-LLF5RV3D8","cpeeg02","ses03","20260617_123304","2026-06-17 12:34:21.301880","NaN","7","probe","POSTDIG_FIX1_OFF","156","2026-06-17 12:42:37.602446","496.258894","0.046137","","","","","","keyboard","after digit#1","{""note"":""after digit#1"",""pd_used"":0}","2","0.016667","60.000000","1","",""
"Sergio_G01_CNS-LLF5RV3D8","cpeeg02","ses03","20260617_123304","2026-06-17 12:34:21.301880","NaN","7","probe","DIGIT_RECALL_LINE_2","162","2026-06-17 12:42:37.653814","496.305031","1.544221","","2","","","","keyboard","next recall question","{""value"":2,""note"":""next recall question"",""pd_used"":1}","2","0.016667","60.000000","1","",""
"Sergio_G01_CNS-LLF5RV3D8","cpeeg02","ses03","20260617_123304","2026-06-17 12:34:21.301880","NaN","7","probe","PROBE_DIGIT_OK_2","71","2026-06-17 12:42:39.714487","497.849252","0.672878","5.828375","slot#2","5","0","","keyboard","probe_digit#2","{""value"":""slot#2"",""entered"":5,""rt"":5.828375400044024,""note"":""probe_digit#2""}","2","0.016667","60.000000","1","1.4678",""
"Sergio_G01_CNS-LLF5RV3D8","cpeeg02","ses03","20260617_123304","2026-06-17 12:34:21.301880","NaN","7","probe","DIGIT2_OFF","147","2026-06-17 12:42:39.865531","498.522130","0.000000","","3","","","","keyboard","digit#2 off","{""value"":3,""note"":""digit#2 off"",""pd_used"":0}","2","0.016667","60.000000","1","",""
"Sergio_G01_CNS-LLF5RV3D8","cpeeg02","ses03","20260617_123304","2026-06-17 12:34:21.301880","NaN","7","probe","POSTDIG_FIX2_ON","152","2026-06-17 12:42:39.866274","498.522130","1.584251","","","","","","keyboard","after digit#2","{""note"":""after digit#2""}","2","0.016667","60.000000","1","",""
"Sergio_G01_CNS-LLF5RV3D8","cpeeg02","ses03","20260617_123304","2026-06-17 12:34:21.301880","NaN","7","probe","POSTDIG_FIX2_OFF","157","2026-06-17 12:42:41.450042","500.106381","0.046089","","","","","","keyboard","after digit#2","{""note"":""after digit#2"",""pd_used"":0}","2","0.016667","60.000000","1","",""
"Sergio_G01_CNS-LLF5RV3D8","cpeeg02","ses03","20260617_123304","2026-06-17 12:34:21.301880","NaN","7","probe","DIGIT_RECALL_LINE_3","163","2026-06-17 12:42:41.501435","500.152470","0.846984","","3","","","","keyboard","next recall question","{""value"":3,""note"":""next recall question"",""pd_used"":1}","2","0.016667","60.000000","1","",""
"Sergio_G01_CNS-LLF5RV3D8","cpeeg02","ses03","20260617_123304","2026-06-17 12:34:21.301880","NaN","7","probe","PROBE_DIGIT_OK_3","71","2026-06-17 12:42:42.785041","500.999455","0.589428","8.978578","slot#3","3","0","","keyboard","probe_digit#3","{""value"":""slot#3"",""entered"":3,""rt"":8.9785780000383966,""note"":""probe_digit#3""}","2","0.016667","60.000000","1","0.74019",""
"Sergio_G01_CNS-LLF5RV3D8","cpeeg02","ses03","20260617_123304","2026-06-17 12:34:21.301880","NaN","7","probe","DIGIT3_OFF","148","2026-06-17 12:42:42.932534","501.588883","0.000000","","3","","","","keyboard","digit#3 off","{""value"":3,""note"":""digit#3 off"",""pd_used"":0}","2","0.016667","60.000000","1","",""
"Sergio_G01_CNS-LLF5RV3D8","cpeeg02","ses03","20260617_123304","2026-06-17 12:34:21.301880","NaN","7","probe","POSTDIG_FIX3_ON","153","2026-06-17 12:42:42.933262","501.588883","1.619273","","","","","","keyboard","after digit#3","{""note"":""after digit#3""}","2","0.016667","60.000000","1","",""
"Sergio_G01_CNS-LLF5RV3D8","cpeeg02","ses03","20260617_123304","2026-06-17 12:34:21.301880","NaN","7","probe","POSTDIG_FIX3_OFF","158","2026-06-17 12:42:44.551674","503.208155","0.046044","","","","","","keyboard","after digit#3","{""note"":""after digit#3"",""pd_used"":0}","2","0.016667","60.000000","1","",""
"Sergio_G01_CNS-LLF5RV3D8","cpeeg02","ses03","20260617_123304","2026-06-17 12:34:21.301880","NaN","7","probe","DIGIT_RECALL_LINE_4","164","2026-06-17 12:42:44.603228","503.254199","1.939655","","4","","","","keyboard","next recall question","{""value"":4,""note"":""next recall question"",""pd_used"":1}","2","0.016667","60.000000","1","",""
"Sergio_G01_CNS-LLF5RV3D8","cpeeg02","ses03","20260617_123304","2026-06-17 12:34:21.301880","NaN","7","probe","PROBE_DIGIT_OK_4","71","2026-06-17 12:42:47.135553","505.193854","0.750729","13.172977","slot#4","0","0","","keyboard","probe_digit#4","{""value"":""slot#4"",""entered"":0,""rt"":13.172977000009269,""note"":""probe_digit#4""}","2","0.016667","60.000000","1","1.857",""
"Sergio_G01_CNS-LLF5RV3D8","cpeeg02","ses03","20260617_123304","2026-06-17 12:34:21.301880","NaN","7","probe","DIGIT4_OFF","149","2026-06-17 12:42:47.288009","505.944583","0.000000","","3","","","","keyboard","digit#4 off","{""value"":3,""note"":""digit#4 off"",""pd_used"":0}","2","0.016667","60.000000","1","",""
"Sergio_G01_CNS-LLF5RV3D8","cpeeg02","ses03","20260617_123304","2026-06-17 12:34:21.301880","NaN","7","probe","POSTDIG_FIX4_ON","154","2026-06-17 12:42:47.288969","505.944583","1.800425","","","","","","keyboard","after digit#4","{""note"":""after digit#4""}","2","0.016667","60.000000","1","",""
"Sergio_G01_CNS-LLF5RV3D8","cpeeg02","ses03","20260617_123304","2026-06-17 12:34:21.301880","NaN","7","probe","POSTDIG_FIX4_OFF","159","2026-06-17 12:42:49.088975","507.745008","0.046593","","","","","","keyboard","after digit#4","{""note"":""after digit#4"",""pd_used"":0}","2","0.016667","60.000000","1","",""
"Sergio_G01_CNS-LLF5RV3D8","cpeeg02","ses03","20260617_123304","2026-06-17 12:34:21.301880","NaN","7","probe","DIGIT_RECALL_LINE_5","165","2026-06-17 12:42:49.139689","507.791601","1.385481","","5","","","","keyboard","next recall question","{""value"":5,""note"":""next recall question"",""pd_used"":1}","2","0.016667","60.000000","1","",""
"Sergio_G01_CNS-LLF5RV3D8","cpeeg02","ses03","20260617_123304","2026-06-17 12:34:21.301880","NaN","7","probe","PROBE_DIGIT_OK_5","71","2026-06-17 12:42:50.987178","509.177082","0.605616","17.156206","slot#5","0","0","","keyboard","probe_digit#5","{""value"":""slot#5"",""entered"":0,""rt"":17.156205600011162,""note"":""probe_digit#5""}","2","0.016667","60.000000","1","1.2727",""
"Sergio_G01_CNS-LLF5RV3D8","cpeeg02","ses03","20260617_123304","2026-06-17 12:34:21.301880","NaN","7","probe","DIGIT5_OFF","150","2026-06-17 12:42:51.126103","509.782698","0.000000","","3","","","","keyboard","digit#5 off","{""value"":3,""note"":""digit#5 off"",""pd_used"":0}","2","0.016667","60.000000","1","",""
"Sergio_G01_CNS-LLF5RV3D8","cpeeg02","ses03","20260617_123304","2026-06-17 12:34:21.301880","NaN","7","probe","POSTDIG_FIX5_ON","155","2026-06-17 12:42:51.126826","509.782698","3.168304","","","","","","keyboard","after digit#5","{""note"":""after digit#5""}","2","0.016667","60.000000","1","",""
"Sergio_G01_CNS-LLF5RV3D8","cpeeg02","ses03","20260617_123304","2026-06-17 12:34:21.301880","NaN","7","probe","POSTDIG_FIX5_OFF","160","2026-06-17 12:42:54.294435","512.951003","0.043550","","","","","","keyboard","after digit#5","{""note"":""after digit#5"",""pd_used"":0}","2","0.016667","60.000000","1","",""
"Sergio_G01_CNS-LLF5RV3D8","cpeeg02","ses03","20260617_123304","2026-06-17 12:34:21.301880","NaN","7","probe","PROBE_DONE","73","2026-06-17 12:42:54.296157","512.994553","0.000642","","","","","","keyboard","probe complete","{""value"":"""",""note"":""probe complete""}","2","0.016667","60.000000","1","",""
"Sergio_G01_CNS-LLF5RV3D8","cpeeg02","ses03","20260617_123304","2026-06-17 12:34:21.301880","NaN","7","probe","TRIAL_END","21","2026-06-17 12:42:54.296707","512.995195","0.103940","","","","","","keyboard","","{}","2","0.016667","60.000000","1","",""
"Sergio_G01_CNS-LLF5RV3D8","cpeeg02","ses03","20260617_123304","2026-06-17 12:34:21.301880","NaN","8","probe","TRIAL_CHANGE","22","2026-06-17 12:42:54.400879","513.099135","0.000975","","","","","","keyboard","trial transition","{""note"":""trial transition""}","2","0.016667","60.000000","1","",""
"Sergio_G01_CNS-LLF5RV3D8","cpeeg02","ses03","20260617_123304","2026-06-17 12:34:21.301880","NaN","8","probe","TRIAL_START","20","2026-06-17 12:42:54.401876","513.100110","0.043384","","","","","","keyboard","","{}","2","0.016667","60.000000","1","",""
"Sergio_G01_CNS-LLF5RV3D8","cpeeg02","ses03","20260617_123304","2026-06-17 12:34:21.301880","NaN","8","fix1","FIX1_ON","30","2026-06-17 12:42:54.495788","513.143494","3.299768","","","","","","keyboard","","{""pd_used"":0}","2","0.016667","60.000000","1","",""
"Sergio_G01_CNS-LLF5RV3D8","cpeeg02","ses03","20260617_123304","2026-06-17 12:34:21.301880","NaN","8","fix1","FIX1_OFF","31","2026-06-17 12:42:57.787004","516.443262","0.044440","","","","","","keyboard","","{""pd_used"":0}","2","0.016667","60.000000","1","",""
"Sergio_G01_CNS-LLF5RV3D8","cpeeg02","ses03","20260617_123304","2026-06-17 12:34:21.301880","NaN","8","digit","DIGIT1_ON","141","2026-06-17 12:42:57.838343","516.487702","0.551180","","2","","","","keyboard","digit#1 shown","{""value"":2,""note"":""digit#1 shown"",""pd_used"":1}","2","0.016667","60.000000","1","","0"
"Sergio_G01_CNS-LLF5RV3D8","cpeeg02","ses03","20260617_123304","2026-06-17 12:34:21.301880","NaN","8","digit","DIGIT1_OFF","146","2026-06-17 12:42:58.382248","517.038882","0.000000","","2","","","","keyboard","digit#1 off","{""value"":2,""note"":""digit#1 off"",""pd_used"":0}","2","0.016667","60.000000","1","",""
"Sergio_G01_CNS-LLF5RV3D8","cpeeg02","ses03","20260617_123304","2026-06-17 12:34:21.301880","NaN","8","digit","POSTDIG_FIX1_ON","151","2026-06-17 12:42:58.382993","517.038882","1.953401","","","","","","keyboard","after digit#1","{""note"":""after digit#1""}","2","0.016667","60.000000","1","",""
"Sergio_G01_CNS-LLF5RV3D8","cpeeg02","ses03","20260617_123304","2026-06-17 12:34:21.301880","NaN","8","digit","POSTDIG_FIX1_OFF","156","2026-06-17 12:43:00.335945","518.992283","0.044732","","","","","","keyboard","after digit#1","{""note"":""after digit#1"",""pd_used"":0}","2","0.016667","60.000000","1","",""
"Sergio_G01_CNS-LLF5RV3D8","cpeeg02","ses03","20260617_123304","2026-06-17 12:34:21.301880","NaN","8","digit","DIGIT2_ON","142","2026-06-17 12:43:00.387387","519.037015","0.551001","","6","","","","keyboard","digit#2 shown","{""value"":6,""note"":""digit#2 shown"",""pd_used"":1}","2","0.016667","60.000000","1","","0"
"Sergio_G01_CNS-LLF5RV3D8","cpeeg02","ses03","20260617_123304","2026-06-17 12:34:21.301880","NaN","8","digit","DIGIT2_OFF","147","2026-06-17 12:43:00.931575","519.588015","0.000000","","6","","","","keyboard","digit#2 off","{""value"":6,""note"":""digit#2 off"",""pd_used"":0}","2","0.016667","60.000000","1","",""
"Sergio_G01_CNS-LLF5RV3D8","cpeeg02","ses03","20260617_123304","2026-06-17 12:34:21.301880","NaN","8","digit","POSTDIG_FIX2_ON","152","2026-06-17 12:43:00.932373","519.588015","1.600349","","","","","","keyboard","after digit#2","{""note"":""after digit#2""}","2","0.016667","60.000000","1","",""
"Sergio_G01_CNS-LLF5RV3D8","cpeeg02","ses03","20260617_123304","2026-06-17 12:34:21.301880","NaN","8","digit","POSTDIG_FIX2_OFF","157","2026-06-17 12:43:02.531814","521.188365","0.043808","","","","","","keyboard","after digit#2","{""note"":""after digit#2"",""pd_used"":0}","2","0.016667","60.000000","1","",""
"Sergio_G01_CNS-LLF5RV3D8","cpeeg02","ses03","20260617_123304","2026-06-17 12:34:21.301880","NaN","8","digit","DIGIT3_ON","143","2026-06-17 12:43:02.583111","521.232172","0.551529","","2","","","","keyboard","digit#3 shown","{""value"":2,""note"":""digit#3 shown"",""pd_used"":1}","2","0.016667","60.000000","1","","0"
"Sergio_G01_CNS-LLF5RV3D8","cpeeg02","ses03","20260617_123304","2026-06-17 12:34:21.301880","NaN","8","digit","DIGIT3_OFF","148","2026-06-17 12:43:03.127208","521.783701","0.000000","","2","","","","keyboard","digit#3 off","{""value"":2,""note"":""digit#3 off"",""pd_used"":0}","2","0.016667","60.000000","1","",""
"Sergio_G01_CNS-LLF5RV3D8","cpeeg02","ses03","20260617_123304","2026-06-17 12:34:21.301880","NaN","8","digit","POSTDIG_FIX3_ON","153","2026-06-17 12:43:03.127946","521.783701","2.021371","","","","","","keyboard","after digit#3","{""note"":""after digit#3""}","2","0.016667","60.000000","1","",""
"Sergio_G01_CNS-LLF5RV3D8","cpeeg02","ses03","20260617_123304","2026-06-17 12:34:21.301880","NaN","8","digit","POSTDIG_FIX3_OFF","158","2026-06-17 12:43:05.148534","523.805072","0.044003","","","","","","keyboard","after digit#3","{""note"":""after digit#3"",""pd_used"":0}","2","0.016667","60.000000","1","",""
"Sergio_G01_CNS-LLF5RV3D8","cpeeg02","ses03","20260617_123304","2026-06-17 12:34:21.301880","NaN","8","digit","DIGIT4_ON","144","2026-06-17 12:43:05.199956","523.849075","0.551496","","1","","","","keyboard","digit#4 shown","{""value"":1,""note"":""digit#4 shown"",""pd_used"":1}","2","0.016667","60.000000","1","","1"
"Sergio_G01_CNS-LLF5RV3D8","cpeeg02","ses03","20260617_123304","2026-06-17 12:34:21.301880","NaN","8","digit","DIGIT4_OFF","149","2026-06-17 12:43:05.744134","524.400571","0.000000","","1","","","","keyboard","digit#4 off","{""value"":1,""note"":""digit#4 off"",""pd_used"":0}","2","0.016667","60.000000","1","",""
"Sergio_G01_CNS-LLF5RV3D8","cpeeg02","ses03","20260617_123304","2026-06-17 12:34:21.301880","NaN","8","digit","POSTDIG_FIX4_ON","154","2026-06-17 12:43:05.744869","524.400571","1.630282","","","","","","keyboard","after digit#4","{""note"":""after digit#4""}","2","0.016667","60.000000","1","",""
"Sergio_G01_CNS-LLF5RV3D8","cpeeg02","ses03","20260617_123304","2026-06-17 12:34:21.301880","NaN","8","digit","POSTDIG_FIX4_OFF","159","2026-06-17 12:43:07.374277","526.030853","0.043785","","","","","","keyboard","after digit#4","{""note"":""after digit#4"",""pd_used"":0}","2","0.016667","60.000000","1","",""
"Sergio_G01_CNS-LLF5RV3D8","cpeeg02","ses03","20260617_123304","2026-06-17 12:34:21.301880","NaN","8","digit","DIGIT5_ON","145","2026-06-17 12:43:07.425612","526.074638","0.551593","","1","","","","keyboard","digit#5 shown","{""value"":1,""note"":""digit#5 shown"",""pd_used"":1}","2","0.016667","60.000000","1","","0"
"Sergio_G01_CNS-LLF5RV3D8","cpeeg02","ses03","20260617_123304","2026-06-17 12:34:21.301880","NaN","8","digit","DIGIT5_OFF","150","2026-06-17 12:43:07.969813","526.626232","0.000000","","1","","","","keyboard","digit#5 off","{""value"":1,""note"":""digit#5 off"",""pd_used"":0}","2","0.016667","60.000000","1","",""
"Sergio_G01_CNS-LLF5RV3D8","cpeeg02","ses03","20260617_123304","2026-06-17 12:34:21.301880","NaN","8","digit","POSTDIG_FIX5_ON","155","2026-06-17 12:43:07.970601","526.626232","3.540284","","","","","","keyboard","after digit#5","{""note"":""after digit#5""}","2","0.016667","60.000000","1","",""
"Sergio_G01_CNS-LLF5RV3D8","cpeeg02","ses03","20260617_123304","2026-06-17 12:34:21.301880","NaN","8","digit","POSTDIG_FIX5_OFF","160","2026-06-17 12:43:11.510208","530.166515","0.044198","","","","","","keyboard","after digit#5","{""note"":""after digit#5"",""pd_used"":0}","2","0.016667","60.000000","1","",""
"Sergio_G01_CNS-LLF5RV3D8","cpeeg02","ses03","20260617_123304","2026-06-17 12:34:21.301880","NaN","8","distractor","DISTRACTOR_ON","50","2026-06-17 12:43:11.561660","530.210713","13.104517","","0+5=5","","","","keyboard","","{""value"":""0+5=5"",""isCorrectTruth"":true,""trueSum"":5,""pd_used"":1}","2","0.016667","60.000000","1","",""
"Sergio_G01_CNS-LLF5RV3D8","cpeeg02","ses03","20260617_123304","2026-06-17 12:34:21.301880","NaN","8","distractor","DISTRACTOR_ANS","51","2026-06-17 12:43:24.969526","543.315231","0.000000","13.104517","0+5=5","F","0","","keyboard","key= (False)","{""value"":""0+5=5"",""entered"":""F"",""rt"":13.104517399973702,""correct"":0,""note"":""key= (False)"",""truth"":true,""trueSum"":5,""shownSum"":5,""a"":0,""b"":5}","2","0.016667","60.000000","1","12.9324",""
"Sergio_G01_CNS-LLF5RV3D8","cpeeg02","ses03","20260617_123304","2026-06-17 12:34:21.301880","NaN","8","distractor","ANS_WRONG","200","2026-06-17 12:43:25.012016","543.315231","0.397141","","","","","","keyboard","","{}","2","0.016667","60.000000","1","",""
"Sergio_G01_CNS-LLF5RV3D8","cpeeg02","ses03","20260617_123304","2026-06-17 12:34:21.301880","NaN","8","distractor","DISTRACTOR_OFF","52","2026-06-17 12:43:25.063634","543.712371","0.000000","","","","","","keyboard","","{""pd_used"":0}","2","0.016667","60.000000","1","",""
"Sergio_G01_CNS-LLF5RV3D8","cpeeg02","ses03","20260617_123304","2026-06-17 12:34:21.301880","NaN","8","distractor","FIX2_ON","60","2026-06-17 12:43:25.064339","543.712371","3.321286","","","","","","keyboard","immediate after response","{""note"":""immediate after response""}","2","0.016667","60.000000","1","",""
"Sergio_G01_CNS-LLF5RV3D8","cpeeg02","ses03","20260617_123304","2026-06-17 12:34:21.301880","NaN","8","fix2","FIX2_OFF","61","2026-06-17 12:43:28.377310","547.033657","0.044337","","","","","","keyboard","","{""pd_used"":0}","2","0.016667","60.000000","1","",""
"Sergio_G01_CNS-LLF5RV3D8","cpeeg02","ses03","20260617_123304","2026-06-17 12:34:21.301880","NaN","8","probe","DIGIT_RECALL_LINE_1","161","2026-06-17 12:43:28.428696","547.077995","1.033245","","1","","","","keyboard","first recall question","{""value"":1,""note"":""first recall question"",""pd_used"":1}","2","0.016667","60.000000","1","",""
"Sergio_G01_CNS-LLF5RV3D8","cpeeg02","ses03","20260617_123304","2026-06-17 12:34:21.301880","NaN","8","probe","PROBE_DIGIT_OK_1","71","2026-06-17 12:43:29.914667","548.111240","0.599905","1.034729","slot#1","NaN","0","","keyboard","probe_digit#1","{""value"":""slot#1"",""entered"":null,""rt"":1.0347285000025295,""note"":""probe_digit#1""}","2","0.016667","60.000000","1","0.96181",""
"Sergio_G01_CNS-LLF5RV3D8","cpeeg02","ses03","20260617_123304","2026-06-17 12:34:21.301880","NaN","8","probe","DIGIT1_OFF","146","2026-06-17 12:43:30.054604","548.711145","0.000000","","1","","","","keyboard","digit#1 off","{""value"":1,""note"":""digit#1 off"",""pd_used"":0}","2","0.016667","60.000000","1","",""
"Sergio_G01_CNS-LLF5RV3D8","cpeeg02","ses03","20260617_123304","2026-06-17 12:34:21.301880","NaN","8","probe","POSTDIG_FIX1_ON","151","2026-06-17 12:43:30.055395","548.711145","1.594024","","","","","","keyboard","after digit#1","{""note"":""after digit#1""}","2","0.016667","60.000000","1","",""
"Sergio_G01_CNS-LLF5RV3D8","cpeeg02","ses03","20260617_123304","2026-06-17 12:34:21.301880","NaN","8","probe","POSTDIG_FIX1_OFF","156","2026-06-17 12:43:31.649000","550.305170","0.046357","","","","","","keyboard","after digit#1","{""note"":""after digit#1"",""pd_used"":0}","2","0.016667","60.000000","1","",""
"Sergio_G01_CNS-LLF5RV3D8","cpeeg02","ses03","20260617_123304","2026-06-17 12:34:21.301880","NaN","8","probe","DIGIT_RECALL_LINE_2","162","2026-06-17 12:43:31.700273","550.351527","1.365262","","2","","","","keyboard","next recall question","{""value"":2,""note"":""next recall question"",""pd_used"":1}","2","0.016667","60.000000","1","",""
"Sergio_G01_CNS-LLF5RV3D8","cpeeg02","ses03","20260617_123304","2026-06-17 12:34:21.301880","NaN","8","probe","PROBE_DIGIT_OK_2","71","2026-06-17 12:43:33.573924","551.716789","0.650242","4.640277","slot#2","2","0","","keyboard","probe_digit#2","{""value"":""slot#2"",""entered"":2,""rt"":4.640276999969501,""note"":""probe_digit#2""}","2","0.016667","60.000000","1","1.1735",""
"Sergio_G01_CNS-LLF5RV3D8","cpeeg02","ses03","20260617_123304","2026-06-17 12:34:21.301880","NaN","8","probe","DIGIT2_OFF","147","2026-06-17 12:43:33.710626","552.367031","0.000000","","1","","","","keyboard","digit#2 off","{""value"":1,""note"":""digit#2 off"",""pd_used"":0}","2","0.016667","60.000000","1","",""
"Sergio_G01_CNS-LLF5RV3D8","cpeeg02","ses03","20260617_123304","2026-06-17 12:34:21.301880","NaN","8","probe","POSTDIG_FIX2_ON","152","2026-06-17 12:43:33.711385","552.367031","1.845336","","","","","","keyboard","after digit#2","{""note"":""after digit#2""}","2","0.016667","60.000000","1","",""
"Sergio_G01_CNS-LLF5RV3D8","cpeeg02","ses03","20260617_123304","2026-06-17 12:34:21.301880","NaN","8","probe","POSTDIG_FIX2_OFF","157","2026-06-17 12:43:35.555962","554.212367","0.046211","","","","","","keyboard","after digit#2","{""note"":""after digit#2"",""pd_used"":0}","2","0.016667","60.000000","1","",""
"Sergio_G01_CNS-LLF5RV3D8","cpeeg02","ses03","20260617_123304","2026-06-17 12:34:21.301880","NaN","8","probe","DIGIT_RECALL_LINE_3","163","2026-06-17 12:43:35.607406","554.258578","1.197180","","3","","","","keyboard","next recall question","{""value"":3,""note"":""next recall question"",""pd_used"":1}","2","0.016667","60.000000","1","",""
"Sergio_G01_CNS-LLF5RV3D8","cpeeg02","ses03","20260617_123304","2026-06-17 12:34:21.301880","NaN","8","probe","PROBE_DIGIT_OK_3","71","2026-06-17 12:43:37.264313","555.455758","0.614299","8.379247","slot#3","0","0","","keyboard","probe_digit#3","{""value"":""slot#3"",""entered"":0,""rt"":8.37924669997301,""note"":""probe_digit#3""}","2","0.016667","60.000000","1","1.1174",""
"Sergio_G01_CNS-LLF5RV3D8","cpeeg02","ses03","20260617_123304","2026-06-17 12:34:21.301880","NaN","8","probe","DIGIT3_OFF","148","2026-06-17 12:43:37.413332","556.070057","0.000000","","1","","","","keyboard","digit#3 off","{""value"":1,""note"":""digit#3 off"",""pd_used"":0}","2","0.016667","60.000000","1","",""
"Sergio_G01_CNS-LLF5RV3D8","cpeeg02","ses03","20260617_123304","2026-06-17 12:34:21.301880","NaN","8","probe","POSTDIG_FIX3_ON","153","2026-06-17 12:43:37.414081","556.070057","1.921861","","","","","","keyboard","after digit#3","{""note"":""after digit#3""}","2","0.016667","60.000000","1","",""
"Sergio_G01_CNS-LLF5RV3D8","cpeeg02","ses03","20260617_123304","2026-06-17 12:34:21.301880","NaN","8","probe","POSTDIG_FIX3_OFF","158","2026-06-17 12:43:39.335633","557.991918","0.046299","","","","","","keyboard","after digit#3","{""note"":""after digit#3"",""pd_used"":0}","2","0.016667","60.000000","1","",""
"Sergio_G01_CNS-LLF5RV3D8","cpeeg02","ses03","20260617_123304","2026-06-17 12:34:21.301880","NaN","8","probe","DIGIT_RECALL_LINE_4","164","2026-06-17 12:43:39.387298","558.038217","0.771714","","4","","","","keyboard","next recall question","{""value"":4,""note"":""next recall question"",""pd_used"":1}","2","0.016667","60.000000","1","",""
"Sergio_G01_CNS-LLF5RV3D8","cpeeg02","ses03","20260617_123304","2026-06-17 12:34:21.301880","NaN","8","probe","PROBE_DIGIT_OK_4","71","2026-06-17 12:43:40.637453","558.809930","0.628514","11.733419","slot#4","1","1","","keyboard","probe_digit#4","{""value"":""slot#4"",""entered"":1,""rt"":11.733418699994218,""note"":""probe_digit#4""}","2","0.016667","60.000000","1","0.58688",""
"Sergio_G01_CNS-LLF5RV3D8","cpeeg02","ses03","20260617_123304","2026-06-17 12:34:21.301880","NaN","8","probe","DIGIT4_OFF","149","2026-06-17 12:43:40.781950","559.438445","0.000000","","1","","","","keyboard","digit#4 off","{""value"":1,""note"":""digit#4 off"",""pd_used"":0}","2","0.016667","60.000000","1","",""
"Sergio_G01_CNS-LLF5RV3D8","cpeeg02","ses03","20260617_123304","2026-06-17 12:34:21.301880","NaN","8","probe","POSTDIG_FIX4_ON","154","2026-06-17 12:43:40.782689","559.438445","2.013727","","","","","","keyboard","after digit#4","{""note"":""after digit#4""}","2","0.016667","60.000000","1","",""
"Sergio_G01_CNS-LLF5RV3D8","cpeeg02","ses03","20260617_123304","2026-06-17 12:34:21.301880","NaN","8","probe","POSTDIG_FIX4_OFF","159","2026-06-17 12:43:42.795568","561.452172","0.045840","","","","","","keyboard","after digit#4","{""note"":""after digit#4"",""pd_used"":0}","2","0.016667","60.000000","1","",""
"Sergio_G01_CNS-LLF5RV3D8","cpeeg02","ses03","20260617_123304","2026-06-17 12:34:21.301880","NaN","8","probe","DIGIT_RECALL_LINE_5","165","2026-06-17 12:43:42.846777","561.498012","0.679448","","5","","","","keyboard","next recall question","{""value"":5,""note"":""next recall question"",""pd_used"":1}","2","0.016667","60.000000","1","",""
"Sergio_G01_CNS-LLF5RV3D8","cpeeg02","ses03","20260617_123304","2026-06-17 12:34:21.301880","NaN","8","probe","PROBE_DIGIT_OK_5","71","2026-06-17 12:43:44.104457","562.177460","0.733325","15.100948","slot#5","7","0","","keyboard","probe_digit#5","{""value"":""slot#5"",""entered"":7,""rt"":15.100947899976745,""note"":""probe_digit#5""}","2","0.016667","60.000000","1","0.60556",""
"Sergio_G01_CNS-LLF5RV3D8","cpeeg02","ses03","20260617_123304","2026-06-17 12:34:21.301880","NaN","8","probe","DIGIT5_OFF","150","2026-06-17 12:43:44.254144","562.910785","0.000000","","1","","","","keyboard","digit#5 off","{""value"":1,""note"":""digit#5 off"",""pd_used"":0}","2","0.016667","60.000000","1","",""
"Sergio_G01_CNS-LLF5RV3D8","cpeeg02","ses03","20260617_123304","2026-06-17 12:34:21.301880","NaN","8","probe","POSTDIG_FIX5_ON","155","2026-06-17 12:43:44.254869","562.910785","3.334930","","","","","","keyboard","after digit#5","{""note"":""after digit#5""}","2","0.016667","60.000000","1","",""
"Sergio_G01_CNS-LLF5RV3D8","cpeeg02","ses03","20260617_123304","2026-06-17 12:34:21.301880","NaN","8","probe","POSTDIG_FIX5_OFF","160","2026-06-17 12:43:47.589164","566.245715","0.043436","","","","","","keyboard","after digit#5","{""note"":""after digit#5"",""pd_used"":0}","2","0.016667","60.000000","1","",""
"Sergio_G01_CNS-LLF5RV3D8","cpeeg02","ses03","20260617_123304","2026-06-17 12:34:21.301880","NaN","8","probe","PROBE_DONE","73","2026-06-17 12:43:47.590754","566.289151","0.000626","","","","","","keyboard","probe complete","{""value"":"""",""note"":""probe complete""}","2","0.016667","60.000000","1","",""
"Sergio_G01_CNS-LLF5RV3D8","cpeeg02","ses03","20260617_123304","2026-06-17 12:34:21.301880","NaN","8","probe","TRIAL_END","21","2026-06-17 12:43:47.591281","566.289778","0.115889","","","","","","keyboard","","{}","2","0.016667","60.000000","1","",""
"Sergio_G01_CNS-LLF5RV3D8","cpeeg02","ses03","20260617_123304","2026-06-17 12:34:21.301880","NaN","9","probe","TRIAL_CHANGE","22","2026-06-17 12:43:47.707425","566.405666","0.001067","","","","","","keyboard","trial transition","{""note"":""trial transition""}","2","0.016667","60.000000","1","",""
"Sergio_G01_CNS-LLF5RV3D8","cpeeg02","ses03","20260617_123304","2026-06-17 12:34:21.301880","NaN","9","probe","TRIAL_START","20","2026-06-17 12:43:47.708509","566.406733","0.043591","","","","","","keyboard","","{}","2","0.016667","60.000000","1","",""
"Sergio_G01_CNS-LLF5RV3D8","cpeeg02","ses03","20260617_123304","2026-06-17 12:34:21.301880","NaN","9","fix1","FIX1_ON","30","2026-06-17 12:43:47.802412","566.450324","3.462340","","","","","","keyboard","","{""pd_used"":0}","2","0.016667","60.000000","1","",""
"Sergio_G01_CNS-LLF5RV3D8","cpeeg02","ses03","20260617_123304","2026-06-17 12:34:21.301880","NaN","9","fix1","FIX1_OFF","31","2026-06-17 12:43:51.256112","569.912664","0.043948","","","","","","keyboard","","{""pd_used"":0}","2","0.016667","60.000000","1","",""
"Sergio_G01_CNS-LLF5RV3D8","cpeeg02","ses03","20260617_123304","2026-06-17 12:34:21.301880","NaN","9","digit","DIGIT1_ON","141","2026-06-17 12:43:51.307303","569.956613","0.551377","","8","","","","keyboard","digit#1 shown","{""value"":8,""note"":""digit#1 shown"",""pd_used"":1}","2","0.016667","60.000000","1","","1"
"Sergio_G01_CNS-LLF5RV3D8","cpeeg02","ses03","20260617_123304","2026-06-17 12:34:21.301880","NaN","9","digit","DIGIT1_OFF","146","2026-06-17 12:43:51.851813","570.507990","0.000000","","8","","","","keyboard","digit#1 off","{""value"":8,""note"":""digit#1 off"",""pd_used"":0}","2","0.016667","60.000000","1","",""
"Sergio_G01_CNS-LLF5RV3D8","cpeeg02","ses03","20260617_123304","2026-06-17 12:34:21.301880","NaN","9","digit","POSTDIG_FIX1_ON","151","2026-06-17 12:43:51.852579","570.507990","1.689771","","","","","","keyboard","after digit#1","{""note"":""after digit#1""}","2","0.016667","60.000000","1","",""
"Sergio_G01_CNS-LLF5RV3D8","cpeeg02","ses03","20260617_123304","2026-06-17 12:34:21.301880","NaN","9","digit","POSTDIG_FIX1_OFF","156","2026-06-17 12:43:53.541137","572.197760","0.043823","","","","","","keyboard","after digit#1","{""note"":""after digit#1"",""pd_used"":0}","2","0.016667","60.000000","1","",""
"Sergio_G01_CNS-LLF5RV3D8","cpeeg02","ses03","20260617_123304","2026-06-17 12:34:21.301880","NaN","9","digit","DIGIT2_ON","142","2026-06-17 12:43:53.592391","572.241583","0.551355","","9","","","","keyboard","digit#2 shown","{""value"":9,""note"":""digit#2 shown"",""pd_used"":1}","2","0.016667","60.000000","1","","1"
"Sergio_G01_CNS-LLF5RV3D8","cpeeg02","ses03","20260617_123304","2026-06-17 12:34:21.301880","NaN","9","digit","DIGIT2_OFF","147","2026-06-17 12:43:54.136532","572.792938","0.000000","","9","","","","keyboard","digit#2 off","{""value"":9,""note"":""digit#2 off"",""pd_used"":0}","2","0.016667","60.000000","1","",""
"Sergio_G01_CNS-LLF5RV3D8","cpeeg02","ses03","20260617_123304","2026-06-17 12:34:21.301880","NaN","9","digit","POSTDIG_FIX2_ON","152","2026-06-17 12:43:54.137289","572.792938","1.596722","","","","","","keyboard","after digit#2","{""note"":""after digit#2""}","2","0.016667","60.000000","1","",""
"Sergio_G01_CNS-LLF5RV3D8","cpeeg02","ses03","20260617_123304","2026-06-17 12:34:21.301880","NaN","9","digit","POSTDIG_FIX2_OFF","157","2026-06-17 12:43:55.733142","574.389660","0.043780","","","","","","keyboard","after digit#2","{""note"":""after digit#2"",""pd_used"":0}","2","0.016667","60.000000","1","",""
"Sergio_G01_CNS-LLF5RV3D8","cpeeg02","ses03","20260617_123304","2026-06-17 12:34:21.301880","NaN","9","digit","DIGIT3_ON","143","2026-06-17 12:43:55.784670","574.433440","0.551853","","1","","","","keyboard","digit#3 shown","{""value"":1,""note"":""digit#3 shown"",""pd_used"":1}","2","0.016667","60.000000","1","","0"
"Sergio_G01_CNS-LLF5RV3D8","cpeeg02","ses03","20260617_123304","2026-06-17 12:34:21.301880","NaN","9","digit","DIGIT3_OFF","148","2026-06-17 12:43:56.329164","574.985293","0.000000","","1","","","","keyboard","digit#3 off","{""value"":1,""note"":""digit#3 off"",""pd_used"":0}","2","0.016667","60.000000","1","",""
"Sergio_G01_CNS-LLF5RV3D8","cpeeg02","ses03","20260617_123304","2026-06-17 12:34:21.301880","NaN","9","digit","POSTDIG_FIX3_ON","153","2026-06-17 12:43:56.329954","574.985293","1.894823","","","","","","keyboard","after digit#3","{""note"":""after digit#3""}","2","0.016667","60.000000","1","",""
"Sergio_G01_CNS-LLF5RV3D8","cpeeg02","ses03","20260617_123304","2026-06-17 12:34:21.301880","NaN","9","digit","POSTDIG_FIX3_OFF","158","2026-06-17 12:43:58.223740","576.880116","0.043996","","","","","","keyboard","after digit#3","{""note"":""after digit#3"",""pd_used"":0}","2","0.016667","60.000000","1","",""
"Sergio_G01_CNS-LLF5RV3D8","cpeeg02","ses03","20260617_123304","2026-06-17 12:34:21.301880","NaN","9","digit","DIGIT4_ON","144","2026-06-17 12:43:58.275005","576.924112","0.551359","","3","","","","keyboard","digit#4 shown","{""value"":3,""note"":""digit#4 shown"",""pd_used"":1}","2","0.016667","60.000000","1","","0"
"Sergio_G01_CNS-LLF5RV3D8","cpeeg02","ses03","20260617_123304","2026-06-17 12:34:21.301880","NaN","9","digit","DIGIT4_OFF","149","2026-06-17 12:43:58.818957","577.475471","0.000000","","3","","","","keyboard","digit#4 off","{""value"":3,""note"":""digit#4 off"",""pd_used"":0}","2","0.016667","60.000000","1","",""
"Sergio_G01_CNS-LLF5RV3D8","cpeeg02","ses03","20260617_123304","2026-06-17 12:34:21.301880","NaN","9","digit","POSTDIG_FIX4_ON","154","2026-06-17 12:43:58.819701","577.475471","1.761813","","","","","","keyboard","after digit#4","{""note"":""after digit#4""}","2","0.016667","60.000000","1","",""
"Sergio_G01_CNS-LLF5RV3D8","cpeeg02","ses03","20260617_123304","2026-06-17 12:34:21.301880","NaN","9","digit","POSTDIG_FIX4_OFF","159","2026-06-17 12:44:00.580795","579.237284","0.043936","","","","","","keyboard","after digit#4","{""note"":""after digit#4"",""pd_used"":0}","2","0.016667","60.000000","1","",""
"Sergio_G01_CNS-LLF5RV3D8","cpeeg02","ses03","20260617_123304","2026-06-17 12:34:21.301880","NaN","9","digit","DIGIT5_ON","145","2026-06-17 12:44:00.632292","579.281220","0.551737","","5","","","","keyboard","digit#5 shown","{""value"":5,""note"":""digit#5 shown"",""pd_used"":1}","2","0.016667","60.000000","1","","0"
"Sergio_G01_CNS-LLF5RV3D8","cpeeg02","ses03","20260617_123304","2026-06-17 12:34:21.301880","NaN","9","digit","DIGIT5_OFF","150","2026-06-17 12:44:01.176539","579.832957","0.000000","","5","","","","keyboard","digit#5 off","{""value"":5,""note"":""digit#5 off"",""pd_used"":0}","2","0.016667","60.000000","1","",""
"Sergio_G01_CNS-LLF5RV3D8","cpeeg02","ses03","20260617_123304","2026-06-17 12:34:21.301880","NaN","9","digit","POSTDIG_FIX5_ON","155","2026-06-17 12:44:01.177329","579.832957","3.366485","","","","","","keyboard","after digit#5","{""note"":""after digit#5""}","2","0.016667","60.000000","1","",""
"Sergio_G01_CNS-LLF5RV3D8","cpeeg02","ses03","20260617_123304","2026-06-17 12:34:21.301880","NaN","9","digit","POSTDIG_FIX5_OFF","160","2026-06-17 12:44:04.542862","583.199442","0.043845","","","","","","keyboard","after digit#5","{""note"":""after digit#5"",""pd_used"":0}","2","0.016667","60.000000","1","",""
"Sergio_G01_CNS-LLF5RV3D8","cpeeg02","ses03","20260617_123304","2026-06-17 12:34:21.301880","NaN","9","distractor","DISTRACTOR_ON","50","2026-06-17 12:44:04.594140","583.243288","2.274634","","0+2=2","","","","keyboard","","{""value"":""0+2=2"",""isCorrectTruth"":true,""trueSum"":2,""pd_used"":1}","2","0.016667","60.000000","1","",""
"Sergio_G01_CNS-LLF5RV3D8","cpeeg02","ses03","20260617_123304","2026-06-17 12:34:21.301880","NaN","9","distractor","DISTRACTOR_ANS","51","2026-06-17 12:44:07.265998","585.517922","0.000000","2.274634","0+2=2","F","0","","keyboard","key= (False)","{""value"":""0+2=2"",""entered"":""F"",""rt"":2.2746342999744229,""correct"":0,""note"":""key= (False)"",""truth"":true,""trueSum"":2,""shownSum"":2,""a"":0,""b"":2}","2","0.016667","60.000000","1","2.1678",""
"Sergio_G01_CNS-LLF5RV3D8","cpeeg02","ses03","20260617_123304","2026-06-17 12:34:21.301880","NaN","9","distractor","ANS_WRONG","200","2026-06-17 12:44:07.308620","585.517922","0.491027","","","","","","keyboard","","{}","2","0.016667","60.000000","1","",""
"Sergio_G01_CNS-LLF5RV3D8","cpeeg02","ses03","20260617_123304","2026-06-17 12:34:21.301880","NaN","9","distractor","DISTRACTOR_OFF","52","2026-06-17 12:44:07.360070","586.008949","0.000000","","","","","","keyboard","","{""pd_used"":0}","2","0.016667","60.000000","1","",""
"Sergio_G01_CNS-LLF5RV3D8","cpeeg02","ses03","20260617_123304","2026-06-17 12:34:21.301880","NaN","9","distractor","FIX2_ON","60","2026-06-17 12:44:07.360777","586.008949","3.153514","","","","","","keyboard","immediate after response","{""note"":""immediate after response""}","2","0.016667","60.000000","1","",""
"Sergio_G01_CNS-LLF5RV3D8","cpeeg02","ses03","20260617_123304","2026-06-17 12:34:21.301880","NaN","9","fix2","FIX2_OFF","61","2026-06-17 12:44:10.506061","589.162463","0.044212","","","","","","keyboard","","{""pd_used"":0}","2","0.016667","60.000000","1","",""
"Sergio_G01_CNS-LLF5RV3D8","cpeeg02","ses03","20260617_123304","2026-06-17 12:34:21.301880","NaN","9","probe","DIGIT_RECALL_LINE_1","161","2026-06-17 12:44:10.557239","589.206675","1.510837","","1","","","","keyboard","first recall question","{""value"":1,""note"":""first recall question"",""pd_used"":1}","2","0.016667","60.000000","1","",""
"Sergio_G01_CNS-LLF5RV3D8","cpeeg02","ses03","20260617_123304","2026-06-17 12:34:21.301880","NaN","9","probe","PROBE_DIGIT_OK_1","71","2026-06-17 12:44:12.377784","590.717512","0.462199","1.512257","slot#1","8","1","","keyboard","probe_digit#1","{""value"":""slot#1"",""entered"":8,""rt"":1.5122565000201575,""note"":""probe_digit#1""}","2","0.016667","60.000000","1","1.3247",""
"Sergio_G01_CNS-LLF5RV3D8","cpeeg02","ses03","20260617_123304","2026-06-17 12:34:21.301880","NaN","9","probe","DIGIT1_OFF","146","2026-06-17 12:44:12.523175","591.179711","0.000000","","5","","","","keyboard","digit#1 off","{""value"":5,""note"":""digit#1 off"",""pd_used"":0}","2","0.016667","60.000000","1","",""
"Sergio_G01_CNS-LLF5RV3D8","cpeeg02","ses03","20260617_123304","2026-06-17 12:34:21.301880","NaN","9","probe","POSTDIG_FIX1_ON","151","2026-06-17 12:44:12.523917","591.179711","1.582157","","","","","","keyboard","after digit#1","{""note"":""after digit#1""}","2","0.016667","60.000000","1","",""
"Sergio_G01_CNS-LLF5RV3D8","cpeeg02","ses03","20260617_123304","2026-06-17 12:34:21.301880","NaN","9","probe","POSTDIG_FIX1_OFF","156","2026-06-17 12:44:14.105431","592.761868","0.046155","","","","","","keyboard","after digit#1","{""note"":""after digit#1"",""pd_used"":0}","2","0.016667","60.000000","1","",""
"Sergio_G01_CNS-LLF5RV3D8","cpeeg02","ses03","20260617_123304","2026-06-17 12:34:21.301880","NaN","9","probe","DIGIT_RECALL_LINE_2","162","2026-06-17 12:44:14.156700","592.808023","1.156342","","2","","","","keyboard","next recall question","{""value"":2,""note"":""next recall question"",""pd_used"":1}","2","0.016667","60.000000","1","",""
"Sergio_G01_CNS-LLF5RV3D8","cpeeg02","ses03","20260617_123304","2026-06-17 12:34:21.301880","NaN","9","probe","PROBE_DIGIT_OK_2","71","2026-06-17 12:44:15.774920","593.964365","0.617668","4.759110","slot#2","9","1","","keyboard","probe_digit#2","{""value"":""slot#2"",""entered"":9,""rt"":4.7591100999852642,""note"":""probe_digit#2""}","2","0.016667","60.000000","1","0.91206",""
"Sergio_G01_CNS-LLF5RV3D8","cpeeg02","ses03","20260617_123304","2026-06-17 12:34:21.301880","NaN","9","probe","DIGIT2_OFF","147","2026-06-17 12:44:15.925450","594.582033","0.000000","","5","","","","keyboard","digit#2 off","{""value"":5,""note"":""digit#2 off"",""pd_used"":0}","2","0.016667","60.000000","1","",""
"Sergio_G01_CNS-LLF5RV3D8","cpeeg02","ses03","20260617_123304","2026-06-17 12:34:21.301880","NaN","9","probe","POSTDIG_FIX2_ON","152","2026-06-17 12:44:15.926193","594.582033","1.591593","","","","","","keyboard","after digit#2","{""note"":""after digit#2""}","2","0.016667","60.000000","1","",""
"Sergio_G01_CNS-LLF5RV3D8","cpeeg02","ses03","20260617_123304","2026-06-17 12:34:21.301880","NaN","9","probe","POSTDIG_FIX2_OFF","157","2026-06-17 12:44:17.517130","596.173626","0.045896","","","","","","keyboard","after digit#2","{""note"":""after digit#2"",""pd_used"":0}","2","0.016667","60.000000","1","",""
"Sergio_G01_CNS-LLF5RV3D8","cpeeg02","ses03","20260617_123304","2026-06-17 12:34:21.301880","NaN","9","probe","DIGIT_RECALL_LINE_3","163","2026-06-17 12:44:17.571750","596.219523","1.002118","","3","","","","keyboard","next recall question","{""value"":3,""note"":""next recall question"",""pd_used"":1}","2","0.016667","60.000000","1","",""
"Sergio_G01_CNS-LLF5RV3D8","cpeeg02","ses03","20260617_123304","2026-06-17 12:34:21.301880","NaN","9","probe","PROBE_DIGIT_OK_3","71","2026-06-17 12:44:18.896151","597.221641","0.470986","8.016386","slot#3","3","0","","keyboard","probe_digit#3","{""value"":""slot#3"",""entered"":3,""rt"":8.0163855999708176,""note"":""probe_digit#3""}","2","0.016667","60.000000","1","0.73213",""
"Sergio_G01_CNS-LLF5RV3D8","cpeeg02","ses03","20260617_123304","2026-06-17 12:34:21.301880","NaN","9","probe","DIGIT3_OFF","148","2026-06-17 12:44:19.036134","597.692626","0.000000","","5","","","","keyboard","digit#3 off","{""value"":5,""note"":""digit#3 off"",""pd_used"":0}","2","0.016667","60.000000","1","",""
"Sergio_G01_CNS-LLF5RV3D8","cpeeg02","ses03","20260617_123304","2026-06-17 12:34:21.301880","NaN","9","probe","POSTDIG_FIX3_ON","153","2026-06-17 12:44:19.036925","597.692626","1.800171","","","","","","keyboard","after digit#3","{""note"":""after digit#3""}","2","0.016667","60.000000","1","",""
"Sergio_G01_CNS-LLF5RV3D8","cpeeg02","ses03","20260617_123304","2026-06-17 12:34:21.301880","NaN","9","probe","POSTDIG_FIX3_OFF","158","2026-06-17 12:44:20.836505","599.492797","0.046275","","","","","","keyboard","after digit#3","{""note"":""after digit#3"",""pd_used"":0}","2","0.016667","60.000000","1","",""
"Sergio_G01_CNS-LLF5RV3D8","cpeeg02","ses03","20260617_123304","2026-06-17 12:34:21.301880","NaN","9","probe","DIGIT_RECALL_LINE_4","164","2026-06-17 12:44:20.888082","599.539072","3.780061","","4","","","","keyboard","next recall question","{""value"":4,""note"":""next recall question"",""pd_used"":1}","2","0.016667","60.000000","1","",""
"Sergio_G01_CNS-LLF5RV3D8","cpeeg02","ses03","20260617_123304","2026-06-17 12:34:21.301880","NaN","9","probe","PROBE_DIGIT_OK_4","71","2026-06-17 12:44:25.177467","603.319133","0.661788","14.113877","slot#4","5","0","","keyboard","probe_digit#4","{""value"":""slot#4"",""entered"":5,""rt"":14.113877499999944,""note"":""probe_digit#4""}","2","0.016667","60.000000","1","0.72425",""
"Sergio_G01_CNS-LLF5RV3D8","cpeeg02","ses03","20260617_123304","2026-06-17 12:34:21.301880","NaN","9","probe","DIGIT4_OFF","149","2026-06-17 12:44:25.324211","603.980921","0.000000","","5","","","","keyboard","digit#4 off","{""value"":5,""note"":""digit#4 off"",""pd_used"":0}","2","0.016667","60.000000","1","",""
"Sergio_G01_CNS-LLF5RV3D8","cpeeg02","ses03","20260617_123304","2026-06-17 12:34:21.301880","NaN","9","probe","POSTDIG_FIX4_ON","154","2026-06-17 12:44:25.324939","603.980921","1.870498","","","","","","keyboard","after digit#4","{""note"":""after digit#4""}","2","0.016667","60.000000","1","",""
"Sergio_G01_CNS-LLF5RV3D8","cpeeg02","ses03","20260617_123304","2026-06-17 12:34:21.301880","NaN","9","probe","POSTDIG_FIX4_OFF","159","2026-06-17 12:44:27.195120","605.851419","0.046118","","","","","","keyboard","after digit#4","{""note"":""after digit#4"",""pd_used"":0}","2","0.016667","60.000000","1","",""
"Sergio_G01_CNS-LLF5RV3D8","cpeeg02","ses03","20260617_123304","2026-06-17 12:34:21.301880","NaN","9","probe","DIGIT_RECALL_LINE_5","165","2026-06-17 12:44:27.246668","605.897537","3.801149","","5","","","","keyboard","next recall question","{""value"":5,""note"":""next recall question"",""pd_used"":1}","2","0.016667","60.000000","1","",""
"Sergio_G01_CNS-LLF5RV3D8","cpeeg02","ses03","20260617_123304","2026-06-17 12:34:21.301880","NaN","9","probe","PROBE_DIGIT_OK_5","71","2026-06-17 12:44:31.496935","609.698686","0.606995","20.493431","slot#5","1","0","","keyboard","probe_digit#5","{""value"":""slot#5"",""entered"":1,""rt"":20.493431099981535,""note"":""probe_digit#5""}","2","0.016667","60.000000","1","3.6004",""
"Sergio_G01_CNS-LLF5RV3D8","cpeeg02","ses03","20260617_123304","2026-06-17 12:34:21.301880","NaN","9","probe","DIGIT5_OFF","150","2026-06-17 12:44:31.649089","610.305681","0.000000","","5","","","","keyboard","digit#5 off","{""value"":5,""note"":""digit#5 off"",""pd_used"":0}","2","0.016667","60.000000","1","",""
"Sergio_G01_CNS-LLF5RV3D8","cpeeg02","ses03","20260617_123304","2026-06-17 12:34:21.301880","NaN","9","probe","POSTDIG_FIX5_ON","155","2026-06-17 12:44:31.649864","610.305681","3.080367","","","","","","keyboard","after digit#5","{""note"":""after digit#5""}","2","0.016667","60.000000","1","",""
"Sergio_G01_CNS-LLF5RV3D8","cpeeg02","ses03","20260617_123304","2026-06-17 12:34:21.301880","NaN","9","probe","POSTDIG_FIX5_OFF","160","2026-06-17 12:44:34.729707","613.386048","0.043722","","","","","","keyboard","after digit#5","{""note"":""after digit#5"",""pd_used"":0}","2","0.016667","60.000000","1","",""
"Sergio_G01_CNS-LLF5RV3D8","cpeeg02","ses03","20260617_123304","2026-06-17 12:34:21.301880","NaN","9","probe","PROBE_DONE","73","2026-06-17 12:44:34.731565","613.429770","0.000831","","","","","","keyboard","probe complete","{""value"":"""",""note"":""probe complete""}","2","0.016667","60.000000","1","",""
"Sergio_G01_CNS-LLF5RV3D8","cpeeg02","ses03","20260617_123304","2026-06-17 12:34:21.301880","NaN","9","probe","TRIAL_END","21","2026-06-17 12:44:34.732115","613.430601","0.103026","","","","","","keyboard","","{}","2","0.016667","60.000000","1","",""
"Sergio_G01_CNS-LLF5RV3D8","cpeeg02","ses03","20260617_123304","2026-06-17 12:34:21.301880","NaN","10","probe","TRIAL_CHANGE","22","2026-06-17 12:44:34.835402","613.533627","0.001124","","","","","","keyboard","trial transition","{""note"":""trial transition""}","2","0.016667","60.000000","1","",""
"Sergio_G01_CNS-LLF5RV3D8","cpeeg02","ses03","20260617_123304","2026-06-17 12:34:21.301880","NaN","10","probe","TRIAL_START","20","2026-06-17 12:44:34.836539","613.534751","0.043418","","","","","","keyboard","","{}","2","0.016667","60.000000","1","",""
"Sergio_G01_CNS-LLF5RV3D8","cpeeg02","ses03","20260617_123304","2026-06-17 12:34:21.301880","NaN","10","fix1","FIX1_ON","30","2026-06-17 12:44:34.930311","613.578169","3.197979","","","","","","keyboard","","{""pd_used"":0}","2","0.016667","60.000000","1","",""
"Sergio_G01_CNS-LLF5RV3D8","cpeeg02","ses03","20260617_123304","2026-06-17 12:34:21.301880","NaN","10","fix1","FIX1_OFF","31","2026-06-17 12:44:38.119824","616.776147","0.044540","","","","","","keyboard","","{""pd_used"":0}","2","0.016667","60.000000","1","",""
"Sergio_G01_CNS-LLF5RV3D8","cpeeg02","ses03","20260617_123304","2026-06-17 12:34:21.301880","NaN","10","digit","DIGIT1_ON","141","2026-06-17 12:44:38.171016","616.820688","0.550704","","3","","","","keyboard","digit#1 shown","{""value"":3,""note"":""digit#1 shown"",""pd_used"":1}","2","0.016667","60.000000","1","","1"
"Sergio_G01_CNS-LLF5RV3D8","cpeeg02","ses03","20260617_123304","2026-06-17 12:34:21.301880","NaN","10","digit","DIGIT1_OFF","146","2026-06-17 12:44:38.714961","617.371391","0.000000","","3","","","","keyboard","digit#1 off","{""value"":3,""note"":""digit#1 off"",""pd_used"":0}","2","0.016667","60.000000","1","",""
"Sergio_G01_CNS-LLF5RV3D8","cpeeg02","ses03","20260617_123304","2026-06-17 12:34:21.301880","NaN","10","digit","POSTDIG_FIX1_ON","151","2026-06-17 12:44:38.715744","617.371391","1.744145","","","","","","keyboard","after digit#1","{""note"":""after digit#1""}","2","0.016667","60.000000","1","",""
"Sergio_G01_CNS-LLF5RV3D8","cpeeg02","ses03","20260617_123304","2026-06-17 12:34:21.301880","NaN","10","digit","POSTDIG_FIX1_OFF","156","2026-06-17 12:44:40.459020","619.115536","0.043950","","","","","","keyboard","after digit#1","{""note"":""after digit#1"",""pd_used"":0}","2","0.016667","60.000000","1","",""
"Sergio_G01_CNS-LLF5RV3D8","cpeeg02","ses03","20260617_123304","2026-06-17 12:34:21.301880","NaN","10","digit","DIGIT2_ON","142","2026-06-17 12:44:40.510491","619.159487","0.551512","","5","","","","keyboard","digit#2 shown","{""value"":5,""note"":""digit#2 shown"",""pd_used"":1}","2","0.016667","60.000000","1","","1"
"Sergio_G01_CNS-LLF5RV3D8","cpeeg02","ses03","20260617_123304","2026-06-17 12:34:21.301880","NaN","10","digit","DIGIT2_OFF","147","2026-06-17 12:44:41.054482","619.710998","0.000000","","5","","","","keyboard","digit#2 off","{""value"":5,""note"":""digit#2 off"",""pd_used"":0}","2","0.016667","60.000000","1","",""
"Sergio_G01_CNS-LLF5RV3D8","cpeeg02","ses03","20260617_123304","2026-06-17 12:34:21.301880","NaN","10","digit","POSTDIG_FIX2_ON","152","2026-06-17 12:44:41.055250","619.710998","1.704662","","","","","","keyboard","after digit#2","{""note"":""after digit#2""}","2","0.016667","60.000000","1","",""
"Sergio_G01_CNS-LLF5RV3D8","cpeeg02","ses03","20260617_123304","2026-06-17 12:34:21.301880","NaN","10","digit","POSTDIG_FIX2_OFF","157","2026-06-17 12:44:42.759240","621.415661","0.044224","","","","","","keyboard","after digit#2","{""note"":""after digit#2"",""pd_used"":0}","2","0.016667","60.000000","1","",""
"Sergio_G01_CNS-LLF5RV3D8","cpeeg02","ses03","20260617_123304","2026-06-17 12:34:21.301880","NaN","10","digit","DIGIT3_ON","143","2026-06-17 12:44:42.810766","621.459885","0.551435","","2","","","","keyboard","digit#3 shown","{""value"":2,""note"":""digit#3 shown"",""pd_used"":1}","2","0.016667","60.000000","1","","0"
"Sergio_G01_CNS-LLF5RV3D8","cpeeg02","ses03","20260617_123304","2026-06-17 12:34:21.301880","NaN","10","digit","DIGIT3_OFF","148","2026-06-17 12:44:43.354891","622.011320","0.000000","","2","","","","keyboard","digit#3 off","{""value"":2,""note"":""digit#3 off"",""pd_used"":0}","2","0.016667","60.000000","1","",""
"Sergio_G01_CNS-LLF5RV3D8","cpeeg02","ses03","20260617_123304","2026-06-17 12:34:21.301880","NaN","10","digit","POSTDIG_FIX3_ON","153","2026-06-17 12:44:43.355662","622.011320","1.876121","","","","","","keyboard","after digit#3","{""note"":""after digit#3""}","2","0.016667","60.000000","1","",""
"Sergio_G01_CNS-LLF5RV3D8","cpeeg02","ses03","20260617_123304","2026-06-17 12:34:21.301880","NaN","10","digit","POSTDIG_FIX3_OFF","158","2026-06-17 12:44:45.230957","623.887442","0.043936","","","","","","keyboard","after digit#3","{""note"":""after digit#3"",""pd_used"":0}","2","0.016667","60.000000","1","",""
"Sergio_G01_CNS-LLF5RV3D8","cpeeg02","ses03","20260617_123304","2026-06-17 12:34:21.301880","NaN","10","digit","DIGIT4_ON","144","2026-06-17 12:44:45.282259","623.931378","0.551465","","7","","","","keyboard","digit#4 shown","{""value"":7,""note"":""digit#4 shown"",""pd_used"":1}","2","0.016667","60.000000","1","","0"
"Sergio_G01_CNS-LLF5RV3D8","cpeeg02","ses03","20260617_123304","2026-06-17 12:34:21.301880","NaN","10","digit","DIGIT4_OFF","149","2026-06-17 12:44:45.826359","624.482843","0.000000","","7","","","","keyboard","digit#4 off","{""value"":7,""note"":""digit#4 off"",""pd_used"":0}","2","0.016667","60.000000","1","",""
"Sergio_G01_CNS-LLF5RV3D8","cpeeg02","ses03","20260617_123304","2026-06-17 12:34:21.301880","NaN","10","digit","POSTDIG_FIX4_ON","154","2026-06-17 12:44:45.827092","624.482843","1.559458","","","","","","keyboard","after digit#4","{""note"":""after digit#4""}","2","0.016667","60.000000","1","",""
"Sergio_G01_CNS-LLF5RV3D8","cpeeg02","ses03","20260617_123304","2026-06-17 12:34:21.301880","NaN","10","digit","POSTDIG_FIX4_OFF","159","2026-06-17 12:44:47.385656","626.042301","0.043766","","","","","","keyboard","after digit#4","{""note"":""after digit#4"",""pd_used"":0}","2","0.016667","60.000000","1","",""
"Sergio_G01_CNS-LLF5RV3D8","cpeeg02","ses03","20260617_123304","2026-06-17 12:34:21.301880","NaN","10","digit","DIGIT5_ON","145","2026-06-17 12:44:47.437123","626.086067","0.551604","","6","","","","keyboard","digit#5 shown","{""value"":6,""note"":""digit#5 shown"",""pd_used"":1}","2","0.016667","60.000000","1","","0"
"Sergio_G01_CNS-LLF5RV3D8","cpeeg02","ses03","20260617_123304","2026-06-17 12:34:21.301880","NaN","10","digit","DIGIT5_OFF","150","2026-06-17 12:44:47.981037","626.637671","0.000000","","6","","","","keyboard","digit#5 off","{""value"":6,""note"":""digit#5 off"",""pd_used"":0}","2","0.016667","60.000000","1","",""
"Sergio_G01_CNS-LLF5RV3D8","cpeeg02","ses03","20260617_123304","2026-06-17 12:34:21.301880","NaN","10","digit","POSTDIG_FIX5_ON","155","2026-06-17 12:44:47.981799","626.637671","3.359546","","","","","","keyboard","after digit#5","{""note"":""after digit#5""}","2","0.016667","60.000000","1","",""
"Sergio_G01_CNS-LLF5RV3D8","cpeeg02","ses03","20260617_123304","2026-06-17 12:34:21.301880","NaN","10","digit","POSTDIG_FIX5_OFF","160","2026-06-17 12:44:51.340685","629.997216","0.044056","","","","","","keyboard","after digit#5","{""note"":""after digit#5"",""pd_used"":0}","2","0.016667","60.000000","1","",""
"Sergio_G01_CNS-LLF5RV3D8","cpeeg02","ses03","20260617_123304","2026-06-17 12:34:21.301880","NaN","10","distractor","DISTRACTOR_ON","50","2026-06-17 12:44:51.392005","630.041272","2.898765","","6+5=11","","","","keyboard","","{""value"":""6+5=11"",""isCorrectTruth"":true,""trueSum"":11,""pd_used"":1}","2","0.016667","60.000000","1","",""
"Sergio_G01_CNS-LLF5RV3D8","cpeeg02","ses03","20260617_123304","2026-06-17 12:34:21.301880","NaN","10","distractor","DISTRACTOR_ANS","51","2026-06-17 12:44:54.643754","632.940037","0.000000","2.898765","6+5=11","F","0","","keyboard","key= (False)","{""value"":""6+5=11"",""entered"":""F"",""rt"":2.8987649999908172,""correct"":0,""note"":""key= (False)"",""truth"":true,""trueSum"":11,""shownSum"":11,""a"":6,""b"":5}","2","0.016667","60.000000","1","2.6896",""
"Sergio_G01_CNS-LLF5RV3D8","cpeeg02","ses03","20260617_123304","2026-06-17 12:34:21.301880","NaN","10","distractor","ANS_WRONG","200","2026-06-17 12:44:54.686270","632.940037","0.446629","","","","","","keyboard","","{}","2","0.016667","60.000000","1","",""
"Sergio_G01_CNS-LLF5RV3D8","cpeeg02","ses03","20260617_123304","2026-06-17 12:34:21.301880","NaN","10","distractor","DISTRACTOR_OFF","52","2026-06-17 12:44:54.738043","633.386665","0.000000","","","","","","keyboard","","{""pd_used"":0}","2","0.016667","60.000000","1","",""
"Sergio_G01_CNS-LLF5RV3D8","cpeeg02","ses03","20260617_123304","2026-06-17 12:34:21.301880","NaN","10","distractor","FIX2_ON","60","2026-06-17 12:44:54.738732","633.386665","3.150204","","","","","","keyboard","immediate after response","{""note"":""immediate after response""}","2","0.016667","60.000000","1","",""
"Sergio_G01_CNS-LLF5RV3D8","cpeeg02","ses03","20260617_123304","2026-06-17 12:34:21.301880","NaN","10","fix2","FIX2_OFF","61","2026-06-17 12:44:57.880472","636.536870","0.044024","","","","","","keyboard","","{""pd_used"":0}","2","0.016667","60.000000","1","",""
"Sergio_G01_CNS-LLF5RV3D8","cpeeg02","ses03","20260617_123304","2026-06-17 12:34:21.301880","NaN","10","probe","DIGIT_RECALL_LINE_1","161","2026-06-17 12:44:57.932255","636.580893","1.831936","","1","","","","keyboard","first recall question","{""value"":1,""note"":""first recall question"",""pd_used"":1}","2","0.016667","60.000000","1","",""
"Sergio_G01_CNS-LLF5RV3D8","cpeeg02","ses03","20260617_123304","2026-06-17 12:34:21.301880","NaN","10","probe","PROBE_DIGIT_OK_1","71","2026-06-17 12:45:00.115181","638.412830","0.497101","1.833148","slot#1","3","1","","keyboard","probe_digit#1","{""value"":""slot#1"",""entered"":3,""rt"":1.8331477000028826,""note"":""probe_digit#1""}","2","0.016667","60.000000","1","1.6864",""
"Sergio_G01_CNS-LLF5RV3D8","cpeeg02","ses03","20260617_123304","2026-06-17 12:34:21.301880","NaN","10","probe","DIGIT1_OFF","146","2026-06-17 12:45:00.253391","638.909930","0.000000","","6","","","","keyboard","digit#1 off","{""value"":6,""note"":""digit#1 off"",""pd_used"":0}","2","0.016667","60.000000","1","",""
"Sergio_G01_CNS-LLF5RV3D8","cpeeg02","ses03","20260617_123304","2026-06-17 12:34:21.301880","NaN","10","probe","POSTDIG_FIX1_ON","151","2026-06-17 12:45:00.254160","638.909930","1.855645","","","","","","keyboard","after digit#1","{""note"":""after digit#1""}","2","0.016667","60.000000","1","",""
"Sergio_G01_CNS-LLF5RV3D8","cpeeg02","ses03","20260617_123304","2026-06-17 12:34:21.301880","NaN","10","probe","POSTDIG_FIX1_OFF","156","2026-06-17 12:45:02.109048","640.765576","0.046321","","","","","","keyboard","after digit#1","{""note"":""after digit#1"",""pd_used"":0}","2","0.016667","60.000000","1","",""
"Sergio_G01_CNS-LLF5RV3D8","cpeeg02","ses03","20260617_123304","2026-06-17 12:34:21.301880","NaN","10","probe","DIGIT_RECALL_LINE_2","162","2026-06-17 12:45:02.160417","640.811896","0.929741","","2","","","","keyboard","next recall question","{""value"":2,""note"":""next recall question"",""pd_used"":1}","2","0.016667","60.000000","1","",""
"Sergio_G01_CNS-LLF5RV3D8","cpeeg02","ses03","20260617_123304","2026-06-17 12:34:21.301880","NaN","10","probe","PROBE_DIGIT_OK_2","71","2026-06-17 12:45:03.586689","641.741638","0.641822","5.161956","slot#2","5","1","","keyboard","probe_digit#2","{""value"":""slot#2"",""entered"":5,""rt"":5.1619556999648921,""note"":""probe_digit#2""}","2","0.016667","60.000000","1","0.85219",""
"Sergio_G01_CNS-LLF5RV3D8","cpeeg02","ses03","20260617_123304","2026-06-17 12:34:21.301880","NaN","10","probe","DIGIT2_OFF","147","2026-06-17 12:45:03.726866","642.383460","0.000000","","6","","","","keyboard","digit#2 off","{""value"":6,""note"":""digit#2 off"",""pd_used"":0}","2","0.016667","60.000000","1","",""
"Sergio_G01_CNS-LLF5RV3D8","cpeeg02","ses03","20260617_123304","2026-06-17 12:34:21.301880","NaN","10","probe","POSTDIG_FIX2_ON","152","2026-06-17 12:45:03.727644","642.383460","1.793626","","","","","","keyboard","after digit#2","{""note"":""after digit#2""}","2","0.016667","60.000000","1","",""
"Sergio_G01_CNS-LLF5RV3D8","cpeeg02","ses03","20260617_123304","2026-06-17 12:34:21.301880","NaN","10","probe","POSTDIG_FIX2_OFF","157","2026-06-17 12:45:05.520656","644.177086","0.046232","","","","","","keyboard","after digit#2","{""note"":""after digit#2"",""pd_used"":0}","2","0.016667","60.000000","1","",""
"Sergio_G01_CNS-LLF5RV3D8","cpeeg02","ses03","20260617_123304","2026-06-17 12:34:21.301880","NaN","10","probe","DIGIT_RECALL_LINE_3","163","2026-06-17 12:45:05.572145","644.223318","2.984464","","3","","","","keyboard","next recall question","{""value"":3,""note"":""next recall question"",""pd_used"":1}","2","0.016667","60.000000","1","",""
"Sergio_G01_CNS-LLF5RV3D8","cpeeg02","ses03","20260617_123304","2026-06-17 12:34:21.301880","NaN","10","probe","PROBE_DIGIT_OK_3","71","2026-06-17 12:45:08.976413","647.207783","0.565207","10.628101","slot#3","0","0","","keyboard","probe_digit#3","{""value"":""slot#3"",""entered"":0,""rt"":10.628100799978711,""note"":""probe_digit#3""}","2","0.016667","60.000000","1","2.7884",""
"Sergio_G01_CNS-LLF5RV3D8","cpeeg02","ses03","20260617_123304","2026-06-17 12:34:21.301880","NaN","10","probe","DIGIT3_OFF","148","2026-06-17 12:45:09.116391","647.772990","0.000000","","6","","","","keyboard","digit#3 off","{""value"":6,""note"":""digit#3 off"",""pd_used"":0}","2","0.016667","60.000000","1","",""
"Sergio_G01_CNS-LLF5RV3D8","cpeeg02","ses03","20260617_123304","2026-06-17 12:34:21.301880","NaN","10","probe","POSTDIG_FIX3_ON","153","2026-06-17 12:45:09.117148","647.772990","1.832687","","","","","","keyboard","after digit#3","{""note"":""after digit#3""}","2","0.016667","60.000000","1","",""
"Sergio_G01_CNS-LLF5RV3D8","cpeeg02","ses03","20260617_123304","2026-06-17 12:34:21.301880","NaN","10","probe","POSTDIG_FIX3_OFF","158","2026-06-17 12:45:10.949152","649.605677","0.045973","","","","","","keyboard","after digit#3","{""note"":""after digit#3"",""pd_used"":0}","2","0.016667","60.000000","1","",""
"Sergio_G01_CNS-LLF5RV3D8","cpeeg02","ses03","20260617_123304","2026-06-17 12:34:21.301880","NaN","10","probe","DIGIT_RECALL_LINE_4","164","2026-06-17 12:45:11.000491","649.651650","0.767650","","4","","","","keyboard","next recall question","{""value"":4,""note"":""next recall question"",""pd_used"":1}","2","0.016667","60.000000","1","",""
"Sergio_G01_CNS-LLF5RV3D8","cpeeg02","ses03","20260617_123304","2026-06-17 12:34:21.301880","NaN","10","probe","PROBE_DIGIT_OK_4","71","2026-06-17 12:45:12.066667","650.419300","0.452603","13.839618","slot#4","6","0","","keyboard","probe_digit#4","{""value"":""slot#4"",""entered"":6,""rt"":13.839618199970573,""note"":""probe_digit#4""}","2","0.016667","60.000000","1","0.66831",""
"Sergio_G01_CNS-LLF5RV3D8","cpeeg02","ses03","20260617_123304","2026-06-17 12:34:21.301880","NaN","10","probe","DIGIT4_OFF","149","2026-06-17 12:45:12.215244","650.871903","0.000000","","6","","","","keyboard","digit#4 off","{""value"":6,""note"":""digit#4 off"",""pd_used"":0}","2","0.016667","60.000000","1","",""
"Sergio_G01_CNS-LLF5RV3D8","cpeeg02","ses03","20260617_123304","2026-06-17 12:34:21.301880","NaN","10","probe","POSTDIG_FIX4_ON","154","2026-06-17 12:45:12.215976","650.871903","1.699140","","","","","","keyboard","after digit#4","{""note"":""after digit#4""}","2","0.016667","60.000000","1","",""
"Sergio_G01_CNS-LLF5RV3D8","cpeeg02","ses03","20260617_123304","2026-06-17 12:34:21.301880","NaN","10","probe","POSTDIG_FIX4_OFF","159","2026-06-17 12:45:13.914379","652.571043","0.045739","","","","","","keyboard","after digit#4","{""note"":""after digit#4"",""pd_used"":0}","2","0.016667","60.000000","1","",""
"Sergio_G01_CNS-LLF5RV3D8","cpeeg02","ses03","20260617_123304","2026-06-17 12:34:21.301880","NaN","10","probe","DIGIT_RECALL_LINE_5","165","2026-06-17 12:45:13.965682","652.616782","3.315263","","5","","","","keyboard","next recall question","{""value"":5,""note"":""next recall question"",""pd_used"":1}","2","0.016667","60.000000","1","",""
"Sergio_G01_CNS-LLF5RV3D8","cpeeg02","ses03","20260617_123304","2026-06-17 12:34:21.301880","NaN","10","probe","PROBE_DIGIT_OK_5","71","2026-06-17 12:45:17.776652","655.932045","0.656080","19.352363","slot#5","9","0","","keyboard","probe_digit#5","{""value"":""slot#5"",""entered"":9,""rt"":19.352362799982075,""note"":""probe_digit#5""}","2","0.016667","60.000000","1","3.2268",""
"Sergio_G01_CNS-LLF5RV3D8","cpeeg02","ses03","20260617_123304","2026-06-17 12:34:21.301880","NaN","10","probe","DIGIT5_OFF","150","2026-06-17 12:45:17.931553","656.588125","0.000000","","6","","","","keyboard","digit#5 off","{""value"":6,""note"":""digit#5 off"",""pd_used"":0}","2","0.016667","60.000000","1","",""
"Sergio_G01_CNS-LLF5RV3D8","cpeeg02","ses03","20260617_123304","2026-06-17 12:34:21.301880","NaN","10","probe","POSTDIG_FIX5_ON","155","2026-06-17 12:45:17.932310","656.588125","3.067268","","","","","","keyboard","after digit#5","{""note"":""after digit#5""}","2","0.016667","60.000000","1","",""
"Sergio_G01_CNS-LLF5RV3D8","cpeeg02","ses03","20260617_123304","2026-06-17 12:34:21.301880","NaN","10","probe","POSTDIG_FIX5_OFF","160","2026-06-17 12:45:20.998844","659.655393","0.043483","","","","","","keyboard","after digit#5","{""note"":""after digit#5"",""pd_used"":0}","2","0.016667","60.000000","1","",""
"Sergio_G01_CNS-LLF5RV3D8","cpeeg02","ses03","20260617_123304","2026-06-17 12:34:21.301880","NaN","10","probe","PROBE_DONE","73","2026-06-17 12:45:21.000468","659.698877","0.000616","","","","","","keyboard","probe complete","{""value"":"""",""note"":""probe complete""}","2","0.016667","60.000000","1","",""
"Sergio_G01_CNS-LLF5RV3D8","cpeeg02","ses03","20260617_123304","2026-06-17 12:34:21.301880","NaN","10","probe","TRIAL_END","21","2026-06-17 12:45:21.001034","659.699492","0.112270","","","","","","keyboard","","{}","2","0.016667","60.000000","1","",""
"Sergio_G01_CNS-LLF5RV3D8","cpeeg02","ses03","20260617_123304","2026-06-17 12:34:21.301880","NaN","10","probe","BLOCK_END","11","2026-06-17 12:45:21.113648","659.811762","0.255437","","","","","","keyboard","","{}","2","0.016667","60.000000","1","",""
"Sergio_G01_CNS-LLF5RV3D8","cpeeg02","ses03","20260617_123304","2026-06-17 12:34:21.301880","NaN","10","probe","SESSION_END","3","2026-06-17 12:45:21.369329","660.067199","NaN","","","","","","keyboard","","{}","2","0.016667","60.000000","1","",""
