file_version,subject,condition,session,task_start_time,block,trial,phase,event_name,event_code,wall_clock,t_rel_sec,duration_to_next,rt,value_shown,entered_value,correct,key_name,device,note,json,screen_index,ifi,refresh_hz,pd_used
Sergio_G01_CNS-LLF5RV3D8,s01,ses03,20260804_161104,2026-08-04 16:11:19.261318,NaN,NaN,,MIC_NOISEFLOOR,6,2026-08-04 16:11:21.639192,2.377549,4.136346,,,,,,keyboard,,{},2,NaN,NaN,1
Sergio_G01_CNS-LLF5RV3D8,s01,ses03,20260804_161104,2026-08-04 16:11:19.261318,NaN,NaN,,MIC_REC_SPEECH,7,2026-08-04 16:11:25.775413,6.513895,6.658144,,,,,,keyboard,,{},2,NaN,NaN,1
Sergio_G01_CNS-LLF5RV3D8,s01,ses03,20260804_161104,2026-08-04 16:11:19.261318,NaN,NaN,,SESSION_START,1,2026-08-04 16:11:59.271979,40.010317,0.001065,,,,,,keyboard,,{},2,0.016667,60.000000,1
Sergio_G01_CNS-LLF5RV3D8,s01,ses03,20260804_161104,2026-08-04 16:11:19.261318,NaN,NaN,,BLOCK_START,10,2026-08-04 16:11:59.272646,40.011382,0.112037,,,,,,keyboard,,{},2,0.016667,60.000000,1
Sergio_G01_CNS-LLF5RV3D8,s01,ses03,20260804_161104,2026-08-04 16:11:19.261318,NaN,0,reading,START_PAGE_ON,4,2026-08-04 16:11:59.426961,40.123419,0.050032,,,,,,keyboard,,"{""pd_used"":0}",2,0.016667,60.000000,1
Sergio_G01_CNS-LLF5RV3D8,s01,ses03,20260804_161104,2026-08-04 16:11:19.261318,NaN,0,reading,START_PAGE_ON,4,2026-08-04 16:11:59.426961,40.123419,8.868948,,,,,,keyboard,,"{""pd_used"":0}",2,0.016667,60.000000,1
Sergio_G01_CNS-LLF5RV3D8,s01,ses03,20260804_161104,2026-08-04 16:11:19.261318,NaN,0,reading,START_PAGE_ON,4,2026-08-04 16:11:59.426961,40.123419,9.303407,,,,,,keyboard,,"{""pd_used"":0}",2,0.016667,60.000000,1
Sergio_G01_CNS-LLF5RV3D8,s01,ses03,20260804_161104,2026-08-04 16:11:19.261318,NaN,0,reading,READING_START,23,2026-08-04 16:12:08.688351,49.426826,0.129992,,,,,,keyboard,,{},2,0.016667,60.000000,1
Sergio_G01_CNS-LLF5RV3D8,s01,ses03,20260804_161104,2026-08-04 16:11:19.261318,NaN,0,reading,DIGIT_READ1_ON,101,2026-08-04 16:12:08.860056,49.556818,1.631312,,5,,,,keyboard,digit#1 shown,"{""value"":5,""note"":""digit#1 shown"",""pd_used"":1}",2,0.016667,60.000000,1
Sergio_G01_CNS-LLF5RV3D8,s01,ses03,20260804_161104,2026-08-04 16:11:19.261318,NaN,0,reading,PROBE_COUNT_OK_1,71,2026-08-04 16:12:10.771778,51.188130,0.368658,11.071786,slot#1,NaN,,,keyboard,probe_digit#1,"{""value"":""slot#1"",""entered"":null,""rt"":11.071786299929954,""note"":""probe_digit#1""}",2,0.016667,60.000000,1
Sergio_G01_CNS-LLF5RV3D8,s01,ses03,20260804_161104,2026-08-04 16:11:19.261318,NaN,0,reading,DIGIT_READ1_OFF,116,2026-08-04 16:12:10.866076,51.556787,0.000000,,5,,,,keyboard,digit#1 off,"{""value"":5,""note"":""digit#1 off"",""pd_used"":0}",2,0.016667,60.000000,1
Sergio_G01_CNS-LLF5RV3D8,s01,ses03,20260804_161104,2026-08-04 16:11:19.261318,NaN,0,reading,POSTREAD_FIX1_ON,201,2026-08-04 16:12:10.867114,51.556787,1.766703,,,,,,keyboard,after digit#1,"{""note"":""after digit#1""}",2,0.016667,60.000000,1
Sergio_G01_CNS-LLF5RV3D8,s01,ses03,20260804_161104,2026-08-04 16:11:19.261318,NaN,0,reading,POSTREAD_FIX1_OFF,216,2026-08-04 16:12:12.626598,53.323491,0.066643,,,,,,keyboard,after digit#1,"{""note"":""after digit#1"",""pd_used"":0}",2,0.016667,60.000000,1
Sergio_G01_CNS-LLF5RV3D8,s01,ses03,20260804_161104,2026-08-04 16:11:19.261318,NaN,0,reading,DIGIT_READ2_ON,102,2026-08-04 16:12:12.693167,53.390134,9.324440,,8,,,,keyboard,digit#2 shown,"{""value"":8,""note"":""digit#2 shown"",""pd_used"":1}",2,0.016667,60.000000,1
Sergio_G01_CNS-LLF5RV3D8,s01,ses03,20260804_161104,2026-08-04 16:11:19.261318,NaN,0,reading,PROBE_COUNT_OK_2,71,2026-08-04 16:12:22.363795,62.714574,0.442499,22.598230,slot#2,NaN,,,keyboard,probe_digit#2,"{""value"":""slot#2"",""entered"":null,""rt"":22.598230300005525,""note"":""probe_digit#2""}",2,0.016667,60.000000,1
Sergio_G01_CNS-LLF5RV3D8,s01,ses03,20260804_161104,2026-08-04 16:11:19.261318,NaN,0,reading,DIGIT_READ2_OFF,117,2026-08-04 16:12:22.460005,63.157072,0.000000,,8,,,,keyboard,digit#2 off,"{""value"":8,""note"":""digit#2 off"",""pd_used"":0}",2,0.016667,60.000000,1
Sergio_G01_CNS-LLF5RV3D8,s01,ses03,20260804_161104,2026-08-04 16:11:19.261318,NaN,0,reading,POSTREAD_FIX2_ON,202,2026-08-04 16:12:22.460788,63.157072,2.016516,,,,,,keyboard,after digit#2,"{""note"":""after digit#2""}",2,0.016667,60.000000,1
Sergio_G01_CNS-LLF5RV3D8,s01,ses03,20260804_161104,2026-08-04 16:11:19.261318,NaN,0,reading,POSTREAD_FIX2_OFF,217,2026-08-04 16:12:24.476898,65.173589,0.066649,,,,,,keyboard,after digit#2,"{""note"":""after digit#2"",""pd_used"":0}",2,0.016667,60.000000,1
Sergio_G01_CNS-LLF5RV3D8,s01,ses03,20260804_161104,2026-08-04 16:11:19.261318,NaN,0,reading,DIGIT_READ3_ON,103,2026-08-04 16:12:24.543292,65.240238,3.429248,,1,,,,keyboard,digit#3 shown,"{""value"":1,""note"":""digit#3 shown"",""pd_used"":1}",2,0.016667,60.000000,1
Sergio_G01_CNS-LLF5RV3D8,s01,ses03,20260804_161104,2026-08-04 16:11:19.261318,NaN,0,reading,PROBE_COUNT_OK_3,71,2026-08-04 16:12:28.273740,68.669485,0.404074,28.553142,slot#3,NaN,,,keyboard,probe_digit#3,"{""value"":""slot#3"",""entered"":null,""rt"":28.553142199991271,""note"":""probe_digit#3""}",2,0.016667,60.000000,1
Sergio_G01_CNS-LLF5RV3D8,s01,ses03,20260804_161104,2026-08-04 16:11:19.261318,NaN,0,reading,DIGIT_READ3_OFF,118,2026-08-04 16:12:28.376607,69.073559,0.000000,,1,,,,keyboard,digit#3 off,"{""value"":1,""note"":""digit#3 off"",""pd_used"":0}",2,0.016667,60.000000,1
Sergio_G01_CNS-LLF5RV3D8,s01,ses03,20260804_161104,2026-08-04 16:11:19.261318,NaN,0,reading,POSTREAD_FIX3_ON,203,2026-08-04 16:12:28.377380,69.073559,1.583368,,,,,,keyboard,after digit#3,"{""note"":""after digit#3""}",2,0.016667,60.000000,1
Sergio_G01_CNS-LLF5RV3D8,s01,ses03,20260804_161104,2026-08-04 16:11:19.261318,NaN,0,reading,POSTREAD_FIX3_OFF,218,2026-08-04 16:12:29.960156,70.656927,0.066678,,,,,,keyboard,after digit#3,"{""note"":""after digit#3"",""pd_used"":0}",2,0.016667,60.000000,1
Sergio_G01_CNS-LLF5RV3D8,s01,ses03,20260804_161104,2026-08-04 16:11:19.261318,NaN,0,reading,DIGIT_READ4_ON,104,2026-08-04 16:12:30.026631,70.723605,3.913852,,9,,,,keyboard,digit#4 shown,"{""value"":9,""note"":""digit#4 shown"",""pd_used"":1}",2,0.016667,60.000000,1
Sergio_G01_CNS-LLF5RV3D8,s01,ses03,20260804_161104,2026-08-04 16:11:19.261318,NaN,0,reading,PROBE_COUNT_OK_4,71,2026-08-04 16:12:34.277234,74.637457,0.436152,34.521113,slot#4,NaN,,,keyboard,probe_digit#4,"{""value"":""slot#4"",""entered"":null,""rt"":34.521113299997523,""note"":""probe_digit#4""}",2,0.016667,60.000000,1
Sergio_G01_CNS-LLF5RV3D8,s01,ses03,20260804_161104,2026-08-04 16:11:19.261318,NaN,0,reading,DIGIT_READ4_OFF,119,2026-08-04 16:12:34.376652,75.073608,0.000000,,9,,,,keyboard,digit#4 off,"{""value"":9,""note"":""digit#4 off"",""pd_used"":0}",2,0.016667,60.000000,1
Sergio_G01_CNS-LLF5RV3D8,s01,ses03,20260804_161104,2026-08-04 16:11:19.261318,NaN,0,reading,POSTREAD_FIX4_ON,204,2026-08-04 16:12:34.377425,75.073608,1.683353,,,,,,keyboard,after digit#4,"{""note"":""after digit#4""}",2,0.016667,60.000000,1
Sergio_G01_CNS-LLF5RV3D8,s01,ses03,20260804_161104,2026-08-04 16:11:19.261318,NaN,0,reading,POSTREAD_FIX4_OFF,219,2026-08-04 16:12:36.060097,76.756961,0.066666,,,,,,keyboard,after digit#4,"{""note"":""after digit#4"",""pd_used"":0}",2,0.016667,60.000000,1
Sergio_G01_CNS-LLF5RV3D8,s01,ses03,20260804_161104,2026-08-04 16:11:19.261318,NaN,0,reading,DIGIT_READ5_ON,105,2026-08-04 16:12:36.126645,76.823627,1.643013,,4,,,,keyboard,digit#5 shown,"{""value"":4,""note"":""digit#5 shown"",""pd_used"":1}",2,0.016667,60.000000,1
Sergio_G01_CNS-LLF5RV3D8,s01,ses03,20260804_161104,2026-08-04 16:11:19.261318,NaN,0,reading,PROBE_COUNT_OK_5,71,2026-08-04 16:12:38.162498,78.466640,0.490353,38.350297,slot#5,NaN,,,keyboard,probe_digit#5,"{""value"":""slot#5"",""entered"":null,""rt"":38.350296700024046,""note"":""probe_digit#5""}",2,0.016667,60.000000,1
Sergio_G01_CNS-LLF5RV3D8,s01,ses03,20260804_161104,2026-08-04 16:11:19.261318,NaN,0,reading,DIGIT_READ5_OFF,120,2026-08-04 16:12:38.260064,78.956993,0.000000,,4,,,,keyboard,digit#5 off,"{""value"":4,""note"":""digit#5 off"",""pd_used"":0}",2,0.016667,60.000000,1
Sergio_G01_CNS-LLF5RV3D8,s01,ses03,20260804_161104,2026-08-04 16:11:19.261318,NaN,0,reading,POSTREAD_FIX5_ON,205,2026-08-04 16:12:38.260928,78.956993,1.983471,,,,,,keyboard,after digit#5,"{""note"":""after digit#5""}",2,0.016667,60.000000,1
Sergio_G01_CNS-LLF5RV3D8,s01,ses03,20260804_161104,2026-08-04 16:11:19.261318,NaN,0,reading,POSTREAD_FIX5_OFF,220,2026-08-04 16:12:40.244000,80.940464,0.066513,,,,,,keyboard,after digit#5,"{""note"":""after digit#5"",""pd_used"":0}",2,0.016667,60.000000,1
Sergio_G01_CNS-LLF5RV3D8,s01,ses03,20260804_161104,2026-08-04 16:11:19.261318,NaN,0,reading,DIGIT_READ6_ON,106,2026-08-04 16:12:40.310406,81.006978,1.233967,,6,,,,keyboard,digit#6 shown,"{""value"":6,""note"":""digit#6 shown"",""pd_used"":1}",2,0.016667,60.000000,1
Sergio_G01_CNS-LLF5RV3D8,s01,ses03,20260804_161104,2026-08-04 16:11:19.261318,NaN,0,reading,PROBE_COUNT_OK_6,71,2026-08-04 16:12:41.841556,82.240945,0.399377,42.124601,slot#6,NaN,,,keyboard,probe_digit#6,"{""value"":""slot#6"",""entered"":null,""rt"":42.124601399991661,""note"":""probe_digit#6""}",2,0.016667,60.000000,1
Sergio_G01_CNS-LLF5RV3D8,s01,ses03,20260804_161104,2026-08-04 16:11:19.261318,NaN,0,reading,DIGIT_READ6_OFF,121,2026-08-04 16:12:41.943306,82.640322,0.000000,,6,,,,keyboard,digit#6 off,"{""value"":6,""note"":""digit#6 off"",""pd_used"":0}",2,0.016667,60.000000,1
Sergio_G01_CNS-LLF5RV3D8,s01,ses03,20260804_161104,2026-08-04 16:11:19.261318,NaN,0,reading,POSTREAD_FIX6_ON,206,2026-08-04 16:12:41.944052,82.640322,1.983316,,,,,,keyboard,after digit#6,"{""note"":""after digit#6""}",2,0.016667,60.000000,1
Sergio_G01_CNS-LLF5RV3D8,s01,ses03,20260804_161104,2026-08-04 16:11:19.261318,NaN,0,reading,POSTREAD_FIX6_OFF,221,2026-08-04 16:12:43.926836,84.623638,0.066727,,,,,,keyboard,after digit#6,"{""note"":""after digit#6"",""pd_used"":0}",2,0.016667,60.000000,1
Sergio_G01_CNS-LLF5RV3D8,s01,ses03,20260804_161104,2026-08-04 16:11:19.261318,NaN,0,reading,DIGIT_READ7_ON,107,2026-08-04 16:12:43.993788,84.690365,1.048198,,4,,,,keyboard,digit#7 shown,"{""value"":4,""note"":""digit#7 shown"",""pd_used"":1}",2,0.016667,60.000000,1
Sergio_G01_CNS-LLF5RV3D8,s01,ses03,20260804_161104,2026-08-04 16:11:19.261318,NaN,0,reading,PROBE_COUNT_OK_7,71,2026-08-04 16:12:45.451892,85.738563,0.503103,45.622220,slot#7,NaN,,,keyboard,probe_digit#7,"{""value"":""slot#7"",""entered"":null,""rt"":45.622219700017013,""note"":""probe_digit#7""}",2,0.016667,60.000000,1
Sergio_G01_CNS-LLF5RV3D8,s01,ses03,20260804_161104,2026-08-04 16:11:19.261318,NaN,0,reading,DIGIT_READ7_OFF,122,2026-08-04 16:12:45.546193,86.241666,0.000000,,4,,,,keyboard,digit#7 off,"{""value"":4,""note"":""digit#7 off"",""pd_used"":0}",2,0.016667,60.000000,1
Sergio_G01_CNS-LLF5RV3D8,s01,ses03,20260804_161104,2026-08-04 16:11:19.261318,NaN,0,reading,POSTREAD_FIX7_ON,207,2026-08-04 16:12:45.547076,86.241666,1.932009,,,,,,keyboard,after digit#7,"{""note"":""after digit#7""}",2,0.016667,60.000000,1
Sergio_G01_CNS-LLF5RV3D8,s01,ses03,20260804_161104,2026-08-04 16:11:19.261318,NaN,0,reading,POSTREAD_FIX7_OFF,222,2026-08-04 16:12:47.477054,88.173674,0.066683,,,,,,keyboard,after digit#7,"{""note"":""after digit#7"",""pd_used"":0}",2,0.016667,60.000000,1
Sergio_G01_CNS-LLF5RV3D8,s01,ses03,20260804_161104,2026-08-04 16:11:19.261318,NaN,0,reading,DIGIT_READ8_ON,108,2026-08-04 16:12:47.543473,88.240357,1.232094,,1,,,,keyboard,digit#8 shown,"{""value"":1,""note"":""digit#8 shown"",""pd_used"":1}",2,0.016667,60.000000,1
Sergio_G01_CNS-LLF5RV3D8,s01,ses03,20260804_161104,2026-08-04 16:11:19.261318,NaN,0,reading,PROBE_COUNT_OK_8,71,2026-08-04 16:12:49.090880,89.472451,0.417881,49.356108,slot#8,NaN,,,keyboard,probe_digit#8,"{""value"":""slot#8"",""entered"":null,""rt"":49.356107700034045,""note"":""probe_digit#8""}",2,0.016667,60.000000,1
Sergio_G01_CNS-LLF5RV3D8,s01,ses03,20260804_161104,2026-08-04 16:11:19.261318,NaN,0,reading,DIGIT_READ8_OFF,123,2026-08-04 16:12:49.193351,89.890332,0.000000,,1,,,,keyboard,digit#8 off,"{""value"":1,""note"":""digit#8 off"",""pd_used"":0}",2,0.016667,60.000000,1
Sergio_G01_CNS-LLF5RV3D8,s01,ses03,20260804_161104,2026-08-04 16:11:19.261318,NaN,0,reading,POSTREAD_FIX8_ON,208,2026-08-04 16:12:49.194115,89.890332,1.850029,,,,,,keyboard,after digit#8,"{""note"":""after digit#8""}",2,0.016667,60.000000,1
Sergio_G01_CNS-LLF5RV3D8,s01,ses03,20260804_161104,2026-08-04 16:11:19.261318,NaN,0,reading,POSTREAD_FIX8_OFF,223,2026-08-04 16:12:51.043648,91.740361,0.066662,,,,,,keyboard,after digit#8,"{""note"":""after digit#8"",""pd_used"":0}",2,0.016667,60.000000,1
Sergio_G01_CNS-LLF5RV3D8,s01,ses03,20260804_161104,2026-08-04 16:11:19.261318,NaN,0,reading,DIGIT_READ9_ON,109,2026-08-04 16:12:51.110711,91.807023,12.863226,,9,,,,keyboard,digit#9 shown,"{""value"":9,""note"":""digit#9 shown"",""pd_used"":1}",2,0.016667,60.000000,1
Sergio_G01_CNS-LLF5RV3D8,s01,ses03,20260804_161104,2026-08-04 16:11:19.261318,NaN,0,reading,PROBE_COUNT_OK_9,71,2026-08-04 16:13:04.394240,104.670249,0.520165,64.553906,slot#9,NaN,,,keyboard,probe_digit#9,"{""value"":""slot#9"",""entered"":null,""rt"":64.553905799984932,""note"":""probe_digit#9""}",2,0.016667,60.000000,1
Sergio_G01_CNS-LLF5RV3D8,s01,ses03,20260804_161104,2026-08-04 16:11:19.261318,NaN,0,reading,DIGIT_READ9_OFF,124,2026-08-04 16:13:04.493527,105.190414,0.000000,,9,,,,keyboard,digit#9 off,"{""value"":9,""note"":""digit#9 off"",""pd_used"":0}",2,0.016667,60.000000,1
Sergio_G01_CNS-LLF5RV3D8,s01,ses03,20260804_161104,2026-08-04 16:11:19.261318,NaN,0,reading,POSTREAD_FIX9_ON,209,2026-08-04 16:13:04.494300,105.190414,1.866715,,,,,,keyboard,after digit#9,"{""note"":""after digit#9""}",2,0.016667,60.000000,1
Sergio_G01_CNS-LLF5RV3D8,s01,ses03,20260804_161104,2026-08-04 16:11:19.261318,NaN,0,reading,POSTREAD_FIX9_OFF,224,2026-08-04 16:13:06.360265,107.057130,0.066654,,,,,,keyboard,after digit#9,"{""note"":""after digit#9"",""pd_used"":0}",2,0.016667,60.000000,1
Sergio_G01_CNS-LLF5RV3D8,s01,ses03,20260804_161104,2026-08-04 16:11:19.261318,NaN,0,reading,DIGIT_READ10_ON,110,2026-08-04 16:13:06.426806,107.123783,1.338854,,4,,,,keyboard,digit#10 shown,"{""value"":4,""note"":""digit#10 shown"",""pd_used"":1}",2,0.016667,60.000000,1
Sergio_G01_CNS-LLF5RV3D8,s01,ses03,20260804_161104,2026-08-04 16:11:19.261318,NaN,0,reading,PROBE_COUNT_OK_10,71,2026-08-04 16:13:08.231987,108.462637,0.561129,68.346294,slot#10,NaN,,,keyboard,probe_digit#10,"{""value"":""slot#10"",""entered"":null,""rt"":68.346294199931435,""note"":""probe_digit#10""}",2,0.016667,60.000000,1
Sergio_G01_CNS-LLF5RV3D8,s01,ses03,20260804_161104,2026-08-04 16:11:19.261318,NaN,0,reading,DIGIT_READ10_OFF,125,2026-08-04 16:13:08.326620,109.023766,0.000000,,4,,,,keyboard,digit#10 off,"{""value"":4,""note"":""digit#10 off"",""pd_used"":0}",2,0.016667,60.000000,1
Sergio_G01_CNS-LLF5RV3D8,s01,ses03,20260804_161104,2026-08-04 16:11:19.261318,NaN,0,reading,POSTREAD_FIX10_ON,210,2026-08-04 16:13:08.327396,109.023766,1.983476,,,,,,keyboard,after digit#10,"{""note"":""after digit#10""}",2,0.016667,60.000000,1
Sergio_G01_CNS-LLF5RV3D8,s01,ses03,20260804_161104,2026-08-04 16:11:19.261318,NaN,0,reading,POSTREAD_FIX10_OFF,225,2026-08-04 16:13:10.310325,111.007243,0.066525,,,,,,keyboard,after digit#10,"{""note"":""after digit#10"",""pd_used"":0}",2,0.016667,60.000000,1
Sergio_G01_CNS-LLF5RV3D8,s01,ses03,20260804_161104,2026-08-04 16:11:19.261318,NaN,0,reading,DIGIT_READ11_ON,111,2026-08-04 16:13:10.376869,111.073767,1.621402,,2,,,,keyboard,digit#11 shown,"{""value"":2,""note"":""digit#11 shown"",""pd_used"":1}",2,0.016667,60.000000,1
Sergio_G01_CNS-LLF5RV3D8,s01,ses03,20260804_161104,2026-08-04 16:11:19.261318,NaN,0,reading,PROBE_COUNT_OK_11,71,2026-08-04 16:13:12.401855,112.695169,0.495281,72.578826,slot#11,NaN,,,keyboard,probe_digit#11,"{""value"":""slot#11"",""entered"":null,""rt"":72.578826099983416,""note"":""probe_digit#11""}",2,0.016667,60.000000,1
Sergio_G01_CNS-LLF5RV3D8,s01,ses03,20260804_161104,2026-08-04 16:11:19.261318,NaN,0,reading,DIGIT_READ11_OFF,126,2026-08-04 16:13:12.495820,113.190450,0.000000,,2,,,,keyboard,digit#11 off,"{""value"":2,""note"":""digit#11 off"",""pd_used"":0}",2,0.016667,60.000000,1
Sergio_G01_CNS-LLF5RV3D8,s01,ses03,20260804_161104,2026-08-04 16:11:19.261318,NaN,0,reading,POSTREAD_FIX11_ON,211,2026-08-04 16:13:12.496659,113.190450,1.716692,,,,,,keyboard,after digit#11,"{""note"":""after digit#11""}",2,0.016667,60.000000,1
Sergio_G01_CNS-LLF5RV3D8,s01,ses03,20260804_161104,2026-08-04 16:11:19.261318,NaN,0,reading,POSTREAD_FIX11_OFF,226,2026-08-04 16:13:14.210343,114.907142,0.066634,,,,,,keyboard,after digit#11,"{""note"":""after digit#11"",""pd_used"":0}",2,0.016667,60.000000,1
Sergio_G01_CNS-LLF5RV3D8,s01,ses03,20260804_161104,2026-08-04 16:11:19.261318,NaN,0,reading,DIGIT_READ12_ON,112,2026-08-04 16:13:14.277031,114.973776,5.065094,,9,,,,keyboard,digit#12 shown,"{""value"":9,""note"":""digit#12 shown"",""pd_used"":1}",2,0.016667,60.000000,1
Sergio_G01_CNS-LLF5RV3D8,s01,ses03,20260804_161104,2026-08-04 16:11:19.261318,NaN,0,reading,PROBE_COUNT_OK_12,71,2026-08-04 16:13:19.842346,120.038870,0.601621,79.922526,slot#12,NaN,,,keyboard,probe_digit#12,"{""value"":""slot#12"",""entered"":null,""rt"":79.922526299953461,""note"":""probe_digit#12""}",2,0.016667,60.000000,1
Sergio_G01_CNS-LLF5RV3D8,s01,ses03,20260804_161104,2026-08-04 16:11:19.261318,NaN,0,reading,DIGIT_READ12_OFF,127,2026-08-04 16:13:19.943799,120.640490,0.000000,,9,,,,keyboard,digit#12 off,"{""value"":9,""note"":""digit#12 off"",""pd_used"":0}",2,0.016667,60.000000,1
Sergio_G01_CNS-LLF5RV3D8,s01,ses03,20260804_161104,2026-08-04 16:11:19.261318,NaN,0,reading,POSTREAD_FIX12_ON,212,2026-08-04 16:13:19.944552,120.640490,2.016653,,,,,,keyboard,after digit#12,"{""note"":""after digit#12""}",2,0.016667,60.000000,1
Sergio_G01_CNS-LLF5RV3D8,s01,ses03,20260804_161104,2026-08-04 16:11:19.261318,NaN,0,reading,POSTREAD_FIX12_OFF,227,2026-08-04 16:13:21.960248,122.657143,0.066704,,,,,,keyboard,after digit#12,"{""note"":""after digit#12"",""pd_used"":0}",2,0.016667,60.000000,1
Sergio_G01_CNS-LLF5RV3D8,s01,ses03,20260804_161104,2026-08-04 16:11:19.261318,NaN,0,reading,DIGIT_READ13_ON,113,2026-08-04 16:13:22.026884,122.723847,2.769222,,8,,,,keyboard,digit#13 shown,"{""value"":8,""note"":""digit#13 shown"",""pd_used"":1}",2,0.016667,60.000000,1
Sergio_G01_CNS-LLF5RV3D8,s01,ses03,20260804_161104,2026-08-04 16:11:19.261318,NaN,0,reading,PROBE_COUNT_OK_13,71,2026-08-04 16:13:25.204892,125.493069,0.500325,85.376726,slot#13,NaN,,,keyboard,probe_digit#13,"{""value"":""slot#13"",""entered"":null,""rt"":85.376725899986923,""note"":""probe_digit#13""}",2,0.016667,60.000000,1
Sergio_G01_CNS-LLF5RV3D8,s01,ses03,20260804_161104,2026-08-04 16:11:19.261318,NaN,0,reading,DIGIT_READ13_OFF,128,2026-08-04 16:13:25.298637,125.993394,0.000000,,8,,,,keyboard,digit#13 off,"{""value"":8,""note"":""digit#13 off"",""pd_used"":0}",2,0.016667,60.000000,1
Sergio_G01_CNS-LLF5RV3D8,s01,ses03,20260804_161104,2026-08-04 16:11:19.261318,NaN,0,reading,POSTREAD_FIX13_ON,213,2026-08-04 16:13:25.299398,125.993394,1.863793,,,,,,keyboard,after digit#13,"{""note"":""after digit#13""}",2,0.016667,60.000000,1
Sergio_G01_CNS-LLF5RV3D8,s01,ses03,20260804_161104,2026-08-04 16:11:19.261318,NaN,0,reading,POSTREAD_FIX13_OFF,228,2026-08-04 16:13:27.160622,127.857187,0.066696,,,,,,keyboard,after digit#13,"{""note"":""after digit#13"",""pd_used"":0}",2,0.016667,60.000000,1
Sergio_G01_CNS-LLF5RV3D8,s01,ses03,20260804_161104,2026-08-04 16:11:19.261318,NaN,0,reading,DIGIT_READ14_ON,114,2026-08-04 16:13:27.227130,127.923883,1.553497,,3,,,,keyboard,digit#14 shown,"{""value"":3,""note"":""digit#14 shown"",""pd_used"":1}",2,0.016667,60.000000,1
Sergio_G01_CNS-LLF5RV3D8,s01,ses03,20260804_161104,2026-08-04 16:11:19.261318,NaN,0,reading,PROBE_COUNT_OK_14,71,2026-08-04 16:13:29.252490,129.477380,0.563163,89.361037,slot#14,NaN,,,keyboard,probe_digit#14,"{""value"":""slot#14"",""entered"":null,""rt"":89.361037199967541,""note"":""probe_digit#14""}",2,0.016667,60.000000,1
Sergio_G01_CNS-LLF5RV3D8,s01,ses03,20260804_161104,2026-08-04 16:11:19.261318,NaN,0,reading,DIGIT_READ14_OFF,129,2026-08-04 16:13:29.346342,130.040543,0.000000,,3,,,,keyboard,digit#14 off,"{""value"":3,""note"":""digit#14 off"",""pd_used"":0}",2,0.016667,60.000000,1
Sergio_G01_CNS-LLF5RV3D8,s01,ses03,20260804_161104,2026-08-04 16:11:19.261318,NaN,0,reading,POSTREAD_FIX14_ON,214,2026-08-04 16:13:29.347072,130.040543,1.683303,,,,,,keyboard,after digit#14,"{""note"":""after digit#14""}",2,0.016667,60.000000,1
Sergio_G01_CNS-LLF5RV3D8,s01,ses03,20260804_161104,2026-08-04 16:11:19.261318,NaN,0,reading,POSTREAD_FIX14_OFF,229,2026-08-04 16:13:31.026894,131.723846,0.066701,,,,,,keyboard,after digit#14,"{""note"":""after digit#14"",""pd_used"":0}",2,0.016667,60.000000,1
Sergio_G01_CNS-LLF5RV3D8,s01,ses03,20260804_161104,2026-08-04 16:11:19.261318,NaN,0,reading,DIGIT_READ15_ON,115,2026-08-04 16:13:31.093692,131.790547,1.310697,,3,,,,keyboard,digit#15 shown,"{""value"":3,""note"":""digit#15 shown"",""pd_used"":1}",2,0.016667,60.000000,1
Sergio_G01_CNS-LLF5RV3D8,s01,ses03,20260804_161104,2026-08-04 16:11:19.261318,NaN,0,reading,PROBE_COUNT_OK_15,71,2026-08-04 16:13:32.830472,133.101245,0.522642,92.984902,slot#15,NaN,,,keyboard,probe_digit#15,"{""value"":""slot#15"",""entered"":null,""rt"":92.984901599935256,""note"":""probe_digit#15""}",2,0.016667,60.000000,1
Sergio_G01_CNS-LLF5RV3D8,s01,ses03,20260804_161104,2026-08-04 16:11:19.261318,NaN,0,reading,DIGIT_READ15_OFF,130,2026-08-04 16:13:32.926873,133.623887,0.000000,,3,,,,keyboard,digit#15 off,"{""value"":3,""note"":""digit#15 off"",""pd_used"":0}",2,0.016667,60.000000,1
Sergio_G01_CNS-LLF5RV3D8,s01,ses03,20260804_161104,2026-08-04 16:11:19.261318,NaN,0,reading,POSTREAD_FIX15_ON,215,2026-08-04 16:13:32.927635,133.623887,3.150004,,,,,,keyboard,after digit#15,"{""note"":""after digit#15""}",2,0.016667,60.000000,1
Sergio_G01_CNS-LLF5RV3D8,s01,ses03,20260804_161104,2026-08-04 16:11:19.261318,NaN,0,reading,POSTREAD_FIX15_OFF,230,2026-08-04 16:13:36.077226,136.773891,0.050143,,,,,,keyboard,after digit#15,"{""note"":""after digit#15"",""pd_used"":0}",2,0.016667,60.000000,1
Sergio_G01_CNS-LLF5RV3D8,s01,ses03,20260804_161104,2026-08-04 16:11:19.261318,NaN,0,reading,READING_END,24,2026-08-04 16:13:36.085431,136.824034,0.049849,,,,,,keyboard,,{},2,0.016667,60.000000,1
Sergio_G01_CNS-LLF5RV3D8,s01,ses03,20260804_161104,2026-08-04 16:11:19.261318,NaN,0,reading,START_PAGE_ON,4,2026-08-04 16:13:36.179806,136.873882,0.050047,,,,,,keyboard,,"{""pd_used"":0}",2,0.016667,60.000000,1
Sergio_G01_CNS-LLF5RV3D8,s01,ses03,20260804_161104,2026-08-04 16:11:19.261318,NaN,0,reading,START_PAGE_ON,4,2026-08-04 16:13:36.179806,136.873882,7.458490,,,,,,keyboard,,"{""pd_used"":0}",2,0.016667,60.000000,1
Sergio_G01_CNS-LLF5RV3D8,s01,ses03,20260804_161104,2026-08-04 16:11:19.261318,NaN,0,reading,START_PAGE_ON,4,2026-08-04 16:13:36.179806,136.873882,7.830188,,,,,,keyboard,,"{""pd_used"":0}",2,0.016667,60.000000,1
Sergio_G01_CNS-LLF5RV3D8,s01,ses03,20260804_161104,2026-08-04 16:11:19.261318,NaN,1,reading,TRIAL_CHANGE,22,2026-08-04 16:13:43.965677,144.704070,0.001097,,,,,,keyboard,trial transition,"{""note"":""trial transition""}",2,0.016667,60.000000,1
Sergio_G01_CNS-LLF5RV3D8,s01,ses03,20260804_161104,2026-08-04 16:11:19.261318,NaN,1,reading,TRIAL_START,20,2026-08-04 16:13:43.966556,144.705167,0.068763,,,,,,keyboard,,{},2,0.016667,60.000000,1
Sergio_G01_CNS-LLF5RV3D8,s01,ses03,20260804_161104,2026-08-04 16:11:19.261318,NaN,1,fix1,FIX1_ON,30,2026-08-04 16:13:44.076782,144.773930,3.216824,,,,,,keyboard,,"{""pd_used"":0}",2,0.016667,60.000000,1
Sergio_G01_CNS-LLF5RV3D8,s01,ses03,20260804_161104,2026-08-04 16:11:19.261318,NaN,1,fix1,FIX1_OFF,31,2026-08-04 16:13:47.294409,147.990754,0.049855,,,,,,keyboard,,"{""pd_used"":0}",2,0.016667,60.000000,1
Sergio_G01_CNS-LLF5RV3D8,s01,ses03,20260804_161104,2026-08-04 16:11:19.261318,NaN,1,digit,DIGIT1_ON,141,2026-08-04 16:13:47.345868,148.040609,0.549989,,6,,,,keyboard,digit#1 shown,"{""value"":6,""note"":""digit#1 shown"",""pd_used"":1}",2,0.016667,60.000000,1
Sergio_G01_CNS-LLF5RV3D8,s01,ses03,20260804_161104,2026-08-04 16:11:19.261318,NaN,1,digit,DIGIT1_OFF,146,2026-08-04 16:13:47.894010,148.590599,0.000000,,6,,,,keyboard,digit#1 off,"{""value"":6,""note"":""digit#1 off"",""pd_used"":0}",2,0.016667,60.000000,1
Sergio_G01_CNS-LLF5RV3D8,s01,ses03,20260804_161104,2026-08-04 16:11:19.261318,NaN,1,digit,POSTDIG_FIX1_ON,151,2026-08-04 16:13:47.894980,148.590599,1.866707,,,,,,keyboard,after digit#1,"{""note"":""after digit#1""}",2,0.016667,60.000000,1
Sergio_G01_CNS-LLF5RV3D8,s01,ses03,20260804_161104,2026-08-04 16:11:19.261318,NaN,1,digit,POSTDIG_FIX1_OFF,156,2026-08-04 16:13:49.760648,150.457306,0.049996,,,,,,keyboard,after digit#1,"{""note"":""after digit#1"",""pd_used"":0}",2,0.016667,60.000000,1
Sergio_G01_CNS-LLF5RV3D8,s01,ses03,20260804_161104,2026-08-04 16:11:19.261318,NaN,1,digit,DIGIT2_ON,142,2026-08-04 16:13:49.811748,150.507302,0.550031,,9,,,,keyboard,digit#2 shown,"{""value"":9,""note"":""digit#2 shown"",""pd_used"":1}",2,0.016667,60.000000,1
Sergio_G01_CNS-LLF5RV3D8,s01,ses03,20260804_161104,2026-08-04 16:11:19.261318,NaN,1,digit,DIGIT2_OFF,147,2026-08-04 16:13:50.360446,151.057333,0.000000,,9,,,,keyboard,digit#2 off,"{""value"":9,""note"":""digit#2 off"",""pd_used"":0}",2,0.016667,60.000000,1
Sergio_G01_CNS-LLF5RV3D8,s01,ses03,20260804_161104,2026-08-04 16:11:19.261318,NaN,1,digit,POSTDIG_FIX2_ON,152,2026-08-04 16:13:50.361199,151.057333,1.699953,,,,,,keyboard,after digit#2,"{""note"":""after digit#2""}",2,0.016667,60.000000,1
Sergio_G01_CNS-LLF5RV3D8,s01,ses03,20260804_161104,2026-08-04 16:11:19.261318,NaN,1,digit,POSTDIG_FIX2_OFF,157,2026-08-04 16:13:52.060520,152.757286,0.049990,,,,,,keyboard,after digit#2,"{""note"":""after digit#2"",""pd_used"":0}",2,0.016667,60.000000,1
Sergio_G01_CNS-LLF5RV3D8,s01,ses03,20260804_161104,2026-08-04 16:11:19.261318,NaN,1,digit,DIGIT3_ON,143,2026-08-04 16:13:52.111776,152.807277,0.550023,,3,,,,keyboard,digit#3 shown,"{""value"":3,""note"":""digit#3 shown"",""pd_used"":1}",2,0.016667,60.000000,1
Sergio_G01_CNS-LLF5RV3D8,s01,ses03,20260804_161104,2026-08-04 16:11:19.261318,NaN,1,digit,DIGIT3_OFF,148,2026-08-04 16:13:52.660304,153.357300,0.000000,,3,,,,keyboard,digit#3 off,"{""value"":3,""note"":""digit#3 off"",""pd_used"":0}",2,0.016667,60.000000,1
Sergio_G01_CNS-LLF5RV3D8,s01,ses03,20260804_161104,2026-08-04 16:11:19.261318,NaN,1,digit,POSTDIG_FIX3_ON,153,2026-08-04 16:13:52.661067,153.357300,2.033363,,,,,,keyboard,after digit#3,"{""note"":""after digit#3""}",2,0.016667,60.000000,1
Sergio_G01_CNS-LLF5RV3D8,s01,ses03,20260804_161104,2026-08-04 16:11:19.261318,NaN,1,digit,POSTDIG_FIX3_OFF,158,2026-08-04 16:13:54.693899,155.390663,0.049970,,,,,,keyboard,after digit#3,"{""note"":""after digit#3"",""pd_used"":0}",2,0.016667,60.000000,1
Sergio_G01_CNS-LLF5RV3D8,s01,ses03,20260804_161104,2026-08-04 16:11:19.261318,NaN,1,digit,DIGIT4_ON,144,2026-08-04 16:13:54.745567,155.440633,0.550022,,1,,,,keyboard,digit#4 shown,"{""value"":1,""note"":""digit#4 shown"",""pd_used"":1}",2,0.016667,60.000000,1
Sergio_G01_CNS-LLF5RV3D8,s01,ses03,20260804_161104,2026-08-04 16:11:19.261318,NaN,1,digit,DIGIT4_OFF,149,2026-08-04 16:13:55.294186,155.990655,0.000000,,1,,,,keyboard,digit#4 off,"{""value"":1,""note"":""digit#4 off"",""pd_used"":0}",2,0.016667,60.000000,1
Sergio_G01_CNS-LLF5RV3D8,s01,ses03,20260804_161104,2026-08-04 16:11:19.261318,NaN,1,digit,POSTDIG_FIX4_ON,154,2026-08-04 16:13:55.294947,155.990655,1.833517,,,,,,keyboard,after digit#4,"{""note"":""after digit#4""}",2,0.016667,60.000000,1
Sergio_G01_CNS-LLF5RV3D8,s01,ses03,20260804_161104,2026-08-04 16:11:19.261318,NaN,1,digit,POSTDIG_FIX4_OFF,159,2026-08-04 16:13:57.127564,157.824172,0.049837,,,,,,keyboard,after digit#4,"{""note"":""after digit#4"",""pd_used"":0}",2,0.016667,60.000000,1
Sergio_G01_CNS-LLF5RV3D8,s01,ses03,20260804_161104,2026-08-04 16:11:19.261318,NaN,1,digit,DIGIT5_ON,145,2026-08-04 16:13:57.178817,157.874009,0.549992,,9,,,,keyboard,digit#5 shown,"{""value"":9,""note"":""digit#5 shown"",""pd_used"":1}",2,0.016667,60.000000,1
Sergio_G01_CNS-LLF5RV3D8,s01,ses03,20260804_161104,2026-08-04 16:11:19.261318,NaN,1,digit,DIGIT5_OFF,150,2026-08-04 16:13:57.727260,158.424001,0.000000,,9,,,,keyboard,digit#5 off,"{""value"":9,""note"":""digit#5 off"",""pd_used"":0}",2,0.016667,60.000000,1
Sergio_G01_CNS-LLF5RV3D8,s01,ses03,20260804_161104,2026-08-04 16:11:19.261318,NaN,1,digit,POSTDIG_FIX5_ON,155,2026-08-04 16:13:57.728038,158.424001,3.116644,,,,,,keyboard,after digit#5,"{""note"":""after digit#5""}",2,0.016667,60.000000,1
Sergio_G01_CNS-LLF5RV3D8,s01,ses03,20260804_161104,2026-08-04 16:11:19.261318,NaN,1,digit,POSTDIG_FIX5_OFF,160,2026-08-04 16:14:00.843734,161.540645,0.050052,,,,,,keyboard,after digit#5,"{""note"":""after digit#5"",""pd_used"":0}",2,0.016667,60.000000,1
Sergio_G01_CNS-LLF5RV3D8,s01,ses03,20260804_161104,2026-08-04 16:11:19.261318,NaN,1,distractor,DISTRACTOR_ON,50,2026-08-04 16:14:00.895479,161.590697,11.329912,,4+2=6,,,,keyboard,,"{""value"":""4+2=6"",""isCorrectTruth"":true,""trueSum"":6,""pd_used"":1}",2,0.016667,60.000000,1
Sergio_G01_CNS-LLF5RV3D8,s01,ses03,20260804_161104,2026-08-04 16:11:19.261318,NaN,1,distractor,DISTRACTOR_ANS,51,2026-08-04 16:14:12.615491,172.920609,0.000000,11.329912,4+2=6,F,0,,keyboard,key= (False),"{""value"":""4+2=6"",""entered"":""F"",""rt"":11.329911500099115,""correct"":0,""note"":""key= (False)"",""truth"":true,""trueSum"":6,""shownSum"":6,""a"":4,""b"":2}",2,0.016667,60.000000,1
Sergio_G01_CNS-LLF5RV3D8,s01,ses03,20260804_161104,2026-08-04 16:11:19.261318,NaN,1,distractor,ANS_WRONG,200,2026-08-04 16:14:12.658277,172.920609,0.486794,,,,,,keyboard,,{},2,0.016667,60.000000,1
Sergio_G01_CNS-LLF5RV3D8,s01,ses03,20260804_161104,2026-08-04 16:11:19.261318,NaN,1,distractor,DISTRACTOR_OFF,52,2026-08-04 16:14:12.710450,173.407403,0.000000,,,,,,keyboard,,"{""pd_used"":0}",2,0.016667,60.000000,1
Sergio_G01_CNS-LLF5RV3D8,s01,ses03,20260804_161104,2026-08-04 16:11:19.261318,NaN,1,distractor,FIX2_ON,60,2026-08-04 16:14:12.711457,173.407403,3.550034,,,,,,keyboard,immediate after response,"{""note"":""immediate after response""}",2,0.016667,60.000000,1
Sergio_G01_CNS-LLF5RV3D8,s01,ses03,20260804_161104,2026-08-04 16:11:19.261318,NaN,1,fix2,FIX2_OFF,61,2026-08-04 16:14:16.260864,176.957437,0.049944,,,,,,keyboard,,"{""pd_used"":0}",2,0.016667,60.000000,1
Sergio_G01_CNS-LLF5RV3D8,s01,ses03,20260804_161104,2026-08-04 16:11:19.261318,NaN,1,probe,DIGIT_RECALL_LINE_1,161,2026-08-04 16:14:16.312364,177.007381,3.685207,,1,,,,keyboard,first recall question,"{""value"":1,""note"":""first recall question"",""pd_used"":1}",2,0.016667,60.000000,1
Sergio_G01_CNS-LLF5RV3D8,s01,ses03,20260804_161104,2026-08-04 16:11:19.261318,NaN,1,probe,PROBE_DIGIT_OK_1,71,2026-08-04 16:14:20.426804,180.692588,0.581504,3.692009,slot#1,NaN,,,keyboard,probe_digit#1,"{""value"":""slot#1"",""entered"":null,""rt"":3.6920085999881849,""note"":""probe_digit#1""}",2,0.016667,60.000000,1
Sergio_G01_CNS-LLF5RV3D8,s01,ses03,20260804_161104,2026-08-04 16:11:19.261318,NaN,1,probe,DIGIT1_OFF,146,2026-08-04 16:14:20.577166,181.274092,0.000000,,9,,,,keyboard,digit#1 off,"{""value"":9,""note"":""digit#1 off"",""pd_used"":0}",2,0.016667,60.000000,1
Sergio_G01_CNS-LLF5RV3D8,s01,ses03,20260804_161104,2026-08-04 16:11:19.261318,NaN,1,probe,POSTDIG_FIX1_ON,151,2026-08-04 16:14:20.578152,181.274092,1.966684,,,,,,keyboard,after digit#1,"{""note"":""after digit#1""}",2,0.016667,60.000000,1
Sergio_G01_CNS-LLF5RV3D8,s01,ses03,20260804_161104,2026-08-04 16:11:19.261318,NaN,1,probe,POSTDIG_FIX1_OFF,156,2026-08-04 16:14:22.543862,183.240775,0.067627,,,,,,keyboard,after digit#1,"{""note"":""after digit#1"",""pd_used"":0}",2,0.016667,60.000000,1
Sergio_G01_CNS-LLF5RV3D8,s01,ses03,20260804_161104,2026-08-04 16:11:19.261318,NaN,1,probe,DIGIT_RECALL_LINE_2,162,2026-08-04 16:14:22.611714,183.308402,4.371638,,2,,,,keyboard,next recall question,"{""value"":2,""note"":""next recall question"",""pd_used"":1}",2,0.016667,60.000000,1
Sergio_G01_CNS-LLF5RV3D8,s01,ses03,20260804_161104,2026-08-04 16:11:19.261318,NaN,1,probe,PROBE_DIGIT_OK_2,71,2026-08-04 16:14:27.615241,187.680041,0.794091,10.679462,slot#2,NaN,,,keyboard,probe_digit#2,"{""value"":""slot#2"",""entered"":null,""rt"":10.679461600026116,""note"":""probe_digit#2""}",2,0.016667,60.000000,1
Sergio_G01_CNS-LLF5RV3D8,s01,ses03,20260804_161104,2026-08-04 16:11:19.261318,NaN,1,probe,DIGIT2_OFF,147,2026-08-04 16:14:27.777126,188.474131,0.000000,,9,,,,keyboard,digit#2 off,"{""value"":9,""note"":""digit#2 off"",""pd_used"":0}",2,0.016667,60.000000,1
Sergio_G01_CNS-LLF5RV3D8,s01,ses03,20260804_161104,2026-08-04 16:11:19.261318,NaN,1,probe,POSTDIG_FIX2_ON,152,2026-08-04 16:14:27.777931,188.474131,1.916692,,,,,,keyboard,after digit#2,"{""note"":""after digit#2""}",2,0.016667,60.000000,1
Sergio_G01_CNS-LLF5RV3D8,s01,ses03,20260804_161104,2026-08-04 16:11:19.261318,NaN,1,probe,POSTDIG_FIX2_OFF,157,2026-08-04 16:14:29.694148,190.390823,0.066631,,,,,,keyboard,after digit#2,"{""note"":""after digit#2"",""pd_used"":0}",2,0.016667,60.000000,1
Sergio_G01_CNS-LLF5RV3D8,s01,ses03,20260804_161104,2026-08-04 16:11:19.261318,NaN,1,probe,DIGIT_RECALL_LINE_3,163,2026-08-04 16:14:29.760407,190.457454,7.484844,,3,,,,keyboard,next recall question,"{""value"":3,""note"":""next recall question"",""pd_used"":1}",2,0.016667,60.000000,1
Sergio_G01_CNS-LLF5RV3D8,s01,ses03,20260804_161104,2026-08-04 16:11:19.261318,NaN,1,probe,PROBE_DIGIT_OK_3,71,2026-08-04 16:14:37.682115,197.942298,0.598543,20.941719,slot#3,NaN,,,keyboard,probe_digit#3,"{""value"":""slot#3"",""entered"":null,""rt"":20.94171909999568,""note"":""probe_digit#3""}",2,0.016667,60.000000,1
Sergio_G01_CNS-LLF5RV3D8,s01,ses03,20260804_161104,2026-08-04 16:11:19.261318,NaN,1,probe,DIGIT3_OFF,148,2026-08-04 16:14:37.843880,198.540841,0.000000,,9,,,,keyboard,digit#3 off,"{""value"":9,""note"":""digit#3 off"",""pd_used"":0}",2,0.016667,60.000000,1
Sergio_G01_CNS-LLF5RV3D8,s01,ses03,20260804_161104,2026-08-04 16:11:19.261318,NaN,1,probe,POSTDIG_FIX3_ON,153,2026-08-04 16:14:37.844625,198.540841,1.916853,,,,,,keyboard,after digit#3,"{""note"":""after digit#3""}",2,0.016667,60.000000,1
Sergio_G01_CNS-LLF5RV3D8,s01,ses03,20260804_161104,2026-08-04 16:11:19.261318,NaN,1,probe,POSTDIG_FIX3_OFF,158,2026-08-04 16:14:39.761523,200.457694,0.066464,,,,,,keyboard,after digit#3,"{""note"":""after digit#3"",""pd_used"":0}",2,0.016667,60.000000,1
Sergio_G01_CNS-LLF5RV3D8,s01,ses03,20260804_161104,2026-08-04 16:11:19.261318,NaN,1,probe,DIGIT_RECALL_LINE_4,164,2026-08-04 16:14:39.827553,200.524158,1.298782,,4,,,,keyboard,next recall question,"{""value"":4,""note"":""next recall question"",""pd_used"":1}",2,0.016667,60.000000,1
Sergio_G01_CNS-LLF5RV3D8,s01,ses03,20260804_161104,2026-08-04 16:11:19.261318,NaN,1,probe,PROBE_DIGIT_OK_4,71,2026-08-04 16:14:41.551291,201.822940,0.584581,24.822361,slot#4,NaN,,,keyboard,probe_digit#4,"{""value"":""slot#4"",""entered"":null,""rt"":24.822360999998637,""note"":""probe_digit#4""}",2,0.016667,60.000000,1
Sergio_G01_CNS-LLF5RV3D8,s01,ses03,20260804_161104,2026-08-04 16:11:19.261318,NaN,1,probe,DIGIT4_OFF,149,2026-08-04 16:14:41.710648,202.407521,0.000000,,9,,,,keyboard,digit#4 off,"{""value"":9,""note"":""digit#4 off"",""pd_used"":0}",2,0.016667,60.000000,1
Sergio_G01_CNS-LLF5RV3D8,s01,ses03,20260804_161104,2026-08-04 16:11:19.261318,NaN,1,probe,POSTDIG_FIX4_ON,154,2026-08-04 16:14:41.711394,202.407521,1.833325,,,,,,keyboard,after digit#4,"{""note"":""after digit#4""}",2,0.016667,60.000000,1
Sergio_G01_CNS-LLF5RV3D8,s01,ses03,20260804_161104,2026-08-04 16:11:19.261318,NaN,1,probe,POSTDIG_FIX4_OFF,159,2026-08-04 16:14:43.544182,204.240845,0.066689,,,,,,keyboard,after digit#4,"{""note"":""after digit#4"",""pd_used"":0}",2,0.016667,60.000000,1
Sergio_G01_CNS-LLF5RV3D8,s01,ses03,20260804_161104,2026-08-04 16:11:19.261318,NaN,1,probe,DIGIT_RECALL_LINE_5,165,2026-08-04 16:14:43.610855,204.307534,2.550615,,5,,,,keyboard,next recall question,"{""value"":5,""note"":""next recall question"",""pd_used"":1}",2,0.016667,60.000000,1
Sergio_G01_CNS-LLF5RV3D8,s01,ses03,20260804_161104,2026-08-04 16:11:19.261318,NaN,1,probe,PROBE_DIGIT_OK_5,71,2026-08-04 16:14:46.610667,206.858149,0.599415,29.857570,slot#5,NaN,,,keyboard,probe_digit#5,"{""value"":""slot#5"",""entered"":null,""rt"":29.85757019999437,""note"":""probe_digit#5""}",2,0.016667,60.000000,1
Sergio_G01_CNS-LLF5RV3D8,s01,ses03,20260804_161104,2026-08-04 16:11:19.261318,NaN,1,probe,DIGIT5_OFF,150,2026-08-04 16:14:46.760748,207.457564,0.000000,,9,,,,keyboard,digit#5 off,"{""value"":9,""note"":""digit#5 off"",""pd_used"":0}",2,0.016667,60.000000,1
Sergio_G01_CNS-LLF5RV3D8,s01,ses03,20260804_161104,2026-08-04 16:11:19.261318,NaN,1,probe,POSTDIG_FIX5_ON,155,2026-08-04 16:14:46.761527,207.457564,3.066637,,,,,,keyboard,after digit#5,"{""note"":""after digit#5""}",2,0.016667,60.000000,1
Sergio_G01_CNS-LLF5RV3D8,s01,ses03,20260804_161104,2026-08-04 16:11:19.261318,NaN,1,probe,POSTDIG_FIX5_OFF,160,2026-08-04 16:14:49.827383,210.524201,0.050360,,,,,,keyboard,after digit#5,"{""note"":""after digit#5"",""pd_used"":0}",2,0.016667,60.000000,1
Sergio_G01_CNS-LLF5RV3D8,s01,ses03,20260804_161104,2026-08-04 16:11:19.261318,NaN,1,probe,PROBE_DONE,73,2026-08-04 16:14:49.836112,210.574561,0.000990,,,,,,keyboard,probe complete,"{""value"":"""",""note"":""probe complete""}",2,0.016667,60.000000,1
Sergio_G01_CNS-LLF5RV3D8,s01,ses03,20260804_161104,2026-08-04 16:11:19.261318,NaN,1,probe,TRIAL_END,21,2026-08-04 16:14:49.837129,210.575551,0.101397,,,,,,keyboard,,{},2,0.016667,60.000000,1
Sergio_G01_CNS-LLF5RV3D8,s01,ses03,20260804_161104,2026-08-04 16:11:19.261318,NaN,2,probe,TRIAL_CHANGE,22,2026-08-04 16:14:49.938390,210.676948,0.001071,,,,,,keyboard,trial transition,"{""note"":""trial transition""}",2,0.016667,60.000000,1
Sergio_G01_CNS-LLF5RV3D8,s01,ses03,20260804_161104,2026-08-04 16:11:19.261318,NaN,2,probe,TRIAL_START,20,2026-08-04 16:14:49.939487,210.678019,0.046196,,,,,,keyboard,,{},2,0.016667,60.000000,1
Sergio_G01_CNS-LLF5RV3D8,s01,ses03,20260804_161104,2026-08-04 16:11:19.261318,NaN,2,fix1,FIX1_ON,30,2026-08-04 16:14:50.033612,210.724215,3.266830,,,,,,keyboard,,"{""pd_used"":0}",2,0.016667,60.000000,1
Sergio_G01_CNS-LLF5RV3D8,s01,ses03,20260804_161104,2026-08-04 16:11:19.261318,NaN,2,fix1,FIX1_OFF,31,2026-08-04 16:14:53.294445,213.991045,0.049855,,,,,,keyboard,,"{""pd_used"":0}",2,0.016667,60.000000,1
Sergio_G01_CNS-LLF5RV3D8,s01,ses03,20260804_161104,2026-08-04 16:11:19.261318,NaN,2,digit,DIGIT1_ON,141,2026-08-04 16:14:53.345611,214.040900,0.550008,,6,,,,keyboard,digit#1 shown,"{""value"":6,""note"":""digit#1 shown"",""pd_used"":1}",2,0.016667,60.000000,1
Sergio_G01_CNS-LLF5RV3D8,s01,ses03,20260804_161104,2026-08-04 16:11:19.261318,NaN,2,digit,DIGIT1_OFF,146,2026-08-04 16:14:53.894553,214.590908,0.000000,,6,,,,keyboard,digit#1 off,"{""value"":6,""note"":""digit#1 off"",""pd_used"":0}",2,0.016667,60.000000,1
Sergio_G01_CNS-LLF5RV3D8,s01,ses03,20260804_161104,2026-08-04 16:11:19.261318,NaN,2,digit,POSTDIG_FIX1_ON,151,2026-08-04 16:14:53.895398,214.590908,1.850020,,,,,,keyboard,after digit#1,"{""note"":""after digit#1""}",2,0.016667,60.000000,1
Sergio_G01_CNS-LLF5RV3D8,s01,ses03,20260804_161104,2026-08-04 16:11:19.261318,NaN,2,digit,POSTDIG_FIX1_OFF,156,2026-08-04 16:14:55.744260,216.440928,0.049989,,,,,,keyboard,after digit#1,"{""note"":""after digit#1"",""pd_used"":0}",2,0.016667,60.000000,1
Sergio_G01_CNS-LLF5RV3D8,s01,ses03,20260804_161104,2026-08-04 16:11:19.261318,NaN,2,digit,DIGIT2_ON,142,2026-08-04 16:14:55.795927,216.490916,0.549985,,9,,,,keyboard,digit#2 shown,"{""value"":9,""note"":""digit#2 shown"",""pd_used"":1}",2,0.016667,60.000000,1
Sergio_G01_CNS-LLF5RV3D8,s01,ses03,20260804_161104,2026-08-04 16:11:19.261318,NaN,2,digit,DIGIT2_OFF,147,2026-08-04 16:14:56.344027,217.040902,0.000000,,9,,,,keyboard,digit#2 off,"{""value"":9,""note"":""digit#2 off"",""pd_used"":0}",2,0.016667,60.000000,1
Sergio_G01_CNS-LLF5RV3D8,s01,ses03,20260804_161104,2026-08-04 16:11:19.261318,NaN,2,digit,POSTDIG_FIX2_ON,152,2026-08-04 16:14:56.344798,217.040902,1.883404,,,,,,keyboard,after digit#2,"{""note"":""after digit#2""}",2,0.016667,60.000000,1
Sergio_G01_CNS-LLF5RV3D8,s01,ses03,20260804_161104,2026-08-04 16:11:19.261318,NaN,2,digit,POSTDIG_FIX2_OFF,157,2026-08-04 16:14:58.227950,218.924306,0.049963,,,,,,keyboard,after digit#2,"{""note"":""after digit#2"",""pd_used"":0}",2,0.016667,60.000000,1
Sergio_G01_CNS-LLF5RV3D8,s01,ses03,20260804_161104,2026-08-04 16:11:19.261318,NaN,2,digit,DIGIT3_ON,143,2026-08-04 16:14:58.279207,218.974268,0.549987,,4,,,,keyboard,digit#3 shown,"{""value"":4,""note"":""digit#3 shown"",""pd_used"":1}",2,0.016667,60.000000,1
Sergio_G01_CNS-LLF5RV3D8,s01,ses03,20260804_161104,2026-08-04 16:11:19.261318,NaN,2,digit,DIGIT3_OFF,148,2026-08-04 16:14:58.827407,219.524255,0.000000,,4,,,,keyboard,digit#3 off,"{""value"":4,""note"":""digit#3 off"",""pd_used"":0}",2,0.016667,60.000000,1
Sergio_G01_CNS-LLF5RV3D8,s01,ses03,20260804_161104,2026-08-04 16:11:19.261318,NaN,2,digit,POSTDIG_FIX3_ON,153,2026-08-04 16:14:58.828170,219.524255,2.050010,,,,,,keyboard,after digit#3,"{""note"":""after digit#3""}",2,0.016667,60.000000,1
Sergio_G01_CNS-LLF5RV3D8,s01,ses03,20260804_161104,2026-08-04 16:11:19.261318,NaN,2,digit,POSTDIG_FIX3_OFF,158,2026-08-04 16:15:00.877310,221.574266,0.049975,,,,,,keyboard,after digit#3,"{""note"":""after digit#3"",""pd_used"":0}",2,0.016667,60.000000,1
Sergio_G01_CNS-LLF5RV3D8,s01,ses03,20260804_161104,2026-08-04 16:11:19.261318,NaN,2,digit,DIGIT4_ON,144,2026-08-04 16:15:00.928501,221.624241,0.550154,,9,,,,keyboard,digit#4 shown,"{""value"":9,""note"":""digit#4 shown"",""pd_used"":1}",2,0.016667,60.000000,1
Sergio_G01_CNS-LLF5RV3D8,s01,ses03,20260804_161104,2026-08-04 16:11:19.261318,NaN,2,digit,DIGIT4_OFF,149,2026-08-04 16:15:01.477686,222.174395,0.000000,,9,,,,keyboard,digit#4 off,"{""value"":9,""note"":""digit#4 off"",""pd_used"":0}",2,0.016667,60.000000,1
Sergio_G01_CNS-LLF5RV3D8,s01,ses03,20260804_161104,2026-08-04 16:11:19.261318,NaN,2,digit,POSTDIG_FIX4_ON,154,2026-08-04 16:15:01.478461,222.174395,1.966554,,,,,,keyboard,after digit#4,"{""note"":""after digit#4""}",2,0.016667,60.000000,1
Sergio_G01_CNS-LLF5RV3D8,s01,ses03,20260804_161104,2026-08-04 16:11:19.261318,NaN,2,digit,POSTDIG_FIX4_OFF,159,2026-08-04 16:15:03.444167,224.140949,0.050008,,,,,,keyboard,after digit#4,"{""note"":""after digit#4"",""pd_used"":0}",2,0.016667,60.000000,1
Sergio_G01_CNS-LLF5RV3D8,s01,ses03,20260804_161104,2026-08-04 16:11:19.261318,NaN,2,digit,DIGIT5_ON,145,2026-08-04 16:15:03.495490,224.190957,0.549997,,2,,,,keyboard,digit#5 shown,"{""value"":2,""note"":""digit#5 shown"",""pd_used"":1}",2,0.016667,60.000000,1
Sergio_G01_CNS-LLF5RV3D8,s01,ses03,20260804_161104,2026-08-04 16:11:19.261318,NaN,2,digit,DIGIT5_OFF,150,2026-08-04 16:15:04.044068,224.740953,0.000000,,2,,,,keyboard,digit#5 off,"{""value"":2,""note"":""digit#5 off"",""pd_used"":0}",2,0.016667,60.000000,1
Sergio_G01_CNS-LLF5RV3D8,s01,ses03,20260804_161104,2026-08-04 16:11:19.261318,NaN,2,digit,POSTDIG_FIX5_ON,155,2026-08-04 16:15:04.044831,224.740953,3.116699,,,,,,keyboard,after digit#5,"{""note"":""after digit#5""}",2,0.016667,60.000000,1
Sergio_G01_CNS-LLF5RV3D8,s01,ses03,20260804_161104,2026-08-04 16:11:19.261318,NaN,2,digit,POSTDIG_FIX5_OFF,160,2026-08-04 16:15:07.160936,227.857652,0.049950,,,,,,keyboard,after digit#5,"{""note"":""after digit#5"",""pd_used"":0}",2,0.016667,60.000000,1
Sergio_G01_CNS-LLF5RV3D8,s01,ses03,20260804_161104,2026-08-04 16:11:19.261318,NaN,2,distractor,DISTRACTOR_ON,50,2026-08-04 16:15:07.212519,227.907603,9.807382,,9+2=11,,,,keyboard,,"{""value"":""9+2=11"",""isCorrectTruth"":true,""trueSum"":11,""pd_used"":1}",2,0.016667,60.000000,1
Sergio_G01_CNS-LLF5RV3D8,s01,ses03,20260804_161104,2026-08-04 16:11:19.261318,NaN,2,distractor,DISTRACTOR_ANS,51,2026-08-04 16:15:17.583565,237.714984,0.000000,9.807382,9+2=11,F,0,,keyboard,key= (False),"{""value"":""9+2=11"",""entered"":""F"",""rt"":9.80738160002511,""correct"":0,""note"":""key= (False)"",""truth"":true,""trueSum"":11,""shownSum"":11,""a"":9,""b"":2}",2,0.016667,60.000000,1
Sergio_G01_CNS-LLF5RV3D8,s01,ses03,20260804_161104,2026-08-04 16:11:19.261318,NaN,2,distractor,ANS_WRONG,200,2026-08-04 16:15:17.625980,237.714984,0.659383,,,,,,keyboard,,{},2,0.016667,60.000000,1
Sergio_G01_CNS-LLF5RV3D8,s01,ses03,20260804_161104,2026-08-04 16:11:19.261318,NaN,2,distractor,DISTRACTOR_OFF,52,2026-08-04 16:15:17.677497,238.374367,0.000000,,,,,,keyboard,,"{""pd_used"":0}",2,0.016667,60.000000,1
Sergio_G01_CNS-LLF5RV3D8,s01,ses03,20260804_161104,2026-08-04 16:11:19.261318,NaN,2,distractor,FIX2_ON,60,2026-08-04 16:15:17.678208,238.374367,3.149994,,,,,,keyboard,immediate after response,"{""note"":""immediate after response""}",2,0.016667,60.000000,1
Sergio_G01_CNS-LLF5RV3D8,s01,ses03,20260804_161104,2026-08-04 16:11:19.261318,NaN,2,fix2,FIX2_OFF,61,2026-08-04 16:15:20.827604,241.524362,0.049994,,,,,,keyboard,,"{""pd_used"":0}",2,0.016667,60.000000,1
Sergio_G01_CNS-LLF5RV3D8,s01,ses03,20260804_161104,2026-08-04 16:11:19.261318,NaN,2,probe,DIGIT_RECALL_LINE_1,161,2026-08-04 16:15:20.878876,241.574356,3.119912,,1,,,,keyboard,first recall question,"{""value"":1,""note"":""first recall question"",""pd_used"":1}",2,0.016667,60.000000,1
Sergio_G01_CNS-LLF5RV3D8,s01,ses03,20260804_161104,2026-08-04 16:11:19.261318,NaN,2,probe,PROBE_DIGIT_OK_1,71,2026-08-04 16:15:24.381972,244.694268,0.546767,3.127101,slot#1,NaN,,,keyboard,probe_digit#1,"{""value"":""slot#1"",""entered"":null,""rt"":3.1271012000506744,""note"":""probe_digit#1""}",2,0.016667,60.000000,1
Sergio_G01_CNS-LLF5RV3D8,s01,ses03,20260804_161104,2026-08-04 16:11:19.261318,NaN,2,probe,DIGIT1_OFF,146,2026-08-04 16:15:24.544229,245.241034,0.000000,,2,,,,keyboard,digit#1 off,"{""value"":2,""note"":""digit#1 off"",""pd_used"":0}",2,0.016667,60.000000,1
Sergio_G01_CNS-LLF5RV3D8,s01,ses03,20260804_161104,2026-08-04 16:11:19.261318,NaN,2,probe,POSTDIG_FIX1_ON,151,2026-08-04 16:15:24.544984,245.241034,1.766702,,,,,,keyboard,after digit#1,"{""note"":""after digit#1""}",2,0.016667,60.000000,1
Sergio_G01_CNS-LLF5RV3D8,s01,ses03,20260804_161104,2026-08-04 16:11:19.261318,NaN,2,probe,POSTDIG_FIX1_OFF,156,2026-08-04 16:15:26.310956,247.007736,0.066665,,,,,,keyboard,after digit#1,"{""note"":""after digit#1"",""pd_used"":0}",2,0.016667,60.000000,1
Sergio_G01_CNS-LLF5RV3D8,s01,ses03,20260804_161104,2026-08-04 16:11:19.261318,NaN,2,probe,DIGIT_RECALL_LINE_2,162,2026-08-04 16:15:26.377244,247.074401,4.205983,,2,,,,keyboard,next recall question,"{""value"":2,""note"":""next recall question"",""pd_used"":1}",2,0.016667,60.000000,1
Sergio_G01_CNS-LLF5RV3D8,s01,ses03,20260804_161104,2026-08-04 16:11:19.261318,NaN,2,probe,PROBE_DIGIT_OK_2,71,2026-08-04 16:15:31.183879,251.280384,0.744007,9.713217,slot#2,NaN,,,keyboard,probe_digit#2,"{""value"":""slot#2"",""entered"":null,""rt"":9.713217300013639,""note"":""probe_digit#2""}",2,0.016667,60.000000,1
Sergio_G01_CNS-LLF5RV3D8,s01,ses03,20260804_161104,2026-08-04 16:11:19.261318,NaN,2,probe,DIGIT2_OFF,147,2026-08-04 16:15:31.327512,252.024391,0.000000,,2,,,,keyboard,digit#2 off,"{""value"":2,""note"":""digit#2 off"",""pd_used"":0}",2,0.016667,60.000000,1
Sergio_G01_CNS-LLF5RV3D8,s01,ses03,20260804_161104,2026-08-04 16:11:19.261318,NaN,2,probe,POSTDIG_FIX2_ON,152,2026-08-04 16:15:31.328310,252.024391,1.583365,,,,,,keyboard,after digit#2,"{""note"":""after digit#2""}",2,0.016667,60.000000,1
Sergio_G01_CNS-LLF5RV3D8,s01,ses03,20260804_161104,2026-08-04 16:11:19.261318,NaN,2,probe,POSTDIG_FIX2_OFF,157,2026-08-04 16:15:32.911081,253.607756,0.066624,,,,,,keyboard,after digit#2,"{""note"":""after digit#2"",""pd_used"":0}",2,0.016667,60.000000,1
Sergio_G01_CNS-LLF5RV3D8,s01,ses03,20260804_161104,2026-08-04 16:11:19.261318,NaN,2,probe,DIGIT_RECALL_LINE_3,163,2026-08-04 16:15:32.977424,253.674379,1.297894,,3,,,,keyboard,next recall question,"{""value"":3,""note"":""next recall question"",""pd_used"":1}",2,0.016667,60.000000,1
Sergio_G01_CNS-LLF5RV3D8,s01,ses03,20260804_161104,2026-08-04 16:11:19.261318,NaN,2,probe,PROBE_DIGIT_OK_3,71,2026-08-04 16:15:34.680504,254.972273,0.568807,13.405107,slot#3,NaN,,,keyboard,probe_digit#3,"{""value"":""slot#3"",""entered"":null,""rt"":13.405106700025499,""note"":""probe_digit#3""}",2,0.016667,60.000000,1
Sergio_G01_CNS-LLF5RV3D8,s01,ses03,20260804_161104,2026-08-04 16:11:19.261318,NaN,2,probe,DIGIT3_OFF,148,2026-08-04 16:15:34.844218,255.541080,0.000000,,2,,,,keyboard,digit#3 off,"{""value"":2,""note"":""digit#3 off"",""pd_used"":0}",2,0.016667,60.000000,1
Sergio_G01_CNS-LLF5RV3D8,s01,ses03,20260804_161104,2026-08-04 16:11:19.261318,NaN,2,probe,POSTDIG_FIX3_ON,153,2026-08-04 16:15:34.844987,255.541080,1.783336,,,,,,keyboard,after digit#3,"{""note"":""after digit#3""}",2,0.016667,60.000000,1
Sergio_G01_CNS-LLF5RV3D8,s01,ses03,20260804_161104,2026-08-04 16:11:19.261318,NaN,2,probe,POSTDIG_FIX3_OFF,158,2026-08-04 16:15:36.627711,257.324416,0.066682,,,,,,keyboard,after digit#3,"{""note"":""after digit#3"",""pd_used"":0}",2,0.016667,60.000000,1
Sergio_G01_CNS-LLF5RV3D8,s01,ses03,20260804_161104,2026-08-04 16:11:19.261318,NaN,2,probe,DIGIT_RECALL_LINE_4,164,2026-08-04 16:15:36.694469,257.391098,11.158125,,4,,,,keyboard,next recall question,"{""value"":4,""note"":""next recall question"",""pd_used"":1}",2,0.016667,60.000000,1
Sergio_G01_CNS-LLF5RV3D8,s01,ses03,20260804_161104,2026-08-04 16:11:19.261318,NaN,2,probe,PROBE_DIGIT_OK_4,71,2026-08-04 16:15:48.144418,268.549223,0.441931,26.982057,slot#4,NaN,,,keyboard,probe_digit#4,"{""value"":""slot#4"",""entered"":null,""rt"":26.982057100045495,""note"":""probe_digit#4""}",2,0.016667,60.000000,1
Sergio_G01_CNS-LLF5RV3D8,s01,ses03,20260804_161104,2026-08-04 16:11:19.261318,NaN,2,probe,DIGIT4_OFF,149,2026-08-04 16:15:48.294304,268.991155,0.000000,,2,,,,keyboard,digit#4 off,"{""value"":2,""note"":""digit#4 off"",""pd_used"":0}",2,0.016667,60.000000,1
Sergio_G01_CNS-LLF5RV3D8,s01,ses03,20260804_161104,2026-08-04 16:11:19.261318,NaN,2,probe,POSTDIG_FIX4_ON,154,2026-08-04 16:15:48.295068,268.991155,1.583510,,,,,,keyboard,after digit#4,"{""note"":""after digit#4""}",2,0.016667,60.000000,1
Sergio_G01_CNS-LLF5RV3D8,s01,ses03,20260804_161104,2026-08-04 16:11:19.261318,NaN,2,probe,POSTDIG_FIX4_OFF,159,2026-08-04 16:15:49.878247,270.574665,0.066585,,,,,,keyboard,after digit#4,"{""note"":""after digit#4"",""pd_used"":0}",2,0.016667,60.000000,1
Sergio_G01_CNS-LLF5RV3D8,s01,ses03,20260804_161104,2026-08-04 16:11:19.261318,NaN,2,probe,DIGIT_RECALL_LINE_5,165,2026-08-04 16:15:49.944251,270.641250,2.702440,,5,,,,keyboard,next recall question,"{""value"":5,""note"":""next recall question"",""pd_used"":1}",2,0.016667,60.000000,1
Sergio_G01_CNS-LLF5RV3D8,s01,ses03,20260804_161104,2026-08-04 16:11:19.261318,NaN,2,probe,PROBE_DIGIT_OK_5,71,2026-08-04 16:15:52.962785,273.343690,0.464169,31.776524,slot#5,NaN,,,keyboard,probe_digit#5,"{""value"":""slot#5"",""entered"":null,""rt"":31.776523600099608,""note"":""probe_digit#5""}",2,0.016667,60.000000,1
Sergio_G01_CNS-LLF5RV3D8,s01,ses03,20260804_161104,2026-08-04 16:11:19.261318,NaN,2,probe,DIGIT5_OFF,150,2026-08-04 16:15:53.110936,273.807859,0.000000,,2,,,,keyboard,digit#5 off,"{""value"":2,""note"":""digit#5 off"",""pd_used"":0}",2,0.016667,60.000000,1
Sergio_G01_CNS-LLF5RV3D8,s01,ses03,20260804_161104,2026-08-04 16:11:19.261318,NaN,2,probe,POSTDIG_FIX5_ON,155,2026-08-04 16:15:53.111667,273.807859,3.366669,,,,,,keyboard,after digit#5,"{""note"":""after digit#5""}",2,0.016667,60.000000,1
Sergio_G01_CNS-LLF5RV3D8,s01,ses03,20260804_161104,2026-08-04 16:11:19.261318,NaN,2,probe,POSTDIG_FIX5_OFF,160,2026-08-04 16:15:56.477799,277.174528,0.050013,,,,,,keyboard,after digit#5,"{""note"":""after digit#5"",""pd_used"":0}",2,0.016667,60.000000,1
Sergio_G01_CNS-LLF5RV3D8,s01,ses03,20260804_161104,2026-08-04 16:11:19.261318,NaN,2,probe,PROBE_DONE,73,2026-08-04 16:15:56.485843,277.224541,0.000697,,,,,,keyboard,probe complete,"{""value"":"""",""note"":""probe complete""}",2,0.016667,60.000000,1
Sergio_G01_CNS-LLF5RV3D8,s01,ses03,20260804_161104,2026-08-04 16:11:19.261318,NaN,2,probe,TRIAL_END,21,2026-08-04 16:15:56.486420,277.225238,0.097605,,,,,,keyboard,,{},2,0.016667,60.000000,1
Sergio_G01_CNS-LLF5RV3D8,s01,ses03,20260804_161104,2026-08-04 16:11:19.261318,NaN,3,probe,TRIAL_CHANGE,22,2026-08-04 16:15:56.584273,277.322843,0.001054,,,,,,keyboard,trial transition,"{""note"":""trial transition""}",2,0.016667,60.000000,1
Sergio_G01_CNS-LLF5RV3D8,s01,ses03,20260804_161104,2026-08-04 16:11:19.261318,NaN,3,probe,TRIAL_START,20,2026-08-04 16:15:56.585362,277.323897,0.050643,,,,,,keyboard,,{},2,0.016667,60.000000,1
Sergio_G01_CNS-LLF5RV3D8,s01,ses03,20260804_161104,2026-08-04 16:11:19.261318,NaN,3,fix1,FIX1_ON,30,2026-08-04 16:15:56.679065,277.374540,3.116668,,,,,,keyboard,,"{""pd_used"":0}",2,0.016667,60.000000,1
Sergio_G01_CNS-LLF5RV3D8,s01,ses03,20260804_161104,2026-08-04 16:11:19.261318,NaN,3,fix1,FIX1_OFF,31,2026-08-04 16:15:59.794306,280.491209,0.049995,,,,,,keyboard,,"{""pd_used"":0}",2,0.016667,60.000000,1
Sergio_G01_CNS-LLF5RV3D8,s01,ses03,20260804_161104,2026-08-04 16:11:19.261318,NaN,3,digit,DIGIT1_ON,141,2026-08-04 16:15:59.846076,280.541203,0.550015,,4,,,,keyboard,digit#1 shown,"{""value"":4,""note"":""digit#1 shown"",""pd_used"":1}",2,0.016667,60.000000,1
Sergio_G01_CNS-LLF5RV3D8,s01,ses03,20260804_161104,2026-08-04 16:11:19.261318,NaN,3,digit,DIGIT1_OFF,146,2026-08-04 16:16:00.394509,281.091218,0.000000,,4,,,,keyboard,digit#1 off,"{""value"":4,""note"":""digit#1 off"",""pd_used"":0}",2,0.016667,60.000000,1
Sergio_G01_CNS-LLF5RV3D8,s01,ses03,20260804_161104,2026-08-04 16:11:19.261318,NaN,3,digit,POSTDIG_FIX1_ON,151,2026-08-04 16:16:00.395307,281.091218,1.899985,,,,,,keyboard,after digit#1,"{""note"":""after digit#1""}",2,0.016667,60.000000,1
Sergio_G01_CNS-LLF5RV3D8,s01,ses03,20260804_161104,2026-08-04 16:11:19.261318,NaN,3,digit,POSTDIG_FIX1_OFF,156,2026-08-04 16:16:02.294535,282.991203,0.050018,,,,,,keyboard,after digit#1,"{""note"":""after digit#1"",""pd_used"":0}",2,0.016667,60.000000,1
Sergio_G01_CNS-LLF5RV3D8,s01,ses03,20260804_161104,2026-08-04 16:11:19.261318,NaN,3,digit,DIGIT2_ON,142,2026-08-04 16:16:02.345986,283.041220,0.566658,,5,,,,keyboard,digit#2 shown,"{""value"":5,""note"":""digit#2 shown"",""pd_used"":1}",2,0.016667,60.000000,1
Sergio_G01_CNS-LLF5RV3D8,s01,ses03,20260804_161104,2026-08-04 16:11:19.261318,NaN,3,digit,DIGIT2_OFF,147,2026-08-04 16:16:02.911181,283.607879,0.000000,,5,,,,keyboard,digit#2 off,"{""value"":5,""note"":""digit#2 off"",""pd_used"":0}",2,0.016667,60.000000,1
Sergio_G01_CNS-LLF5RV3D8,s01,ses03,20260804_161104,2026-08-04 16:11:19.261318,NaN,3,digit,POSTDIG_FIX2_ON,152,2026-08-04 16:16:02.912016,283.607879,2.033300,,,,,,keyboard,after digit#2,"{""note"":""after digit#2""}",2,0.016667,60.000000,1
Sergio_G01_CNS-LLF5RV3D8,s01,ses03,20260804_161104,2026-08-04 16:11:19.261318,NaN,3,digit,POSTDIG_FIX2_OFF,157,2026-08-04 16:16:04.944339,285.641179,0.050052,,,,,,keyboard,after digit#2,"{""note"":""after digit#2"",""pd_used"":0}",2,0.016667,60.000000,1
Sergio_G01_CNS-LLF5RV3D8,s01,ses03,20260804_161104,2026-08-04 16:11:19.261318,NaN,3,digit,DIGIT3_ON,143,2026-08-04 16:16:04.995696,285.691231,0.549971,,0,,,,keyboard,digit#3 shown,"{""value"":0,""note"":""digit#3 shown"",""pd_used"":1}",2,0.016667,60.000000,1
Sergio_G01_CNS-LLF5RV3D8,s01,ses03,20260804_161104,2026-08-04 16:11:19.261318,NaN,3,digit,DIGIT3_OFF,148,2026-08-04 16:16:05.544539,286.241202,0.000000,,0,,,,keyboard,digit#3 off,"{""value"":0,""note"":""digit#3 off"",""pd_used"":0}",2,0.016667,60.000000,1
Sergio_G01_CNS-LLF5RV3D8,s01,ses03,20260804_161104,2026-08-04 16:11:19.261318,NaN,3,digit,POSTDIG_FIX3_ON,153,2026-08-04 16:16:05.545353,286.241202,1.866731,,,,,,keyboard,after digit#3,"{""note"":""after digit#3""}",2,0.016667,60.000000,1
Sergio_G01_CNS-LLF5RV3D8,s01,ses03,20260804_161104,2026-08-04 16:11:19.261318,NaN,3,digit,POSTDIG_FIX3_OFF,158,2026-08-04 16:16:07.411245,288.107932,0.049961,,,,,,keyboard,after digit#3,"{""note"":""after digit#3"",""pd_used"":0}",2,0.016667,60.000000,1
Sergio_G01_CNS-LLF5RV3D8,s01,ses03,20260804_161104,2026-08-04 16:11:19.261318,NaN,3,digit,DIGIT4_ON,144,2026-08-04 16:16:07.462554,288.157893,0.549993,,1,,,,keyboard,digit#4 shown,"{""value"":1,""note"":""digit#4 shown"",""pd_used"":1}",2,0.016667,60.000000,1
Sergio_G01_CNS-LLF5RV3D8,s01,ses03,20260804_161104,2026-08-04 16:11:19.261318,NaN,3,digit,DIGIT4_OFF,149,2026-08-04 16:16:08.011072,288.707886,0.000000,,1,,,,keyboard,digit#4 off,"{""value"":1,""note"":""digit#4 off"",""pd_used"":0}",2,0.016667,60.000000,1
Sergio_G01_CNS-LLF5RV3D8,s01,ses03,20260804_161104,2026-08-04 16:11:19.261318,NaN,3,digit,POSTDIG_FIX4_ON,154,2026-08-04 16:16:08.011833,288.707886,2.016864,,,,,,keyboard,after digit#4,"{""note"":""after digit#4""}",2,0.016667,60.000000,1
Sergio_G01_CNS-LLF5RV3D8,s01,ses03,20260804_161104,2026-08-04 16:11:19.261318,NaN,3,digit,POSTDIG_FIX4_OFF,159,2026-08-04 16:16:10.027936,290.724750,0.049827,,,,,,keyboard,after digit#4,"{""note"":""after digit#4"",""pd_used"":0}",2,0.016667,60.000000,1
Sergio_G01_CNS-LLF5RV3D8,s01,ses03,20260804_161104,2026-08-04 16:11:19.261318,NaN,3,digit,DIGIT5_ON,145,2026-08-04 16:16:10.079504,290.774577,0.550162,,9,,,,keyboard,digit#5 shown,"{""value"":9,""note"":""digit#5 shown"",""pd_used"":1}",2,0.016667,60.000000,1
Sergio_G01_CNS-LLF5RV3D8,s01,ses03,20260804_161104,2026-08-04 16:11:19.261318,NaN,3,digit,DIGIT5_OFF,150,2026-08-04 16:16:10.627861,291.324738,0.000000,,9,,,,keyboard,digit#5 off,"{""value"":9,""note"":""digit#5 off"",""pd_used"":0}",2,0.016667,60.000000,1
Sergio_G01_CNS-LLF5RV3D8,s01,ses03,20260804_161104,2026-08-04 16:11:19.261318,NaN,3,digit,POSTDIG_FIX5_ON,155,2026-08-04 16:16:10.628629,291.324738,3.249847,,,,,,keyboard,after digit#5,"{""note"":""after digit#5""}",2,0.016667,60.000000,1
Sergio_G01_CNS-LLF5RV3D8,s01,ses03,20260804_161104,2026-08-04 16:11:19.261318,NaN,3,digit,POSTDIG_FIX5_OFF,160,2026-08-04 16:16:13.878071,294.574586,0.050003,,,,,,keyboard,after digit#5,"{""note"":""after digit#5"",""pd_used"":0}",2,0.016667,60.000000,1
Sergio_G01_CNS-LLF5RV3D8,s01,ses03,20260804_161104,2026-08-04 16:11:19.261318,NaN,3,distractor,DISTRACTOR_ON,50,2026-08-04 16:16:13.929384,294.624588,6.998077,,1+9=10,,,,keyboard,,"{""value"":""1+9=10"",""isCorrectTruth"":true,""trueSum"":10,""pd_used"":1}",2,0.016667,60.000000,1
Sergio_G01_CNS-LLF5RV3D8,s01,ses03,20260804_161104,2026-08-04 16:11:19.261318,NaN,3,distractor,DISTRACTOR_ANS,51,2026-08-04 16:16:21.203446,301.622666,0.000000,6.998077,1+9=10,F,0,,keyboard,key= (False),"{""value"":""1+9=10"",""entered"":""F"",""rt"":6.9980774999130517,""correct"":0,""note"":""key= (False)"",""truth"":true,""trueSum"":10,""shownSum"":10,""a"":1,""b"":9}",2,0.016667,60.000000,1
Sergio_G01_CNS-LLF5RV3D8,s01,ses03,20260804_161104,2026-08-04 16:11:19.261318,NaN,3,distractor,ANS_WRONG,200,2026-08-04 16:16:21.245858,301.622666,0.368642,,,,,,keyboard,,{},2,0.016667,60.000000,1
Sergio_G01_CNS-LLF5RV3D8,s01,ses03,20260804_161104,2026-08-04 16:11:19.261318,NaN,3,distractor,DISTRACTOR_OFF,52,2026-08-04 16:16:21.297196,301.991307,0.000000,,,,,,keyboard,,"{""pd_used"":0}",2,0.016667,60.000000,1
Sergio_G01_CNS-LLF5RV3D8,s01,ses03,20260804_161104,2026-08-04 16:11:19.261318,NaN,3,distractor,FIX2_ON,60,2026-08-04 16:16:21.297875,301.991307,3.416625,,,,,,keyboard,immediate after response,"{""note"":""immediate after response""}",2,0.016667,60.000000,1
Sergio_G01_CNS-LLF5RV3D8,s01,ses03,20260804_161104,2026-08-04 16:11:19.261318,NaN,3,fix2,FIX2_OFF,61,2026-08-04 16:16:24.711086,305.407932,0.050048,,,,,,keyboard,,"{""pd_used"":0}",2,0.016667,60.000000,1
Sergio_G01_CNS-LLF5RV3D8,s01,ses03,20260804_161104,2026-08-04 16:11:19.261318,NaN,3,probe,DIGIT_RECALL_LINE_1,161,2026-08-04 16:16:24.762329,305.457980,3.948380,,1,,,,keyboard,first recall question,"{""value"":1,""note"":""first recall question"",""pd_used"":1}",2,0.016667,60.000000,1
Sergio_G01_CNS-LLF5RV3D8,s01,ses03,20260804_161104,2026-08-04 16:11:19.261318,NaN,3,probe,PROBE_DIGIT_OK_1,71,2026-08-04 16:16:29.012615,309.406360,0.451634,3.955719,slot#1,NaN,,,keyboard,probe_digit#1,"{""value"":""slot#1"",""entered"":null,""rt"":3.9557190999621525,""note"":""probe_digit#1""}",2,0.016667,60.000000,1
Sergio_G01_CNS-LLF5RV3D8,s01,ses03,20260804_161104,2026-08-04 16:11:19.261318,NaN,3,probe,DIGIT1_OFF,146,2026-08-04 16:16:29.160954,309.857994,0.000000,,9,,,,keyboard,digit#1 off,"{""value"":9,""note"":""digit#1 off"",""pd_used"":0}",2,0.016667,60.000000,1
Sergio_G01_CNS-LLF5RV3D8,s01,ses03,20260804_161104,2026-08-04 16:11:19.261318,NaN,3,probe,POSTDIG_FIX1_ON,151,2026-08-04 16:16:29.161697,309.857994,1.883376,,,,,,keyboard,after digit#1,"{""note"":""after digit#1""}",2,0.016667,60.000000,1
Sergio_G01_CNS-LLF5RV3D8,s01,ses03,20260804_161104,2026-08-04 16:11:19.261318,NaN,3,probe,POSTDIG_FIX1_OFF,156,2026-08-04 16:16:31.044733,311.741370,0.066631,,,,,,keyboard,after digit#1,"{""note"":""after digit#1"",""pd_used"":0}",2,0.016667,60.000000,1
Sergio_G01_CNS-LLF5RV3D8,s01,ses03,20260804_161104,2026-08-04 16:11:19.261318,NaN,3,probe,DIGIT_RECALL_LINE_2,162,2026-08-04 16:16:31.110876,311.808000,15.212037,,2,,,,keyboard,next recall question,"{""value"":2,""note"":""next recall question"",""pd_used"":1}",2,0.016667,60.000000,1
Sergio_G01_CNS-LLF5RV3D8,s01,ses03,20260804_161104,2026-08-04 16:11:19.261318,NaN,3,probe,PROBE_DIGIT_OK_2,71,2026-08-04 16:16:46.773986,327.020037,0.604726,21.569396,slot#2,NaN,,,keyboard,probe_digit#2,"{""value"":""slot#2"",""entered"":null,""rt"":21.56939630000852,""note"":""probe_digit#2""}",2,0.016667,60.000000,1
Sergio_G01_CNS-LLF5RV3D8,s01,ses03,20260804_161104,2026-08-04 16:11:19.261318,NaN,3,probe,DIGIT2_OFF,147,2026-08-04 16:16:46.927810,327.624764,0.000000,,9,,,,keyboard,digit#2 off,"{""value"":9,""note"":""digit#2 off"",""pd_used"":0}",2,0.016667,60.000000,1
Sergio_G01_CNS-LLF5RV3D8,s01,ses03,20260804_161104,2026-08-04 16:11:19.261318,NaN,3,probe,POSTDIG_FIX2_ON,152,2026-08-04 16:16:46.928560,327.624764,1.600010,,,,,,keyboard,after digit#2,"{""note"":""after digit#2""}",2,0.016667,60.000000,1
Sergio_G01_CNS-LLF5RV3D8,s01,ses03,20260804_161104,2026-08-04 16:11:19.261318,NaN,3,probe,POSTDIG_FIX2_OFF,157,2026-08-04 16:16:48.528001,329.224774,0.066622,,,,,,keyboard,after digit#2,"{""note"":""after digit#2"",""pd_used"":0}",2,0.016667,60.000000,1
Sergio_G01_CNS-LLF5RV3D8,s01,ses03,20260804_161104,2026-08-04 16:11:19.261318,NaN,3,probe,DIGIT_RECALL_LINE_3,163,2026-08-04 16:16:48.594530,329.291396,3.934390,,3,,,,keyboard,next recall question,"{""value"":3,""note"":""next recall question"",""pd_used"":1}",2,0.016667,60.000000,1
Sergio_G01_CNS-LLF5RV3D8,s01,ses03,20260804_161104,2026-08-04 16:11:19.261318,NaN,3,probe,PROBE_DIGIT_OK_3,71,2026-08-04 16:16:52.843652,333.225785,0.465663,27.775144,slot#3,NaN,,,keyboard,probe_digit#3,"{""value"":""slot#3"",""entered"":null,""rt"":27.775144000072032,""note"":""probe_digit#3""}",2,0.016667,60.000000,1
Sergio_G01_CNS-LLF5RV3D8,s01,ses03,20260804_161104,2026-08-04 16:11:19.261318,NaN,3,probe,DIGIT3_OFF,148,2026-08-04 16:16:52.994696,333.691448,0.000000,,9,,,,keyboard,digit#3 off,"{""value"":9,""note"":""digit#3 off"",""pd_used"":0}",2,0.016667,60.000000,1
Sergio_G01_CNS-LLF5RV3D8,s01,ses03,20260804_161104,2026-08-04 16:11:19.261318,NaN,3,probe,POSTDIG_FIX3_ON,153,2026-08-04 16:16:52.995509,333.691448,1.683417,,,,,,keyboard,after digit#3,"{""note"":""after digit#3""}",2,0.016667,60.000000,1
Sergio_G01_CNS-LLF5RV3D8,s01,ses03,20260804_161104,2026-08-04 16:11:19.261318,NaN,3,probe,POSTDIG_FIX3_OFF,158,2026-08-04 16:16:54.678001,335.374865,0.066557,,,,,,keyboard,after digit#3,"{""note"":""after digit#3"",""pd_used"":0}",2,0.016667,60.000000,1
Sergio_G01_CNS-LLF5RV3D8,s01,ses03,20260804_161104,2026-08-04 16:11:19.261318,NaN,3,probe,DIGIT_RECALL_LINE_4,164,2026-08-04 16:16:54.744307,335.441421,3.721963,,4,,,,keyboard,next recall question,"{""value"":4,""note"":""next recall question"",""pd_used"":1}",2,0.016667,60.000000,1
Sergio_G01_CNS-LLF5RV3D8,s01,ses03,20260804_161104,2026-08-04 16:11:19.261318,NaN,3,probe,PROBE_DIGIT_OK_4,71,2026-08-04 16:16:58.873052,339.163384,0.561591,33.712743,slot#4,NaN,,,keyboard,probe_digit#4,"{""value"":""slot#4"",""entered"":null,""rt"":33.712743300013244,""note"":""probe_digit#4""}",2,0.016667,60.000000,1
Sergio_G01_CNS-LLF5RV3D8,s01,ses03,20260804_161104,2026-08-04 16:11:19.261318,NaN,3,probe,DIGIT4_OFF,149,2026-08-04 16:16:59.028061,339.724975,0.000000,,9,,,,keyboard,digit#4 off,"{""value"":9,""note"":""digit#4 off"",""pd_used"":0}",2,0.016667,60.000000,1
Sergio_G01_CNS-LLF5RV3D8,s01,ses03,20260804_161104,2026-08-04 16:11:19.261318,NaN,3,probe,POSTDIG_FIX4_ON,154,2026-08-04 16:16:59.028781,339.724975,1.866461,,,,,,keyboard,after digit#4,"{""note"":""after digit#4""}",2,0.016667,60.000000,1
Sergio_G01_CNS-LLF5RV3D8,s01,ses03,20260804_161104,2026-08-04 16:11:19.261318,NaN,3,probe,POSTDIG_FIX4_OFF,159,2026-08-04 16:17:00.894939,341.591436,0.066678,,,,,,keyboard,after digit#4,"{""note"":""after digit#4"",""pd_used"":0}",2,0.016667,60.000000,1
Sergio_G01_CNS-LLF5RV3D8,s01,ses03,20260804_161104,2026-08-04 16:11:19.261318,NaN,3,probe,DIGIT_RECALL_LINE_5,165,2026-08-04 16:17:00.961443,341.658114,5.051198,,5,,,,keyboard,next recall question,"{""value"":5,""note"":""next recall question"",""pd_used"":1}",2,0.016667,60.000000,1
Sergio_G01_CNS-LLF5RV3D8,s01,ses03,20260804_161104,2026-08-04 16:11:19.261318,NaN,3,probe,PROBE_DIGIT_OK_5,71,2026-08-04 16:17:06.643237,346.709312,0.798821,41.258671,slot#5,NaN,,,keyboard,probe_digit#5,"{""value"":""slot#5"",""entered"":null,""rt"":41.2586707000155,""note"":""probe_digit#5""}",2,0.016667,60.000000,1
Sergio_G01_CNS-LLF5RV3D8,s01,ses03,20260804_161104,2026-08-04 16:11:19.261318,NaN,3,probe,DIGIT5_OFF,150,2026-08-04 16:17:06.811178,347.508133,0.000000,,9,,,,keyboard,digit#5 off,"{""value"":9,""note"":""digit#5 off"",""pd_used"":0}",2,0.016667,60.000000,1
Sergio_G01_CNS-LLF5RV3D8,s01,ses03,20260804_161104,2026-08-04 16:11:19.261318,NaN,3,probe,POSTDIG_FIX5_ON,155,2026-08-04 16:17:06.811920,347.508133,3.433377,,,,,,keyboard,after digit#5,"{""note"":""after digit#5""}",2,0.016667,60.000000,1
Sergio_G01_CNS-LLF5RV3D8,s01,ses03,20260804_161104,2026-08-04 16:11:19.261318,NaN,3,probe,POSTDIG_FIX5_OFF,160,2026-08-04 16:17:10.244623,350.941510,0.050023,,,,,,keyboard,after digit#5,"{""note"":""after digit#5"",""pd_used"":0}",2,0.016667,60.000000,1
Sergio_G01_CNS-LLF5RV3D8,s01,ses03,20260804_161104,2026-08-04 16:11:19.261318,NaN,3,probe,PROBE_DONE,73,2026-08-04 16:17:10.252813,350.991533,0.000657,,,,,,keyboard,probe complete,"{""value"":"""",""note"":""probe complete""}",2,0.016667,60.000000,1
Sergio_G01_CNS-LLF5RV3D8,s01,ses03,20260804_161104,2026-08-04 16:11:19.261318,NaN,3,probe,TRIAL_END,21,2026-08-04 16:17:10.253530,350.992190,0.097762,,,,,,keyboard,,{},2,0.016667,60.000000,1
Sergio_G01_CNS-LLF5RV3D8,s01,ses03,20260804_161104,2026-08-04 16:11:19.261318,NaN,4,probe,TRIAL_CHANGE,22,2026-08-04 16:17:10.351409,351.089953,0.000946,,,,,,keyboard,trial transition,"{""note"":""trial transition""}",2,0.016667,60.000000,1
Sergio_G01_CNS-LLF5RV3D8,s01,ses03,20260804_161104,2026-08-04 16:11:19.261318,NaN,4,probe,TRIAL_START,20,2026-08-04 16:17:10.352092,351.090898,0.050597,,,,,,keyboard,,{},2,0.016667,60.000000,1
Sergio_G01_CNS-LLF5RV3D8,s01,ses03,20260804_161104,2026-08-04 16:11:19.261318,NaN,4,fix1,FIX1_ON,30,2026-08-04 16:17:10.445717,351.141495,3.516724,,,,,,keyboard,,"{""pd_used"":0}",2,0.016667,60.000000,1
Sergio_G01_CNS-LLF5RV3D8,s01,ses03,20260804_161104,2026-08-04 16:11:19.261318,NaN,4,fix1,FIX1_OFF,31,2026-08-04 16:17:13.961725,354.658220,0.049955,,,,,,keyboard,,"{""pd_used"":0}",2,0.016667,60.000000,1
Sergio_G01_CNS-LLF5RV3D8,s01,ses03,20260804_161104,2026-08-04 16:11:19.261318,NaN,4,digit,DIGIT1_ON,141,2026-08-04 16:17:14.012906,354.708174,0.550037,,7,,,,keyboard,digit#1 shown,"{""value"":7,""note"":""digit#1 shown"",""pd_used"":1}",2,0.016667,60.000000,1
Sergio_G01_CNS-LLF5RV3D8,s01,ses03,20260804_161104,2026-08-04 16:11:19.261318,NaN,4,digit,DIGIT1_OFF,146,2026-08-04 16:17:14.561462,355.258212,0.000000,,7,,,,keyboard,digit#1 off,"{""value"":7,""note"":""digit#1 off"",""pd_used"":0}",2,0.016667,60.000000,1
Sergio_G01_CNS-LLF5RV3D8,s01,ses03,20260804_161104,2026-08-04 16:11:19.261318,NaN,4,digit,POSTDIG_FIX1_ON,151,2026-08-04 16:17:14.562259,355.258212,1.566658,,,,,,keyboard,after digit#1,"{""note"":""after digit#1""}",2,0.016667,60.000000,1
Sergio_G01_CNS-LLF5RV3D8,s01,ses03,20260804_161104,2026-08-04 16:11:19.261318,NaN,4,digit,POSTDIG_FIX1_OFF,156,2026-08-04 16:17:16.127986,356.824870,0.050020,,,,,,keyboard,after digit#1,"{""note"":""after digit#1"",""pd_used"":0}",2,0.016667,60.000000,1
Sergio_G01_CNS-LLF5RV3D8,s01,ses03,20260804_161104,2026-08-04 16:11:19.261318,NaN,4,digit,DIGIT2_ON,142,2026-08-04 16:17:16.179453,356.874890,0.549987,,3,,,,keyboard,digit#2 shown,"{""value"":3,""note"":""digit#2 shown"",""pd_used"":1}",2,0.016667,60.000000,1
Sergio_G01_CNS-LLF5RV3D8,s01,ses03,20260804_161104,2026-08-04 16:11:19.261318,NaN,4,digit,DIGIT2_OFF,147,2026-08-04 16:17:16.728035,357.424876,0.000000,,3,,,,keyboard,digit#2 off,"{""value"":3,""note"":""digit#2 off"",""pd_used"":0}",2,0.016667,60.000000,1
Sergio_G01_CNS-LLF5RV3D8,s01,ses03,20260804_161104,2026-08-04 16:11:19.261318,NaN,4,digit,POSTDIG_FIX2_ON,152,2026-08-04 16:17:16.728806,357.424876,1.950011,,,,,,keyboard,after digit#2,"{""note"":""after digit#2""}",2,0.016667,60.000000,1
Sergio_G01_CNS-LLF5RV3D8,s01,ses03,20260804_161104,2026-08-04 16:11:19.261318,NaN,4,digit,POSTDIG_FIX2_OFF,157,2026-08-04 16:17:18.678315,359.374887,0.050015,,,,,,keyboard,after digit#2,"{""note"":""after digit#2"",""pd_used"":0}",2,0.016667,60.000000,1
Sergio_G01_CNS-LLF5RV3D8,s01,ses03,20260804_161104,2026-08-04 16:11:19.261318,NaN,4,digit,DIGIT3_ON,143,2026-08-04 16:17:18.729510,359.424902,0.550009,,2,,,,keyboard,digit#3 shown,"{""value"":2,""note"":""digit#3 shown"",""pd_used"":1}",2,0.016667,60.000000,1
Sergio_G01_CNS-LLF5RV3D8,s01,ses03,20260804_161104,2026-08-04 16:11:19.261318,NaN,4,digit,DIGIT3_OFF,148,2026-08-04 16:17:19.278112,359.974911,0.000000,,2,,,,keyboard,digit#3 off,"{""value"":2,""note"":""digit#3 off"",""pd_used"":0}",2,0.016667,60.000000,1
Sergio_G01_CNS-LLF5RV3D8,s01,ses03,20260804_161104,2026-08-04 16:11:19.261318,NaN,4,digit,POSTDIG_FIX3_ON,153,2026-08-04 16:17:19.278858,359.974911,1.616640,,,,,,keyboard,after digit#3,"{""note"":""after digit#3""}",2,0.016667,60.000000,1
Sergio_G01_CNS-LLF5RV3D8,s01,ses03,20260804_161104,2026-08-04 16:11:19.261318,NaN,4,digit,POSTDIG_FIX3_OFF,158,2026-08-04 16:17:20.894641,361.591551,0.050000,,,,,,keyboard,after digit#3,"{""note"":""after digit#3"",""pd_used"":0}",2,0.016667,60.000000,1
Sergio_G01_CNS-LLF5RV3D8,s01,ses03,20260804_161104,2026-08-04 16:11:19.261318,NaN,4,digit,DIGIT4_ON,144,2026-08-04 16:17:20.945912,361.641550,0.550003,,1,,,,keyboard,digit#4 shown,"{""value"":1,""note"":""digit#4 shown"",""pd_used"":1}",2,0.016667,60.000000,1
Sergio_G01_CNS-LLF5RV3D8,s01,ses03,20260804_161104,2026-08-04 16:11:19.261318,NaN,4,digit,DIGIT4_OFF,149,2026-08-04 16:17:21.494615,362.191554,0.000000,,1,,,,keyboard,digit#4 off,"{""value"":1,""note"":""digit#4 off"",""pd_used"":0}",2,0.016667,60.000000,1
Sergio_G01_CNS-LLF5RV3D8,s01,ses03,20260804_161104,2026-08-04 16:11:19.261318,NaN,4,digit,POSTDIG_FIX4_ON,154,2026-08-04 16:17:21.495361,362.191554,2.016709,,,,,,keyboard,after digit#4,"{""note"":""after digit#4""}",2,0.016667,60.000000,1
Sergio_G01_CNS-LLF5RV3D8,s01,ses03,20260804_161104,2026-08-04 16:11:19.261318,NaN,4,digit,POSTDIG_FIX4_OFF,159,2026-08-04 16:17:23.511640,364.208263,0.049997,,,,,,keyboard,after digit#4,"{""note"":""after digit#4"",""pd_used"":0}",2,0.016667,60.000000,1
Sergio_G01_CNS-LLF5RV3D8,s01,ses03,20260804_161104,2026-08-04 16:11:19.261318,NaN,4,digit,DIGIT5_ON,145,2026-08-04 16:17:23.562953,364.258259,0.549980,,4,,,,keyboard,digit#5 shown,"{""value"":4,""note"":""digit#5 shown"",""pd_used"":1}",2,0.016667,60.000000,1
Sergio_G01_CNS-LLF5RV3D8,s01,ses03,20260804_161104,2026-08-04 16:11:19.261318,NaN,4,digit,DIGIT5_OFF,150,2026-08-04 16:17:24.111618,364.808240,0.000000,,4,,,,keyboard,digit#5 off,"{""value"":4,""note"":""digit#5 off"",""pd_used"":0}",2,0.016667,60.000000,1
Sergio_G01_CNS-LLF5RV3D8,s01,ses03,20260804_161104,2026-08-04 16:11:19.261318,NaN,4,digit,POSTDIG_FIX5_ON,155,2026-08-04 16:17:24.112420,364.808240,3.066682,,,,,,keyboard,after digit#5,"{""note"":""after digit#5""}",2,0.016667,60.000000,1
Sergio_G01_CNS-LLF5RV3D8,s01,ses03,20260804_161104,2026-08-04 16:11:19.261318,NaN,4,digit,POSTDIG_FIX5_OFF,160,2026-08-04 16:17:27.178234,367.874921,0.049988,,,,,,keyboard,after digit#5,"{""note"":""after digit#5"",""pd_used"":0}",2,0.016667,60.000000,1
Sergio_G01_CNS-LLF5RV3D8,s01,ses03,20260804_161104,2026-08-04 16:11:19.261318,NaN,4,distractor,DISTRACTOR_ON,50,2026-08-04 16:17:27.229623,367.924909,14.609169,,9+9=18,,,,keyboard,,"{""value"":""9+9=18"",""isCorrectTruth"":true,""trueSum"":18,""pd_used"":1}",2,0.016667,60.000000,1
Sergio_G01_CNS-LLF5RV3D8,s01,ses03,20260804_161104,2026-08-04 16:11:19.261318,NaN,4,distractor,DISTRACTOR_ANS,51,2026-08-04 16:17:42.165530,382.534079,0.000000,14.609169,9+9=18,F,0,,keyboard,key= (False),"{""value"":""9+9=18"",""entered"":""F"",""rt"":14.609169200062752,""correct"":0,""note"":""key= (False)"",""truth"":true,""trueSum"":18,""shownSum"":18,""a"":9,""b"":9}",2,0.016667,60.000000,1
Sergio_G01_CNS-LLF5RV3D8,s01,ses03,20260804_161104,2026-08-04 16:11:19.261318,NaN,4,distractor,ANS_WRONG,200,2026-08-04 16:17:42.207803,382.534079,0.424245,,,,,,keyboard,,{},2,0.016667,60.000000,1
Sergio_G01_CNS-LLF5RV3D8,s01,ses03,20260804_161104,2026-08-04 16:11:19.261318,NaN,4,distractor,DISTRACTOR_OFF,52,2026-08-04 16:17:42.261204,382.958324,0.000000,,,,,,keyboard,,"{""pd_used"":0}",2,0.016667,60.000000,1
Sergio_G01_CNS-LLF5RV3D8,s01,ses03,20260804_161104,2026-08-04 16:11:19.261318,NaN,4,distractor,FIX2_ON,60,2026-08-04 16:17:42.261877,382.958324,3.316679,,,,,,keyboard,immediate after response,"{""note"":""immediate after response""}",2,0.016667,60.000000,1
Sergio_G01_CNS-LLF5RV3D8,s01,ses03,20260804_161104,2026-08-04 16:11:19.261318,NaN,4,fix2,FIX2_OFF,61,2026-08-04 16:17:45.578270,386.275002,0.049979,,,,,,keyboard,,"{""pd_used"":0}",2,0.016667,60.000000,1
Sergio_G01_CNS-LLF5RV3D8,s01,ses03,20260804_161104,2026-08-04 16:11:19.261318,NaN,4,probe,DIGIT_RECALL_LINE_1,161,2026-08-04 16:17:45.629604,386.324981,4.378030,,1,,,,keyboard,first recall question,"{""value"":1,""note"":""first recall question"",""pd_used"":1}",2,0.016667,60.000000,1
Sergio_G01_CNS-LLF5RV3D8,s01,ses03,20260804_161104,2026-08-04 16:11:19.261318,NaN,4,probe,PROBE_DIGIT_OK_1,71,2026-08-04 16:17:50.673097,390.703011,0.822003,4.385200,slot#1,NaN,,,keyboard,probe_digit#1,"{""value"":""slot#1"",""entered"":null,""rt"":4.38519980001729,""note"":""probe_digit#1""}",2,0.016667,60.000000,1
Sergio_G01_CNS-LLF5RV3D8,s01,ses03,20260804_161104,2026-08-04 16:11:19.261318,NaN,4,probe,DIGIT1_OFF,146,2026-08-04 16:17:50.828081,391.525013,0.000000,,4,,,,keyboard,digit#1 off,"{""value"":4,""note"":""digit#1 off"",""pd_used"":0}",2,0.016667,60.000000,1
Sergio_G01_CNS-LLF5RV3D8,s01,ses03,20260804_161104,2026-08-04 16:11:19.261318,NaN,4,probe,POSTDIG_FIX1_ON,151,2026-08-04 16:17:50.828810,391.525013,1.633325,,,,,,keyboard,after digit#1,"{""note"":""after digit#1""}",2,0.016667,60.000000,1
Sergio_G01_CNS-LLF5RV3D8,s01,ses03,20260804_161104,2026-08-04 16:11:19.261318,NaN,4,probe,POSTDIG_FIX1_OFF,156,2026-08-04 16:17:52.461482,393.158338,0.066815,,,,,,keyboard,after digit#1,"{""note"":""after digit#1"",""pd_used"":0}",2,0.016667,60.000000,1
Sergio_G01_CNS-LLF5RV3D8,s01,ses03,20260804_161104,2026-08-04 16:11:19.261318,NaN,4,probe,DIGIT_RECALL_LINE_2,162,2026-08-04 16:17:52.528049,393.225153,4.385971,,2,,,,keyboard,next recall question,"{""value"":2,""note"":""next recall question"",""pd_used"":1}",2,0.016667,60.000000,1
Sergio_G01_CNS-LLF5RV3D8,s01,ses03,20260804_161104,2026-08-04 16:11:19.261318,NaN,4,probe,PROBE_DIGIT_OK_2,71,2026-08-04 16:17:57.222655,397.611124,0.463887,11.293313,slot#2,NaN,,,keyboard,probe_digit#2,"{""value"":""slot#2"",""entered"":null,""rt"":11.29331340000499,""note"":""probe_digit#2""}",2,0.016667,60.000000,1
Sergio_G01_CNS-LLF5RV3D8,s01,ses03,20260804_161104,2026-08-04 16:11:19.261318,NaN,4,probe,DIGIT2_OFF,147,2026-08-04 16:17:57.378039,398.075012,0.000000,,4,,,,keyboard,digit#2 off,"{""value"":4,""note"":""digit#2 off"",""pd_used"":0}",2,0.016667,60.000000,1
Sergio_G01_CNS-LLF5RV3D8,s01,ses03,20260804_161104,2026-08-04 16:11:19.261318,NaN,4,probe,POSTDIG_FIX2_ON,152,2026-08-04 16:17:57.378777,398.075012,1.750042,,,,,,keyboard,after digit#2,"{""note"":""after digit#2""}",2,0.016667,60.000000,1
Sergio_G01_CNS-LLF5RV3D8,s01,ses03,20260804_161104,2026-08-04 16:11:19.261318,NaN,4,probe,POSTDIG_FIX2_OFF,157,2026-08-04 16:17:59.128254,399.825054,0.066633,,,,,,keyboard,after digit#2,"{""note"":""after digit#2"",""pd_used"":0}",2,0.016667,60.000000,1
Sergio_G01_CNS-LLF5RV3D8,s01,ses03,20260804_161104,2026-08-04 16:11:19.261318,NaN,4,probe,DIGIT_RECALL_LINE_3,163,2026-08-04 16:17:59.194717,399.891687,2.008293,,3,,,,keyboard,next recall question,"{""value"":3,""note"":""next recall question"",""pd_used"":1}",2,0.016667,60.000000,1
Sergio_G01_CNS-LLF5RV3D8,s01,ses03,20260804_161104,2026-08-04 16:11:19.261318,NaN,4,probe,PROBE_DIGIT_OK_3,71,2026-08-04 16:18:01.890635,401.899980,0.841736,15.582169,slot#3,NaN,,,keyboard,probe_digit#3,"{""value"":""slot#3"",""entered"":null,""rt"":15.582169000059366,""note"":""probe_digit#3""}",2,0.016667,60.000000,1
Sergio_G01_CNS-LLF5RV3D8,s01,ses03,20260804_161104,2026-08-04 16:11:19.261318,NaN,4,probe,DIGIT3_OFF,148,2026-08-04 16:18:02.044733,402.741716,0.000000,,4,,,,keyboard,digit#3 off,"{""value"":4,""note"":""digit#3 off"",""pd_used"":0}",2,0.016667,60.000000,1
Sergio_G01_CNS-LLF5RV3D8,s01,ses03,20260804_161104,2026-08-04 16:11:19.261318,NaN,4,probe,POSTDIG_FIX3_ON,153,2026-08-04 16:18:02.045460,402.741716,1.733336,,,,,,keyboard,after digit#3,"{""note"":""after digit#3""}",2,0.016667,60.000000,1
Sergio_G01_CNS-LLF5RV3D8,s01,ses03,20260804_161104,2026-08-04 16:11:19.261318,NaN,4,probe,POSTDIG_FIX3_OFF,158,2026-08-04 16:18:03.778630,404.475053,0.066693,,,,,,keyboard,after digit#3,"{""note"":""after digit#3"",""pd_used"":0}",2,0.016667,60.000000,1
Sergio_G01_CNS-LLF5RV3D8,s01,ses03,20260804_161104,2026-08-04 16:11:19.261318,NaN,4,probe,DIGIT_RECALL_LINE_4,164,2026-08-04 16:18:03.844931,404.541745,5.867490,,4,,,,keyboard,next recall question,"{""value"":4,""note"":""next recall question"",""pd_used"":1}",2,0.016667,60.000000,1
Sergio_G01_CNS-LLF5RV3D8,s01,ses03,20260804_161104,2026-08-04 16:11:19.261318,NaN,4,probe,PROBE_DIGIT_OK_4,71,2026-08-04 16:18:10.022164,410.409236,0.465861,24.091425,slot#4,NaN,,,keyboard,probe_digit#4,"{""value"":""slot#4"",""entered"":null,""rt"":24.091424999991432,""note"":""probe_digit#4""}",2,0.016667,60.000000,1
Sergio_G01_CNS-LLF5RV3D8,s01,ses03,20260804_161104,2026-08-04 16:11:19.261318,NaN,4,probe,DIGIT4_OFF,149,2026-08-04 16:18:10.178185,410.875097,0.000000,,4,,,,keyboard,digit#4 off,"{""value"":4,""note"":""digit#4 off"",""pd_used"":0}",2,0.016667,60.000000,1
Sergio_G01_CNS-LLF5RV3D8,s01,ses03,20260804_161104,2026-08-04 16:11:19.261318,NaN,4,probe,POSTDIG_FIX4_ON,154,2026-08-04 16:18:10.178942,410.875097,1.750021,,,,,,keyboard,after digit#4,"{""note"":""after digit#4""}",2,0.016667,60.000000,1
Sergio_G01_CNS-LLF5RV3D8,s01,ses03,20260804_161104,2026-08-04 16:11:19.261318,NaN,4,probe,POSTDIG_FIX4_OFF,159,2026-08-04 16:18:11.928561,412.625117,0.066637,,,,,,keyboard,after digit#4,"{""note"":""after digit#4"",""pd_used"":0}",2,0.016667,60.000000,1
Sergio_G01_CNS-LLF5RV3D8,s01,ses03,20260804_161104,2026-08-04 16:11:19.261318,NaN,4,probe,DIGIT_RECALL_LINE_5,165,2026-08-04 16:18:11.994826,412.691755,4.664325,,5,,,,keyboard,next recall question,"{""value"":5,""note"":""next recall question"",""pd_used"":1}",2,0.016667,60.000000,1
Sergio_G01_CNS-LLF5RV3D8,s01,ses03,20260804_161104,2026-08-04 16:11:19.261318,NaN,4,probe,PROBE_DIGIT_OK_5,71,2026-08-04 16:18:17.252848,417.356080,0.752382,31.038269,slot#5,NaN,,,keyboard,probe_digit#5,"{""value"":""slot#5"",""entered"":null,""rt"":31.038268800009973,""note"":""probe_digit#5""}",2,0.016667,60.000000,1
Sergio_G01_CNS-LLF5RV3D8,s01,ses03,20260804_161104,2026-08-04 16:11:19.261318,NaN,4,probe,DIGIT5_OFF,150,2026-08-04 16:18:17.411541,418.108462,0.000000,,4,,,,keyboard,digit#5 off,"{""value"":4,""note"":""digit#5 off"",""pd_used"":0}",2,0.016667,60.000000,1
Sergio_G01_CNS-LLF5RV3D8,s01,ses03,20260804_161104,2026-08-04 16:11:19.261318,NaN,4,probe,POSTDIG_FIX5_ON,155,2026-08-04 16:18:17.412307,418.108462,3.266859,,,,,,keyboard,after digit#5,"{""note"":""after digit#5""}",2,0.016667,60.000000,1
Sergio_G01_CNS-LLF5RV3D8,s01,ses03,20260804_161104,2026-08-04 16:11:19.261318,NaN,4,probe,POSTDIG_FIX5_OFF,160,2026-08-04 16:18:20.678653,421.375321,0.049881,,,,,,keyboard,after digit#5,"{""note"":""after digit#5"",""pd_used"":0}",2,0.016667,60.000000,1
Sergio_G01_CNS-LLF5RV3D8,s01,ses03,20260804_161104,2026-08-04 16:11:19.261318,NaN,4,probe,PROBE_DONE,73,2026-08-04 16:18:20.686505,421.425202,0.000689,,,,,,keyboard,probe complete,"{""value"":"""",""note"":""probe complete""}",2,0.016667,60.000000,1
Sergio_G01_CNS-LLF5RV3D8,s01,ses03,20260804_161104,2026-08-04 16:11:19.261318,NaN,4,probe,TRIAL_END,21,2026-08-04 16:18:20.687068,421.425891,0.109262,,,,,,keyboard,,{},2,0.016667,60.000000,1
Sergio_G01_CNS-LLF5RV3D8,s01,ses03,20260804_161104,2026-08-04 16:11:19.261318,NaN,5,probe,TRIAL_CHANGE,22,2026-08-04 16:18:20.796611,421.535153,0.001162,,,,,,keyboard,trial transition,"{""note"":""trial transition""}",2,0.016667,60.000000,1
Sergio_G01_CNS-LLF5RV3D8,s01,ses03,20260804_161104,2026-08-04 16:11:19.261318,NaN,5,probe,TRIAL_START,20,2026-08-04 16:18:20.797798,421.536316,0.055515,,,,,,keyboard,,{},2,0.016667,60.000000,1
Sergio_G01_CNS-LLF5RV3D8,s01,ses03,20260804_161104,2026-08-04 16:11:19.261318,NaN,5,fix1,FIX1_ON,30,2026-08-04 16:18:20.894673,421.591831,3.399965,,,,,,keyboard,,"{""pd_used"":0}",2,0.016667,60.000000,1
Sergio_G01_CNS-LLF5RV3D8,s01,ses03,20260804_161104,2026-08-04 16:11:19.261318,NaN,5,fix1,FIX1_OFF,31,2026-08-04 16:18:24.294946,424.991795,0.050044,,,,,,keyboard,,"{""pd_used"":0}",2,0.016667,60.000000,1
Sergio_G01_CNS-LLF5RV3D8,s01,ses03,20260804_161104,2026-08-04 16:11:19.261318,NaN,5,digit,DIGIT1_ON,141,2026-08-04 16:18:24.346366,425.041839,0.549974,,8,,,,keyboard,digit#1 shown,"{""value"":8,""note"":""digit#1 shown"",""pd_used"":1}",2,0.016667,60.000000,1
Sergio_G01_CNS-LLF5RV3D8,s01,ses03,20260804_161104,2026-08-04 16:11:19.261318,NaN,5,digit,DIGIT1_OFF,146,2026-08-04 16:18:24.895326,425.591813,0.000000,,8,,,,keyboard,digit#1 off,"{""value"":8,""note"":""digit#1 off"",""pd_used"":0}",2,0.016667,60.000000,1
Sergio_G01_CNS-LLF5RV3D8,s01,ses03,20260804_161104,2026-08-04 16:11:19.261318,NaN,5,digit,POSTDIG_FIX1_ON,151,2026-08-04 16:18:24.896092,425.591813,1.850062,,,,,,keyboard,after digit#1,"{""note"":""after digit#1""}",2,0.016667,60.000000,1
Sergio_G01_CNS-LLF5RV3D8,s01,ses03,20260804_161104,2026-08-04 16:11:19.261318,NaN,5,digit,POSTDIG_FIX1_OFF,156,2026-08-04 16:18:26.745024,427.441875,0.049972,,,,,,keyboard,after digit#1,"{""note"":""after digit#1"",""pd_used"":0}",2,0.016667,60.000000,1
Sergio_G01_CNS-LLF5RV3D8,s01,ses03,20260804_161104,2026-08-04 16:11:19.261318,NaN,5,digit,DIGIT2_ON,142,2026-08-04 16:18:26.796396,427.491847,0.549971,,8,,,,keyboard,digit#2 shown,"{""value"":8,""note"":""digit#2 shown"",""pd_used"":1}",2,0.016667,60.000000,1
Sergio_G01_CNS-LLF5RV3D8,s01,ses03,20260804_161104,2026-08-04 16:11:19.261318,NaN,5,digit,DIGIT2_OFF,147,2026-08-04 16:18:27.344842,428.041818,0.000000,,8,,,,keyboard,digit#2 off,"{""value"":8,""note"":""digit#2 off"",""pd_used"":0}",2,0.016667,60.000000,1
Sergio_G01_CNS-LLF5RV3D8,s01,ses03,20260804_161104,2026-08-04 16:11:19.261318,NaN,5,digit,POSTDIG_FIX2_ON,152,2026-08-04 16:18:27.345574,428.041818,2.033320,,,,,,keyboard,after digit#2,"{""note"":""after digit#2""}",2,0.016667,60.000000,1
Sergio_G01_CNS-LLF5RV3D8,s01,ses03,20260804_161104,2026-08-04 16:11:19.261318,NaN,5,digit,POSTDIG_FIX2_OFF,157,2026-08-04 16:18:29.378468,430.075138,0.050032,,,,,,keyboard,after digit#2,"{""note"":""after digit#2"",""pd_used"":0}",2,0.016667,60.000000,1
Sergio_G01_CNS-LLF5RV3D8,s01,ses03,20260804_161104,2026-08-04 16:11:19.261318,NaN,5,digit,DIGIT3_ON,143,2026-08-04 16:18:29.429902,430.125170,0.550014,,7,,,,keyboard,digit#3 shown,"{""value"":7,""note"":""digit#3 shown"",""pd_used"":1}",2,0.016667,60.000000,1
Sergio_G01_CNS-LLF5RV3D8,s01,ses03,20260804_161104,2026-08-04 16:11:19.261318,NaN,5,digit,DIGIT3_OFF,148,2026-08-04 16:18:29.978398,430.675184,0.000000,,7,,,,keyboard,digit#3 off,"{""value"":7,""note"":""digit#3 off"",""pd_used"":0}",2,0.016667,60.000000,1
Sergio_G01_CNS-LLF5RV3D8,s01,ses03,20260804_161104,2026-08-04 16:11:19.261318,NaN,5,digit,POSTDIG_FIX3_ON,153,2026-08-04 16:18:29.979185,430.675184,1.633371,,,,,,keyboard,after digit#3,"{""note"":""after digit#3""}",2,0.016667,60.000000,1
Sergio_G01_CNS-LLF5RV3D8,s01,ses03,20260804_161104,2026-08-04 16:11:19.261318,NaN,5,digit,POSTDIG_FIX3_OFF,158,2026-08-04 16:18:31.611921,432.308555,0.049974,,,,,,keyboard,after digit#3,"{""note"":""after digit#3"",""pd_used"":0}",2,0.016667,60.000000,1
Sergio_G01_CNS-LLF5RV3D8,s01,ses03,20260804_161104,2026-08-04 16:11:19.261318,NaN,5,digit,DIGIT4_ON,144,2026-08-04 16:18:31.663201,432.358529,0.549974,,3,,,,keyboard,digit#4 shown,"{""value"":3,""note"":""digit#4 shown"",""pd_used"":1}",2,0.016667,60.000000,1
Sergio_G01_CNS-LLF5RV3D8,s01,ses03,20260804_161104,2026-08-04 16:11:19.261318,NaN,5,digit,DIGIT4_OFF,149,2026-08-04 16:18:32.211589,432.908503,0.000000,,3,,,,keyboard,digit#4 off,"{""value"":3,""note"":""digit#4 off"",""pd_used"":0}",2,0.016667,60.000000,1
Sergio_G01_CNS-LLF5RV3D8,s01,ses03,20260804_161104,2026-08-04 16:11:19.261318,NaN,5,digit,POSTDIG_FIX4_ON,154,2026-08-04 16:18:32.212409,432.908503,1.983415,,,,,,keyboard,after digit#4,"{""note"":""after digit#4""}",2,0.016667,60.000000,1
Sergio_G01_CNS-LLF5RV3D8,s01,ses03,20260804_161104,2026-08-04 16:11:19.261318,NaN,5,digit,POSTDIG_FIX4_OFF,159,2026-08-04 16:18:34.195057,434.891918,0.049962,,,,,,keyboard,after digit#4,"{""note"":""after digit#4"",""pd_used"":0}",2,0.016667,60.000000,1
Sergio_G01_CNS-LLF5RV3D8,s01,ses03,20260804_161104,2026-08-04 16:11:19.261318,NaN,5,digit,DIGIT5_ON,145,2026-08-04 16:18:34.246501,434.941880,0.549958,,4,,,,keyboard,digit#5 shown,"{""value"":4,""note"":""digit#5 shown"",""pd_used"":1}",2,0.016667,60.000000,1
Sergio_G01_CNS-LLF5RV3D8,s01,ses03,20260804_161104,2026-08-04 16:11:19.261318,NaN,5,digit,DIGIT5_OFF,150,2026-08-04 16:18:34.795630,435.491839,0.000000,,4,,,,keyboard,digit#5 off,"{""value"":4,""note"":""digit#5 off"",""pd_used"":0}",2,0.016667,60.000000,1
Sergio_G01_CNS-LLF5RV3D8,s01,ses03,20260804_161104,2026-08-04 16:11:19.261318,NaN,5,digit,POSTDIG_FIX5_ON,155,2026-08-04 16:18:34.796391,435.491839,3.433339,,,,,,keyboard,after digit#5,"{""note"":""after digit#5""}",2,0.016667,60.000000,1
Sergio_G01_CNS-LLF5RV3D8,s01,ses03,20260804_161104,2026-08-04 16:11:19.261318,NaN,5,digit,POSTDIG_FIX5_OFF,160,2026-08-04 16:18:38.228375,438.925178,0.050056,,,,,,keyboard,after digit#5,"{""note"":""after digit#5"",""pd_used"":0}",2,0.016667,60.000000,1
Sergio_G01_CNS-LLF5RV3D8,s01,ses03,20260804_161104,2026-08-04 16:11:19.261318,NaN,5,distractor,DISTRACTOR_ON,50,2026-08-04 16:18:38.279736,438.975233,11.407799,,5+2=5,,,,keyboard,,"{""value"":""5+2=5"",""isCorrectTruth"":false,""trueSum"":7,""pd_used"":1}",2,0.016667,60.000000,1
Sergio_G01_CNS-LLF5RV3D8,s01,ses03,20260804_161104,2026-08-04 16:11:19.261318,NaN,5,distractor,DISTRACTOR_ANS,51,2026-08-04 16:18:50.127243,450.383032,0.000000,11.407799,5+2=5,F,1,,keyboard,key= (False),"{""value"":""5+2=5"",""entered"":""F"",""rt"":11.407798699918203,""correct"":1,""note"":""key= (False)"",""truth"":false,""trueSum"":7,""shownSum"":5,""a"":5,""b"":2}",2,0.016667,60.000000,1
Sergio_G01_CNS-LLF5RV3D8,s01,ses03,20260804_161104,2026-08-04 16:11:19.261318,NaN,5,distractor,ANS_CORRECT,100,2026-08-04 16:18:50.169898,450.383032,0.542253,,,,,,keyboard,,{},2,0.016667,60.000000,1
Sergio_G01_CNS-LLF5RV3D8,s01,ses03,20260804_161104,2026-08-04 16:11:19.261318,NaN,5,distractor,DISTRACTOR_OFF,52,2026-08-04 16:18:50.228450,450.925285,0.000000,,,,,,keyboard,,"{""pd_used"":0}",2,0.016667,60.000000,1
Sergio_G01_CNS-LLF5RV3D8,s01,ses03,20260804_161104,2026-08-04 16:11:19.261318,NaN,5,distractor,FIX2_ON,60,2026-08-04 16:18:50.229148,450.925285,3.433359,,,,,,keyboard,immediate after response,"{""note"":""immediate after response""}",2,0.016667,60.000000,1
Sergio_G01_CNS-LLF5RV3D8,s01,ses03,20260804_161104,2026-08-04 16:11:19.261318,NaN,5,fix2,FIX2_OFF,61,2026-08-04 16:18:53.662207,454.358643,0.049993,,,,,,keyboard,,"{""pd_used"":0}",2,0.016667,60.000000,1
Sergio_G01_CNS-LLF5RV3D8,s01,ses03,20260804_161104,2026-08-04 16:11:19.261318,NaN,5,probe,DIGIT_RECALL_LINE_1,161,2026-08-04 16:18:53.713497,454.408636,2.782767,,1,,,,keyboard,first recall question,"{""value"":1,""note"":""first recall question"",""pd_used"":1}",2,0.016667,60.000000,1
Sergio_G01_CNS-LLF5RV3D8,s01,ses03,20260804_161104,2026-08-04 16:11:19.261318,NaN,5,probe,PROBE_DIGIT_OK_1,71,2026-08-04 16:18:56.983314,457.191403,0.633877,2.789641,slot#1,NaN,,,keyboard,probe_digit#1,"{""value"":""slot#1"",""entered"":null,""rt"":2.789641399984248,""note"":""probe_digit#1""}",2,0.016667,60.000000,1
Sergio_G01_CNS-LLF5RV3D8,s01,ses03,20260804_161104,2026-08-04 16:11:19.261318,NaN,5,probe,DIGIT1_OFF,146,2026-08-04 16:18:57.128315,457.825280,0.000000,,4,,,,keyboard,digit#1 off,"{""value"":4,""note"":""digit#1 off"",""pd_used"":0}",2,0.016667,60.000000,1
Sergio_G01_CNS-LLF5RV3D8,s01,ses03,20260804_161104,2026-08-04 16:11:19.261318,NaN,5,probe,POSTDIG_FIX1_ON,151,2026-08-04 16:18:57.129072,457.825280,1.950035,,,,,,keyboard,after digit#1,"{""note"":""after digit#1""}",2,0.016667,60.000000,1
Sergio_G01_CNS-LLF5RV3D8,s01,ses03,20260804_161104,2026-08-04 16:11:19.261318,NaN,5,probe,POSTDIG_FIX1_OFF,156,2026-08-04 16:18:59.078556,459.775315,0.066673,,,,,,keyboard,after digit#1,"{""note"":""after digit#1"",""pd_used"":0}",2,0.016667,60.000000,1
Sergio_G01_CNS-LLF5RV3D8,s01,ses03,20260804_161104,2026-08-04 16:11:19.261318,NaN,5,probe,DIGIT_RECALL_LINE_2,162,2026-08-04 16:18:59.145082,459.841988,2.041453,,2,,,,keyboard,next recall question,"{""value"":2,""note"":""next recall question"",""pd_used"":1}",2,0.016667,60.000000,1
Sergio_G01_CNS-LLF5RV3D8,s01,ses03,20260804_161104,2026-08-04 16:11:19.261318,NaN,5,probe,PROBE_DIGIT_OK_2,71,2026-08-04 16:19:01.681776,461.883441,0.658565,7.481680,slot#2,NaN,,,keyboard,probe_digit#2,"{""value"":""slot#2"",""entered"":null,""rt"":7.4816795000806451,""note"":""probe_digit#2""}",2,0.016667,60.000000,1
Sergio_G01_CNS-LLF5RV3D8,s01,ses03,20260804_161104,2026-08-04 16:11:19.261318,NaN,5,probe,DIGIT2_OFF,147,2026-08-04 16:19:01.845179,462.542007,0.000000,,4,,,,keyboard,digit#2 off,"{""value"":4,""note"":""digit#2 off"",""pd_used"":0}",2,0.016667,60.000000,1
Sergio_G01_CNS-LLF5RV3D8,s01,ses03,20260804_161104,2026-08-04 16:11:19.261318,NaN,5,probe,POSTDIG_FIX2_ON,152,2026-08-04 16:19:01.845923,462.542007,1.700022,,,,,,keyboard,after digit#2,"{""note"":""after digit#2""}",2,0.016667,60.000000,1
Sergio_G01_CNS-LLF5RV3D8,s01,ses03,20260804_161104,2026-08-04 16:11:19.261318,NaN,5,probe,POSTDIG_FIX2_OFF,157,2026-08-04 16:19:03.545362,464.242028,0.066649,,,,,,keyboard,after digit#2,"{""note"":""after digit#2"",""pd_used"":0}",2,0.016667,60.000000,1
Sergio_G01_CNS-LLF5RV3D8,s01,ses03,20260804_161104,2026-08-04 16:11:19.261318,NaN,5,probe,DIGIT_RECALL_LINE_3,163,2026-08-04 16:19:03.611682,464.308678,2.862816,,3,,,,keyboard,next recall question,"{""value"":3,""note"":""next recall question"",""pd_used"":1}",2,0.016667,60.000000,1
Sergio_G01_CNS-LLF5RV3D8,s01,ses03,20260804_161104,2026-08-04 16:11:19.261318,NaN,5,probe,PROBE_DIGIT_OK_3,71,2026-08-04 16:19:07.047619,467.171494,0.737190,12.769732,slot#3,NaN,,,keyboard,probe_digit#3,"{""value"":""slot#3"",""entered"":null,""rt"":12.769732000073418,""note"":""probe_digit#3""}",2,0.016667,60.000000,1
Sergio_G01_CNS-LLF5RV3D8,s01,ses03,20260804_161104,2026-08-04 16:11:19.261318,NaN,5,probe,DIGIT3_OFF,148,2026-08-04 16:19:07.211679,467.908683,0.000000,,4,,,,keyboard,digit#3 off,"{""value"":4,""note"":""digit#3 off"",""pd_used"":0}",2,0.016667,60.000000,1
Sergio_G01_CNS-LLF5RV3D8,s01,ses03,20260804_161104,2026-08-04 16:11:19.261318,NaN,5,probe,POSTDIG_FIX3_ON,153,2026-08-04 16:19:07.212431,467.908683,1.650004,,,,,,keyboard,after digit#3,"{""note"":""after digit#3""}",2,0.016667,60.000000,1
Sergio_G01_CNS-LLF5RV3D8,s01,ses03,20260804_161104,2026-08-04 16:11:19.261318,NaN,5,probe,POSTDIG_FIX3_OFF,158,2026-08-04 16:19:08.861833,469.558687,0.066649,,,,,,keyboard,after digit#3,"{""note"":""after digit#3"",""pd_used"":0}",2,0.016667,60.000000,1
Sergio_G01_CNS-LLF5RV3D8,s01,ses03,20260804_161104,2026-08-04 16:11:19.261318,NaN,5,probe,DIGIT_RECALL_LINE_4,164,2026-08-04 16:19:08.928186,469.625336,1.368936,,4,,,,keyboard,next recall question,"{""value"":4,""note"":""next recall question"",""pd_used"":1}",2,0.016667,60.000000,1
Sergio_G01_CNS-LLF5RV3D8,s01,ses03,20260804_161104,2026-08-04 16:11:19.261318,NaN,5,probe,PROBE_DIGIT_OK_4,71,2026-08-04 16:19:10.731119,470.994272,0.597774,16.592511,slot#4,NaN,,,keyboard,probe_digit#4,"{""value"":""slot#4"",""entered"":null,""rt"":16.592510799993761,""note"":""probe_digit#4""}",2,0.016667,60.000000,1
Sergio_G01_CNS-LLF5RV3D8,s01,ses03,20260804_161104,2026-08-04 16:11:19.261318,NaN,5,probe,DIGIT4_OFF,149,2026-08-04 16:19:10.895373,471.592047,0.000000,,4,,,,keyboard,digit#4 off,"{""value"":4,""note"":""digit#4 off"",""pd_used"":0}",2,0.016667,60.000000,1
Sergio_G01_CNS-LLF5RV3D8,s01,ses03,20260804_161104,2026-08-04 16:11:19.261318,NaN,5,probe,POSTDIG_FIX4_ON,154,2026-08-04 16:19:10.896119,471.592047,1.650008,,,,,,keyboard,after digit#4,"{""note"":""after digit#4""}",2,0.016667,60.000000,1
Sergio_G01_CNS-LLF5RV3D8,s01,ses03,20260804_161104,2026-08-04 16:11:19.261318,NaN,5,probe,POSTDIG_FIX4_OFF,159,2026-08-04 16:19:12.545244,473.242055,0.066688,,,,,,keyboard,after digit#4,"{""note"":""after digit#4"",""pd_used"":0}",2,0.016667,60.000000,1
Sergio_G01_CNS-LLF5RV3D8,s01,ses03,20260804_161104,2026-08-04 16:11:19.261318,NaN,5,probe,DIGIT_RECALL_LINE_5,165,2026-08-04 16:19:12.611755,473.308744,1.283454,,5,,,,keyboard,next recall question,"{""value"":5,""note"":""next recall question"",""pd_used"":1}",2,0.016667,60.000000,1
Sergio_G01_CNS-LLF5RV3D8,s01,ses03,20260804_161104,2026-08-04 16:11:19.261318,NaN,5,probe,PROBE_DIGIT_OK_5,71,2026-08-04 16:19:14.251195,474.592198,0.516515,20.190436,slot#5,NaN,,,keyboard,probe_digit#5,"{""value"":""slot#5"",""entered"":null,""rt"":20.190436200005934,""note"":""probe_digit#5""}",2,0.016667,60.000000,1
Sergio_G01_CNS-LLF5RV3D8,s01,ses03,20260804_161104,2026-08-04 16:11:19.261318,NaN,5,probe,DIGIT5_OFF,150,2026-08-04 16:19:14.411682,475.108712,0.000000,,4,,,,keyboard,digit#5 off,"{""value"":4,""note"":""digit#5 off"",""pd_used"":0}",2,0.016667,60.000000,1
Sergio_G01_CNS-LLF5RV3D8,s01,ses03,20260804_161104,2026-08-04 16:11:19.261318,NaN,5,probe,POSTDIG_FIX5_ON,155,2026-08-04 16:19:14.412424,475.108712,3.366657,,,,,,keyboard,after digit#5,"{""note"":""after digit#5""}",2,0.016667,60.000000,1
Sergio_G01_CNS-LLF5RV3D8,s01,ses03,20260804_161104,2026-08-04 16:11:19.261318,NaN,5,probe,POSTDIG_FIX5_OFF,160,2026-08-04 16:19:17.778620,478.475369,0.050049,,,,,,keyboard,after digit#5,"{""note"":""after digit#5"",""pd_used"":0}",2,0.016667,60.000000,1
Sergio_G01_CNS-LLF5RV3D8,s01,ses03,20260804_161104,2026-08-04 16:11:19.261318,NaN,5,probe,PROBE_DONE,73,2026-08-04 16:19:17.786711,478.525418,0.000684,,,,,,keyboard,probe complete,"{""value"":"""",""note"":""probe complete""}",2,0.016667,60.000000,1
Sergio_G01_CNS-LLF5RV3D8,s01,ses03,20260804_161104,2026-08-04 16:11:19.261318,NaN,5,probe,TRIAL_END,21,2026-08-04 16:19:17.787278,478.526102,0.098765,,,,,,keyboard,,{},2,0.016667,60.000000,1
Sergio_G01_CNS-LLF5RV3D8,s01,ses03,20260804_161104,2026-08-04 16:11:19.261318,NaN,6,probe,TRIAL_CHANGE,22,2026-08-04 16:19:17.886328,478.624868,0.001010,,,,,,keyboard,trial transition,"{""note"":""trial transition""}",2,0.016667,60.000000,1
Sergio_G01_CNS-LLF5RV3D8,s01,ses03,20260804_161104,2026-08-04 16:11:19.261318,NaN,6,probe,TRIAL_START,20,2026-08-04 16:19:17.887083,478.625878,0.049495,,,,,,keyboard,,{},2,0.016667,60.000000,1
Sergio_G01_CNS-LLF5RV3D8,s01,ses03,20260804_161104,2026-08-04 16:11:19.261318,NaN,6,fix1,FIX1_ON,30,2026-08-04 16:19:17.980484,478.675373,3.350037,,,,,,keyboard,,"{""pd_used"":0}",2,0.016667,60.000000,1
Sergio_G01_CNS-LLF5RV3D8,s01,ses03,20260804_161104,2026-08-04 16:11:19.261318,NaN,6,fix1,FIX1_OFF,31,2026-08-04 16:19:21.328831,482.025410,0.049984,,,,,,keyboard,,"{""pd_used"":0}",2,0.016667,60.000000,1
Sergio_G01_CNS-LLF5RV3D8,s01,ses03,20260804_161104,2026-08-04 16:11:19.261318,NaN,6,digit,DIGIT1_ON,141,2026-08-04 16:19:21.380038,482.075394,0.550016,,9,,,,keyboard,digit#1 shown,"{""value"":9,""note"":""digit#1 shown"",""pd_used"":1}",2,0.016667,60.000000,1
Sergio_G01_CNS-LLF5RV3D8,s01,ses03,20260804_161104,2026-08-04 16:11:19.261318,NaN,6,digit,DIGIT1_OFF,146,2026-08-04 16:19:21.928759,482.625411,0.000000,,9,,,,keyboard,digit#1 off,"{""value"":9,""note"":""digit#1 off"",""pd_used"":0}",2,0.016667,60.000000,1
Sergio_G01_CNS-LLF5RV3D8,s01,ses03,20260804_161104,2026-08-04 16:11:19.261318,NaN,6,digit,POSTDIG_FIX1_ON,151,2026-08-04 16:19:21.929517,482.625411,1.833392,,,,,,keyboard,after digit#1,"{""note"":""after digit#1""}",2,0.016667,60.000000,1
Sergio_G01_CNS-LLF5RV3D8,s01,ses03,20260804_161104,2026-08-04 16:11:19.261318,NaN,6,digit,POSTDIG_FIX1_OFF,156,2026-08-04 16:19:23.761976,484.458803,0.049975,,,,,,keyboard,after digit#1,"{""note"":""after digit#1"",""pd_used"":0}",2,0.016667,60.000000,1
Sergio_G01_CNS-LLF5RV3D8,s01,ses03,20260804_161104,2026-08-04 16:11:19.261318,NaN,6,digit,DIGIT2_ON,142,2026-08-04 16:19:23.813248,484.508778,0.549962,,8,,,,keyboard,digit#2 shown,"{""value"":8,""note"":""digit#2 shown"",""pd_used"":1}",2,0.016667,60.000000,1
Sergio_G01_CNS-LLF5RV3D8,s01,ses03,20260804_161104,2026-08-04 16:11:19.261318,NaN,6,digit,DIGIT2_OFF,147,2026-08-04 16:19:24.361898,485.058740,0.000000,,8,,,,keyboard,digit#2 off,"{""value"":8,""note"":""digit#2 off"",""pd_used"":0}",2,0.016667,60.000000,1
Sergio_G01_CNS-LLF5RV3D8,s01,ses03,20260804_161104,2026-08-04 16:11:19.261318,NaN,6,digit,POSTDIG_FIX2_ON,152,2026-08-04 16:19:24.362668,485.058740,1.916917,,,,,,keyboard,after digit#2,"{""note"":""after digit#2""}",2,0.016667,60.000000,1
Sergio_G01_CNS-LLF5RV3D8,s01,ses03,20260804_161104,2026-08-04 16:11:19.261318,NaN,6,digit,POSTDIG_FIX2_OFF,157,2026-08-04 16:19:26.279168,486.975657,0.049772,,,,,,keyboard,after digit#2,"{""note"":""after digit#2"",""pd_used"":0}",2,0.016667,60.000000,1
Sergio_G01_CNS-LLF5RV3D8,s01,ses03,20260804_161104,2026-08-04 16:11:19.261318,NaN,6,digit,DIGIT3_ON,143,2026-08-04 16:19:26.330609,487.025430,0.550028,,8,,,,keyboard,digit#3 shown,"{""value"":8,""note"":""digit#3 shown"",""pd_used"":1}",2,0.016667,60.000000,1
Sergio_G01_CNS-LLF5RV3D8,s01,ses03,20260804_161104,2026-08-04 16:11:19.261318,NaN,6,digit,DIGIT3_OFF,148,2026-08-04 16:19:26.878553,487.575458,0.000000,,8,,,,keyboard,digit#3 off,"{""value"":8,""note"":""digit#3 off"",""pd_used"":0}",2,0.016667,60.000000,1
Sergio_G01_CNS-LLF5RV3D8,s01,ses03,20260804_161104,2026-08-04 16:11:19.261318,NaN,6,digit,POSTDIG_FIX3_ON,153,2026-08-04 16:19:26.879325,487.575458,2.049983,,,,,,keyboard,after digit#3,"{""note"":""after digit#3""}",2,0.016667,60.000000,1
Sergio_G01_CNS-LLF5RV3D8,s01,ses03,20260804_161104,2026-08-04 16:11:19.261318,NaN,6,digit,POSTDIG_FIX3_OFF,158,2026-08-04 16:19:28.928799,489.625441,0.049954,,,,,,keyboard,after digit#3,"{""note"":""after digit#3"",""pd_used"":0}",2,0.016667,60.000000,1
Sergio_G01_CNS-LLF5RV3D8,s01,ses03,20260804_161104,2026-08-04 16:11:19.261318,NaN,6,digit,DIGIT4_ON,144,2026-08-04 16:19:28.979906,489.675395,0.550191,,5,,,,keyboard,digit#4 shown,"{""value"":5,""note"":""digit#4 shown"",""pd_used"":1}",2,0.016667,60.000000,1
Sergio_G01_CNS-LLF5RV3D8,s01,ses03,20260804_161104,2026-08-04 16:11:19.261318,NaN,6,digit,DIGIT4_OFF,149,2026-08-04 16:19:29.528861,490.225587,0.000000,,5,,,,keyboard,digit#4 off,"{""value"":5,""note"":""digit#4 off"",""pd_used"":0}",2,0.016667,60.000000,1
Sergio_G01_CNS-LLF5RV3D8,s01,ses03,20260804_161104,2026-08-04 16:11:19.261318,NaN,6,digit,POSTDIG_FIX4_ON,154,2026-08-04 16:19:29.529635,490.225587,1.849863,,,,,,keyboard,after digit#4,"{""note"":""after digit#4""}",2,0.016667,60.000000,1
Sergio_G01_CNS-LLF5RV3D8,s01,ses03,20260804_161104,2026-08-04 16:11:19.261318,NaN,6,digit,POSTDIG_FIX4_OFF,159,2026-08-04 16:19:31.378766,492.075450,0.049985,,,,,,keyboard,after digit#4,"{""note"":""after digit#4"",""pd_used"":0}",2,0.016667,60.000000,1
Sergio_G01_CNS-LLF5RV3D8,s01,ses03,20260804_161104,2026-08-04 16:11:19.261318,NaN,6,digit,DIGIT5_ON,145,2026-08-04 16:19:31.430232,492.125435,0.550007,,9,,,,keyboard,digit#5 shown,"{""value"":9,""note"":""digit#5 shown"",""pd_used"":1}",2,0.016667,60.000000,1
Sergio_G01_CNS-LLF5RV3D8,s01,ses03,20260804_161104,2026-08-04 16:11:19.261318,NaN,6,digit,DIGIT5_OFF,150,2026-08-04 16:19:31.978501,492.675442,0.000000,,9,,,,keyboard,digit#5 off,"{""value"":9,""note"":""digit#5 off"",""pd_used"":0}",2,0.016667,60.000000,1
Sergio_G01_CNS-LLF5RV3D8,s01,ses03,20260804_161104,2026-08-04 16:11:19.261318,NaN,6,digit,POSTDIG_FIX5_ON,155,2026-08-04 16:19:31.979244,492.675442,3.316675,,,,,,keyboard,after digit#5,"{""note"":""after digit#5""}",2,0.016667,60.000000,1
Sergio_G01_CNS-LLF5RV3D8,s01,ses03,20260804_161104,2026-08-04 16:11:19.261318,NaN,6,digit,POSTDIG_FIX5_OFF,160,2026-08-04 16:19:35.295343,495.992117,0.050048,,,,,,keyboard,after digit#5,"{""note"":""after digit#5"",""pd_used"":0}",2,0.016667,60.000000,1
Sergio_G01_CNS-LLF5RV3D8,s01,ses03,20260804_161104,2026-08-04 16:11:19.261318,NaN,6,distractor,DISTRACTOR_ON,50,2026-08-04 16:19:35.346803,496.042165,12.022911,,5+6=13,,,,keyboard,,"{""value"":""5+6=13"",""isCorrectTruth"":false,""trueSum"":11,""pd_used"":1}",2,0.016667,60.000000,1
Sergio_G01_CNS-LLF5RV3D8,s01,ses03,20260804_161104,2026-08-04 16:11:19.261318,NaN,6,distractor,DISTRACTOR_ANS,51,2026-08-04 16:19:47.793285,508.065076,0.000000,12.022911,5+6=13,F,1,,keyboard,key= (False),"{""value"":""5+6=13"",""entered"":""F"",""rt"":12.022911099949852,""correct"":1,""note"":""key= (False)"",""truth"":false,""trueSum"":11,""shownSum"":13,""a"":5,""b"":6}",2,0.016667,60.000000,1
Sergio_G01_CNS-LLF5RV3D8,s01,ses03,20260804_161104,2026-08-04 16:11:19.261318,NaN,6,distractor,ANS_CORRECT,100,2026-08-04 16:19:47.835611,508.065076,0.527123,,,,,,keyboard,,{},2,0.016667,60.000000,1
Sergio_G01_CNS-LLF5RV3D8,s01,ses03,20260804_161104,2026-08-04 16:11:19.261318,NaN,6,distractor,DISTRACTOR_OFF,52,2026-08-04 16:19:47.895094,508.592200,0.000000,,,,,,keyboard,,"{""pd_used"":0}",2,0.016667,60.000000,1
Sergio_G01_CNS-LLF5RV3D8,s01,ses03,20260804_161104,2026-08-04 16:11:19.261318,NaN,6,distractor,FIX2_ON,60,2026-08-04 16:19:47.895759,508.592200,3.383358,,,,,,keyboard,immediate after response,"{""note"":""immediate after response""}",2,0.016667,60.000000,1
Sergio_G01_CNS-LLF5RV3D8,s01,ses03,20260804_161104,2026-08-04 16:11:19.261318,NaN,6,fix2,FIX2_OFF,61,2026-08-04 16:19:51.278740,511.975558,0.049959,,,,,,keyboard,,"{""pd_used"":0}",2,0.016667,60.000000,1
Sergio_G01_CNS-LLF5RV3D8,s01,ses03,20260804_161104,2026-08-04 16:11:19.261318,NaN,6,probe,DIGIT_RECALL_LINE_1,161,2026-08-04 16:19:51.329884,512.025516,4.660593,,1,,,,keyboard,first recall question,"{""value"":1,""note"":""first recall question"",""pd_used"":1}",2,0.016667,60.000000,1
Sergio_G01_CNS-LLF5RV3D8,s01,ses03,20260804_161104,2026-08-04 16:11:19.261318,NaN,6,probe,PROBE_DIGIT_OK_1,71,2026-08-04 16:19:56.492122,516.686110,0.656130,4.667829,slot#1,NaN,,,keyboard,probe_digit#1,"{""value"":""slot#1"",""entered"":null,""rt"":4.6678294000448659,""note"":""probe_digit#1""}",2,0.016667,60.000000,1
Sergio_G01_CNS-LLF5RV3D8,s01,ses03,20260804_161104,2026-08-04 16:11:19.261318,NaN,6,probe,DIGIT1_OFF,146,2026-08-04 16:19:56.645321,517.342240,0.000000,,9,,,,keyboard,digit#1 off,"{""value"":9,""note"":""digit#1 off"",""pd_used"":0}",2,0.016667,60.000000,1
Sergio_G01_CNS-LLF5RV3D8,s01,ses03,20260804_161104,2026-08-04 16:11:19.261318,NaN,6,probe,POSTDIG_FIX1_ON,151,2026-08-04 16:19:56.646108,517.342240,2.016659,,,,,,keyboard,after digit#1,"{""note"":""after digit#1""}",2,0.016667,60.000000,1
Sergio_G01_CNS-LLF5RV3D8,s01,ses03,20260804_161104,2026-08-04 16:11:19.261318,NaN,6,probe,POSTDIG_FIX1_OFF,156,2026-08-04 16:19:58.662494,519.358899,0.066654,,,,,,keyboard,after digit#1,"{""note"":""after digit#1"",""pd_used"":0}",2,0.016667,60.000000,1
Sergio_G01_CNS-LLF5RV3D8,s01,ses03,20260804_161104,2026-08-04 16:11:19.261318,NaN,6,probe,DIGIT_RECALL_LINE_2,162,2026-08-04 16:19:58.728454,519.425553,6.554653,,2,,,,keyboard,next recall question,"{""value"":2,""note"":""next recall question"",""pd_used"":1}",2,0.016667,60.000000,1
Sergio_G01_CNS-LLF5RV3D8,s01,ses03,20260804_161104,2026-08-04 16:11:19.261318,NaN,6,probe,PROBE_DIGIT_OK_2,71,2026-08-04 16:20:05.762111,525.980206,0.645405,13.961926,slot#2,NaN,,,keyboard,probe_digit#2,"{""value"":""slot#2"",""entered"":null,""rt"":13.961926199961454,""note"":""probe_digit#2""}",2,0.016667,60.000000,1
Sergio_G01_CNS-LLF5RV3D8,s01,ses03,20260804_161104,2026-08-04 16:11:19.261318,NaN,6,probe,DIGIT2_OFF,147,2026-08-04 16:20:05.928646,526.625611,0.000000,,9,,,,keyboard,digit#2 off,"{""value"":9,""note"":""digit#2 off"",""pd_used"":0}",2,0.016667,60.000000,1
Sergio_G01_CNS-LLF5RV3D8,s01,ses03,20260804_161104,2026-08-04 16:11:19.261318,NaN,6,probe,POSTDIG_FIX2_ON,152,2026-08-04 16:20:05.929390,526.625611,2.016698,,,,,,keyboard,after digit#2,"{""note"":""after digit#2""}",2,0.016667,60.000000,1
Sergio_G01_CNS-LLF5RV3D8,s01,ses03,20260804_161104,2026-08-04 16:11:19.261318,NaN,6,probe,POSTDIG_FIX2_OFF,157,2026-08-04 16:20:07.945380,528.642309,0.066740,,,,,,keyboard,after digit#2,"{""note"":""after digit#2"",""pd_used"":0}",2,0.016667,60.000000,1
Sergio_G01_CNS-LLF5RV3D8,s01,ses03,20260804_161104,2026-08-04 16:11:19.261318,NaN,6,probe,DIGIT_RECALL_LINE_3,163,2026-08-04 16:20:08.012006,528.709049,7.512314,,3,,,,keyboard,next recall question,"{""value"":3,""note"":""next recall question"",""pd_used"":1}",2,0.016667,60.000000,1
Sergio_G01_CNS-LLF5RV3D8,s01,ses03,20260804_161104,2026-08-04 16:11:19.261318,NaN,6,probe,PROBE_DIGIT_OK_3,71,2026-08-04 16:20:15.922979,536.221363,0.554309,24.203083,slot#3,NaN,,,keyboard,probe_digit#3,"{""value"":""slot#3"",""entered"":null,""rt"":24.203082800027914,""note"":""probe_digit#3""}",2,0.016667,60.000000,1
Sergio_G01_CNS-LLF5RV3D8,s01,ses03,20260804_161104,2026-08-04 16:11:19.261318,NaN,6,probe,DIGIT3_OFF,148,2026-08-04 16:20:16.078781,536.775672,0.000000,,9,,,,keyboard,digit#3 off,"{""value"":9,""note"":""digit#3 off"",""pd_used"":0}",2,0.016667,60.000000,1
Sergio_G01_CNS-LLF5RV3D8,s01,ses03,20260804_161104,2026-08-04 16:11:19.261318,NaN,6,probe,POSTDIG_FIX3_ON,153,2026-08-04 16:20:16.079553,536.775672,1.966651,,,,,,keyboard,after digit#3,"{""note"":""after digit#3""}",2,0.016667,60.000000,1
Sergio_G01_CNS-LLF5RV3D8,s01,ses03,20260804_161104,2026-08-04 16:11:19.261318,NaN,6,probe,POSTDIG_FIX3_OFF,158,2026-08-04 16:20:18.045560,538.742323,0.066653,,,,,,keyboard,after digit#3,"{""note"":""after digit#3"",""pd_used"":0}",2,0.016667,60.000000,1
Sergio_G01_CNS-LLF5RV3D8,s01,ses03,20260804_161104,2026-08-04 16:11:19.261318,NaN,6,probe,DIGIT_RECALL_LINE_4,164,2026-08-04 16:20:18.111799,538.808976,2.801123,,4,,,,keyboard,next recall question,"{""value"":4,""note"":""next recall question"",""pd_used"":1}",2,0.016667,60.000000,1
Sergio_G01_CNS-LLF5RV3D8,s01,ses03,20260804_161104,2026-08-04 16:11:19.261318,NaN,6,probe,PROBE_DIGIT_OK_4,71,2026-08-04 16:20:21.641648,541.610099,0.882249,29.591819,slot#4,NaN,,,keyboard,probe_digit#4,"{""value"":""slot#4"",""entered"":null,""rt"":29.591818799963221,""note"":""probe_digit#4""}",2,0.016667,60.000000,1
Sergio_G01_CNS-LLF5RV3D8,s01,ses03,20260804_161104,2026-08-04 16:11:19.261318,NaN,6,probe,DIGIT4_OFF,149,2026-08-04 16:20:21.795608,542.492348,0.000000,,9,,,,keyboard,digit#4 off,"{""value"":9,""note"":""digit#4 off"",""pd_used"":0}",2,0.016667,60.000000,1
Sergio_G01_CNS-LLF5RV3D8,s01,ses03,20260804_161104,2026-08-04 16:11:19.261318,NaN,6,probe,POSTDIG_FIX4_ON,154,2026-08-04 16:20:21.796387,542.492348,1.683486,,,,,,keyboard,after digit#4,"{""note"":""after digit#4""}",2,0.016667,60.000000,1
Sergio_G01_CNS-LLF5RV3D8,s01,ses03,20260804_161104,2026-08-04 16:11:19.261318,NaN,6,probe,POSTDIG_FIX4_OFF,159,2026-08-04 16:20:23.479182,544.175834,0.066516,,,,,,keyboard,after digit#4,"{""note"":""after digit#4"",""pd_used"":0}",2,0.016667,60.000000,1
Sergio_G01_CNS-LLF5RV3D8,s01,ses03,20260804_161104,2026-08-04 16:11:19.261318,NaN,6,probe,DIGIT_RECALL_LINE_5,165,2026-08-04 16:20:23.545377,544.242350,2.781017,,5,,,,keyboard,next recall question,"{""value"":5,""note"":""next recall question"",""pd_used"":1}",2,0.016667,60.000000,1
Sergio_G01_CNS-LLF5RV3D8,s01,ses03,20260804_161104,2026-08-04 16:11:19.261318,NaN,6,probe,PROBE_DIGIT_OK_5,71,2026-08-04 16:20:26.842266,547.023368,0.668986,35.005087,slot#5,NaN,,,keyboard,probe_digit#5,"{""value"":""slot#5"",""entered"":null,""rt"":35.005087499972433,""note"":""probe_digit#5""}",2,0.016667,60.000000,1
Sergio_G01_CNS-LLF5RV3D8,s01,ses03,20260804_161104,2026-08-04 16:11:19.261318,NaN,6,probe,DIGIT5_OFF,150,2026-08-04 16:20:26.995483,547.692353,0.000000,,9,,,,keyboard,digit#5 off,"{""value"":9,""note"":""digit#5 off"",""pd_used"":0}",2,0.016667,60.000000,1
Sergio_G01_CNS-LLF5RV3D8,s01,ses03,20260804_161104,2026-08-04 16:11:19.261318,NaN,6,probe,POSTDIG_FIX5_ON,155,2026-08-04 16:20:26.996226,547.692353,3.333382,,,,,,keyboard,after digit#5,"{""note"":""after digit#5""}",2,0.016667,60.000000,1
Sergio_G01_CNS-LLF5RV3D8,s01,ses03,20260804_161104,2026-08-04 16:11:19.261318,NaN,6,probe,POSTDIG_FIX5_OFF,160,2026-08-04 16:20:30.329732,551.025736,0.050042,,,,,,keyboard,after digit#5,"{""note"":""after digit#5"",""pd_used"":0}",2,0.016667,60.000000,1
Sergio_G01_CNS-LLF5RV3D8,s01,ses03,20260804_161104,2026-08-04 16:11:19.261318,NaN,6,probe,PROBE_DONE,73,2026-08-04 16:20:30.337105,551.075778,0.000786,,,,,,keyboard,probe complete,"{""value"":"""",""note"":""probe complete""}",2,0.016667,60.000000,1
Sergio_G01_CNS-LLF5RV3D8,s01,ses03,20260804_161104,2026-08-04 16:11:19.261318,NaN,6,probe,TRIAL_END,21,2026-08-04 16:20:30.337815,551.076564,0.097210,,,,,,keyboard,,{},2,0.016667,60.000000,1
Sergio_G01_CNS-LLF5RV3D8,s01,ses03,20260804_161104,2026-08-04 16:11:19.261318,NaN,7,probe,TRIAL_CHANGE,22,2026-08-04 16:20:30.435173,551.173774,0.000870,,,,,,keyboard,trial transition,"{""note"":""trial transition""}",2,0.016667,60.000000,1
Sergio_G01_CNS-LLF5RV3D8,s01,ses03,20260804_161104,2026-08-04 16:11:19.261318,NaN,7,probe,TRIAL_START,20,2026-08-04 16:20:30.435825,551.174644,0.051080,,,,,,keyboard,,{},2,0.016667,60.000000,1
Sergio_G01_CNS-LLF5RV3D8,s01,ses03,20260804_161104,2026-08-04 16:11:19.261318,NaN,7,fix1,FIX1_ON,30,2026-08-04 16:20:30.529428,551.225724,3.133323,,,,,,keyboard,,"{""pd_used"":0}",2,0.016667,60.000000,1
Sergio_G01_CNS-LLF5RV3D8,s01,ses03,20260804_161104,2026-08-04 16:11:19.261318,NaN,7,fix1,FIX1_OFF,31,2026-08-04 16:20:33.662060,554.359046,0.049981,,,,,,keyboard,,"{""pd_used"":0}",2,0.016667,60.000000,1
Sergio_G01_CNS-LLF5RV3D8,s01,ses03,20260804_161104,2026-08-04 16:11:19.261318,NaN,7,digit,DIGIT1_ON,141,2026-08-04 16:20:33.713681,554.409028,0.550036,,2,,,,keyboard,digit#1 shown,"{""value"":2,""note"":""digit#1 shown"",""pd_used"":1}",2,0.016667,60.000000,1
Sergio_G01_CNS-LLF5RV3D8,s01,ses03,20260804_161104,2026-08-04 16:11:19.261318,NaN,7,digit,DIGIT1_OFF,146,2026-08-04 16:20:34.262299,554.959064,0.000000,,2,,,,keyboard,digit#1 off,"{""value"":2,""note"":""digit#1 off"",""pd_used"":0}",2,0.016667,60.000000,1
Sergio_G01_CNS-LLF5RV3D8,s01,ses03,20260804_161104,2026-08-04 16:11:19.261318,NaN,7,digit,POSTDIG_FIX1_ON,151,2026-08-04 16:20:34.263046,554.959064,1.933344,,,,,,keyboard,after digit#1,"{""note"":""after digit#1""}",2,0.016667,60.000000,1
Sergio_G01_CNS-LLF5RV3D8,s01,ses03,20260804_161104,2026-08-04 16:11:19.261318,NaN,7,digit,POSTDIG_FIX1_OFF,156,2026-08-04 16:20:36.195833,556.892408,0.049975,,,,,,keyboard,after digit#1,"{""note"":""after digit#1"",""pd_used"":0}",2,0.016667,60.000000,1
Sergio_G01_CNS-LLF5RV3D8,s01,ses03,20260804_161104,2026-08-04 16:11:19.261318,NaN,7,digit,DIGIT2_ON,142,2026-08-04 16:20:36.247438,556.942383,0.550022,,7,,,,keyboard,digit#2 shown,"{""value"":7,""note"":""digit#2 shown"",""pd_used"":1}",2,0.016667,60.000000,1
Sergio_G01_CNS-LLF5RV3D8,s01,ses03,20260804_161104,2026-08-04 16:11:19.261318,NaN,7,digit,DIGIT2_OFF,147,2026-08-04 16:20:36.795653,557.492405,0.000000,,7,,,,keyboard,digit#2 off,"{""value"":7,""note"":""digit#2 off"",""pd_used"":0}",2,0.016667,60.000000,1
Sergio_G01_CNS-LLF5RV3D8,s01,ses03,20260804_161104,2026-08-04 16:11:19.261318,NaN,7,digit,POSTDIG_FIX2_ON,152,2026-08-04 16:20:36.796421,557.492405,1.766695,,,,,,keyboard,after digit#2,"{""note"":""after digit#2""}",2,0.016667,60.000000,1
Sergio_G01_CNS-LLF5RV3D8,s01,ses03,20260804_161104,2026-08-04 16:11:19.261318,NaN,7,digit,POSTDIG_FIX2_OFF,157,2026-08-04 16:20:38.562417,559.259100,0.049963,,,,,,keyboard,after digit#2,"{""note"":""after digit#2"",""pd_used"":0}",2,0.016667,60.000000,1
Sergio_G01_CNS-LLF5RV3D8,s01,ses03,20260804_161104,2026-08-04 16:11:19.261318,NaN,7,digit,DIGIT3_ON,143,2026-08-04 16:20:38.613701,559.309063,0.550031,,2,,,,keyboard,digit#3 shown,"{""value"":2,""note"":""digit#3 shown"",""pd_used"":1}",2,0.016667,60.000000,1
Sergio_G01_CNS-LLF5RV3D8,s01,ses03,20260804_161104,2026-08-04 16:11:19.261318,NaN,7,digit,DIGIT3_OFF,148,2026-08-04 16:20:39.162295,559.859094,0.000000,,2,,,,keyboard,digit#3 off,"{""value"":2,""note"":""digit#3 off"",""pd_used"":0}",2,0.016667,60.000000,1
Sergio_G01_CNS-LLF5RV3D8,s01,ses03,20260804_161104,2026-08-04 16:11:19.261318,NaN,7,digit,POSTDIG_FIX3_ON,153,2026-08-04 16:20:39.163048,559.859094,1.866643,,,,,,keyboard,after digit#3,"{""note"":""after digit#3""}",2,0.016667,60.000000,1
Sergio_G01_CNS-LLF5RV3D8,s01,ses03,20260804_161104,2026-08-04 16:11:19.261318,NaN,7,digit,POSTDIG_FIX3_OFF,158,2026-08-04 16:20:41.029026,561.725736,0.050028,,,,,,keyboard,after digit#3,"{""note"":""after digit#3"",""pd_used"":0}",2,0.016667,60.000000,1
Sergio_G01_CNS-LLF5RV3D8,s01,ses03,20260804_161104,2026-08-04 16:11:19.261318,NaN,7,digit,DIGIT4_ON,144,2026-08-04 16:20:41.080424,561.775764,0.549996,,6,,,,keyboard,digit#4 shown,"{""value"":6,""note"":""digit#4 shown"",""pd_used"":1}",2,0.016667,60.000000,1
Sergio_G01_CNS-LLF5RV3D8,s01,ses03,20260804_161104,2026-08-04 16:11:19.261318,NaN,7,digit,DIGIT4_OFF,149,2026-08-04 16:20:41.629429,562.325760,0.000000,,6,,,,keyboard,digit#4 off,"{""value"":6,""note"":""digit#4 off"",""pd_used"":0}",2,0.016667,60.000000,1
Sergio_G01_CNS-LLF5RV3D8,s01,ses03,20260804_161104,2026-08-04 16:11:19.261318,NaN,7,digit,POSTDIG_FIX4_ON,154,2026-08-04 16:20:41.630255,562.325760,1.999980,,,,,,keyboard,after digit#4,"{""note"":""after digit#4""}",2,0.016667,60.000000,1
Sergio_G01_CNS-LLF5RV3D8,s01,ses03,20260804_161104,2026-08-04 16:11:19.261318,NaN,7,digit,POSTDIG_FIX4_OFF,159,2026-08-04 16:20:43.628813,564.325740,0.049999,,,,,,keyboard,after digit#4,"{""note"":""after digit#4"",""pd_used"":0}",2,0.016667,60.000000,1
Sergio_G01_CNS-LLF5RV3D8,s01,ses03,20260804_161104,2026-08-04 16:11:19.261318,NaN,7,digit,DIGIT5_ON,145,2026-08-04 16:20:43.680043,564.375739,0.550019,,1,,,,keyboard,digit#5 shown,"{""value"":1,""note"":""digit#5 shown"",""pd_used"":1}",2,0.016667,60.000000,1
Sergio_G01_CNS-LLF5RV3D8,s01,ses03,20260804_161104,2026-08-04 16:11:19.261318,NaN,7,digit,DIGIT5_OFF,150,2026-08-04 16:20:44.228870,564.925757,0.000000,,1,,,,keyboard,digit#5 off,"{""value"":1,""note"":""digit#5 off"",""pd_used"":0}",2,0.016667,60.000000,1
Sergio_G01_CNS-LLF5RV3D8,s01,ses03,20260804_161104,2026-08-04 16:11:19.261318,NaN,7,digit,POSTDIG_FIX5_ON,155,2026-08-04 16:20:44.229616,564.925757,3.516696,,,,,,keyboard,after digit#5,"{""note"":""after digit#5""}",2,0.016667,60.000000,1
Sergio_G01_CNS-LLF5RV3D8,s01,ses03,20260804_161104,2026-08-04 16:11:19.261318,NaN,7,digit,POSTDIG_FIX5_OFF,160,2026-08-04 16:20:47.745755,568.442453,0.049983,,,,,,keyboard,after digit#5,"{""note"":""after digit#5"",""pd_used"":0}",2,0.016667,60.000000,1
Sergio_G01_CNS-LLF5RV3D8,s01,ses03,20260804_161104,2026-08-04 16:11:19.261318,NaN,7,distractor,DISTRACTOR_ON,50,2026-08-04 16:20:47.796965,568.492437,11.037309,,2+5=5,,,,keyboard,,"{""value"":""2+5=5"",""isCorrectTruth"":false,""trueSum"":7,""pd_used"":1}",2,0.016667,60.000000,1
Sergio_G01_CNS-LLF5RV3D8,s01,ses03,20260804_161104,2026-08-04 16:11:19.261318,NaN,7,distractor,DISTRACTOR_ANS,51,2026-08-04 16:20:59.254495,579.529746,0.000000,11.037309,2+5=5,F,1,,keyboard,key= (False),"{""value"":""2+5=5"",""entered"":""F"",""rt"":11.037309000035748,""correct"":1,""note"":""key= (False)"",""truth"":false,""trueSum"":7,""shownSum"":5,""a"":2,""b"":5}",2,0.016667,60.000000,1
Sergio_G01_CNS-LLF5RV3D8,s01,ses03,20260804_161104,2026-08-04 16:11:19.261318,NaN,7,distractor,ANS_CORRECT,100,2026-08-04 16:20:59.296832,579.529746,0.512748,,,,,,keyboard,,{},2,0.016667,60.000000,1
Sergio_G01_CNS-LLF5RV3D8,s01,ses03,20260804_161104,2026-08-04 16:11:19.261318,NaN,7,distractor,DISTRACTOR_OFF,52,2026-08-04 16:20:59.348406,580.042494,0.000000,,,,,,keyboard,,"{""pd_used"":0}",2,0.016667,60.000000,1
Sergio_G01_CNS-LLF5RV3D8,s01,ses03,20260804_161104,2026-08-04 16:11:19.261318,NaN,7,distractor,FIX2_ON,60,2026-08-04 16:20:59.349079,580.042494,3.450020,,,,,,keyboard,immediate after response,"{""note"":""immediate after response""}",2,0.016667,60.000000,1
Sergio_G01_CNS-LLF5RV3D8,s01,ses03,20260804_161104,2026-08-04 16:11:19.261318,NaN,7,fix2,FIX2_OFF,61,2026-08-04 16:21:02.795693,583.492514,0.049999,,,,,,keyboard,,"{""pd_used"":0}",2,0.016667,60.000000,1
Sergio_G01_CNS-LLF5RV3D8,s01,ses03,20260804_161104,2026-08-04 16:11:19.261318,NaN,7,probe,DIGIT_RECALL_LINE_1,161,2026-08-04 16:21:02.846894,583.542513,2.627280,,1,,,,keyboard,first recall question,"{""value"":1,""note"":""first recall question"",""pd_used"":1}",2,0.016667,60.000000,1
Sergio_G01_CNS-LLF5RV3D8,s01,ses03,20260804_161104,2026-08-04 16:11:19.261318,NaN,7,probe,PROBE_DIGIT_OK_1,71,2026-08-04 16:21:06.092271,586.169793,0.789404,2.634555,slot#1,NaN,,,keyboard,probe_digit#1,"{""value"":""slot#1"",""entered"":null,""rt"":2.6345551999984309,""note"":""probe_digit#1""}",2,0.016667,60.000000,1
Sergio_G01_CNS-LLF5RV3D8,s01,ses03,20260804_161104,2026-08-04 16:11:19.261318,NaN,7,probe,DIGIT1_OFF,146,2026-08-04 16:21:06.262487,586.959198,0.000000,,1,,,,keyboard,digit#1 off,"{""value"":1,""note"":""digit#1 off"",""pd_used"":0}",2,0.016667,60.000000,1
Sergio_G01_CNS-LLF5RV3D8,s01,ses03,20260804_161104,2026-08-04 16:11:19.261318,NaN,7,probe,POSTDIG_FIX1_ON,151,2026-08-04 16:21:06.263325,586.959198,1.883375,,,,,,keyboard,after digit#1,"{""note"":""after digit#1""}",2,0.016667,60.000000,1
Sergio_G01_CNS-LLF5RV3D8,s01,ses03,20260804_161104,2026-08-04 16:11:19.261318,NaN,7,probe,POSTDIG_FIX1_OFF,156,2026-08-04 16:21:08.146008,588.842573,0.066608,,,,,,keyboard,after digit#1,"{""note"":""after digit#1"",""pd_used"":0}",2,0.016667,60.000000,1
Sergio_G01_CNS-LLF5RV3D8,s01,ses03,20260804_161104,2026-08-04 16:11:19.261318,NaN,7,probe,DIGIT_RECALL_LINE_2,162,2026-08-04 16:21:08.212053,588.909181,1.586796,,2,,,,keyboard,next recall question,"{""value"":2,""note"":""next recall question"",""pd_used"":1}",2,0.016667,60.000000,1
Sergio_G01_CNS-LLF5RV3D8,s01,ses03,20260804_161104,2026-08-04 16:11:19.261318,NaN,7,probe,PROBE_DIGIT_OK_2,71,2026-08-04 16:21:10.191266,590.495977,0.546562,6.960738,slot#2,NaN,,,keyboard,probe_digit#2,"{""value"":""slot#2"",""entered"":null,""rt"":6.960738499998115,""note"":""probe_digit#2""}",2,0.016667,60.000000,1
Sergio_G01_CNS-LLF5RV3D8,s01,ses03,20260804_161104,2026-08-04 16:11:19.261318,NaN,7,probe,DIGIT2_OFF,147,2026-08-04 16:21:10.345788,591.042539,0.000000,,1,,,,keyboard,digit#2 off,"{""value"":1,""note"":""digit#2 off"",""pd_used"":0}",2,0.016667,60.000000,1
Sergio_G01_CNS-LLF5RV3D8,s01,ses03,20260804_161104,2026-08-04 16:11:19.261318,NaN,7,probe,POSTDIG_FIX2_ON,152,2026-08-04 16:21:10.346545,591.042539,1.966689,,,,,,keyboard,after digit#2,"{""note"":""after digit#2""}",2,0.016667,60.000000,1
Sergio_G01_CNS-LLF5RV3D8,s01,ses03,20260804_161104,2026-08-04 16:11:19.261318,NaN,7,probe,POSTDIG_FIX2_OFF,157,2026-08-04 16:21:12.312358,593.009228,0.066655,,,,,,keyboard,after digit#2,"{""note"":""after digit#2"",""pd_used"":0}",2,0.016667,60.000000,1
Sergio_G01_CNS-LLF5RV3D8,s01,ses03,20260804_161104,2026-08-04 16:11:19.261318,NaN,7,probe,DIGIT_RECALL_LINE_3,163,2026-08-04 16:21:12.378777,593.075883,0.932140,,3,,,,keyboard,next recall question,"{""value"":3,""note"":""next recall question"",""pd_used"":1}",2,0.016667,60.000000,1
Sergio_G01_CNS-LLF5RV3D8,s01,ses03,20260804_161104,2026-08-04 16:11:19.261318,NaN,7,probe,PROBE_DIGIT_OK_3,71,2026-08-04 16:21:13.862089,594.008023,0.701184,10.472784,slot#3,NaN,,,keyboard,probe_digit#3,"{""value"":""slot#3"",""entered"":null,""rt"":10.472784399986267,""note"":""probe_digit#3""}",2,0.016667,60.000000,1
Sergio_G01_CNS-LLF5RV3D8,s01,ses03,20260804_161104,2026-08-04 16:11:19.261318,NaN,7,probe,DIGIT3_OFF,148,2026-08-04 16:21:14.012152,594.709206,0.000000,,1,,,,keyboard,digit#3 off,"{""value"":1,""note"":""digit#3 off"",""pd_used"":0}",2,0.016667,60.000000,1
Sergio_G01_CNS-LLF5RV3D8,s01,ses03,20260804_161104,2026-08-04 16:11:19.261318,NaN,7,probe,POSTDIG_FIX3_ON,153,2026-08-04 16:21:14.012913,594.709206,2.016716,,,,,,keyboard,after digit#3,"{""note"":""after digit#3""}",2,0.016667,60.000000,1
Sergio_G01_CNS-LLF5RV3D8,s01,ses03,20260804_161104,2026-08-04 16:11:19.261318,NaN,7,probe,POSTDIG_FIX3_OFF,158,2026-08-04 16:21:16.029200,596.725922,0.066655,,,,,,keyboard,after digit#3,"{""note"":""after digit#3"",""pd_used"":0}",2,0.016667,60.000000,1
Sergio_G01_CNS-LLF5RV3D8,s01,ses03,20260804_161104,2026-08-04 16:11:19.261318,NaN,7,probe,DIGIT_RECALL_LINE_4,164,2026-08-04 16:21:16.095692,596.792577,3.913662,,4,,,,keyboard,next recall question,"{""value"":4,""note"":""next recall question"",""pd_used"":1}",2,0.016667,60.000000,1
Sergio_G01_CNS-LLF5RV3D8,s01,ses03,20260804_161104,2026-08-04 16:11:19.261318,NaN,7,probe,PROBE_DIGIT_OK_4,71,2026-08-04 16:21:20.300513,600.706239,0.436362,17.171001,slot#4,NaN,,,keyboard,probe_digit#4,"{""value"":""slot#4"",""entered"":null,""rt"":17.171001199982129,""note"":""probe_digit#4""}",2,0.016667,60.000000,1
Sergio_G01_CNS-LLF5RV3D8,s01,ses03,20260804_161104,2026-08-04 16:11:19.261318,NaN,7,probe,DIGIT4_OFF,149,2026-08-04 16:21:20.445751,601.142601,0.000000,,1,,,,keyboard,digit#4 off,"{""value"":1,""note"":""digit#4 off"",""pd_used"":0}",2,0.016667,60.000000,1
Sergio_G01_CNS-LLF5RV3D8,s01,ses03,20260804_161104,2026-08-04 16:11:19.261318,NaN,7,probe,POSTDIG_FIX4_ON,154,2026-08-04 16:21:20.446489,601.142601,2.016805,,,,,,keyboard,after digit#4,"{""note"":""after digit#4""}",2,0.016667,60.000000,1
Sergio_G01_CNS-LLF5RV3D8,s01,ses03,20260804_161104,2026-08-04 16:11:19.261318,NaN,7,probe,POSTDIG_FIX4_OFF,159,2026-08-04 16:21:22.462799,603.159406,0.066514,,,,,,keyboard,after digit#4,"{""note"":""after digit#4"",""pd_used"":0}",2,0.016667,60.000000,1
Sergio_G01_CNS-LLF5RV3D8,s01,ses03,20260804_161104,2026-08-04 16:11:19.261318,NaN,7,probe,DIGIT_RECALL_LINE_5,165,2026-08-04 16:21:22.528858,603.225920,2.806750,,5,,,,keyboard,next recall question,"{""value"":5,""note"":""next recall question"",""pd_used"":1}",2,0.016667,60.000000,1
Sergio_G01_CNS-LLF5RV3D8,s01,ses03,20260804_161104,2026-08-04 16:11:19.261318,NaN,7,probe,PROBE_DIGIT_OK_5,71,2026-08-04 16:21:25.784601,606.032670,0.593265,22.497431,slot#5,NaN,,,keyboard,probe_digit#5,"{""value"":""slot#5"",""entered"":null,""rt"":22.497431499999948,""note"":""probe_digit#5""}",2,0.016667,60.000000,1
Sergio_G01_CNS-LLF5RV3D8,s01,ses03,20260804_161104,2026-08-04 16:11:19.261318,NaN,7,probe,DIGIT5_OFF,150,2026-08-04 16:21:25.929126,606.625934,0.000000,,1,,,,keyboard,digit#5 off,"{""value"":1,""note"":""digit#5 off"",""pd_used"":0}",2,0.016667,60.000000,1
Sergio_G01_CNS-LLF5RV3D8,s01,ses03,20260804_161104,2026-08-04 16:11:19.261318,NaN,7,probe,POSTDIG_FIX5_ON,155,2026-08-04 16:21:25.929858,606.625934,3.483331,,,,,,keyboard,after digit#5,"{""note"":""after digit#5""}",2,0.016667,60.000000,1
Sergio_G01_CNS-LLF5RV3D8,s01,ses03,20260804_161104,2026-08-04 16:11:19.261318,NaN,7,probe,POSTDIG_FIX5_OFF,160,2026-08-04 16:21:29.412590,610.109266,0.050084,,,,,,keyboard,after digit#5,"{""note"":""after digit#5"",""pd_used"":0}",2,0.016667,60.000000,1
Sergio_G01_CNS-LLF5RV3D8,s01,ses03,20260804_161104,2026-08-04 16:11:19.261318,NaN,7,probe,PROBE_DONE,73,2026-08-04 16:21:29.420663,610.159350,0.000709,,,,,,keyboard,probe complete,"{""value"":"""",""note"":""probe complete""}",2,0.016667,60.000000,1
Sergio_G01_CNS-LLF5RV3D8,s01,ses03,20260804_161104,2026-08-04 16:11:19.261318,NaN,7,probe,TRIAL_END,21,2026-08-04 16:21:29.421237,610.160059,0.094779,,,,,,keyboard,,{},2,0.016667,60.000000,1
Sergio_G01_CNS-LLF5RV3D8,s01,ses03,20260804_161104,2026-08-04 16:11:19.261318,NaN,8,probe,TRIAL_CHANGE,22,2026-08-04 16:21:29.516255,610.254838,0.001156,,,,,,keyboard,trial transition,"{""note"":""trial transition""}",2,0.016667,60.000000,1
Sergio_G01_CNS-LLF5RV3D8,s01,ses03,20260804_161104,2026-08-04 16:11:19.261318,NaN,8,probe,TRIAL_START,20,2026-08-04 16:21:29.517380,610.255994,0.053308,,,,,,keyboard,,{},2,0.016667,60.000000,1
Sergio_G01_CNS-LLF5RV3D8,s01,ses03,20260804_161104,2026-08-04 16:11:19.261318,NaN,8,fix1,FIX1_ON,30,2026-08-04 16:21:29.612166,610.309302,3.200031,,,,,,keyboard,,"{""pd_used"":0}",2,0.016667,60.000000,1
Sergio_G01_CNS-LLF5RV3D8,s01,ses03,20260804_161104,2026-08-04 16:11:19.261318,NaN,8,fix1,FIX1_OFF,31,2026-08-04 16:21:32.812681,613.509334,0.049971,,,,,,keyboard,,"{""pd_used"":0}",2,0.016667,60.000000,1
Sergio_G01_CNS-LLF5RV3D8,s01,ses03,20260804_161104,2026-08-04 16:11:19.261318,NaN,8,digit,DIGIT1_ON,141,2026-08-04 16:21:32.863945,613.559305,0.550017,,1,,,,keyboard,digit#1 shown,"{""value"":1,""note"":""digit#1 shown"",""pd_used"":1}",2,0.016667,60.000000,1
Sergio_G01_CNS-LLF5RV3D8,s01,ses03,20260804_161104,2026-08-04 16:11:19.261318,NaN,8,digit,DIGIT1_OFF,146,2026-08-04 16:21:33.412545,614.109322,0.000000,,1,,,,keyboard,digit#1 off,"{""value"":1,""note"":""digit#1 off"",""pd_used"":0}",2,0.016667,60.000000,1
Sergio_G01_CNS-LLF5RV3D8,s01,ses03,20260804_161104,2026-08-04 16:11:19.261318,NaN,8,digit,POSTDIG_FIX1_ON,151,2026-08-04 16:21:33.413293,614.109322,1.816654,,,,,,keyboard,after digit#1,"{""note"":""after digit#1""}",2,0.016667,60.000000,1
Sergio_G01_CNS-LLF5RV3D8,s01,ses03,20260804_161104,2026-08-04 16:11:19.261318,NaN,8,digit,POSTDIG_FIX1_OFF,156,2026-08-04 16:21:35.229251,615.925976,0.050024,,,,,,keyboard,after digit#1,"{""note"":""after digit#1"",""pd_used"":0}",2,0.016667,60.000000,1
Sergio_G01_CNS-LLF5RV3D8,s01,ses03,20260804_161104,2026-08-04 16:11:19.261318,NaN,8,digit,DIGIT2_ON,142,2026-08-04 16:21:35.280821,615.975999,0.549976,,0,,,,keyboard,digit#2 shown,"{""value"":0,""note"":""digit#2 shown"",""pd_used"":1}",2,0.016667,60.000000,1
Sergio_G01_CNS-LLF5RV3D8,s01,ses03,20260804_161104,2026-08-04 16:11:19.261318,NaN,8,digit,DIGIT2_OFF,147,2026-08-04 16:21:35.829317,616.525975,0.000000,,0,,,,keyboard,digit#2 off,"{""value"":0,""note"":""digit#2 off"",""pd_used"":0}",2,0.016667,60.000000,1
Sergio_G01_CNS-LLF5RV3D8,s01,ses03,20260804_161104,2026-08-04 16:11:19.261318,NaN,8,digit,POSTDIG_FIX2_ON,152,2026-08-04 16:21:35.830078,616.525975,1.616704,,,,,,keyboard,after digit#2,"{""note"":""after digit#2""}",2,0.016667,60.000000,1
Sergio_G01_CNS-LLF5RV3D8,s01,ses03,20260804_161104,2026-08-04 16:11:19.261318,NaN,8,digit,POSTDIG_FIX2_OFF,157,2026-08-04 16:21:37.446039,618.142679,0.049981,,,,,,keyboard,after digit#2,"{""note"":""after digit#2"",""pd_used"":0}",2,0.016667,60.000000,1
Sergio_G01_CNS-LLF5RV3D8,s01,ses03,20260804_161104,2026-08-04 16:11:19.261318,NaN,8,digit,DIGIT3_ON,143,2026-08-04 16:21:37.497567,618.192660,0.549997,,2,,,,keyboard,digit#3 shown,"{""value"":2,""note"":""digit#3 shown"",""pd_used"":1}",2,0.016667,60.000000,1
Sergio_G01_CNS-LLF5RV3D8,s01,ses03,20260804_161104,2026-08-04 16:11:19.261318,NaN,8,digit,DIGIT3_OFF,148,2026-08-04 16:21:38.046032,618.742657,0.000000,,2,,,,keyboard,digit#3 off,"{""value"":2,""note"":""digit#3 off"",""pd_used"":0}",2,0.016667,60.000000,1
Sergio_G01_CNS-LLF5RV3D8,s01,ses03,20260804_161104,2026-08-04 16:11:19.261318,NaN,8,digit,POSTDIG_FIX3_ON,153,2026-08-04 16:21:38.046832,618.742657,1.850457,,,,,,keyboard,after digit#3,"{""note"":""after digit#3""}",2,0.016667,60.000000,1
Sergio_G01_CNS-LLF5RV3D8,s01,ses03,20260804_161104,2026-08-04 16:11:19.261318,NaN,8,digit,POSTDIG_FIX3_OFF,158,2026-08-04 16:21:39.896629,620.593114,0.049572,,,,,,keyboard,after digit#3,"{""note"":""after digit#3"",""pd_used"":0}",2,0.016667,60.000000,1
Sergio_G01_CNS-LLF5RV3D8,s01,ses03,20260804_161104,2026-08-04 16:11:19.261318,NaN,8,digit,DIGIT4_ON,144,2026-08-04 16:21:39.947960,620.642686,0.550466,,8,,,,keyboard,digit#4 shown,"{""value"":8,""note"":""digit#4 shown"",""pd_used"":1}",2,0.016667,60.000000,1
Sergio_G01_CNS-LLF5RV3D8,s01,ses03,20260804_161104,2026-08-04 16:11:19.261318,NaN,8,digit,DIGIT4_OFF,149,2026-08-04 16:21:40.496500,621.193152,0.000000,,8,,,,keyboard,digit#4 off,"{""value"":8,""note"":""digit#4 off"",""pd_used"":0}",2,0.016667,60.000000,1
Sergio_G01_CNS-LLF5RV3D8,s01,ses03,20260804_161104,2026-08-04 16:11:19.261318,NaN,8,digit,POSTDIG_FIX4_ON,154,2026-08-04 16:21:40.497270,621.193152,1.699516,,,,,,keyboard,after digit#4,"{""note"":""after digit#4""}",2,0.016667,60.000000,1
Sergio_G01_CNS-LLF5RV3D8,s01,ses03,20260804_161104,2026-08-04 16:11:19.261318,NaN,8,digit,POSTDIG_FIX4_OFF,159,2026-08-04 16:21:42.195940,622.892668,0.049997,,,,,,keyboard,after digit#4,"{""note"":""after digit#4"",""pd_used"":0}",2,0.016667,60.000000,1
Sergio_G01_CNS-LLF5RV3D8,s01,ses03,20260804_161104,2026-08-04 16:11:19.261318,NaN,8,digit,DIGIT5_ON,145,2026-08-04 16:21:42.247523,622.942665,0.550039,,5,,,,keyboard,digit#5 shown,"{""value"":5,""note"":""digit#5 shown"",""pd_used"":1}",2,0.016667,60.000000,1
Sergio_G01_CNS-LLF5RV3D8,s01,ses03,20260804_161104,2026-08-04 16:11:19.261318,NaN,8,digit,DIGIT5_OFF,150,2026-08-04 16:21:42.796300,623.492705,0.000000,,5,,,,keyboard,digit#5 off,"{""value"":5,""note"":""digit#5 off"",""pd_used"":0}",2,0.016667,60.000000,1
Sergio_G01_CNS-LLF5RV3D8,s01,ses03,20260804_161104,2026-08-04 16:11:19.261318,NaN,8,digit,POSTDIG_FIX5_ON,155,2026-08-04 16:21:42.797068,623.492705,3.200015,,,,,,keyboard,after digit#5,"{""note"":""after digit#5""}",2,0.016667,60.000000,1
Sergio_G01_CNS-LLF5RV3D8,s01,ses03,20260804_161104,2026-08-04 16:11:19.261318,NaN,8,digit,POSTDIG_FIX5_OFF,160,2026-08-04 16:21:45.996103,626.692720,0.049947,,,,,,keyboard,after digit#5,"{""note"":""after digit#5"",""pd_used"":0}",2,0.016667,60.000000,1
Sergio_G01_CNS-LLF5RV3D8,s01,ses03,20260804_161104,2026-08-04 16:11:19.261318,NaN,8,distractor,DISTRACTOR_ON,50,2026-08-04 16:21:46.047570,626.742668,13.558928,,6+4=12,,,,keyboard,,"{""value"":""6+4=12"",""isCorrectTruth"":false,""trueSum"":10,""pd_used"":1}",2,0.016667,60.000000,1
Sergio_G01_CNS-LLF5RV3D8,s01,ses03,20260804_161104,2026-08-04 16:11:19.261318,NaN,8,distractor,DISTRACTOR_ANS,51,2026-08-04 16:22:00.073706,640.301596,0.000000,13.558928,6+4=12,F,1,,keyboard,key= (False),"{""value"":""6+4=12"",""entered"":""F"",""rt"":13.5589283000445,""correct"":1,""note"":""key= (False)"",""truth"":false,""trueSum"":10,""shownSum"":12,""a"":6,""b"":4}",2,0.016667,60.000000,1
Sergio_G01_CNS-LLF5RV3D8,s01,ses03,20260804_161104,2026-08-04 16:11:19.261318,NaN,8,distractor,ANS_CORRECT,100,2026-08-04 16:22:00.116228,640.301596,0.557836,,,,,,keyboard,,{},2,0.016667,60.000000,1
Sergio_G01_CNS-LLF5RV3D8,s01,ses03,20260804_161104,2026-08-04 16:11:19.261318,NaN,8,distractor,DISTRACTOR_OFF,52,2026-08-04 16:22:00.167582,640.859432,0.000000,,,,,,keyboard,,"{""pd_used"":0}",2,0.016667,60.000000,1
Sergio_G01_CNS-LLF5RV3D8,s01,ses03,20260804_161104,2026-08-04 16:11:19.261318,NaN,8,distractor,FIX2_ON,60,2026-08-04 16:22:00.168274,640.859432,3.250035,,,,,,keyboard,immediate after response,"{""note"":""immediate after response""}",2,0.016667,60.000000,1
Sergio_G01_CNS-LLF5RV3D8,s01,ses03,20260804_161104,2026-08-04 16:11:19.261318,NaN,8,fix2,FIX2_OFF,61,2026-08-04 16:22:03.412554,644.109467,0.049973,,,,,,keyboard,,"{""pd_used"":0}",2,0.016667,60.000000,1
Sergio_G01_CNS-LLF5RV3D8,s01,ses03,20260804_161104,2026-08-04 16:11:19.261318,NaN,8,probe,DIGIT_RECALL_LINE_1,161,2026-08-04 16:22:03.463825,644.159439,9.830435,,1,,,,keyboard,first recall question,"{""value"":1,""note"":""first recall question"",""pd_used"":1}",2,0.016667,60.000000,1
Sergio_G01_CNS-LLF5RV3D8,s01,ses03,20260804_161104,2026-08-04 16:11:19.261318,NaN,8,probe,PROBE_DIGIT_OK_1,71,2026-08-04 16:22:13.587825,653.989874,0.436273,9.837799,slot#1,NaN,,,keyboard,probe_digit#1,"{""value"":""slot#1"",""entered"":null,""rt"":9.8377985999686643,""note"":""probe_digit#1""}",2,0.016667,60.000000,1
Sergio_G01_CNS-LLF5RV3D8,s01,ses03,20260804_161104,2026-08-04 16:11:19.261318,NaN,8,probe,DIGIT1_OFF,146,2026-08-04 16:22:13.729336,654.426147,0.000000,,5,,,,keyboard,digit#1 off,"{""value"":5,""note"":""digit#1 off"",""pd_used"":0}",2,0.016667,60.000000,1
Sergio_G01_CNS-LLF5RV3D8,s01,ses03,20260804_161104,2026-08-04 16:11:19.261318,NaN,8,probe,POSTDIG_FIX1_ON,151,2026-08-04 16:22:13.730105,654.426147,1.633339,,,,,,keyboard,after digit#1,"{""note"":""after digit#1""}",2,0.016667,60.000000,1
Sergio_G01_CNS-LLF5RV3D8,s01,ses03,20260804_161104,2026-08-04 16:11:19.261318,NaN,8,probe,POSTDIG_FIX1_OFF,156,2026-08-04 16:22:15.362645,656.059486,0.066674,,,,,,keyboard,after digit#1,"{""note"":""after digit#1"",""pd_used"":0}",2,0.016667,60.000000,1
Sergio_G01_CNS-LLF5RV3D8,s01,ses03,20260804_161104,2026-08-04 16:11:19.261318,NaN,8,probe,DIGIT_RECALL_LINE_2,162,2026-08-04 16:22:15.429043,656.126160,1.092263,,2,,,,keyboard,next recall question,"{""value"":2,""note"":""next recall question"",""pd_used"":1}",2,0.016667,60.000000,1
Sergio_G01_CNS-LLF5RV3D8,s01,ses03,20260804_161104,2026-08-04 16:11:19.261318,NaN,8,probe,PROBE_DIGIT_OK_2,71,2026-08-04 16:22:17.301068,657.218423,0.941103,13.066348,slot#2,NaN,,,keyboard,probe_digit#2,"{""value"":""slot#2"",""entered"":null,""rt"":13.066347699961625,""note"":""probe_digit#2""}",2,0.016667,60.000000,1
Sergio_G01_CNS-LLF5RV3D8,s01,ses03,20260804_161104,2026-08-04 16:11:19.261318,NaN,8,probe,DIGIT2_OFF,147,2026-08-04 16:22:17.462630,658.159526,0.000000,,5,,,,keyboard,digit#2 off,"{""value"":5,""note"":""digit#2 off"",""pd_used"":0}",2,0.016667,60.000000,1
Sergio_G01_CNS-LLF5RV3D8,s01,ses03,20260804_161104,2026-08-04 16:11:19.261318,NaN,8,probe,POSTDIG_FIX2_ON,152,2026-08-04 16:22:17.463376,658.159526,1.833326,,,,,,keyboard,after digit#2,"{""note"":""after digit#2""}",2,0.016667,60.000000,1
Sergio_G01_CNS-LLF5RV3D8,s01,ses03,20260804_161104,2026-08-04 16:11:19.261318,NaN,8,probe,POSTDIG_FIX2_OFF,157,2026-08-04 16:22:19.296059,659.992852,0.066670,,,,,,keyboard,after digit#2,"{""note"":""after digit#2"",""pd_used"":0}",2,0.016667,60.000000,1
Sergio_G01_CNS-LLF5RV3D8,s01,ses03,20260804_161104,2026-08-04 16:11:19.261318,NaN,8,probe,DIGIT_RECALL_LINE_3,163,2026-08-04 16:22:19.362600,660.059522,1.484445,,3,,,,keyboard,next recall question,"{""value"":3,""note"":""next recall question"",""pd_used"":1}",2,0.016667,60.000000,1
Sergio_G01_CNS-LLF5RV3D8,s01,ses03,20260804_161104,2026-08-04 16:11:19.261318,NaN,8,probe,PROBE_DIGIT_OK_3,71,2026-08-04 16:22:21.290269,661.543967,0.598914,17.391892,slot#3,NaN,,,keyboard,probe_digit#3,"{""value"":""slot#3"",""entered"":null,""rt"":17.391891599982046,""note"":""probe_digit#3""}",2,0.016667,60.000000,1
Sergio_G01_CNS-LLF5RV3D8,s01,ses03,20260804_161104,2026-08-04 16:11:19.261318,NaN,8,probe,DIGIT3_OFF,148,2026-08-04 16:22:21.446005,662.142881,0.000000,,5,,,,keyboard,digit#3 off,"{""value"":5,""note"":""digit#3 off"",""pd_used"":0}",2,0.016667,60.000000,1
Sergio_G01_CNS-LLF5RV3D8,s01,ses03,20260804_161104,2026-08-04 16:11:19.261318,NaN,8,probe,POSTDIG_FIX3_ON,153,2026-08-04 16:22:21.446751,662.142881,1.633308,,,,,,keyboard,after digit#3,"{""note"":""after digit#3""}",2,0.016667,60.000000,1
Sergio_G01_CNS-LLF5RV3D8,s01,ses03,20260804_161104,2026-08-04 16:11:19.261318,NaN,8,probe,POSTDIG_FIX3_OFF,158,2026-08-04 16:22:23.079302,663.776189,0.066667,,,,,,keyboard,after digit#3,"{""note"":""after digit#3"",""pd_used"":0}",2,0.016667,60.000000,1
Sergio_G01_CNS-LLF5RV3D8,s01,ses03,20260804_161104,2026-08-04 16:11:19.261318,NaN,8,probe,DIGIT_RECALL_LINE_4,164,2026-08-04 16:22:23.145967,663.842857,9.412809,,4,,,,keyboard,next recall question,"{""value"":4,""note"":""next recall question"",""pd_used"":1}",2,0.016667,60.000000,1
Sergio_G01_CNS-LLF5RV3D8,s01,ses03,20260804_161104,2026-08-04 16:11:19.261318,NaN,8,probe,PROBE_DIGIT_OK_4,71,2026-08-04 16:22:33.021854,673.255666,0.603844,29.103590,slot#4,NaN,,,keyboard,probe_digit#4,"{""value"":""slot#4"",""entered"":null,""rt"":29.103590499958955,""note"":""probe_digit#4""}",2,0.016667,60.000000,1
Sergio_G01_CNS-LLF5RV3D8,s01,ses03,20260804_161104,2026-08-04 16:11:19.261318,NaN,8,probe,DIGIT4_OFF,149,2026-08-04 16:22:33.162604,673.859510,0.000000,,5,,,,keyboard,digit#4 off,"{""value"":5,""note"":""digit#4 off"",""pd_used"":0}",2,0.016667,60.000000,1
Sergio_G01_CNS-LLF5RV3D8,s01,ses03,20260804_161104,2026-08-04 16:11:19.261318,NaN,8,probe,POSTDIG_FIX4_ON,154,2026-08-04 16:22:33.163350,673.859510,1.716715,,,,,,keyboard,after digit#4,"{""note"":""after digit#4""}",2,0.016667,60.000000,1
Sergio_G01_CNS-LLF5RV3D8,s01,ses03,20260804_161104,2026-08-04 16:11:19.261318,NaN,8,probe,POSTDIG_FIX4_OFF,159,2026-08-04 16:22:34.879292,675.576225,0.066710,,,,,,keyboard,after digit#4,"{""note"":""after digit#4"",""pd_used"":0}",2,0.016667,60.000000,1
Sergio_G01_CNS-LLF5RV3D8,s01,ses03,20260804_161104,2026-08-04 16:11:19.261318,NaN,8,probe,DIGIT_RECALL_LINE_5,165,2026-08-04 16:22:34.945990,675.642935,4.641314,,5,,,,keyboard,next recall question,"{""value"":5,""note"":""next recall question"",""pd_used"":1}",2,0.016667,60.000000,1
Sergio_G01_CNS-LLF5RV3D8,s01,ses03,20260804_161104,2026-08-04 16:11:19.261318,NaN,8,probe,PROBE_DIGIT_OK_5,71,2026-08-04 16:22:40.039240,680.284249,0.608681,36.132174,slot#5,NaN,,,keyboard,probe_digit#5,"{""value"":""slot#5"",""entered"":null,""rt"":36.132173500023782,""note"":""probe_digit#5""}",2,0.016667,60.000000,1
Sergio_G01_CNS-LLF5RV3D8,s01,ses03,20260804_161104,2026-08-04 16:11:19.261318,NaN,8,probe,DIGIT5_OFF,150,2026-08-04 16:22:40.196214,680.892930,0.000000,,5,,,,keyboard,digit#5 off,"{""value"":5,""note"":""digit#5 off"",""pd_used"":0}",2,0.016667,60.000000,1
Sergio_G01_CNS-LLF5RV3D8,s01,ses03,20260804_161104,2026-08-04 16:11:19.261318,NaN,8,probe,POSTDIG_FIX5_ON,155,2026-08-04 16:22:40.196957,680.892930,3.466721,,,,,,keyboard,after digit#5,"{""note"":""after digit#5""}",2,0.016667,60.000000,1
Sergio_G01_CNS-LLF5RV3D8,s01,ses03,20260804_161104,2026-08-04 16:11:19.261318,NaN,8,probe,POSTDIG_FIX5_OFF,160,2026-08-04 16:22:43.662993,684.359651,0.049996,,,,,,keyboard,after digit#5,"{""note"":""after digit#5"",""pd_used"":0}",2,0.016667,60.000000,1
Sergio_G01_CNS-LLF5RV3D8,s01,ses03,20260804_161104,2026-08-04 16:11:19.261318,NaN,8,probe,PROBE_DONE,73,2026-08-04 16:22:43.670939,684.409646,0.000674,,,,,,keyboard,probe complete,"{""value"":"""",""note"":""probe complete""}",2,0.016667,60.000000,1
Sergio_G01_CNS-LLF5RV3D8,s01,ses03,20260804_161104,2026-08-04 16:11:19.261318,NaN,8,probe,TRIAL_END,21,2026-08-04 16:22:43.671495,684.410321,0.102826,,,,,,keyboard,,{},2,0.016667,60.000000,1
Sergio_G01_CNS-LLF5RV3D8,s01,ses03,20260804_161104,2026-08-04 16:11:19.261318,NaN,9,probe,TRIAL_CHANGE,22,2026-08-04 16:22:43.774564,684.513147,0.001098,,,,,,keyboard,trial transition,"{""note"":""trial transition""}",2,0.016667,60.000000,1
Sergio_G01_CNS-LLF5RV3D8,s01,ses03,20260804_161104,2026-08-04 16:11:19.261318,NaN,9,probe,TRIAL_START,20,2026-08-04 16:22:43.775693,684.514245,0.045328,,,,,,keyboard,,{},2,0.016667,60.000000,1
Sergio_G01_CNS-LLF5RV3D8,s01,ses03,20260804_161104,2026-08-04 16:11:19.261318,NaN,9,fix1,FIX1_ON,30,2026-08-04 16:22:43.869424,684.559573,3.116747,,,,,,keyboard,,"{""pd_used"":0}",2,0.016667,60.000000,1
Sergio_G01_CNS-LLF5RV3D8,s01,ses03,20260804_161104,2026-08-04 16:11:19.261318,NaN,9,fix1,FIX1_OFF,31,2026-08-04 16:22:46.979527,687.676320,0.049965,,,,,,keyboard,,"{""pd_used"":0}",2,0.016667,60.000000,1
Sergio_G01_CNS-LLF5RV3D8,s01,ses03,20260804_161104,2026-08-04 16:11:19.261318,NaN,9,digit,DIGIT1_ON,141,2026-08-04 16:22:47.030572,687.726284,0.550021,,7,,,,keyboard,digit#1 shown,"{""value"":7,""note"":""digit#1 shown"",""pd_used"":1}",2,0.016667,60.000000,1
Sergio_G01_CNS-LLF5RV3D8,s01,ses03,20260804_161104,2026-08-04 16:11:19.261318,NaN,9,digit,DIGIT1_OFF,146,2026-08-04 16:22:47.579457,688.276306,0.000000,,7,,,,keyboard,digit#1 off,"{""value"":7,""note"":""digit#1 off"",""pd_used"":0}",2,0.016667,60.000000,1
Sergio_G01_CNS-LLF5RV3D8,s01,ses03,20260804_161104,2026-08-04 16:11:19.261318,NaN,9,digit,POSTDIG_FIX1_ON,151,2026-08-04 16:22:47.580223,688.276306,1.883348,,,,,,keyboard,after digit#1,"{""note"":""after digit#1""}",2,0.016667,60.000000,1
Sergio_G01_CNS-LLF5RV3D8,s01,ses03,20260804_161104,2026-08-04 16:11:19.261318,NaN,9,digit,POSTDIG_FIX1_OFF,156,2026-08-04 16:22:49.462822,690.159654,0.049994,,,,,,keyboard,after digit#1,"{""note"":""after digit#1"",""pd_used"":0}",2,0.016667,60.000000,1
Sergio_G01_CNS-LLF5RV3D8,s01,ses03,20260804_161104,2026-08-04 16:11:19.261318,NaN,9,digit,DIGIT2_ON,142,2026-08-04 16:22:49.514454,690.209648,0.550025,,9,,,,keyboard,digit#2 shown,"{""value"":9,""note"":""digit#2 shown"",""pd_used"":1}",2,0.016667,60.000000,1
Sergio_G01_CNS-LLF5RV3D8,s01,ses03,20260804_161104,2026-08-04 16:11:19.261318,NaN,9,digit,DIGIT2_OFF,147,2026-08-04 16:22:50.062840,690.759673,0.000000,,9,,,,keyboard,digit#2 off,"{""value"":9,""note"":""digit#2 off"",""pd_used"":0}",2,0.016667,60.000000,1
Sergio_G01_CNS-LLF5RV3D8,s01,ses03,20260804_161104,2026-08-04 16:11:19.261318,NaN,9,digit,POSTDIG_FIX2_ON,152,2026-08-04 16:22:50.063586,690.759673,1.766650,,,,,,keyboard,after digit#2,"{""note"":""after digit#2""}",2,0.016667,60.000000,1
Sergio_G01_CNS-LLF5RV3D8,s01,ses03,20260804_161104,2026-08-04 16:11:19.261318,NaN,9,digit,POSTDIG_FIX2_OFF,157,2026-08-04 16:22:51.829498,692.526323,0.049966,,,,,,keyboard,after digit#2,"{""note"":""after digit#2"",""pd_used"":0}",2,0.016667,60.000000,1
Sergio_G01_CNS-LLF5RV3D8,s01,ses03,20260804_161104,2026-08-04 16:11:19.261318,NaN,9,digit,DIGIT3_ON,143,2026-08-04 16:22:51.880785,692.576289,0.550037,,5,,,,keyboard,digit#3 shown,"{""value"":5,""note"":""digit#3 shown"",""pd_used"":1}",2,0.016667,60.000000,1
Sergio_G01_CNS-LLF5RV3D8,s01,ses03,20260804_161104,2026-08-04 16:11:19.261318,NaN,9,digit,DIGIT3_OFF,148,2026-08-04 16:22:52.429473,693.126326,0.000000,,5,,,,keyboard,digit#3 off,"{""value"":5,""note"":""digit#3 off"",""pd_used"":0}",2,0.016667,60.000000,1
Sergio_G01_CNS-LLF5RV3D8,s01,ses03,20260804_161104,2026-08-04 16:11:19.261318,NaN,9,digit,POSTDIG_FIX3_ON,153,2026-08-04 16:22:52.430222,693.126326,1.733337,,,,,,keyboard,after digit#3,"{""note"":""after digit#3""}",2,0.016667,60.000000,1
Sergio_G01_CNS-LLF5RV3D8,s01,ses03,20260804_161104,2026-08-04 16:11:19.261318,NaN,9,digit,POSTDIG_FIX3_OFF,158,2026-08-04 16:22:54.162752,694.859662,0.049985,,,,,,keyboard,after digit#3,"{""note"":""after digit#3"",""pd_used"":0}",2,0.016667,60.000000,1
Sergio_G01_CNS-LLF5RV3D8,s01,ses03,20260804_161104,2026-08-04 16:11:19.261318,NaN,9,digit,DIGIT4_ON,144,2026-08-04 16:22:54.214070,694.909647,0.550009,,1,,,,keyboard,digit#4 shown,"{""value"":1,""note"":""digit#4 shown"",""pd_used"":1}",2,0.016667,60.000000,1
Sergio_G01_CNS-LLF5RV3D8,s01,ses03,20260804_161104,2026-08-04 16:11:19.261318,NaN,9,digit,DIGIT4_OFF,149,2026-08-04 16:22:54.762791,695.459656,0.000000,,1,,,,keyboard,digit#4 off,"{""value"":1,""note"":""digit#4 off"",""pd_used"":0}",2,0.016667,60.000000,1
Sergio_G01_CNS-LLF5RV3D8,s01,ses03,20260804_161104,2026-08-04 16:11:19.261318,NaN,9,digit,POSTDIG_FIX4_ON,154,2026-08-04 16:22:54.763589,695.459656,1.850029,,,,,,keyboard,after digit#4,"{""note"":""after digit#4""}",2,0.016667,60.000000,1
Sergio_G01_CNS-LLF5RV3D8,s01,ses03,20260804_161104,2026-08-04 16:11:19.261318,NaN,9,digit,POSTDIG_FIX4_OFF,159,2026-08-04 16:22:56.612711,697.309686,0.049984,,,,,,keyboard,after digit#4,"{""note"":""after digit#4"",""pd_used"":0}",2,0.016667,60.000000,1
Sergio_G01_CNS-LLF5RV3D8,s01,ses03,20260804_161104,2026-08-04 16:11:19.261318,NaN,9,digit,DIGIT5_ON,145,2026-08-04 16:22:56.664037,697.359670,0.550002,,8,,,,keyboard,digit#5 shown,"{""value"":8,""note"":""digit#5 shown"",""pd_used"":1}",2,0.016667,60.000000,1
Sergio_G01_CNS-LLF5RV3D8,s01,ses03,20260804_161104,2026-08-04 16:11:19.261318,NaN,9,digit,DIGIT5_OFF,150,2026-08-04 16:22:57.212770,697.909671,0.000000,,8,,,,keyboard,digit#5 off,"{""value"":8,""note"":""digit#5 off"",""pd_used"":0}",2,0.016667,60.000000,1
Sergio_G01_CNS-LLF5RV3D8,s01,ses03,20260804_161104,2026-08-04 16:11:19.261318,NaN,9,digit,POSTDIG_FIX5_ON,155,2026-08-04 16:22:57.213559,697.909671,3.067244,,,,,,keyboard,after digit#5,"{""note"":""after digit#5""}",2,0.016667,60.000000,1
Sergio_G01_CNS-LLF5RV3D8,s01,ses03,20260804_161104,2026-08-04 16:11:19.261318,NaN,9,digit,POSTDIG_FIX5_OFF,160,2026-08-04 16:23:00.280107,700.976915,0.049446,,,,,,keyboard,after digit#5,"{""note"":""after digit#5"",""pd_used"":0}",2,0.016667,60.000000,1
Sergio_G01_CNS-LLF5RV3D8,s01,ses03,20260804_161104,2026-08-04 16:11:19.261318,NaN,9,distractor,DISTRACTOR_ON,50,2026-08-04 16:23:00.331543,701.026361,11.252637,,9+5=14,,,,keyboard,,"{""value"":""9+5=14"",""isCorrectTruth"":true,""trueSum"":14,""pd_used"":1}",2,0.016667,60.000000,1
Sergio_G01_CNS-LLF5RV3D8,s01,ses03,20260804_161104,2026-08-04 16:11:19.261318,NaN,9,distractor,DISTRACTOR_ANS,51,2026-08-04 16:23:11.933024,712.278999,0.000000,11.252637,9+5=14,F,0,,keyboard,key= (False),"{""value"":""9+5=14"",""entered"":""F"",""rt"":11.252637200057507,""correct"":0,""note"":""key= (False)"",""truth"":true,""trueSum"":14,""shownSum"":14,""a"":9,""b"":5}",2,0.016667,60.000000,1
Sergio_G01_CNS-LLF5RV3D8,s01,ses03,20260804_161104,2026-08-04 16:11:19.261318,NaN,9,distractor,ANS_WRONG,200,2026-08-04 16:23:11.975262,712.278999,0.447727,,,,,,keyboard,,{},2,0.016667,60.000000,1
Sergio_G01_CNS-LLF5RV3D8,s01,ses03,20260804_161104,2026-08-04 16:11:19.261318,NaN,9,distractor,DISTRACTOR_OFF,52,2026-08-04 16:23:12.029760,712.726726,0.000000,,,,,,keyboard,,"{""pd_used"":0}",2,0.016667,60.000000,1
Sergio_G01_CNS-LLF5RV3D8,s01,ses03,20260804_161104,2026-08-04 16:11:19.261318,NaN,9,distractor,FIX2_ON,60,2026-08-04 16:23:12.030431,712.726726,3.283043,,,,,,keyboard,immediate after response,"{""note"":""immediate after response""}",2,0.016667,60.000000,1
Sergio_G01_CNS-LLF5RV3D8,s01,ses03,20260804_161104,2026-08-04 16:11:19.261318,NaN,9,fix2,FIX2_OFF,61,2026-08-04 16:23:15.312879,716.009768,0.050004,,,,,,keyboard,,"{""pd_used"":0}",2,0.016667,60.000000,1
Sergio_G01_CNS-LLF5RV3D8,s01,ses03,20260804_161104,2026-08-04 16:11:19.261318,NaN,9,probe,DIGIT_RECALL_LINE_1,161,2026-08-04 16:23:15.364107,716.059772,3.044556,,1,,,,keyboard,first recall question,"{""value"":1,""note"":""first recall question"",""pd_used"":1}",2,0.016667,60.000000,1
Sergio_G01_CNS-LLF5RV3D8,s01,ses03,20260804_161104,2026-08-04 16:11:19.261318,NaN,9,probe,PROBE_DIGIT_OK_1,71,2026-08-04 16:23:18.731733,719.104328,0.472125,3.051923,slot#1,NaN,,,keyboard,probe_digit#1,"{""value"":""slot#1"",""entered"":null,""rt"":3.0519228000193834,""note"":""probe_digit#1""}",2,0.016667,60.000000,1
Sergio_G01_CNS-LLF5RV3D8,s01,ses03,20260804_161104,2026-08-04 16:11:19.261318,NaN,9,probe,DIGIT1_OFF,146,2026-08-04 16:23:18.879678,719.576453,0.000000,,8,,,,keyboard,digit#1 off,"{""value"":8,""note"":""digit#1 off"",""pd_used"":0}",2,0.016667,60.000000,1
Sergio_G01_CNS-LLF5RV3D8,s01,ses03,20260804_161104,2026-08-04 16:11:19.261318,NaN,9,probe,POSTDIG_FIX1_ON,151,2026-08-04 16:23:18.880424,719.576453,1.816673,,,,,,keyboard,after digit#1,"{""note"":""after digit#1""}",2,0.016667,60.000000,1
Sergio_G01_CNS-LLF5RV3D8,s01,ses03,20260804_161104,2026-08-04 16:11:19.261318,NaN,9,probe,POSTDIG_FIX1_OFF,156,2026-08-04 16:23:20.696381,721.393127,0.066635,,,,,,keyboard,after digit#1,"{""note"":""after digit#1"",""pd_used"":0}",2,0.016667,60.000000,1
Sergio_G01_CNS-LLF5RV3D8,s01,ses03,20260804_161104,2026-08-04 16:11:19.261318,NaN,9,probe,DIGIT_RECALL_LINE_2,162,2026-08-04 16:23:20.762689,721.459762,4.341299,,2,,,,keyboard,next recall question,"{""value"":2,""note"":""next recall question"",""pd_used"":1}",2,0.016667,60.000000,1
Sergio_G01_CNS-LLF5RV3D8,s01,ses03,20260804_161104,2026-08-04 16:11:19.261318,NaN,9,probe,PROBE_DIGIT_OK_2,71,2026-08-04 16:23:25.581870,725.801061,0.642095,9.748656,slot#2,NaN,,,keyboard,probe_digit#2,"{""value"":""slot#2"",""entered"":null,""rt"":9.7486557000083849,""note"":""probe_digit#2""}",2,0.016667,60.000000,1
Sergio_G01_CNS-LLF5RV3D8,s01,ses03,20260804_161104,2026-08-04 16:11:19.261318,NaN,9,probe,DIGIT2_OFF,147,2026-08-04 16:23:25.746369,726.443156,0.000000,,8,,,,keyboard,digit#2 off,"{""value"":8,""note"":""digit#2 off"",""pd_used"":0}",2,0.016667,60.000000,1
Sergio_G01_CNS-LLF5RV3D8,s01,ses03,20260804_161104,2026-08-04 16:11:19.261318,NaN,9,probe,POSTDIG_FIX2_ON,152,2026-08-04 16:23:25.747114,726.443156,1.983304,,,,,,keyboard,after digit#2,"{""note"":""after digit#2""}",2,0.016667,60.000000,1
Sergio_G01_CNS-LLF5RV3D8,s01,ses03,20260804_161104,2026-08-04 16:11:19.261318,NaN,9,probe,POSTDIG_FIX2_OFF,157,2026-08-04 16:23:27.729641,728.426460,0.066657,,,,,,keyboard,after digit#2,"{""note"":""after digit#2"",""pd_used"":0}",2,0.016667,60.000000,1
Sergio_G01_CNS-LLF5RV3D8,s01,ses03,20260804_161104,2026-08-04 16:11:19.261318,NaN,9,probe,DIGIT_RECALL_LINE_3,163,2026-08-04 16:23:27.796212,728.493117,4.157117,,3,,,,keyboard,next recall question,"{""value"":3,""note"":""next recall question"",""pd_used"":1}",2,0.016667,60.000000,1
Sergio_G01_CNS-LLF5RV3D8,s01,ses03,20260804_161104,2026-08-04 16:11:19.261318,NaN,9,probe,PROBE_DIGIT_OK_3,71,2026-08-04 16:23:32.614972,732.650233,0.809631,16.597828,slot#3,NaN,,,keyboard,probe_digit#3,"{""value"":""slot#3"",""entered"":null,""rt"":16.597828099969774,""note"":""probe_digit#3""}",2,0.016667,60.000000,1
Sergio_G01_CNS-LLF5RV3D8,s01,ses03,20260804_161104,2026-08-04 16:11:19.261318,NaN,9,probe,DIGIT3_OFF,148,2026-08-04 16:23:32.763075,733.459865,0.000000,,8,,,,keyboard,digit#3 off,"{""value"":8,""note"":""digit#3 off"",""pd_used"":0}",2,0.016667,60.000000,1
Sergio_G01_CNS-LLF5RV3D8,s01,ses03,20260804_161104,2026-08-04 16:11:19.261318,NaN,9,probe,POSTDIG_FIX3_ON,153,2026-08-04 16:23:32.763811,733.459865,1.733324,,,,,,keyboard,after digit#3,"{""note"":""after digit#3""}",2,0.016667,60.000000,1
Sergio_G01_CNS-LLF5RV3D8,s01,ses03,20260804_161104,2026-08-04 16:11:19.261318,NaN,9,probe,POSTDIG_FIX3_OFF,158,2026-08-04 16:23:34.496362,735.193189,0.066638,,,,,,keyboard,after digit#3,"{""note"":""after digit#3"",""pd_used"":0}",2,0.016667,60.000000,1
Sergio_G01_CNS-LLF5RV3D8,s01,ses03,20260804_161104,2026-08-04 16:11:19.261318,NaN,9,probe,DIGIT_RECALL_LINE_4,164,2026-08-04 16:23:34.562762,735.259827,1.140512,,4,,,,keyboard,next recall question,"{""value"":4,""note"":""next recall question"",""pd_used"":1}",2,0.016667,60.000000,1
Sergio_G01_CNS-LLF5RV3D8,s01,ses03,20260804_161104,2026-08-04 16:11:19.261318,NaN,9,probe,PROBE_DIGIT_OK_4,71,2026-08-04 16:23:35.979982,736.400339,0.426169,20.347934,slot#4,NaN,,,keyboard,probe_digit#4,"{""value"":""slot#4"",""entered"":null,""rt"":20.347933599958196,""note"":""probe_digit#4""}",2,0.016667,60.000000,1
Sergio_G01_CNS-LLF5RV3D8,s01,ses03,20260804_161104,2026-08-04 16:11:19.261318,NaN,9,probe,DIGIT4_OFF,149,2026-08-04 16:23:36.129704,736.826508,0.000000,,8,,,,keyboard,digit#4 off,"{""value"":8,""note"":""digit#4 off"",""pd_used"":0}",2,0.016667,60.000000,1
Sergio_G01_CNS-LLF5RV3D8,s01,ses03,20260804_161104,2026-08-04 16:11:19.261318,NaN,9,probe,POSTDIG_FIX4_ON,154,2026-08-04 16:23:36.130468,736.826508,1.616669,,,,,,keyboard,after digit#4,"{""note"":""after digit#4""}",2,0.016667,60.000000,1
Sergio_G01_CNS-LLF5RV3D8,s01,ses03,20260804_161104,2026-08-04 16:11:19.261318,NaN,9,probe,POSTDIG_FIX4_OFF,159,2026-08-04 16:23:37.746457,738.443177,0.066655,,,,,,keyboard,after digit#4,"{""note"":""after digit#4"",""pd_used"":0}",2,0.016667,60.000000,1
Sergio_G01_CNS-LLF5RV3D8,s01,ses03,20260804_161104,2026-08-04 16:11:19.261318,NaN,9,probe,DIGIT_RECALL_LINE_5,165,2026-08-04 16:23:37.812741,738.509833,0.126686,,5,,,,keyboard,next recall question,"{""value"":5,""note"":""next recall question"",""pd_used"":1}",2,0.016667,60.000000,1
Sergio_G01_CNS-LLF5RV3D8,s01,ses03,20260804_161104,2026-08-04 16:11:19.261318,NaN,9,probe,PROBE_DIGIT_OK_5,71,2026-08-04 16:23:38.260674,738.636518,0.473357,22.584113,slot#5,NaN,,,keyboard,probe_digit#5,"{""value"":""slot#5"",""entered"":null,""rt"":22.584112899960019,""note"":""probe_digit#5""}",2,0.016667,60.000000,1
Sergio_G01_CNS-LLF5RV3D8,s01,ses03,20260804_161104,2026-08-04 16:11:19.261318,NaN,9,probe,DIGIT5_OFF,150,2026-08-04 16:23:38.413009,739.109875,0.000000,,8,,,,keyboard,digit#5 off,"{""value"":8,""note"":""digit#5 off"",""pd_used"":0}",2,0.016667,60.000000,1
Sergio_G01_CNS-LLF5RV3D8,s01,ses03,20260804_161104,2026-08-04 16:11:19.261318,NaN,9,probe,POSTDIG_FIX5_ON,155,2026-08-04 16:23:38.413759,739.109875,3.466634,,,,,,keyboard,after digit#5,"{""note"":""after digit#5""}",2,0.016667,60.000000,1
Sergio_G01_CNS-LLF5RV3D8,s01,ses03,20260804_161104,2026-08-04 16:11:19.261318,NaN,9,probe,POSTDIG_FIX5_OFF,160,2026-08-04 16:23:41.879755,742.576509,0.050027,,,,,,keyboard,after digit#5,"{""note"":""after digit#5"",""pd_used"":0}",2,0.016667,60.000000,1
Sergio_G01_CNS-LLF5RV3D8,s01,ses03,20260804_161104,2026-08-04 16:11:19.261318,NaN,9,probe,PROBE_DONE,73,2026-08-04 16:23:41.887803,742.626536,0.000636,,,,,,keyboard,probe complete,"{""value"":"""",""note"":""probe complete""}",2,0.016667,60.000000,1
Sergio_G01_CNS-LLF5RV3D8,s01,ses03,20260804_161104,2026-08-04 16:11:19.261318,NaN,9,probe,TRIAL_END,21,2026-08-04 16:23:41.888355,742.627171,0.101333,,,,,,keyboard,,{},2,0.016667,60.000000,1
Sergio_G01_CNS-LLF5RV3D8,s01,ses03,20260804_161104,2026-08-04 16:11:19.261318,NaN,10,probe,TRIAL_CHANGE,22,2026-08-04 16:23:41.989984,742.728504,0.001144,,,,,,keyboard,trial transition,"{""note"":""trial transition""}",2,0.016667,60.000000,1
Sergio_G01_CNS-LLF5RV3D8,s01,ses03,20260804_161104,2026-08-04 16:11:19.261318,NaN,10,probe,TRIAL_START,20,2026-08-04 16:23:41.991119,742.729648,0.046874,,,,,,keyboard,,{},2,0.016667,60.000000,1
Sergio_G01_CNS-LLF5RV3D8,s01,ses03,20260804_161104,2026-08-04 16:11:19.261318,NaN,10,fix1,FIX1_ON,30,2026-08-04 16:23:42.084689,742.776522,3.216692,,,,,,keyboard,,"{""pd_used"":0}",2,0.016667,60.000000,1
Sergio_G01_CNS-LLF5RV3D8,s01,ses03,20260804_161104,2026-08-04 16:11:19.261318,NaN,10,fix1,FIX1_OFF,31,2026-08-04 16:23:45.296364,745.993215,0.050031,,,,,,keyboard,,"{""pd_used"":0}",2,0.016667,60.000000,1
Sergio_G01_CNS-LLF5RV3D8,s01,ses03,20260804_161104,2026-08-04 16:11:19.261318,NaN,10,digit,DIGIT1_ON,141,2026-08-04 16:23:45.347576,746.043246,0.549989,,0,,,,keyboard,digit#1 shown,"{""value"":0,""note"":""digit#1 shown"",""pd_used"":1}",2,0.016667,60.000000,1
Sergio_G01_CNS-LLF5RV3D8,s01,ses03,20260804_161104,2026-08-04 16:11:19.261318,NaN,10,digit,DIGIT1_OFF,146,2026-08-04 16:23:45.896369,746.593234,0.000000,,0,,,,keyboard,digit#1 off,"{""value"":0,""note"":""digit#1 off"",""pd_used"":0}",2,0.016667,60.000000,1
Sergio_G01_CNS-LLF5RV3D8,s01,ses03,20260804_161104,2026-08-04 16:11:19.261318,NaN,10,digit,POSTDIG_FIX1_ON,151,2026-08-04 16:23:45.897103,746.593234,1.933315,,,,,,keyboard,after digit#1,"{""note"":""after digit#1""}",2,0.016667,60.000000,1
Sergio_G01_CNS-LLF5RV3D8,s01,ses03,20260804_161104,2026-08-04 16:11:19.261318,NaN,10,digit,POSTDIG_FIX1_OFF,156,2026-08-04 16:23:47.829883,748.526549,0.050019,,,,,,keyboard,after digit#1,"{""note"":""after digit#1"",""pd_used"":0}",2,0.016667,60.000000,1
Sergio_G01_CNS-LLF5RV3D8,s01,ses03,20260804_161104,2026-08-04 16:11:19.261318,NaN,10,digit,DIGIT2_ON,142,2026-08-04 16:23:47.881045,748.576568,0.550015,,0,,,,keyboard,digit#2 shown,"{""value"":0,""note"":""digit#2 shown"",""pd_used"":1}",2,0.016667,60.000000,1
Sergio_G01_CNS-LLF5RV3D8,s01,ses03,20260804_161104,2026-08-04 16:11:19.261318,NaN,10,digit,DIGIT2_OFF,147,2026-08-04 16:23:48.429848,749.126583,0.000000,,0,,,,keyboard,digit#2 off,"{""value"":0,""note"":""digit#2 off"",""pd_used"":0}",2,0.016667,60.000000,1
Sergio_G01_CNS-LLF5RV3D8,s01,ses03,20260804_161104,2026-08-04 16:11:19.261318,NaN,10,digit,POSTDIG_FIX2_ON,152,2026-08-04 16:23:48.430593,749.126583,1.616669,,,,,,keyboard,after digit#2,"{""note"":""after digit#2""}",2,0.016667,60.000000,1
Sergio_G01_CNS-LLF5RV3D8,s01,ses03,20260804_161104,2026-08-04 16:11:19.261318,NaN,10,digit,POSTDIG_FIX2_OFF,157,2026-08-04 16:23:50.046461,750.743251,0.050002,,,,,,keyboard,after digit#2,"{""note"":""after digit#2"",""pd_used"":0}",2,0.016667,60.000000,1
Sergio_G01_CNS-LLF5RV3D8,s01,ses03,20260804_161104,2026-08-04 16:11:19.261318,NaN,10,digit,DIGIT3_ON,143,2026-08-04 16:23:50.097936,750.793254,0.549994,,5,,,,keyboard,digit#3 shown,"{""value"":5,""note"":""digit#3 shown"",""pd_used"":1}",2,0.016667,60.000000,1
Sergio_G01_CNS-LLF5RV3D8,s01,ses03,20260804_161104,2026-08-04 16:11:19.261318,NaN,10,digit,DIGIT3_OFF,148,2026-08-04 16:23:50.646364,751.343248,0.000000,,5,,,,keyboard,digit#3 off,"{""value"":5,""note"":""digit#3 off"",""pd_used"":0}",2,0.016667,60.000000,1
Sergio_G01_CNS-LLF5RV3D8,s01,ses03,20260804_161104,2026-08-04 16:11:19.261318,NaN,10,digit,POSTDIG_FIX3_ON,153,2026-08-04 16:23:50.647096,751.343248,1.833335,,,,,,keyboard,after digit#3,"{""note"":""after digit#3""}",2,0.016667,60.000000,1
Sergio_G01_CNS-LLF5RV3D8,s01,ses03,20260804_161104,2026-08-04 16:11:19.261318,NaN,10,digit,POSTDIG_FIX3_OFF,158,2026-08-04 16:23:52.479601,753.176583,0.049979,,,,,,keyboard,after digit#3,"{""note"":""after digit#3"",""pd_used"":0}",2,0.016667,60.000000,1
Sergio_G01_CNS-LLF5RV3D8,s01,ses03,20260804_161104,2026-08-04 16:11:19.261318,NaN,10,digit,DIGIT4_ON,144,2026-08-04 16:23:52.531049,753.226562,0.550017,,3,,,,keyboard,digit#4 shown,"{""value"":3,""note"":""digit#4 shown"",""pd_used"":1}",2,0.016667,60.000000,1
Sergio_G01_CNS-LLF5RV3D8,s01,ses03,20260804_161104,2026-08-04 16:11:19.261318,NaN,10,digit,DIGIT4_OFF,149,2026-08-04 16:23:53.079681,753.776580,0.000000,,3,,,,keyboard,digit#4 off,"{""value"":3,""note"":""digit#4 off"",""pd_used"":0}",2,0.016667,60.000000,1
Sergio_G01_CNS-LLF5RV3D8,s01,ses03,20260804_161104,2026-08-04 16:11:19.261318,NaN,10,digit,POSTDIG_FIX4_ON,154,2026-08-04 16:23:53.080428,753.776580,1.650001,,,,,,keyboard,after digit#4,"{""note"":""after digit#4""}",2,0.016667,60.000000,1
Sergio_G01_CNS-LLF5RV3D8,s01,ses03,20260804_161104,2026-08-04 16:11:19.261318,NaN,10,digit,POSTDIG_FIX4_OFF,159,2026-08-04 16:23:54.729788,755.426581,0.050016,,,,,,keyboard,after digit#4,"{""note"":""after digit#4"",""pd_used"":0}",2,0.016667,60.000000,1
Sergio_G01_CNS-LLF5RV3D8,s01,ses03,20260804_161104,2026-08-04 16:11:19.261318,NaN,10,digit,DIGIT5_ON,145,2026-08-04 16:23:54.780891,755.476597,0.550073,,0,,,,keyboard,digit#5 shown,"{""value"":0,""note"":""digit#5 shown"",""pd_used"":1}",2,0.016667,60.000000,1
Sergio_G01_CNS-LLF5RV3D8,s01,ses03,20260804_161104,2026-08-04 16:11:19.261318,NaN,10,digit,DIGIT5_OFF,150,2026-08-04 16:23:55.330133,756.026670,0.000000,,0,,,,keyboard,digit#5 off,"{""value"":0,""note"":""digit#5 off"",""pd_used"":0}",2,0.016667,60.000000,1
Sergio_G01_CNS-LLF5RV3D8,s01,ses03,20260804_161104,2026-08-04 16:11:19.261318,NaN,10,digit,POSTDIG_FIX5_ON,155,2026-08-04 16:23:55.330917,756.026670,3.249976,,,,,,keyboard,after digit#5,"{""note"":""after digit#5""}",2,0.016667,60.000000,1
Sergio_G01_CNS-LLF5RV3D8,s01,ses03,20260804_161104,2026-08-04 16:11:19.261318,NaN,10,digit,POSTDIG_FIX5_OFF,160,2026-08-04 16:23:58.579954,759.276645,0.049974,,,,,,keyboard,after digit#5,"{""note"":""after digit#5"",""pd_used"":0}",2,0.016667,60.000000,1
Sergio_G01_CNS-LLF5RV3D8,s01,ses03,20260804_161104,2026-08-04 16:11:19.261318,NaN,10,distractor,DISTRACTOR_ON,50,2026-08-04 16:23:58.631233,759.326619,12.890594,,7+9=17,,,,keyboard,,"{""value"":""7+9=17"",""isCorrectTruth"":false,""trueSum"":16,""pd_used"":1}",2,0.016667,60.000000,1
Sergio_G01_CNS-LLF5RV3D8,s01,ses03,20260804_161104,2026-08-04 16:11:19.261318,NaN,10,distractor,DISTRACTOR_ANS,51,2026-08-04 16:24:12.065949,772.217214,0.000000,12.890594,7+9=17,F,1,,keyboard,key= (False),"{""value"":""7+9=17"",""entered"":""F"",""rt"":12.890594299999066,""correct"":1,""note"":""key= (False)"",""truth"":false,""trueSum"":16,""shownSum"":17,""a"":7,""b"":9}",2,0.016667,60.000000,1
Sergio_G01_CNS-LLF5RV3D8,s01,ses03,20260804_161104,2026-08-04 16:11:19.261318,NaN,10,distractor,ANS_CORRECT,100,2026-08-04 16:24:12.108266,772.217214,0.642772,,,,,,keyboard,,{},2,0.016667,60.000000,1
Sergio_G01_CNS-LLF5RV3D8,s01,ses03,20260804_161104,2026-08-04 16:11:19.261318,NaN,10,distractor,DISTRACTOR_OFF,52,2026-08-04 16:24:12.162994,772.859986,0.000000,,,,,,keyboard,,"{""pd_used"":0}",2,0.016667,60.000000,1
Sergio_G01_CNS-LLF5RV3D8,s01,ses03,20260804_161104,2026-08-04 16:11:19.261318,NaN,10,distractor,FIX2_ON,60,2026-08-04 16:24:12.163668,772.859986,3.133461,,,,,,keyboard,immediate after response,"{""note"":""immediate after response""}",2,0.016667,60.000000,1
Sergio_G01_CNS-LLF5RV3D8,s01,ses03,20260804_161104,2026-08-04 16:11:19.261318,NaN,10,fix2,FIX2_OFF,61,2026-08-04 16:24:15.296802,775.993447,0.049910,,,,,,keyboard,,"{""pd_used"":0}",2,0.016667,60.000000,1
Sergio_G01_CNS-LLF5RV3D8,s01,ses03,20260804_161104,2026-08-04 16:11:19.261318,NaN,10,probe,DIGIT_RECALL_LINE_1,161,2026-08-04 16:24:15.348310,776.043357,6.642543,,1,,,,keyboard,first recall question,"{""value"":1,""note"":""first recall question"",""pd_used"":1}",2,0.016667,60.000000,1
Sergio_G01_CNS-LLF5RV3D8,s01,ses03,20260804_161104,2026-08-04 16:11:19.261318,NaN,10,probe,PROBE_DIGIT_OK_1,71,2026-08-04 16:24:22.663523,782.685900,0.824138,6.649571,slot#1,NaN,,,keyboard,probe_digit#1,"{""value"":""slot#1"",""entered"":null,""rt"":6.6495711000170559,""note"":""probe_digit#1""}",2,0.016667,60.000000,1
Sergio_G01_CNS-LLF5RV3D8,s01,ses03,20260804_161104,2026-08-04 16:11:19.261318,NaN,10,probe,DIGIT1_OFF,146,2026-08-04 16:24:22.813325,783.510038,0.000000,,0,,,,keyboard,digit#1 off,"{""value"":0,""note"":""digit#1 off"",""pd_used"":0}",2,0.016667,60.000000,1
Sergio_G01_CNS-LLF5RV3D8,s01,ses03,20260804_161104,2026-08-04 16:11:19.261318,NaN,10,probe,POSTDIG_FIX1_ON,151,2026-08-04 16:24:22.814049,783.510038,1.949998,,,,,,keyboard,after digit#1,"{""note"":""after digit#1""}",2,0.016667,60.000000,1
Sergio_G01_CNS-LLF5RV3D8,s01,ses03,20260804_161104,2026-08-04 16:11:19.261318,NaN,10,probe,POSTDIG_FIX1_OFF,156,2026-08-04 16:24:24.763398,785.460036,0.066720,,,,,,keyboard,after digit#1,"{""note"":""after digit#1"",""pd_used"":0}",2,0.016667,60.000000,1
Sergio_G01_CNS-LLF5RV3D8,s01,ses03,20260804_161104,2026-08-04 16:11:19.261318,NaN,10,probe,DIGIT_RECALL_LINE_2,162,2026-08-04 16:24:24.829935,785.526756,2.861672,,2,,,,keyboard,next recall question,"{""value"":2,""note"":""next recall question"",""pd_used"":1}",2,0.016667,60.000000,1
Sergio_G01_CNS-LLF5RV3D8,s01,ses03,20260804_161104,2026-08-04 16:11:19.261318,NaN,10,probe,PROBE_DIGIT_OK_2,71,2026-08-04 16:24:28.333939,788.388428,0.788258,12.352099,slot#2,NaN,,,keyboard,probe_digit#2,"{""value"":""slot#2"",""entered"":null,""rt"":12.352098600007594,""note"":""probe_digit#2""}",2,0.016667,60.000000,1
Sergio_G01_CNS-LLF5RV3D8,s01,ses03,20260804_161104,2026-08-04 16:11:19.261318,NaN,10,probe,DIGIT2_OFF,147,2026-08-04 16:24:28.480114,789.176686,0.000000,,0,,,,keyboard,digit#2 off,"{""value"":0,""note"":""digit#2 off"",""pd_used"":0}",2,0.016667,60.000000,1
Sergio_G01_CNS-LLF5RV3D8,s01,ses03,20260804_161104,2026-08-04 16:11:19.261318,NaN,10,probe,POSTDIG_FIX2_ON,152,2026-08-04 16:24:28.480957,789.176686,1.966724,,,,,,keyboard,after digit#2,"{""note"":""after digit#2""}",2,0.016667,60.000000,1
Sergio_G01_CNS-LLF5RV3D8,s01,ses03,20260804_161104,2026-08-04 16:11:19.261318,NaN,10,probe,POSTDIG_FIX2_OFF,157,2026-08-04 16:24:30.446468,791.143410,0.066672,,,,,,keyboard,after digit#2,"{""note"":""after digit#2"",""pd_used"":0}",2,0.016667,60.000000,1
Sergio_G01_CNS-LLF5RV3D8,s01,ses03,20260804_161104,2026-08-04 16:11:19.261318,NaN,10,probe,DIGIT_RECALL_LINE_3,163,2026-08-04 16:24:30.513001,791.210082,1.221613,,3,,,,keyboard,next recall question,"{""value"":3,""note"":""next recall question"",""pd_used"":1}",2,0.016667,60.000000,1
Sergio_G01_CNS-LLF5RV3D8,s01,ses03,20260804_161104,2026-08-04 16:11:19.261318,NaN,10,probe,PROBE_DIGIT_OK_3,71,2026-08-04 16:24:32.023343,792.431695,0.445059,16.395366,slot#3,NaN,,,keyboard,probe_digit#3,"{""value"":""slot#3"",""entered"":null,""rt"":16.395365900010802,""note"":""probe_digit#3""}",2,0.016667,60.000000,1
Sergio_G01_CNS-LLF5RV3D8,s01,ses03,20260804_161104,2026-08-04 16:11:19.261318,NaN,10,probe,DIGIT3_OFF,148,2026-08-04 16:24:32.179870,792.876754,0.000000,,0,,,,keyboard,digit#3 off,"{""value"":0,""note"":""digit#3 off"",""pd_used"":0}",2,0.016667,60.000000,1
Sergio_G01_CNS-LLF5RV3D8,s01,ses03,20260804_161104,2026-08-04 16:11:19.261318,NaN,10,probe,POSTDIG_FIX3_ON,153,2026-08-04 16:24:32.180652,792.876754,1.567010,,,,,,keyboard,after digit#3,"{""note"":""after digit#3""}",2,0.016667,60.000000,1
Sergio_G01_CNS-LLF5RV3D8,s01,ses03,20260804_161104,2026-08-04 16:11:19.261318,NaN,10,probe,POSTDIG_FIX3_OFF,158,2026-08-04 16:24:33.746810,794.443764,0.066308,,,,,,keyboard,after digit#3,"{""note"":""after digit#3"",""pd_used"":0}",2,0.016667,60.000000,1
Sergio_G01_CNS-LLF5RV3D8,s01,ses03,20260804_161104,2026-08-04 16:11:19.261318,NaN,10,probe,DIGIT_RECALL_LINE_4,164,2026-08-04 16:24:33.813233,794.510072,7.118406,,4,,,,keyboard,next recall question,"{""value"":4,""note"":""next recall question"",""pd_used"":1}",2,0.016667,60.000000,1
Sergio_G01_CNS-LLF5RV3D8,s01,ses03,20260804_161104,2026-08-04 16:11:19.261318,NaN,10,probe,PROBE_DIGIT_OK_4,71,2026-08-04 16:24:41.522895,801.628477,0.748595,25.592148,slot#4,NaN,,,keyboard,probe_digit#4,"{""value"":""slot#4"",""entered"":null,""rt"":25.592148300027475,""note"":""probe_digit#4""}",2,0.016667,60.000000,1
Sergio_G01_CNS-LLF5RV3D8,s01,ses03,20260804_161104,2026-08-04 16:11:19.261318,NaN,10,probe,DIGIT4_OFF,149,2026-08-04 16:24:41.680439,802.377073,0.000000,,0,,,,keyboard,digit#4 off,"{""value"":0,""note"":""digit#4 off"",""pd_used"":0}",2,0.016667,60.000000,1
Sergio_G01_CNS-LLF5RV3D8,s01,ses03,20260804_161104,2026-08-04 16:11:19.261318,NaN,10,probe,POSTDIG_FIX4_ON,154,2026-08-04 16:24:41.681188,802.377073,1.966532,,,,,,keyboard,after digit#4,"{""note"":""after digit#4""}",2,0.016667,60.000000,1
Sergio_G01_CNS-LLF5RV3D8,s01,ses03,20260804_161104,2026-08-04 16:11:19.261318,NaN,10,probe,POSTDIG_FIX4_OFF,159,2026-08-04 16:24:43.646736,804.343604,0.066524,,,,,,keyboard,after digit#4,"{""note"":""after digit#4"",""pd_used"":0}",2,0.016667,60.000000,1
Sergio_G01_CNS-LLF5RV3D8,s01,ses03,20260804_161104,2026-08-04 16:11:19.261318,NaN,10,probe,DIGIT_RECALL_LINE_5,165,2026-08-04 16:24:43.713097,804.410128,3.326870,,5,,,,keyboard,next recall question,"{""value"":5,""note"":""next recall question"",""pd_used"":1}",2,0.016667,60.000000,1
Sergio_G01_CNS-LLF5RV3D8,s01,ses03,20260804_161104,2026-08-04 16:11:19.261318,NaN,10,probe,PROBE_DIGIT_OK_5,71,2026-08-04 16:24:47.532475,807.736998,0.656513,31.700669,slot#5,NaN,,,keyboard,probe_digit#5,"{""value"":""slot#5"",""entered"":null,""rt"":31.700669200043194,""note"":""probe_digit#5""}",2,0.016667,60.000000,1
Sergio_G01_CNS-LLF5RV3D8,s01,ses03,20260804_161104,2026-08-04 16:11:19.261318,NaN,10,probe,DIGIT5_OFF,150,2026-08-04 16:24:47.696608,808.393512,0.000000,,0,,,,keyboard,digit#5 off,"{""value"":0,""note"":""digit#5 off"",""pd_used"":0}",2,0.016667,60.000000,1
Sergio_G01_CNS-LLF5RV3D8,s01,ses03,20260804_161104,2026-08-04 16:11:19.261318,NaN,10,probe,POSTDIG_FIX5_ON,155,2026-08-04 16:24:47.697340,808.393512,3.349990,,,,,,keyboard,after digit#5,"{""note"":""after digit#5""}",2,0.016667,60.000000,1
Sergio_G01_CNS-LLF5RV3D8,s01,ses03,20260804_161104,2026-08-04 16:11:19.261318,NaN,10,probe,POSTDIG_FIX5_OFF,160,2026-08-04 16:24:51.046741,811.743502,0.050105,,,,,,keyboard,after digit#5,"{""note"":""after digit#5"",""pd_used"":0}",2,0.016667,60.000000,1
Sergio_G01_CNS-LLF5RV3D8,s01,ses03,20260804_161104,2026-08-04 16:11:19.261318,NaN,10,probe,PROBE_DONE,73,2026-08-04 16:24:51.054990,811.793607,0.000861,,,,,,keyboard,probe complete,"{""value"":"""",""note"":""probe complete""}",2,0.016667,60.000000,1
Sergio_G01_CNS-LLF5RV3D8,s01,ses03,20260804_161104,2026-08-04 16:11:19.261318,NaN,10,probe,TRIAL_END,21,2026-08-04 16:24:51.055697,811.794467,0.099206,,,,,,keyboard,,{},2,0.016667,60.000000,1
Sergio_G01_CNS-LLF5RV3D8,s01,ses03,20260804_161104,2026-08-04 16:11:19.261318,NaN,10,probe,BLOCK_END,11,2026-08-04 16:24:51.155195,811.893673,0.282218,,,,,,keyboard,,{},2,0.016667,60.000000,1
Sergio_G01_CNS-LLF5RV3D8,s01,ses03,20260804_161104,2026-08-04 16:11:19.261318,NaN,10,probe,SESSION_END,3,2026-08-04 16:24:51.437553,812.175892,NaN,,,,,,keyboard,,{},2,0.016667,60.000000,1
