file_version,subject,condition,session,task_start_time,block,trial,phase,event_name,event_code,wall_clock,t_rel_sec,duration_to_next,rt,value_shown,entered_value,correct,key_name,device,note,json,screen_index,ifi,refresh_hz,pd_used
Sergio_G01_CNS-LLF5RV3D8,s01,ses03,20260804_153512,2026-08-04 15:50:58.048707,NaN,NaN,,MIC_NOISEFLOOR,6,2026-08-04 15:50:59.585641,1.536546,4.158621,,,,,,keyboard,,{},2,NaN,NaN,1
Sergio_G01_CNS-LLF5RV3D8,s01,ses03,20260804_153512,2026-08-04 15:50:58.048707,NaN,NaN,,MIC_REC_SPEECH,7,2026-08-04 15:51:03.743912,5.695167,6.640032,,,,,,keyboard,,{},2,NaN,NaN,1
Sergio_G01_CNS-LLF5RV3D8,s01,ses03,20260804_153512,2026-08-04 15:50:58.048707,NaN,NaN,,SESSION_START,1,2026-08-04 15:51:36.851390,38.802530,0.001091,,,,,,keyboard,,{},2,0.016667,60.000000,1
Sergio_G01_CNS-LLF5RV3D8,s01,ses03,20260804_153512,2026-08-04 15:50:58.048707,NaN,NaN,,BLOCK_START,10,2026-08-04 15:51:36.852103,38.803621,0.110332,,,,,,keyboard,,{},2,0.016667,60.000000,1
Sergio_G01_CNS-LLF5RV3D8,s01,ses03,20260804_153512,2026-08-04 15:50:58.048707,NaN,0,reading,START_PAGE_ON,4,2026-08-04 15:51:37.005108,38.913953,0.049813,,,,,,keyboard,,"{""pd_used"":0}",2,0.016667,60.000000,1
Sergio_G01_CNS-LLF5RV3D8,s01,ses03,20260804_153512,2026-08-04 15:50:58.048707,NaN,0,reading,START_PAGE_ON,4,2026-08-04 15:51:37.005108,38.913953,9.087530,,,,,,keyboard,,"{""pd_used"":0}",2,0.016667,60.000000,1
Sergio_G01_CNS-LLF5RV3D8,s01,ses03,20260804_153512,2026-08-04 15:50:58.048707,NaN,0,reading,START_PAGE_ON,4,2026-08-04 15:51:37.005108,38.913953,9.511372,,,,,,keyboard,,"{""pd_used"":0}",2,0.016667,60.000000,1
Sergio_G01_CNS-LLF5RV3D8,s01,ses03,20260804_153512,2026-08-04 15:50:58.048707,NaN,0,reading,READING_START,23,2026-08-04 15:51:46.474082,48.425325,0.121830,,,,,,keyboard,,{},2,0.016667,60.000000,1
Sergio_G01_CNS-LLF5RV3D8,s01,ses03,20260804_153512,2026-08-04 15:50:58.048707,NaN,0,reading,DIGIT_READ1_ON,101,2026-08-04 15:51:46.637601,48.547155,1.724168,,5,,,,keyboard,digit#1 shown,"{""value"":5,""note"":""digit#1 shown"",""pd_used"":1}",2,0.016667,60.000000,1
Sergio_G01_CNS-LLF5RV3D8,s01,ses03,20260804_153512,2026-08-04 15:50:58.048707,NaN,0,reading,PROBE_COUNT_OK_1,71,2026-08-04 15:51:48.812880,50.271324,0.542459,11.369011,slot#1,NaN,,,keyboard,probe_digit#1,"{""value"":""slot#1"",""entered"":null,""rt"":11.369011299917474,""note"":""probe_digit#1""}",2,0.016667,60.000000,1
Sergio_G01_CNS-LLF5RV3D8,s01,ses03,20260804_153512,2026-08-04 15:50:58.048707,NaN,0,reading,DIGIT_READ1_OFF,116,2026-08-04 15:51:48.906960,50.813783,0.000000,,5,,,,keyboard,digit#1 off,"{""value"":5,""note"":""digit#1 off"",""pd_used"":0}",2,0.016667,60.000000,1
Sergio_G01_CNS-LLF5RV3D8,s01,ses03,20260804_153512,2026-08-04 15:50:58.048707,NaN,0,reading,POSTREAD_FIX1_ON,201,2026-08-04 15:51:48.908049,50.813783,1.850042,,,,,,keyboard,after digit#1,"{""note"":""after digit#1""}",2,0.016667,60.000000,1
Sergio_G01_CNS-LLF5RV3D8,s01,ses03,20260804_153512,2026-08-04 15:50:58.048707,NaN,0,reading,POSTREAD_FIX1_OFF,216,2026-08-04 15:51:50.754329,52.663825,0.066677,,,,,,keyboard,after digit#1,"{""note"":""after digit#1"",""pd_used"":0}",2,0.016667,60.000000,1
Sergio_G01_CNS-LLF5RV3D8,s01,ses03,20260804_153512,2026-08-04 15:50:58.048707,NaN,0,reading,DIGIT_READ2_ON,102,2026-08-04 15:51:50.820774,52.730501,2.429939,,7,,,,keyboard,digit#2 shown,"{""value"":7,""note"":""digit#2 shown"",""pd_used"":1}",2,0.016667,60.000000,1
Sergio_G01_CNS-LLF5RV3D8,s01,ses03,20260804_153512,2026-08-04 15:50:58.048707,NaN,0,reading,PROBE_COUNT_OK_2,71,2026-08-04 15:51:53.843384,55.160441,0.686742,16.258128,slot#2,NaN,,,keyboard,probe_digit#2,"{""value"":""slot#2"",""entered"":null,""rt"":16.258127899956889,""note"":""probe_digit#2""}",2,0.016667,60.000000,1
Sergio_G01_CNS-LLF5RV3D8,s01,ses03,20260804_153512,2026-08-04 15:50:58.048707,NaN,0,reading,DIGIT_READ2_OFF,117,2026-08-04 15:51:53.937226,55.847182,0.000000,,7,,,,keyboard,digit#2 off,"{""value"":7,""note"":""digit#2 off"",""pd_used"":0}",2,0.016667,60.000000,1
Sergio_G01_CNS-LLF5RV3D8,s01,ses03,20260804_153512,2026-08-04 15:50:58.048707,NaN,0,reading,POSTREAD_FIX2_ON,202,2026-08-04 15:51:53.938056,55.847182,1.983492,,,,,,keyboard,after digit#2,"{""note"":""after digit#2""}",2,0.016667,60.000000,1
Sergio_G01_CNS-LLF5RV3D8,s01,ses03,20260804_153512,2026-08-04 15:50:58.048707,NaN,0,reading,POSTREAD_FIX2_OFF,217,2026-08-04 15:51:55.921177,57.830674,0.066501,,,,,,keyboard,after digit#2,"{""note"":""after digit#2"",""pd_used"":0}",2,0.016667,60.000000,1
Sergio_G01_CNS-LLF5RV3D8,s01,ses03,20260804_153512,2026-08-04 15:50:58.048707,NaN,0,reading,DIGIT_READ3_ON,103,2026-08-04 15:51:55.987273,57.897175,1.480040,,3,,,,keyboard,digit#3 shown,"{""value"":3,""note"":""digit#3 shown"",""pd_used"":1}",2,0.016667,60.000000,1
Sergio_G01_CNS-LLF5RV3D8,s01,ses03,20260804_153512,2026-08-04 15:50:58.048707,NaN,0,reading,PROBE_COUNT_OK_3,71,2026-08-04 15:51:57.921891,59.377215,0.553329,20.474903,slot#3,NaN,,,keyboard,probe_digit#3,"{""value"":""slot#3"",""entered"":null,""rt"":20.474902599933557,""note"":""probe_digit#3""}",2,0.016667,60.000000,1
Sergio_G01_CNS-LLF5RV3D8,s01,ses03,20260804_153512,2026-08-04 15:50:58.048707,NaN,0,reading,DIGIT_READ3_OFF,118,2026-08-04 15:51:58.020756,59.930545,0.000000,,3,,,,keyboard,digit#3 off,"{""value"":3,""note"":""digit#3 off"",""pd_used"":0}",2,0.016667,60.000000,1
Sergio_G01_CNS-LLF5RV3D8,s01,ses03,20260804_153512,2026-08-04 15:50:58.048707,NaN,0,reading,POSTREAD_FIX3_ON,203,2026-08-04 15:51:58.021538,59.930545,1.983468,,,,,,keyboard,after digit#3,"{""note"":""after digit#3""}",2,0.016667,60.000000,1
Sergio_G01_CNS-LLF5RV3D8,s01,ses03,20260804_153512,2026-08-04 15:50:58.048707,NaN,0,reading,POSTREAD_FIX3_OFF,218,2026-08-04 15:52:00.004711,61.914013,0.066564,,,,,,keyboard,after digit#3,"{""note"":""after digit#3"",""pd_used"":0}",2,0.016667,60.000000,1
Sergio_G01_CNS-LLF5RV3D8,s01,ses03,20260804_153512,2026-08-04 15:50:58.048707,NaN,0,reading,DIGIT_READ4_ON,104,2026-08-04 15:52:00.071299,61.980577,3.957940,,9,,,,keyboard,digit#4 shown,"{""value"":9,""note"":""digit#4 shown"",""pd_used"":1}",2,0.016667,60.000000,1
Sergio_G01_CNS-LLF5RV3D8,s01,ses03,20260804_153512,2026-08-04 15:50:58.048707,NaN,0,reading,PROBE_COUNT_OK_4,71,2026-08-04 15:52:04.344892,65.938517,0.408731,27.036205,slot#4,NaN,,,keyboard,probe_digit#4,"{""value"":""slot#4"",""entered"":null,""rt"":27.036204699892551,""note"":""probe_digit#4""}",2,0.016667,60.000000,1
Sergio_G01_CNS-LLF5RV3D8,s01,ses03,20260804_153512,2026-08-04 15:50:58.048707,NaN,0,reading,DIGIT_READ4_OFF,119,2026-08-04 15:52:04.438729,66.347248,0.000000,,9,,,,keyboard,digit#4 off,"{""value"":9,""note"":""digit#4 off"",""pd_used"":0}",2,0.016667,60.000000,1
Sergio_G01_CNS-LLF5RV3D8,s01,ses03,20260804_153512,2026-08-04 15:50:58.048707,NaN,0,reading,POSTREAD_FIX4_ON,204,2026-08-04 15:52:04.439559,66.347248,1.599988,,,,,,keyboard,after digit#4,"{""note"":""after digit#4""}",2,0.016667,60.000000,1
Sergio_G01_CNS-LLF5RV3D8,s01,ses03,20260804_153512,2026-08-04 15:50:58.048707,NaN,0,reading,POSTREAD_FIX4_OFF,219,2026-08-04 15:52:06.037663,67.947236,0.066641,,,,,,keyboard,after digit#4,"{""note"":""after digit#4"",""pd_used"":0}",2,0.016667,60.000000,1
Sergio_G01_CNS-LLF5RV3D8,s01,ses03,20260804_153512,2026-08-04 15:50:58.048707,NaN,0,reading,DIGIT_READ5_ON,105,2026-08-04 15:52:06.104130,68.013878,1.606947,,7,,,,keyboard,digit#5 shown,"{""value"":7,""note"":""digit#5 shown"",""pd_used"":1}",2,0.016667,60.000000,1
Sergio_G01_CNS-LLF5RV3D8,s01,ses03,20260804_153512,2026-08-04 15:50:58.048707,NaN,0,reading,PROBE_COUNT_OK_5,71,2026-08-04 15:52:08.242306,69.620824,0.626430,30.718512,slot#5,NaN,,,keyboard,probe_digit#5,"{""value"":""slot#5"",""entered"":null,""rt"":30.718511799932458,""note"":""probe_digit#5""}",2,0.016667,60.000000,1
Sergio_G01_CNS-LLF5RV3D8,s01,ses03,20260804_153512,2026-08-04 15:50:58.048707,NaN,0,reading,DIGIT_READ5_OFF,120,2026-08-04 15:52:08.337479,70.247254,0.000000,,7,,,,keyboard,digit#5 off,"{""value"":7,""note"":""digit#5 off"",""pd_used"":0}",2,0.016667,60.000000,1
Sergio_G01_CNS-LLF5RV3D8,s01,ses03,20260804_153512,2026-08-04 15:50:58.048707,NaN,0,reading,POSTREAD_FIX5_ON,205,2026-08-04 15:52:08.338292,70.247254,1.633328,,,,,,keyboard,after digit#5,"{""note"":""after digit#5""}",2,0.016667,60.000000,1
Sergio_G01_CNS-LLF5RV3D8,s01,ses03,20260804_153512,2026-08-04 15:50:58.048707,NaN,0,reading,POSTREAD_FIX5_OFF,220,2026-08-04 15:52:09.971075,71.880582,0.066643,,,,,,keyboard,after digit#5,"{""note"":""after digit#5"",""pd_used"":0}",2,0.016667,60.000000,1
Sergio_G01_CNS-LLF5RV3D8,s01,ses03,20260804_153512,2026-08-04 15:50:58.048707,NaN,0,reading,DIGIT_READ6_ON,106,2026-08-04 15:52:10.037531,71.947225,1.693447,,6,,,,keyboard,digit#6 shown,"{""value"":6,""note"":""digit#6 shown"",""pd_used"":1}",2,0.016667,60.000000,1
Sergio_G01_CNS-LLF5RV3D8,s01,ses03,20260804_153512,2026-08-04 15:50:58.048707,NaN,0,reading,PROBE_COUNT_OK_6,71,2026-08-04 15:52:12.161365,73.640671,0.523245,34.738359,slot#6,NaN,,,keyboard,probe_digit#6,"{""value"":""slot#6"",""entered"":null,""rt"":34.7383585999487,""note"":""probe_digit#6""}",2,0.016667,60.000000,1
Sergio_G01_CNS-LLF5RV3D8,s01,ses03,20260804_153512,2026-08-04 15:50:58.048707,NaN,0,reading,DIGIT_READ6_OFF,121,2026-08-04 15:52:12.255103,74.163917,0.000000,,6,,,,keyboard,digit#6 off,"{""value"":6,""note"":""digit#6 off"",""pd_used"":0}",2,0.016667,60.000000,1
Sergio_G01_CNS-LLF5RV3D8,s01,ses03,20260804_153512,2026-08-04 15:50:58.048707,NaN,0,reading,POSTREAD_FIX6_ON,206,2026-08-04 15:52:12.255862,74.163917,1.766666,,,,,,keyboard,after digit#6,"{""note"":""after digit#6""}",2,0.016667,60.000000,1
Sergio_G01_CNS-LLF5RV3D8,s01,ses03,20260804_153512,2026-08-04 15:50:58.048707,NaN,0,reading,POSTREAD_FIX6_OFF,221,2026-08-04 15:52:14.021490,75.930582,0.066717,,,,,,keyboard,after digit#6,"{""note"":""after digit#6"",""pd_used"":0}",2,0.016667,60.000000,1
Sergio_G01_CNS-LLF5RV3D8,s01,ses03,20260804_153512,2026-08-04 15:50:58.048707,NaN,0,reading,DIGIT_READ7_ON,107,2026-08-04 15:52:14.087546,75.997300,1.865568,,5,,,,keyboard,digit#7 shown,"{""value"":5,""note"":""digit#7 shown"",""pd_used"":1}",2,0.016667,60.000000,1
Sergio_G01_CNS-LLF5RV3D8,s01,ses03,20260804_153512,2026-08-04 15:50:58.048707,NaN,0,reading,PROBE_COUNT_OK_7,71,2026-08-04 15:52:16.351625,77.862868,0.501136,38.960555,slot#7,NaN,,,keyboard,probe_digit#7,"{""value"":""slot#7"",""entered"":null,""rt"":38.960554899997078,""note"":""probe_digit#7""}",2,0.016667,60.000000,1
Sergio_G01_CNS-LLF5RV3D8,s01,ses03,20260804_153512,2026-08-04 15:50:58.048707,NaN,0,reading,DIGIT_READ7_OFF,122,2026-08-04 15:52:16.454262,78.364004,0.000000,,5,,,,keyboard,digit#7 off,"{""value"":5,""note"":""digit#7 off"",""pd_used"":0}",2,0.016667,60.000000,1
Sergio_G01_CNS-LLF5RV3D8,s01,ses03,20260804_153512,2026-08-04 15:50:58.048707,NaN,0,reading,POSTREAD_FIX7_ON,207,2026-08-04 15:52:16.455023,78.364004,1.700135,,,,,,keyboard,after digit#7,"{""note"":""after digit#7""}",2,0.016667,60.000000,1
Sergio_G01_CNS-LLF5RV3D8,s01,ses03,20260804_153512,2026-08-04 15:50:58.048707,NaN,0,reading,POSTREAD_FIX7_OFF,222,2026-08-04 15:52:18.155037,80.064139,0.066614,,,,,,keyboard,after digit#7,"{""note"":""after digit#7"",""pd_used"":0}",2,0.016667,60.000000,1
Sergio_G01_CNS-LLF5RV3D8,s01,ses03,20260804_153512,2026-08-04 15:50:58.048707,NaN,0,reading,DIGIT_READ8_ON,108,2026-08-04 15:52:18.222866,80.130753,2.176483,,6,,,,keyboard,digit#8 shown,"{""value"":6,""note"":""digit#8 shown"",""pd_used"":1}",2,0.016667,60.000000,1
Sergio_G01_CNS-LLF5RV3D8,s01,ses03,20260804_153512,2026-08-04 15:50:58.048707,NaN,0,reading,PROBE_COUNT_OK_8,71,2026-08-04 15:52:20.722267,82.307236,0.423408,43.404923,slot#8,NaN,,,keyboard,probe_digit#8,"{""value"":""slot#8"",""entered"":null,""rt"":43.404923399910331,""note"":""probe_digit#8""}",2,0.016667,60.000000,1
Sergio_G01_CNS-LLF5RV3D8,s01,ses03,20260804_153512,2026-08-04 15:50:58.048707,NaN,0,reading,DIGIT_READ8_OFF,123,2026-08-04 15:52:20.820929,82.730644,0.000000,,6,,,,keyboard,digit#8 off,"{""value"":6,""note"":""digit#8 off"",""pd_used"":0}",2,0.016667,60.000000,1
Sergio_G01_CNS-LLF5RV3D8,s01,ses03,20260804_153512,2026-08-04 15:50:58.048707,NaN,0,reading,POSTREAD_FIX8_ON,208,2026-08-04 15:52:20.821721,82.730644,1.766881,,,,,,keyboard,after digit#8,"{""note"":""after digit#8""}",2,0.016667,60.000000,1
Sergio_G01_CNS-LLF5RV3D8,s01,ses03,20260804_153512,2026-08-04 15:50:58.048707,NaN,0,reading,POSTREAD_FIX8_OFF,223,2026-08-04 15:52:22.587847,84.497525,0.066448,,,,,,keyboard,after digit#8,"{""note"":""after digit#8"",""pd_used"":0}",2,0.016667,60.000000,1
Sergio_G01_CNS-LLF5RV3D8,s01,ses03,20260804_153512,2026-08-04 15:50:58.048707,NaN,0,reading,DIGIT_READ9_ON,109,2026-08-04 15:52:22.654317,84.563973,4.958320,,9,,,,keyboard,digit#9 shown,"{""value"":9,""note"":""digit#9 shown"",""pd_used"":1}",2,0.016667,60.000000,1
Sergio_G01_CNS-LLF5RV3D8,s01,ses03,20260804_153512,2026-08-04 15:50:58.048707,NaN,0,reading,PROBE_COUNT_OK_9,71,2026-08-04 15:52:28.153112,89.522293,0.641740,50.619981,slot#9,NaN,,,keyboard,probe_digit#9,"{""value"":""slot#9"",""entered"":null,""rt"":50.6199806999648,""note"":""probe_digit#9""}",2,0.016667,60.000000,1
Sergio_G01_CNS-LLF5RV3D8,s01,ses03,20260804_153512,2026-08-04 15:50:58.048707,NaN,0,reading,DIGIT_READ9_OFF,124,2026-08-04 15:52:28.254153,90.164034,0.000000,,9,,,,keyboard,digit#9 off,"{""value"":9,""note"":""digit#9 off"",""pd_used"":0}",2,0.016667,60.000000,1
Sergio_G01_CNS-LLF5RV3D8,s01,ses03,20260804_153512,2026-08-04 15:50:58.048707,NaN,0,reading,POSTREAD_FIX9_ON,209,2026-08-04 15:52:28.254916,90.164034,1.649985,,,,,,keyboard,after digit#9,"{""note"":""after digit#9""}",2,0.016667,60.000000,1
Sergio_G01_CNS-LLF5RV3D8,s01,ses03,20260804_153512,2026-08-04 15:50:58.048707,NaN,0,reading,POSTREAD_FIX9_OFF,224,2026-08-04 15:52:29.904462,91.814019,0.066650,,,,,,keyboard,after digit#9,"{""note"":""after digit#9"",""pd_used"":0}",2,0.016667,60.000000,1
Sergio_G01_CNS-LLF5RV3D8,s01,ses03,20260804_153512,2026-08-04 15:50:58.048707,NaN,0,reading,DIGIT_READ10_ON,110,2026-08-04 15:52:29.970870,91.880669,1.102227,,7,,,,keyboard,digit#10 shown,"{""value"":7,""note"":""digit#10 shown"",""pd_used"":1}",2,0.016667,60.000000,1
Sergio_G01_CNS-LLF5RV3D8,s01,ses03,20260804_153512,2026-08-04 15:50:58.048707,NaN,0,reading,PROBE_COUNT_OK_10,71,2026-08-04 15:52:31.481221,92.982897,0.497787,54.080584,slot#10,NaN,,,keyboard,probe_digit#10,"{""value"":""slot#10"",""entered"":null,""rt"":54.080583899980411,""note"":""probe_digit#10""}",2,0.016667,60.000000,1
Sergio_G01_CNS-LLF5RV3D8,s01,ses03,20260804_153512,2026-08-04 15:50:58.048707,NaN,0,reading,DIGIT_READ10_OFF,125,2026-08-04 15:52:31.575082,93.480684,0.000000,,7,,,,keyboard,digit#10 off,"{""value"":7,""note"":""digit#10 off"",""pd_used"":0}",2,0.016667,60.000000,1
Sergio_G01_CNS-LLF5RV3D8,s01,ses03,20260804_153512,2026-08-04 15:50:58.048707,NaN,0,reading,POSTREAD_FIX10_ON,210,2026-08-04 15:52:31.575840,93.480684,1.816701,,,,,,keyboard,after digit#10,"{""note"":""after digit#10""}",2,0.016667,60.000000,1
Sergio_G01_CNS-LLF5RV3D8,s01,ses03,20260804_153512,2026-08-04 15:50:58.048707,NaN,0,reading,POSTREAD_FIX10_OFF,225,2026-08-04 15:52:33.387851,95.297385,0.066631,,,,,,keyboard,after digit#10,"{""note"":""after digit#10"",""pd_used"":0}",2,0.016667,60.000000,1
Sergio_G01_CNS-LLF5RV3D8,s01,ses03,20260804_153512,2026-08-04 15:50:58.048707,NaN,0,reading,DIGIT_READ11_ON,111,2026-08-04 15:52:33.454148,95.364015,3.256909,,8,,,,keyboard,digit#11 shown,"{""value"":8,""note"":""digit#11 shown"",""pd_used"":1}",2,0.016667,60.000000,1
Sergio_G01_CNS-LLF5RV3D8,s01,ses03,20260804_153512,2026-08-04 15:50:58.048707,NaN,0,reading,PROBE_COUNT_OK_11,71,2026-08-04 15:52:37.238086,98.620924,0.626473,59.718611,slot#11,NaN,,,keyboard,probe_digit#11,"{""value"":""slot#11"",""entered"":null,""rt"":59.718611299991608,""note"":""probe_digit#11""}",2,0.016667,60.000000,1
Sergio_G01_CNS-LLF5RV3D8,s01,ses03,20260804_153512,2026-08-04 15:50:58.048707,NaN,0,reading,DIGIT_READ11_OFF,126,2026-08-04 15:52:37.338097,99.247397,0.000000,,8,,,,keyboard,digit#11 off,"{""value"":8,""note"":""digit#11 off"",""pd_used"":0}",2,0.016667,60.000000,1
Sergio_G01_CNS-LLF5RV3D8,s01,ses03,20260804_153512,2026-08-04 15:50:58.048707,NaN,0,reading,POSTREAD_FIX11_ON,211,2026-08-04 15:52:37.338869,99.247397,1.766646,,,,,,keyboard,after digit#11,"{""note"":""after digit#11""}",2,0.016667,60.000000,1
Sergio_G01_CNS-LLF5RV3D8,s01,ses03,20260804_153512,2026-08-04 15:50:58.048707,NaN,0,reading,POSTREAD_FIX11_OFF,226,2026-08-04 15:52:39.104271,101.014043,0.066657,,,,,,keyboard,after digit#11,"{""note"":""after digit#11"",""pd_used"":0}",2,0.016667,60.000000,1
Sergio_G01_CNS-LLF5RV3D8,s01,ses03,20260804_153512,2026-08-04 15:50:58.048707,NaN,0,reading,DIGIT_READ12_ON,112,2026-08-04 15:52:39.170883,101.080700,2.580907,,0,,,,keyboard,digit#12 shown,"{""value"":0,""note"":""digit#12 shown"",""pd_used"":1}",2,0.016667,60.000000,1
Sergio_G01_CNS-LLF5RV3D8,s01,ses03,20260804_153512,2026-08-04 15:50:58.048707,NaN,0,reading,PROBE_COUNT_OK_12,71,2026-08-04 15:52:42.111406,103.661607,0.452487,64.759295,slot#12,NaN,,,keyboard,probe_digit#12,"{""value"":""slot#12"",""entered"":null,""rt"":64.759294799994677,""note"":""probe_digit#12""}",2,0.016667,60.000000,1
Sergio_G01_CNS-LLF5RV3D8,s01,ses03,20260804_153512,2026-08-04 15:50:58.048707,NaN,0,reading,DIGIT_READ12_OFF,127,2026-08-04 15:52:42.205251,104.114094,0.000000,,0,,,,keyboard,digit#12 off,"{""value"":0,""note"":""digit#12 off"",""pd_used"":0}",2,0.016667,60.000000,1
Sergio_G01_CNS-LLF5RV3D8,s01,ses03,20260804_153512,2026-08-04 15:50:58.048707,NaN,0,reading,POSTREAD_FIX12_ON,212,2026-08-04 15:52:42.206101,104.114094,1.616633,,,,,,keyboard,after digit#12,"{""note"":""after digit#12""}",2,0.016667,60.000000,1
Sergio_G01_CNS-LLF5RV3D8,s01,ses03,20260804_153512,2026-08-04 15:50:58.048707,NaN,0,reading,POSTREAD_FIX12_OFF,227,2026-08-04 15:52:43.821082,105.730727,0.066665,,,,,,keyboard,after digit#12,"{""note"":""after digit#12"",""pd_used"":0}",2,0.016667,60.000000,1
Sergio_G01_CNS-LLF5RV3D8,s01,ses03,20260804_153512,2026-08-04 15:50:58.048707,NaN,0,reading,DIGIT_READ13_ON,113,2026-08-04 15:52:43.887916,105.797392,3.395283,,3,,,,keyboard,digit#13 shown,"{""value"":3,""note"":""digit#13 shown"",""pd_used"":1}",2,0.016667,60.000000,1
Sergio_G01_CNS-LLF5RV3D8,s01,ses03,20260804_153512,2026-08-04 15:50:58.048707,NaN,0,reading,PROBE_COUNT_OK_13,71,2026-08-04 15:52:47.688774,109.192675,0.504757,70.290362,slot#13,NaN,,,keyboard,probe_digit#13,"{""value"":""slot#13"",""entered"":null,""rt"":70.290362400002778,""note"":""probe_digit#13""}",2,0.016667,60.000000,1
Sergio_G01_CNS-LLF5RV3D8,s01,ses03,20260804_153512,2026-08-04 15:50:58.048707,NaN,0,reading,DIGIT_READ13_OFF,128,2026-08-04 15:52:47.787656,109.697432,0.000000,,3,,,,keyboard,digit#13 off,"{""value"":3,""note"":""digit#13 off"",""pd_used"":0}",2,0.016667,60.000000,1
Sergio_G01_CNS-LLF5RV3D8,s01,ses03,20260804_153512,2026-08-04 15:50:58.048707,NaN,0,reading,POSTREAD_FIX13_ON,213,2026-08-04 15:52:47.788420,109.697432,1.900193,,,,,,keyboard,after digit#13,"{""note"":""after digit#13""}",2,0.016667,60.000000,1
Sergio_G01_CNS-LLF5RV3D8,s01,ses03,20260804_153512,2026-08-04 15:50:58.048707,NaN,0,reading,POSTREAD_FIX13_OFF,228,2026-08-04 15:52:49.687968,111.597626,0.066455,,,,,,keyboard,after digit#13,"{""note"":""after digit#13"",""pd_used"":0}",2,0.016667,60.000000,1
Sergio_G01_CNS-LLF5RV3D8,s01,ses03,20260804_153512,2026-08-04 15:50:58.048707,NaN,0,reading,DIGIT_READ14_ON,114,2026-08-04 15:52:49.754498,111.664081,1.068610,,4,,,,keyboard,digit#14 shown,"{""value"":4,""note"":""digit#14 shown"",""pd_used"":1}",2,0.016667,60.000000,1
Sergio_G01_CNS-LLF5RV3D8,s01,ses03,20260804_153512,2026-08-04 15:50:58.048707,NaN,0,reading,PROBE_COUNT_OK_14,71,2026-08-04 15:52:51.151865,112.732691,0.431399,73.830379,slot#14,NaN,,,keyboard,probe_digit#14,"{""value"":""slot#14"",""entered"":null,""rt"":73.830378899932839,""note"":""probe_digit#14""}",2,0.016667,60.000000,1
Sergio_G01_CNS-LLF5RV3D8,s01,ses03,20260804_153512,2026-08-04 15:50:58.048707,NaN,0,reading,DIGIT_READ14_OFF,129,2026-08-04 15:52:51.254177,113.164091,0.000000,,4,,,,keyboard,digit#14 off,"{""value"":4,""note"":""digit#14 off"",""pd_used"":0}",2,0.016667,60.000000,1
Sergio_G01_CNS-LLF5RV3D8,s01,ses03,20260804_153512,2026-08-04 15:50:58.048707,NaN,0,reading,POSTREAD_FIX14_ON,214,2026-08-04 15:52:51.254942,113.164091,1.900039,,,,,,keyboard,after digit#14,"{""note"":""after digit#14""}",2,0.016667,60.000000,1
Sergio_G01_CNS-LLF5RV3D8,s01,ses03,20260804_153512,2026-08-04 15:50:58.048707,NaN,0,reading,POSTREAD_FIX14_OFF,229,2026-08-04 15:52:53.154612,115.064129,0.066641,,,,,,keyboard,after digit#14,"{""note"":""after digit#14"",""pd_used"":0}",2,0.016667,60.000000,1
Sergio_G01_CNS-LLF5RV3D8,s01,ses03,20260804_153512,2026-08-04 15:50:58.048707,NaN,0,reading,DIGIT_READ15_ON,115,2026-08-04 15:52:53.221089,115.130771,1.112939,,7,,,,keyboard,digit#15 shown,"{""value"":7,""note"":""digit#15 shown"",""pd_used"":1}",2,0.016667,60.000000,1
Sergio_G01_CNS-LLF5RV3D8,s01,ses03,20260804_153512,2026-08-04 15:50:58.048707,NaN,0,reading,PROBE_COUNT_OK_15,71,2026-08-04 15:52:54.632640,116.243710,0.387104,77.341397,slot#15,NaN,,,keyboard,probe_digit#15,"{""value"":""slot#15"",""entered"":null,""rt"":77.3413970998954,""note"":""probe_digit#15""}",2,0.016667,60.000000,1
Sergio_G01_CNS-LLF5RV3D8,s01,ses03,20260804_153512,2026-08-04 15:50:58.048707,NaN,0,reading,DIGIT_READ15_OFF,130,2026-08-04 15:52:54.726431,116.630813,0.000000,,7,,,,keyboard,digit#15 off,"{""value"":7,""note"":""digit#15 off"",""pd_used"":0}",2,0.016667,60.000000,1
Sergio_G01_CNS-LLF5RV3D8,s01,ses03,20260804_153512,2026-08-04 15:50:58.048707,NaN,0,reading,POSTREAD_FIX15_ON,215,2026-08-04 15:52:54.727211,116.630813,3.283356,,,,,,keyboard,after digit#15,"{""note"":""after digit#15""}",2,0.016667,60.000000,1
Sergio_G01_CNS-LLF5RV3D8,s01,ses03,20260804_153512,2026-08-04 15:50:58.048707,NaN,0,reading,POSTREAD_FIX15_OFF,230,2026-08-04 15:52:58.004914,119.914169,0.050071,,,,,,keyboard,after digit#15,"{""note"":""after digit#15"",""pd_used"":0}",2,0.016667,60.000000,1
Sergio_G01_CNS-LLF5RV3D8,s01,ses03,20260804_153512,2026-08-04 15:50:58.048707,NaN,0,reading,READING_END,24,2026-08-04 15:52:58.012962,119.964240,0.049886,,,,,,keyboard,,{},2,0.016667,60.000000,1
Sergio_G01_CNS-LLF5RV3D8,s01,ses03,20260804_153512,2026-08-04 15:50:58.048707,NaN,0,reading,START_PAGE_ON,4,2026-08-04 15:52:58.107737,120.014127,0.050004,,,,,,keyboard,,"{""pd_used"":0}",2,0.016667,60.000000,1
Sergio_G01_CNS-LLF5RV3D8,s01,ses03,20260804_153512,2026-08-04 15:50:58.048707,NaN,0,reading,START_PAGE_ON,4,2026-08-04 15:52:58.107737,120.014127,10.213449,,,,,,keyboard,,"{""pd_used"":0}",2,0.016667,60.000000,1
Sergio_G01_CNS-LLF5RV3D8,s01,ses03,20260804_153512,2026-08-04 15:50:58.048707,NaN,0,reading,START_PAGE_ON,4,2026-08-04 15:52:58.107737,120.014127,10.596636,,,,,,keyboard,,"{""pd_used"":0}",2,0.016667,60.000000,1
Sergio_G01_CNS-LLF5RV3D8,s01,ses03,20260804_153512,2026-08-04 15:50:58.048707,NaN,1,reading,TRIAL_CHANGE,22,2026-08-04 15:53:08.659541,130.610763,0.001115,,,,,,keyboard,trial transition,"{""note"":""trial transition""}",2,0.016667,60.000000,1
Sergio_G01_CNS-LLF5RV3D8,s01,ses03,20260804_153512,2026-08-04 15:50:58.048707,NaN,1,reading,TRIAL_START,20,2026-08-04 15:53:08.660351,130.611878,0.069013,,,,,,keyboard,,{},2,0.016667,60.000000,1
Sergio_G01_CNS-LLF5RV3D8,s01,ses03,20260804_153512,2026-08-04 15:50:58.048707,NaN,1,fix1,FIX1_ON,30,2026-08-04 15:53:08.771302,130.680891,3.183308,,,,,,keyboard,,"{""pd_used"":0}",2,0.016667,60.000000,1
Sergio_G01_CNS-LLF5RV3D8,s01,ses03,20260804_153512,2026-08-04 15:50:58.048707,NaN,1,fix1,FIX1_OFF,31,2026-08-04 15:53:11.954714,133.864199,0.049973,,,,,,keyboard,,"{""pd_used"":0}",2,0.016667,60.000000,1
Sergio_G01_CNS-LLF5RV3D8,s01,ses03,20260804_153512,2026-08-04 15:50:58.048707,NaN,1,digit,DIGIT1_ON,141,2026-08-04 15:53:12.006406,133.914173,0.550067,,7,,,,keyboard,digit#1 shown,"{""value"":7,""note"":""digit#1 shown"",""pd_used"":1}",2,0.016667,60.000000,1
Sergio_G01_CNS-LLF5RV3D8,s01,ses03,20260804_153512,2026-08-04 15:50:58.048707,NaN,1,digit,DIGIT1_OFF,146,2026-08-04 15:53:12.554924,134.464240,0.000000,,7,,,,keyboard,digit#1 off,"{""value"":7,""note"":""digit#1 off"",""pd_used"":0}",2,0.016667,60.000000,1
Sergio_G01_CNS-LLF5RV3D8,s01,ses03,20260804_153512,2026-08-04 15:50:58.048707,NaN,1,digit,POSTDIG_FIX1_ON,151,2026-08-04 15:53:12.556043,134.464240,1.683298,,,,,,keyboard,after digit#1,"{""note"":""after digit#1""}",2,0.016667,60.000000,1
Sergio_G01_CNS-LLF5RV3D8,s01,ses03,20260804_153512,2026-08-04 15:50:58.048707,NaN,1,digit,POSTDIG_FIX1_OFF,156,2026-08-04 15:53:14.237917,136.147538,0.050031,,,,,,keyboard,after digit#1,"{""note"":""after digit#1"",""pd_used"":0}",2,0.016667,60.000000,1
Sergio_G01_CNS-LLF5RV3D8,s01,ses03,20260804_153512,2026-08-04 15:50:58.048707,NaN,1,digit,DIGIT2_ON,142,2026-08-04 15:53:14.289390,136.197570,0.549963,,6,,,,keyboard,digit#2 shown,"{""value"":6,""note"":""digit#2 shown"",""pd_used"":1}",2,0.016667,60.000000,1
Sergio_G01_CNS-LLF5RV3D8,s01,ses03,20260804_153512,2026-08-04 15:50:58.048707,NaN,1,digit,DIGIT2_OFF,147,2026-08-04 15:53:14.838072,136.747532,0.000000,,6,,,,keyboard,digit#2 off,"{""value"":6,""note"":""digit#2 off"",""pd_used"":0}",2,0.016667,60.000000,1
Sergio_G01_CNS-LLF5RV3D8,s01,ses03,20260804_153512,2026-08-04 15:50:58.048707,NaN,1,digit,POSTDIG_FIX2_ON,152,2026-08-04 15:53:14.838902,136.747532,1.950281,,,,,,keyboard,after digit#2,"{""note"":""after digit#2""}",2,0.016667,60.000000,1
Sergio_G01_CNS-LLF5RV3D8,s01,ses03,20260804_153512,2026-08-04 15:50:58.048707,NaN,1,digit,POSTDIG_FIX2_OFF,157,2026-08-04 15:53:16.788184,138.697813,0.049709,,,,,,keyboard,after digit#2,"{""note"":""after digit#2"",""pd_used"":0}",2,0.016667,60.000000,1
Sergio_G01_CNS-LLF5RV3D8,s01,ses03,20260804_153512,2026-08-04 15:50:58.048707,NaN,1,digit,DIGIT3_ON,143,2026-08-04 15:53:16.839369,138.747522,0.550019,,7,,,,keyboard,digit#3 shown,"{""value"":7,""note"":""digit#3 shown"",""pd_used"":1}",2,0.016667,60.000000,1
Sergio_G01_CNS-LLF5RV3D8,s01,ses03,20260804_153512,2026-08-04 15:50:58.048707,NaN,1,digit,DIGIT3_OFF,148,2026-08-04 15:53:17.388023,139.297541,0.000000,,7,,,,keyboard,digit#3 off,"{""value"":7,""note"":""digit#3 off"",""pd_used"":0}",2,0.016667,60.000000,1
Sergio_G01_CNS-LLF5RV3D8,s01,ses03,20260804_153512,2026-08-04 15:50:58.048707,NaN,1,digit,POSTDIG_FIX3_ON,153,2026-08-04 15:53:17.388832,139.297541,1.566680,,,,,,keyboard,after digit#3,"{""note"":""after digit#3""}",2,0.016667,60.000000,1
Sergio_G01_CNS-LLF5RV3D8,s01,ses03,20260804_153512,2026-08-04 15:50:58.048707,NaN,1,digit,POSTDIG_FIX3_OFF,158,2026-08-04 15:53:18.954914,140.864222,0.050016,,,,,,keyboard,after digit#3,"{""note"":""after digit#3"",""pd_used"":0}",2,0.016667,60.000000,1
Sergio_G01_CNS-LLF5RV3D8,s01,ses03,20260804_153512,2026-08-04 15:50:58.048707,NaN,1,digit,DIGIT4_ON,144,2026-08-04 15:53:19.006498,140.914238,0.550041,,0,,,,keyboard,digit#4 shown,"{""value"":0,""note"":""digit#4 shown"",""pd_used"":1}",2,0.016667,60.000000,1
Sergio_G01_CNS-LLF5RV3D8,s01,ses03,20260804_153512,2026-08-04 15:50:58.048707,NaN,1,digit,DIGIT4_OFF,149,2026-08-04 15:53:19.554859,141.464279,0.000000,,0,,,,keyboard,digit#4 off,"{""value"":0,""note"":""digit#4 off"",""pd_used"":0}",2,0.016667,60.000000,1
Sergio_G01_CNS-LLF5RV3D8,s01,ses03,20260804_153512,2026-08-04 15:50:58.048707,NaN,1,digit,POSTDIG_FIX4_ON,154,2026-08-04 15:53:19.555657,141.464279,1.983314,,,,,,keyboard,after digit#4,"{""note"":""after digit#4""}",2,0.016667,60.000000,1
Sergio_G01_CNS-LLF5RV3D8,s01,ses03,20260804_153512,2026-08-04 15:50:58.048707,NaN,1,digit,POSTDIG_FIX4_OFF,159,2026-08-04 15:53:21.538068,143.447593,0.049976,,,,,,keyboard,after digit#4,"{""note"":""after digit#4"",""pd_used"":0}",2,0.016667,60.000000,1
Sergio_G01_CNS-LLF5RV3D8,s01,ses03,20260804_153512,2026-08-04 15:50:58.048707,NaN,1,digit,DIGIT5_ON,145,2026-08-04 15:53:21.589575,143.497569,0.550027,,5,,,,keyboard,digit#5 shown,"{""value"":5,""note"":""digit#5 shown"",""pd_used"":1}",2,0.016667,60.000000,1
Sergio_G01_CNS-LLF5RV3D8,s01,ses03,20260804_153512,2026-08-04 15:50:58.048707,NaN,1,digit,DIGIT5_OFF,150,2026-08-04 15:53:22.138089,144.047596,0.000000,,5,,,,keyboard,digit#5 off,"{""value"":5,""note"":""digit#5 off"",""pd_used"":0}",2,0.016667,60.000000,1
Sergio_G01_CNS-LLF5RV3D8,s01,ses03,20260804_153512,2026-08-04 15:50:58.048707,NaN,1,digit,POSTDIG_FIX5_ON,155,2026-08-04 15:53:22.138888,144.047596,3.099957,,,,,,keyboard,after digit#5,"{""note"":""after digit#5""}",2,0.016667,60.000000,1
Sergio_G01_CNS-LLF5RV3D8,s01,ses03,20260804_153512,2026-08-04 15:50:58.048707,NaN,1,digit,POSTDIG_FIX5_OFF,160,2026-08-04 15:53:25.237884,147.147553,0.050039,,,,,,keyboard,after digit#5,"{""note"":""after digit#5"",""pd_used"":0}",2,0.016667,60.000000,1
Sergio_G01_CNS-LLF5RV3D8,s01,ses03,20260804_153512,2026-08-04 15:50:58.048707,NaN,1,distractor,DISTRACTOR_ON,50,2026-08-04 15:53:25.289589,147.197592,6.057128,,3+9=12,,,,keyboard,,"{""value"":""3+9=12"",""isCorrectTruth"":true,""trueSum"":12,""pd_used"":1}",2,0.016667,60.000000,1
Sergio_G01_CNS-LLF5RV3D8,s01,ses03,20260804_153512,2026-08-04 15:50:58.048707,NaN,1,distractor,DISTRACTOR_ANS,51,2026-08-04 15:53:31.663516,153.254720,0.000000,6.057128,3+9=12,F,0,,keyboard,key= (False),"{""value"":""3+9=12"",""entered"":""F"",""rt"":6.0571281999582425,""correct"":0,""note"":""key= (False)"",""truth"":true,""trueSum"":12,""shownSum"":12,""a"":3,""b"":9}",2,0.016667,60.000000,1
Sergio_G01_CNS-LLF5RV3D8,s01,ses03,20260804_153512,2026-08-04 15:50:58.048707,NaN,1,distractor,ANS_WRONG,200,2026-08-04 15:53:31.706270,153.254720,0.409595,,,,,,keyboard,,{},2,0.016667,60.000000,1
Sergio_G01_CNS-LLF5RV3D8,s01,ses03,20260804_153512,2026-08-04 15:50:58.048707,NaN,1,distractor,DISTRACTOR_OFF,52,2026-08-04 15:53:31.757420,153.664315,0.000000,,,,,,keyboard,,"{""pd_used"":0}",2,0.016667,60.000000,1
Sergio_G01_CNS-LLF5RV3D8,s01,ses03,20260804_153512,2026-08-04 15:50:58.048707,NaN,1,distractor,FIX2_ON,60,2026-08-04 15:53:31.758273,153.664315,3.416665,,,,,,keyboard,immediate after response,"{""note"":""immediate after response""}",2,0.016667,60.000000,1
Sergio_G01_CNS-LLF5RV3D8,s01,ses03,20260804_153512,2026-08-04 15:50:58.048707,NaN,1,fix2,FIX2_OFF,61,2026-08-04 15:53:35.171464,157.080980,0.050033,,,,,,keyboard,,"{""pd_used"":0}",2,0.016667,60.000000,1
Sergio_G01_CNS-LLF5RV3D8,s01,ses03,20260804_153512,2026-08-04 15:50:58.048707,NaN,1,probe,DIGIT_RECALL_LINE_1,161,2026-08-04 15:53:35.222858,157.131012,3.220275,,1,,,,keyboard,first recall question,"{""value"":1,""note"":""first recall question"",""pd_used"":1}",2,0.016667,60.000000,1
Sergio_G01_CNS-LLF5RV3D8,s01,ses03,20260804_153512,2026-08-04 15:50:58.048707,NaN,1,probe,PROBE_DIGIT_OK_1,71,2026-08-04 15:53:38.735115,160.351287,0.463024,3.227368,slot#1,NaN,,,keyboard,probe_digit#1,"{""value"":""slot#1"",""entered"":null,""rt"":3.2273681999649853,""note"":""probe_digit#1""}",2,0.016667,60.000000,1
Sergio_G01_CNS-LLF5RV3D8,s01,ses03,20260804_153512,2026-08-04 15:50:58.048707,NaN,1,probe,DIGIT1_OFF,146,2026-08-04 15:53:38.905262,160.814312,0.000000,,5,,,,keyboard,digit#1 off,"{""value"":5,""note"":""digit#1 off"",""pd_used"":0}",2,0.016667,60.000000,1
Sergio_G01_CNS-LLF5RV3D8,s01,ses03,20260804_153512,2026-08-04 15:50:58.048707,NaN,1,probe,POSTDIG_FIX1_ON,151,2026-08-04 15:53:38.906380,160.814312,1.683365,,,,,,keyboard,after digit#1,"{""note"":""after digit#1""}",2,0.016667,60.000000,1
Sergio_G01_CNS-LLF5RV3D8,s01,ses03,20260804_153512,2026-08-04 15:50:58.048707,NaN,1,probe,POSTDIG_FIX1_OFF,156,2026-08-04 15:53:40.588086,162.497676,0.066641,,,,,,keyboard,after digit#1,"{""note"":""after digit#1"",""pd_used"":0}",2,0.016667,60.000000,1
Sergio_G01_CNS-LLF5RV3D8,s01,ses03,20260804_153512,2026-08-04 15:50:58.048707,NaN,1,probe,DIGIT_RECALL_LINE_2,162,2026-08-04 15:53:40.654674,162.564317,1.037523,,2,,,,keyboard,next recall question,"{""value"":2,""note"":""next recall question"",""pd_used"":1}",2,0.016667,60.000000,1
Sergio_G01_CNS-LLF5RV3D8,s01,ses03,20260804_153512,2026-08-04 15:50:58.048707,NaN,1,probe,PROBE_DIGIT_OK_2,71,2026-08-04 15:53:42.094041,163.601840,0.562515,6.477921,slot#2,NaN,,,keyboard,probe_digit#2,"{""value"":""slot#2"",""entered"":null,""rt"":6.4779213999863714,""note"":""probe_digit#2""}",2,0.016667,60.000000,1
Sergio_G01_CNS-LLF5RV3D8,s01,ses03,20260804_153512,2026-08-04 15:50:58.048707,NaN,1,probe,DIGIT2_OFF,147,2026-08-04 15:53:42.254825,164.164355,0.000000,,5,,,,keyboard,digit#2 off,"{""value"":5,""note"":""digit#2 off"",""pd_used"":0}",2,0.016667,60.000000,1
Sergio_G01_CNS-LLF5RV3D8,s01,ses03,20260804_153512,2026-08-04 15:50:58.048707,NaN,1,probe,POSTDIG_FIX2_ON,152,2026-08-04 15:53:42.255615,164.164355,1.966713,,,,,,keyboard,after digit#2,"{""note"":""after digit#2""}",2,0.016667,60.000000,1
Sergio_G01_CNS-LLF5RV3D8,s01,ses03,20260804_153512,2026-08-04 15:50:58.048707,NaN,1,probe,POSTDIG_FIX2_OFF,157,2026-08-04 15:53:44.221468,166.131068,0.066680,,,,,,keyboard,after digit#2,"{""note"":""after digit#2"",""pd_used"":0}",2,0.016667,60.000000,1
Sergio_G01_CNS-LLF5RV3D8,s01,ses03,20260804_153512,2026-08-04 15:50:58.048707,NaN,1,probe,DIGIT_RECALL_LINE_3,163,2026-08-04 15:53:44.287870,166.197748,1.267241,,3,,,,keyboard,next recall question,"{""value"":3,""note"":""next recall question"",""pd_used"":1}",2,0.016667,60.000000,1
Sergio_G01_CNS-LLF5RV3D8,s01,ses03,20260804_153512,2026-08-04 15:50:58.048707,NaN,1,probe,PROBE_DIGIT_OK_3,71,2026-08-04 15:53:45.871815,167.464989,0.482690,10.341070,slot#3,NaN,,,keyboard,probe_digit#3,"{""value"":""slot#3"",""entered"":null,""rt"":10.3410700999666,""note"":""probe_digit#3""}",2,0.016667,60.000000,1
Sergio_G01_CNS-LLF5RV3D8,s01,ses03,20260804_153512,2026-08-04 15:50:58.048707,NaN,1,probe,DIGIT3_OFF,148,2026-08-04 15:53:46.038064,167.947679,0.000000,,5,,,,keyboard,digit#3 off,"{""value"":5,""note"":""digit#3 off"",""pd_used"":0}",2,0.016667,60.000000,1
Sergio_G01_CNS-LLF5RV3D8,s01,ses03,20260804_153512,2026-08-04 15:50:58.048707,NaN,1,probe,POSTDIG_FIX3_ON,153,2026-08-04 15:53:46.038828,167.947679,2.000011,,,,,,keyboard,after digit#3,"{""note"":""after digit#3""}",2,0.016667,60.000000,1
Sergio_G01_CNS-LLF5RV3D8,s01,ses03,20260804_153512,2026-08-04 15:50:58.048707,NaN,1,probe,POSTDIG_FIX3_OFF,158,2026-08-04 15:53:48.038144,169.947689,0.066658,,,,,,keyboard,after digit#3,"{""note"":""after digit#3"",""pd_used"":0}",2,0.016667,60.000000,1
Sergio_G01_CNS-LLF5RV3D8,s01,ses03,20260804_153512,2026-08-04 15:50:58.048707,NaN,1,probe,DIGIT_RECALL_LINE_4,164,2026-08-04 15:53:48.104596,170.014347,2.152928,,4,,,,keyboard,next recall question,"{""value"":4,""note"":""next recall question"",""pd_used"":1}",2,0.016667,60.000000,1
Sergio_G01_CNS-LLF5RV3D8,s01,ses03,20260804_153512,2026-08-04 15:50:58.048707,NaN,1,probe,PROBE_DIGIT_OK_4,71,2026-08-04 15:53:50.730950,172.167275,0.630430,15.043356,slot#4,NaN,,,keyboard,probe_digit#4,"{""value"":""slot#4"",""entered"":null,""rt"":15.043356199981645,""note"":""probe_digit#4""}",2,0.016667,60.000000,1
Sergio_G01_CNS-LLF5RV3D8,s01,ses03,20260804_153512,2026-08-04 15:50:58.048707,NaN,1,probe,DIGIT4_OFF,149,2026-08-04 15:53:50.888031,172.797705,0.000000,,5,,,,keyboard,digit#4 off,"{""value"":5,""note"":""digit#4 off"",""pd_used"":0}",2,0.016667,60.000000,1
Sergio_G01_CNS-LLF5RV3D8,s01,ses03,20260804_153512,2026-08-04 15:50:58.048707,NaN,1,probe,POSTDIG_FIX4_ON,154,2026-08-04 15:53:50.888802,172.797705,1.883356,,,,,,keyboard,after digit#4,"{""note"":""after digit#4""}",2,0.016667,60.000000,1
Sergio_G01_CNS-LLF5RV3D8,s01,ses03,20260804_153512,2026-08-04 15:50:58.048707,NaN,1,probe,POSTDIG_FIX4_OFF,159,2026-08-04 15:53:52.771644,174.681061,0.066639,,,,,,keyboard,after digit#4,"{""note"":""after digit#4"",""pd_used"":0}",2,0.016667,60.000000,1
Sergio_G01_CNS-LLF5RV3D8,s01,ses03,20260804_153512,2026-08-04 15:50:58.048707,NaN,1,probe,DIGIT_RECALL_LINE_5,165,2026-08-04 15:53:52.837869,174.747700,0.851018,,5,,,,keyboard,next recall question,"{""value"":5,""note"":""next recall question"",""pd_used"":1}",2,0.016667,60.000000,1
Sergio_G01_CNS-LLF5RV3D8,s01,ses03,20260804_153512,2026-08-04 15:50:58.048707,NaN,1,probe,PROBE_DIGIT_OK_5,71,2026-08-04 15:53:54.174141,175.598718,0.632346,18.474799,slot#5,NaN,,,keyboard,probe_digit#5,"{""value"":""slot#5"",""entered"":null,""rt"":18.474799199961126,""note"":""probe_digit#5""}",2,0.016667,60.000000,1
Sergio_G01_CNS-LLF5RV3D8,s01,ses03,20260804_153512,2026-08-04 15:50:58.048707,NaN,1,probe,DIGIT5_OFF,150,2026-08-04 15:53:54.321526,176.231065,0.000000,,5,,,,keyboard,digit#5 off,"{""value"":5,""note"":""digit#5 off"",""pd_used"":0}",2,0.016667,60.000000,1
Sergio_G01_CNS-LLF5RV3D8,s01,ses03,20260804_153512,2026-08-04 15:50:58.048707,NaN,1,probe,POSTDIG_FIX5_ON,155,2026-08-04 15:53:54.322354,176.231065,3.116725,,,,,,keyboard,after digit#5,"{""note"":""after digit#5""}",2,0.016667,60.000000,1
Sergio_G01_CNS-LLF5RV3D8,s01,ses03,20260804_153512,2026-08-04 15:50:58.048707,NaN,1,probe,POSTDIG_FIX5_OFF,160,2026-08-04 15:53:57.438493,179.347789,0.050096,,,,,,keyboard,after digit#5,"{""note"":""after digit#5"",""pd_used"":0}",2,0.016667,60.000000,1
Sergio_G01_CNS-LLF5RV3D8,s01,ses03,20260804_153512,2026-08-04 15:50:58.048707,NaN,1,probe,PROBE_DONE,73,2026-08-04 15:53:57.446546,179.397885,0.000906,,,,,,keyboard,probe complete,"{""value"":"""",""note"":""probe complete""}",2,0.016667,60.000000,1
Sergio_G01_CNS-LLF5RV3D8,s01,ses03,20260804_153512,2026-08-04 15:50:58.048707,NaN,1,probe,TRIAL_END,21,2026-08-04 15:53:57.447244,179.398791,0.099819,,,,,,keyboard,,{},2,0.016667,60.000000,1
Sergio_G01_CNS-LLF5RV3D8,s01,ses03,20260804_153512,2026-08-04 15:50:58.048707,NaN,2,probe,TRIAL_CHANGE,22,2026-08-04 15:53:57.547436,179.498611,0.001147,,,,,,keyboard,trial transition,"{""note"":""trial transition""}",2,0.016667,60.000000,1
Sergio_G01_CNS-LLF5RV3D8,s01,ses03,20260804_153512,2026-08-04 15:50:58.048707,NaN,2,probe,TRIAL_START,20,2026-08-04 15:53:57.548233,179.499758,0.047999,,,,,,keyboard,,{},2,0.016667,60.000000,1
Sergio_G01_CNS-LLF5RV3D8,s01,ses03,20260804_153512,2026-08-04 15:50:58.048707,NaN,2,fix1,FIX1_ON,30,2026-08-04 15:53:57.642542,179.547756,3.249991,,,,,,keyboard,,"{""pd_used"":0}",2,0.016667,60.000000,1
Sergio_G01_CNS-LLF5RV3D8,s01,ses03,20260804_153512,2026-08-04 15:50:58.048707,NaN,2,fix1,FIX1_OFF,31,2026-08-04 15:54:00.888325,182.797747,0.049995,,,,,,keyboard,,"{""pd_used"":0}",2,0.016667,60.000000,1
Sergio_G01_CNS-LLF5RV3D8,s01,ses03,20260804_153512,2026-08-04 15:50:58.048707,NaN,2,digit,DIGIT1_ON,141,2026-08-04 15:54:00.939961,182.847742,0.550105,,4,,,,keyboard,digit#1 shown,"{""value"":4,""note"":""digit#1 shown"",""pd_used"":1}",2,0.016667,60.000000,1
Sergio_G01_CNS-LLF5RV3D8,s01,ses03,20260804_153512,2026-08-04 15:50:58.048707,NaN,2,digit,DIGIT1_OFF,146,2026-08-04 15:54:01.488439,183.397847,0.000000,,4,,,,keyboard,digit#1 off,"{""value"":4,""note"":""digit#1 off"",""pd_used"":0}",2,0.016667,60.000000,1
Sergio_G01_CNS-LLF5RV3D8,s01,ses03,20260804_153512,2026-08-04 15:50:58.048707,NaN,2,digit,POSTDIG_FIX1_ON,151,2026-08-04 15:54:01.489266,183.397847,1.616575,,,,,,keyboard,after digit#1,"{""note"":""after digit#1""}",2,0.016667,60.000000,1
Sergio_G01_CNS-LLF5RV3D8,s01,ses03,20260804_153512,2026-08-04 15:50:58.048707,NaN,2,digit,POSTDIG_FIX1_OFF,156,2026-08-04 15:54:03.104913,185.014422,0.049993,,,,,,keyboard,after digit#1,"{""note"":""after digit#1"",""pd_used"":0}",2,0.016667,60.000000,1
Sergio_G01_CNS-LLF5RV3D8,s01,ses03,20260804_153512,2026-08-04 15:50:58.048707,NaN,2,digit,DIGIT2_ON,142,2026-08-04 15:54:03.156112,185.064416,0.550031,,4,,,,keyboard,digit#2 shown,"{""value"":4,""note"":""digit#2 shown"",""pd_used"":1}",2,0.016667,60.000000,1
Sergio_G01_CNS-LLF5RV3D8,s01,ses03,20260804_153512,2026-08-04 15:50:58.048707,NaN,2,digit,DIGIT2_OFF,147,2026-08-04 15:54:03.705353,185.614447,0.000000,,4,,,,keyboard,digit#2 off,"{""value"":4,""note"":""digit#2 off"",""pd_used"":0}",2,0.016667,60.000000,1
Sergio_G01_CNS-LLF5RV3D8,s01,ses03,20260804_153512,2026-08-04 15:50:58.048707,NaN,2,digit,POSTDIG_FIX2_ON,152,2026-08-04 15:54:03.706232,185.614447,2.016675,,,,,,keyboard,after digit#2,"{""note"":""after digit#2""}",2,0.016667,60.000000,1
Sergio_G01_CNS-LLF5RV3D8,s01,ses03,20260804_153512,2026-08-04 15:50:58.048707,NaN,2,digit,POSTDIG_FIX2_OFF,157,2026-08-04 15:54:05.721589,187.631122,0.049992,,,,,,keyboard,after digit#2,"{""note"":""after digit#2"",""pd_used"":0}",2,0.016667,60.000000,1
Sergio_G01_CNS-LLF5RV3D8,s01,ses03,20260804_153512,2026-08-04 15:50:58.048707,NaN,2,digit,DIGIT3_ON,143,2026-08-04 15:54:05.772906,187.681114,0.549987,,5,,,,keyboard,digit#3 shown,"{""value"":5,""note"":""digit#3 shown"",""pd_used"":1}",2,0.016667,60.000000,1
Sergio_G01_CNS-LLF5RV3D8,s01,ses03,20260804_153512,2026-08-04 15:50:58.048707,NaN,2,digit,DIGIT3_OFF,148,2026-08-04 15:54:06.321615,188.231101,0.000000,,5,,,,keyboard,digit#3 off,"{""value"":5,""note"":""digit#3 off"",""pd_used"":0}",2,0.016667,60.000000,1
Sergio_G01_CNS-LLF5RV3D8,s01,ses03,20260804_153512,2026-08-04 15:50:58.048707,NaN,2,digit,POSTDIG_FIX3_ON,153,2026-08-04 15:54:06.322431,188.231101,1.650086,,,,,,keyboard,after digit#3,"{""note"":""after digit#3""}",2,0.016667,60.000000,1
Sergio_G01_CNS-LLF5RV3D8,s01,ses03,20260804_153512,2026-08-04 15:50:58.048707,NaN,2,digit,POSTDIG_FIX3_OFF,158,2026-08-04 15:54:07.971950,189.881187,0.049905,,,,,,keyboard,after digit#3,"{""note"":""after digit#3"",""pd_used"":0}",2,0.016667,60.000000,1
Sergio_G01_CNS-LLF5RV3D8,s01,ses03,20260804_153512,2026-08-04 15:50:58.048707,NaN,2,digit,DIGIT4_ON,144,2026-08-04 15:54:08.023276,189.931092,0.550003,,0,,,,keyboard,digit#4 shown,"{""value"":0,""note"":""digit#4 shown"",""pd_used"":1}",2,0.016667,60.000000,1
Sergio_G01_CNS-LLF5RV3D8,s01,ses03,20260804_153512,2026-08-04 15:50:58.048707,NaN,2,digit,DIGIT4_OFF,149,2026-08-04 15:54:08.571600,190.481095,0.000000,,0,,,,keyboard,digit#4 off,"{""value"":0,""note"":""digit#4 off"",""pd_used"":0}",2,0.016667,60.000000,1
Sergio_G01_CNS-LLF5RV3D8,s01,ses03,20260804_153512,2026-08-04 15:50:58.048707,NaN,2,digit,POSTDIG_FIX4_ON,154,2026-08-04 15:54:08.572434,190.481095,1.916893,,,,,,keyboard,after digit#4,"{""note"":""after digit#4""}",2,0.016667,60.000000,1
Sergio_G01_CNS-LLF5RV3D8,s01,ses03,20260804_153512,2026-08-04 15:50:58.048707,NaN,2,digit,POSTDIG_FIX4_OFF,159,2026-08-04 15:54:10.488406,192.397988,0.049854,,,,,,keyboard,after digit#4,"{""note"":""after digit#4"",""pd_used"":0}",2,0.016667,60.000000,1
Sergio_G01_CNS-LLF5RV3D8,s01,ses03,20260804_153512,2026-08-04 15:50:58.048707,NaN,2,digit,DIGIT5_ON,145,2026-08-04 15:54:10.540071,192.447842,0.549965,,3,,,,keyboard,digit#5 shown,"{""value"":3,""note"":""digit#5 shown"",""pd_used"":1}",2,0.016667,60.000000,1
Sergio_G01_CNS-LLF5RV3D8,s01,ses03,20260804_153512,2026-08-04 15:50:58.048707,NaN,2,digit,DIGIT5_OFF,150,2026-08-04 15:54:11.088589,192.997807,0.000000,,3,,,,keyboard,digit#5 off,"{""value"":3,""note"":""digit#5 off"",""pd_used"":0}",2,0.016667,60.000000,1
Sergio_G01_CNS-LLF5RV3D8,s01,ses03,20260804_153512,2026-08-04 15:50:58.048707,NaN,2,digit,POSTDIG_FIX5_ON,155,2026-08-04 15:54:11.089414,192.997807,3.233349,,,,,,keyboard,after digit#5,"{""note"":""after digit#5""}",2,0.016667,60.000000,1
Sergio_G01_CNS-LLF5RV3D8,s01,ses03,20260804_153512,2026-08-04 15:50:58.048707,NaN,2,digit,POSTDIG_FIX5_OFF,160,2026-08-04 15:54:14.321913,196.231156,0.050009,,,,,,keyboard,after digit#5,"{""note"":""after digit#5"",""pd_used"":0}",2,0.016667,60.000000,1
Sergio_G01_CNS-LLF5RV3D8,s01,ses03,20260804_153512,2026-08-04 15:50:58.048707,NaN,2,distractor,DISTRACTOR_ON,50,2026-08-04 15:54:14.373600,196.281165,3.978423,,0+7=9,,,,keyboard,,"{""value"":""0+7=9"",""isCorrectTruth"":false,""trueSum"":7,""pd_used"":1}",2,0.016667,60.000000,1
Sergio_G01_CNS-LLF5RV3D8,s01,ses03,20260804_153512,2026-08-04 15:50:58.048707,NaN,2,distractor,DISTRACTOR_ANS,51,2026-08-04 15:54:18.632836,200.259589,0.000000,3.978423,0+7=9,F,1,,keyboard,key= (False),"{""value"":""0+7=9"",""entered"":""F"",""rt"":3.9784234999679029,""correct"":1,""note"":""key= (False)"",""truth"":false,""trueSum"":7,""shownSum"":9,""a"":0,""b"":7}",2,0.016667,60.000000,1
Sergio_G01_CNS-LLF5RV3D8,s01,ses03,20260804_153512,2026-08-04 15:50:58.048707,NaN,2,distractor,ANS_CORRECT,100,2026-08-04 15:54:18.675686,200.259589,0.371560,,,,,,keyboard,,{},2,0.016667,60.000000,1
Sergio_G01_CNS-LLF5RV3D8,s01,ses03,20260804_153512,2026-08-04 15:50:58.048707,NaN,2,distractor,DISTRACTOR_OFF,52,2026-08-04 15:54:18.727138,200.631149,0.000000,,,,,,keyboard,,"{""pd_used"":0}",2,0.016667,60.000000,1
Sergio_G01_CNS-LLF5RV3D8,s01,ses03,20260804_153512,2026-08-04 15:50:58.048707,NaN,2,distractor,FIX2_ON,60,2026-08-04 15:54:18.728035,200.631149,3.550038,,,,,,keyboard,immediate after response,"{""note"":""immediate after response""}",2,0.016667,60.000000,1
Sergio_G01_CNS-LLF5RV3D8,s01,ses03,20260804_153512,2026-08-04 15:50:58.048707,NaN,2,fix2,FIX2_OFF,61,2026-08-04 15:54:22.271961,204.181188,0.050026,,,,,,keyboard,,"{""pd_used"":0}",2,0.016667,60.000000,1
Sergio_G01_CNS-LLF5RV3D8,s01,ses03,20260804_153512,2026-08-04 15:50:58.048707,NaN,2,probe,DIGIT_RECALL_LINE_1,161,2026-08-04 15:54:22.323424,204.231214,2.385062,,1,,,,keyboard,first recall question,"{""value"":1,""note"":""first recall question"",""pd_used"":1}",2,0.016667,60.000000,1
Sergio_G01_CNS-LLF5RV3D8,s01,ses03,20260804_153512,2026-08-04 15:50:58.048707,NaN,2,probe,PROBE_DIGIT_OK_1,71,2026-08-04 15:54:24.994795,206.616276,0.448255,2.391767,slot#1,NaN,,,keyboard,probe_digit#1,"{""value"":""slot#1"",""entered"":null,""rt"":2.3917672000825405,""note"":""probe_digit#1""}",2,0.016667,60.000000,1
Sergio_G01_CNS-LLF5RV3D8,s01,ses03,20260804_153512,2026-08-04 15:50:58.048707,NaN,2,probe,DIGIT1_OFF,146,2026-08-04 15:54:25.155160,207.064531,0.000000,,3,,,,keyboard,digit#1 off,"{""value"":3,""note"":""digit#1 off"",""pd_used"":0}",2,0.016667,60.000000,1
Sergio_G01_CNS-LLF5RV3D8,s01,ses03,20260804_153512,2026-08-04 15:50:58.048707,NaN,2,probe,POSTDIG_FIX1_ON,151,2026-08-04 15:54:25.155997,207.064531,1.983420,,,,,,keyboard,after digit#1,"{""note"":""after digit#1""}",2,0.016667,60.000000,1
Sergio_G01_CNS-LLF5RV3D8,s01,ses03,20260804_153512,2026-08-04 15:50:58.048707,NaN,2,probe,POSTDIG_FIX1_OFF,156,2026-08-04 15:54:27.138582,209.047952,0.066578,,,,,,keyboard,after digit#1,"{""note"":""after digit#1"",""pd_used"":0}",2,0.016667,60.000000,1
Sergio_G01_CNS-LLF5RV3D8,s01,ses03,20260804_153512,2026-08-04 15:50:58.048707,NaN,2,probe,DIGIT_RECALL_LINE_2,162,2026-08-04 15:54:27.205086,209.114530,3.275919,,2,,,,keyboard,next recall question,"{""value"":2,""note"":""next recall question"",""pd_used"":1}",2,0.016667,60.000000,1
Sergio_G01_CNS-LLF5RV3D8,s01,ses03,20260804_153512,2026-08-04 15:50:58.048707,NaN,2,probe,PROBE_DIGIT_OK_2,71,2026-08-04 15:54:30.805023,212.390449,0.490763,8.165940,slot#2,NaN,,,keyboard,probe_digit#2,"{""value"":""slot#2"",""entered"":null,""rt"":8.1659402000950649,""note"":""probe_digit#2""}",2,0.016667,60.000000,1
Sergio_G01_CNS-LLF5RV3D8,s01,ses03,20260804_153512,2026-08-04 15:50:58.048707,NaN,2,probe,DIGIT2_OFF,147,2026-08-04 15:54:30.971508,212.881212,0.000000,,3,,,,keyboard,digit#2 off,"{""value"":3,""note"":""digit#2 off"",""pd_used"":0}",2,0.016667,60.000000,1
Sergio_G01_CNS-LLF5RV3D8,s01,ses03,20260804_153512,2026-08-04 15:50:58.048707,NaN,2,probe,POSTDIG_FIX2_ON,152,2026-08-04 15:54:30.972310,212.881212,1.766694,,,,,,keyboard,after digit#2,"{""note"":""after digit#2""}",2,0.016667,60.000000,1
Sergio_G01_CNS-LLF5RV3D8,s01,ses03,20260804_153512,2026-08-04 15:50:58.048707,NaN,2,probe,POSTDIG_FIX2_OFF,157,2026-08-04 15:54:32.738398,214.647907,0.066658,,,,,,keyboard,after digit#2,"{""note"":""after digit#2"",""pd_used"":0}",2,0.016667,60.000000,1
Sergio_G01_CNS-LLF5RV3D8,s01,ses03,20260804_153512,2026-08-04 15:50:58.048707,NaN,2,probe,DIGIT_RECALL_LINE_3,163,2026-08-04 15:54:32.805243,214.714565,4.657726,,3,,,,keyboard,next recall question,"{""value"":3,""note"":""next recall question"",""pd_used"":1}",2,0.016667,60.000000,1
Sergio_G01_CNS-LLF5RV3D8,s01,ses03,20260804_153512,2026-08-04 15:50:58.048707,NaN,2,probe,PROBE_DIGIT_OK_3,71,2026-08-04 15:54:37.883207,219.372291,0.575663,15.147782,slot#3,NaN,,,keyboard,probe_digit#3,"{""value"":""slot#3"",""entered"":null,""rt"":15.147781900013797,""note"":""probe_digit#3""}",2,0.016667,60.000000,1
Sergio_G01_CNS-LLF5RV3D8,s01,ses03,20260804_153512,2026-08-04 15:50:58.048707,NaN,2,probe,DIGIT3_OFF,148,2026-08-04 15:54:38.038204,219.947954,0.000000,,3,,,,keyboard,digit#3 off,"{""value"":3,""note"":""digit#3 off"",""pd_used"":0}",2,0.016667,60.000000,1
Sergio_G01_CNS-LLF5RV3D8,s01,ses03,20260804_153512,2026-08-04 15:50:58.048707,NaN,2,probe,POSTDIG_FIX3_ON,153,2026-08-04 15:54:38.038983,219.947954,2.033311,,,,,,keyboard,after digit#3,"{""note"":""after digit#3""}",2,0.016667,60.000000,1
Sergio_G01_CNS-LLF5RV3D8,s01,ses03,20260804_153512,2026-08-04 15:50:58.048707,NaN,2,probe,POSTDIG_FIX3_OFF,158,2026-08-04 15:54:40.071895,221.981265,0.066689,,,,,,keyboard,after digit#3,"{""note"":""after digit#3"",""pd_used"":0}",2,0.016667,60.000000,1
Sergio_G01_CNS-LLF5RV3D8,s01,ses03,20260804_153512,2026-08-04 15:50:58.048707,NaN,2,probe,DIGIT_RECALL_LINE_4,164,2026-08-04 15:54:40.138570,222.047954,1.971635,,4,,,,keyboard,next recall question,"{""value"":4,""note"":""next recall question"",""pd_used"":1}",2,0.016667,60.000000,1
Sergio_G01_CNS-LLF5RV3D8,s01,ses03,20260804_153512,2026-08-04 15:50:58.048707,NaN,2,probe,PROBE_DIGIT_OK_4,71,2026-08-04 15:54:42.384616,224.019589,0.428394,19.795080,slot#4,NaN,,,keyboard,probe_digit#4,"{""value"":""slot#4"",""entered"":null,""rt"":19.795080100069754,""note"":""probe_digit#4""}",2,0.016667,60.000000,1
Sergio_G01_CNS-LLF5RV3D8,s01,ses03,20260804_153512,2026-08-04 15:50:58.048707,NaN,2,probe,DIGIT4_OFF,149,2026-08-04 15:54:42.538638,224.447983,0.000000,,3,,,,keyboard,digit#4 off,"{""value"":3,""note"":""digit#4 off"",""pd_used"":0}",2,0.016667,60.000000,1
Sergio_G01_CNS-LLF5RV3D8,s01,ses03,20260804_153512,2026-08-04 15:50:58.048707,NaN,2,probe,POSTDIG_FIX4_ON,154,2026-08-04 15:54:42.539476,224.447983,1.850278,,,,,,keyboard,after digit#4,"{""note"":""after digit#4""}",2,0.016667,60.000000,1
Sergio_G01_CNS-LLF5RV3D8,s01,ses03,20260804_153512,2026-08-04 15:50:58.048707,NaN,2,probe,POSTDIG_FIX4_OFF,159,2026-08-04 15:54:44.388880,226.298261,0.066372,,,,,,keyboard,after digit#4,"{""note"":""after digit#4"",""pd_used"":0}",2,0.016667,60.000000,1
Sergio_G01_CNS-LLF5RV3D8,s01,ses03,20260804_153512,2026-08-04 15:50:58.048707,NaN,2,probe,DIGIT_RECALL_LINE_5,165,2026-08-04 15:54:44.454887,226.364633,4.370163,,5,,,,keyboard,next recall question,"{""value"":5,""note"":""next recall question"",""pd_used"":1}",2,0.016667,60.000000,1
Sergio_G01_CNS-LLF5RV3D8,s01,ses03,20260804_153512,2026-08-04 15:50:58.048707,NaN,2,probe,PROBE_DIGIT_OK_5,71,2026-08-04 15:54:49.145693,230.734796,0.479865,26.510287,slot#5,NaN,,,keyboard,probe_digit#5,"{""value"":""slot#5"",""entered"":null,""rt"":26.510286900098436,""note"":""probe_digit#5""}",2,0.016667,60.000000,1
Sergio_G01_CNS-LLF5RV3D8,s01,ses03,20260804_153512,2026-08-04 15:50:58.048707,NaN,2,probe,DIGIT5_OFF,150,2026-08-04 15:54:49.305412,231.214661,0.000000,,3,,,,keyboard,digit#5 off,"{""value"":3,""note"":""digit#5 off"",""pd_used"":0}",2,0.016667,60.000000,1
Sergio_G01_CNS-LLF5RV3D8,s01,ses03,20260804_153512,2026-08-04 15:50:58.048707,NaN,2,probe,POSTDIG_FIX5_ON,155,2026-08-04 15:54:49.306244,231.214661,3.349993,,,,,,keyboard,after digit#5,"{""note"":""after digit#5""}",2,0.016667,60.000000,1
Sergio_G01_CNS-LLF5RV3D8,s01,ses03,20260804_153512,2026-08-04 15:50:58.048707,NaN,2,probe,POSTDIG_FIX5_OFF,160,2026-08-04 15:54:52.655740,234.564654,0.050143,,,,,,keyboard,after digit#5,"{""note"":""after digit#5"",""pd_used"":0}",2,0.016667,60.000000,1
Sergio_G01_CNS-LLF5RV3D8,s01,ses03,20260804_153512,2026-08-04 15:50:58.048707,NaN,2,probe,PROBE_DONE,73,2026-08-04 15:54:52.663446,234.614797,0.000881,,,,,,keyboard,probe complete,"{""value"":"""",""note"":""probe complete""}",2,0.016667,60.000000,1
Sergio_G01_CNS-LLF5RV3D8,s01,ses03,20260804_153512,2026-08-04 15:50:58.048707,NaN,2,probe,TRIAL_END,21,2026-08-04 15:54:52.664130,234.615678,0.099089,,,,,,keyboard,,{},2,0.016667,60.000000,1
Sergio_G01_CNS-LLF5RV3D8,s01,ses03,20260804_153512,2026-08-04 15:50:58.048707,NaN,3,probe,TRIAL_CHANGE,22,2026-08-04 15:54:52.763851,234.714767,0.001511,,,,,,keyboard,trial transition,"{""note"":""trial transition""}",2,0.016667,60.000000,1
Sergio_G01_CNS-LLF5RV3D8,s01,ses03,20260804_153512,2026-08-04 15:50:58.048707,NaN,3,probe,TRIAL_START,20,2026-08-04 15:54:52.764864,234.716278,0.048361,,,,,,keyboard,,{},2,0.016667,60.000000,1
Sergio_G01_CNS-LLF5RV3D8,s01,ses03,20260804_153512,2026-08-04 15:50:58.048707,NaN,3,fix1,FIX1_ON,30,2026-08-04 15:54:52.859179,234.764639,3.100036,,,,,,keyboard,,"{""pd_used"":0}",2,0.016667,60.000000,1
Sergio_G01_CNS-LLF5RV3D8,s01,ses03,20260804_153512,2026-08-04 15:50:58.048707,NaN,3,fix1,FIX1_OFF,31,2026-08-04 15:54:55.955240,237.864675,0.049974,,,,,,keyboard,,"{""pd_used"":0}",2,0.016667,60.000000,1
Sergio_G01_CNS-LLF5RV3D8,s01,ses03,20260804_153512,2026-08-04 15:50:58.048707,NaN,3,digit,DIGIT1_ON,141,2026-08-04 15:54:56.006958,237.914649,0.550016,,2,,,,keyboard,digit#1 shown,"{""value"":2,""note"":""digit#1 shown"",""pd_used"":1}",2,0.016667,60.000000,1
Sergio_G01_CNS-LLF5RV3D8,s01,ses03,20260804_153512,2026-08-04 15:50:58.048707,NaN,3,digit,DIGIT1_OFF,146,2026-08-04 15:54:56.555237,238.464665,0.000000,,2,,,,keyboard,digit#1 off,"{""value"":2,""note"":""digit#1 off"",""pd_used"":0}",2,0.016667,60.000000,1
Sergio_G01_CNS-LLF5RV3D8,s01,ses03,20260804_153512,2026-08-04 15:50:58.048707,NaN,3,digit,POSTDIG_FIX1_ON,151,2026-08-04 15:54:56.556181,238.464665,2.016701,,,,,,keyboard,after digit#1,"{""note"":""after digit#1""}",2,0.016667,60.000000,1
Sergio_G01_CNS-LLF5RV3D8,s01,ses03,20260804_153512,2026-08-04 15:50:58.048707,NaN,3,digit,POSTDIG_FIX1_OFF,156,2026-08-04 15:54:58.572000,240.481366,0.049956,,,,,,keyboard,after digit#1,"{""note"":""after digit#1"",""pd_used"":0}",2,0.016667,60.000000,1
Sergio_G01_CNS-LLF5RV3D8,s01,ses03,20260804_153512,2026-08-04 15:50:58.048707,NaN,3,digit,DIGIT2_ON,142,2026-08-04 15:54:58.623299,240.531322,0.550001,,5,,,,keyboard,digit#2 shown,"{""value"":5,""note"":""digit#2 shown"",""pd_used"":1}",2,0.016667,60.000000,1
Sergio_G01_CNS-LLF5RV3D8,s01,ses03,20260804_153512,2026-08-04 15:50:58.048707,NaN,3,digit,DIGIT2_OFF,147,2026-08-04 15:54:59.171902,241.081323,0.000000,,5,,,,keyboard,digit#2 off,"{""value"":5,""note"":""digit#2 off"",""pd_used"":0}",2,0.016667,60.000000,1
Sergio_G01_CNS-LLF5RV3D8,s01,ses03,20260804_153512,2026-08-04 15:50:58.048707,NaN,3,digit,POSTDIG_FIX2_ON,152,2026-08-04 15:54:59.172762,241.081323,1.817012,,,,,,keyboard,after digit#2,"{""note"":""after digit#2""}",2,0.016667,60.000000,1
Sergio_G01_CNS-LLF5RV3D8,s01,ses03,20260804_153512,2026-08-04 15:50:58.048707,NaN,3,digit,POSTDIG_FIX2_OFF,157,2026-08-04 15:55:00.988799,242.898335,0.049694,,,,,,keyboard,after digit#2,"{""note"":""after digit#2"",""pd_used"":0}",2,0.016667,60.000000,1
Sergio_G01_CNS-LLF5RV3D8,s01,ses03,20260804_153512,2026-08-04 15:50:58.048707,NaN,3,digit,DIGIT3_ON,143,2026-08-04 15:55:01.040277,242.948028,0.550044,,4,,,,keyboard,digit#3 shown,"{""value"":4,""note"":""digit#3 shown"",""pd_used"":1}",2,0.016667,60.000000,1
Sergio_G01_CNS-LLF5RV3D8,s01,ses03,20260804_153512,2026-08-04 15:50:58.048707,NaN,3,digit,DIGIT3_OFF,148,2026-08-04 15:55:01.588700,243.498072,0.000000,,4,,,,keyboard,digit#3 off,"{""value"":4,""note"":""digit#3 off"",""pd_used"":0}",2,0.016667,60.000000,1
Sergio_G01_CNS-LLF5RV3D8,s01,ses03,20260804_153512,2026-08-04 15:50:58.048707,NaN,3,digit,POSTDIG_FIX3_ON,153,2026-08-04 15:55:01.589490,243.498072,1.600262,,,,,,keyboard,after digit#3,"{""note"":""after digit#3""}",2,0.016667,60.000000,1
Sergio_G01_CNS-LLF5RV3D8,s01,ses03,20260804_153512,2026-08-04 15:50:58.048707,NaN,3,digit,POSTDIG_FIX3_OFF,158,2026-08-04 15:55:03.188832,245.098334,0.049738,,,,,,keyboard,after digit#3,"{""note"":""after digit#3"",""pd_used"":0}",2,0.016667,60.000000,1
Sergio_G01_CNS-LLF5RV3D8,s01,ses03,20260804_153512,2026-08-04 15:50:58.048707,NaN,3,digit,DIGIT4_ON,144,2026-08-04 15:55:03.240332,245.148072,0.549998,,6,,,,keyboard,digit#4 shown,"{""value"":6,""note"":""digit#4 shown"",""pd_used"":1}",2,0.016667,60.000000,1
Sergio_G01_CNS-LLF5RV3D8,s01,ses03,20260804_153512,2026-08-04 15:50:58.048707,NaN,3,digit,DIGIT4_OFF,149,2026-08-04 15:55:03.788489,245.698070,0.000000,,6,,,,keyboard,digit#4 off,"{""value"":6,""note"":""digit#4 off"",""pd_used"":0}",2,0.016667,60.000000,1
Sergio_G01_CNS-LLF5RV3D8,s01,ses03,20260804_153512,2026-08-04 15:50:58.048707,NaN,3,digit,POSTDIG_FIX4_ON,154,2026-08-04 15:55:03.789278,245.698070,1.750001,,,,,,keyboard,after digit#4,"{""note"":""after digit#4""}",2,0.016667,60.000000,1
Sergio_G01_CNS-LLF5RV3D8,s01,ses03,20260804_153512,2026-08-04 15:50:58.048707,NaN,3,digit,POSTDIG_FIX4_OFF,159,2026-08-04 15:55:05.538571,247.448071,0.050005,,,,,,keyboard,after digit#4,"{""note"":""after digit#4"",""pd_used"":0}",2,0.016667,60.000000,1
Sergio_G01_CNS-LLF5RV3D8,s01,ses03,20260804_153512,2026-08-04 15:50:58.048707,NaN,3,digit,DIGIT5_ON,145,2026-08-04 15:55:05.590141,247.498076,0.550133,,7,,,,keyboard,digit#5 shown,"{""value"":7,""note"":""digit#5 shown"",""pd_used"":1}",2,0.016667,60.000000,1
Sergio_G01_CNS-LLF5RV3D8,s01,ses03,20260804_153512,2026-08-04 15:50:58.048707,NaN,3,digit,DIGIT5_OFF,150,2026-08-04 15:55:06.138520,248.048209,0.000000,,7,,,,keyboard,digit#5 off,"{""value"":7,""note"":""digit#5 off"",""pd_used"":0}",2,0.016667,60.000000,1
Sergio_G01_CNS-LLF5RV3D8,s01,ses03,20260804_153512,2026-08-04 15:50:58.048707,NaN,3,digit,POSTDIG_FIX5_ON,155,2026-08-04 15:55:06.139317,248.048209,3.366541,,,,,,keyboard,after digit#5,"{""note"":""after digit#5""}",2,0.016667,60.000000,1
Sergio_G01_CNS-LLF5RV3D8,s01,ses03,20260804_153512,2026-08-04 15:50:58.048707,NaN,3,digit,POSTDIG_FIX5_OFF,160,2026-08-04 15:55:09.505700,251.414749,0.049955,,,,,,keyboard,after digit#5,"{""note"":""after digit#5"",""pd_used"":0}",2,0.016667,60.000000,1
Sergio_G01_CNS-LLF5RV3D8,s01,ses03,20260804_153512,2026-08-04 15:50:58.048707,NaN,3,distractor,DISTRACTOR_ON,50,2026-08-04 15:55:09.556815,251.464705,18.960453,,3+2=6,,,,keyboard,,"{""value"":""3+2=6"",""isCorrectTruth"":false,""trueSum"":5,""pd_used"":1}",2,0.016667,60.000000,1
Sergio_G01_CNS-LLF5RV3D8,s01,ses03,20260804_153512,2026-08-04 15:50:58.048707,NaN,3,distractor,DISTRACTOR_ANS,51,2026-08-04 15:55:28.792434,270.425158,0.000000,18.960453,3+2=6,F,1,,keyboard,key= (False),"{""value"":""3+2=6"",""entered"":""F"",""rt"":18.960452899918891,""correct"":1,""note"":""key= (False)"",""truth"":false,""trueSum"":5,""shownSum"":6,""a"":3,""b"":2}",2,0.016667,60.000000,1
Sergio_G01_CNS-LLF5RV3D8,s01,ses03,20260804_153512,2026-08-04 15:50:58.048707,NaN,3,distractor,ANS_CORRECT,100,2026-08-04 15:55:28.836079,270.425158,0.372989,,,,,,keyboard,,{},2,0.016667,60.000000,1
Sergio_G01_CNS-LLF5RV3D8,s01,ses03,20260804_153512,2026-08-04 15:50:58.048707,NaN,3,distractor,DISTRACTOR_OFF,52,2026-08-04 15:55:28.888453,270.798147,0.000000,,,,,,keyboard,,"{""pd_used"":0}",2,0.016667,60.000000,1
Sergio_G01_CNS-LLF5RV3D8,s01,ses03,20260804_153512,2026-08-04 15:50:58.048707,NaN,3,distractor,FIX2_ON,60,2026-08-04 15:55:28.889876,270.798147,3.283297,,,,,,keyboard,immediate after response,"{""note"":""immediate after response""}",2,0.016667,60.000000,1
Sergio_G01_CNS-LLF5RV3D8,s01,ses03,20260804_153512,2026-08-04 15:50:58.048707,NaN,3,fix2,FIX2_OFF,61,2026-08-04 15:55:32.171769,274.081444,0.050009,,,,,,keyboard,,"{""pd_used"":0}",2,0.016667,60.000000,1
Sergio_G01_CNS-LLF5RV3D8,s01,ses03,20260804_153512,2026-08-04 15:50:58.048707,NaN,3,probe,DIGIT_RECALL_LINE_1,161,2026-08-04 15:55:32.223093,274.131454,3.036733,,1,,,,keyboard,first recall question,"{""value"":1,""note"":""first recall question"",""pd_used"":1}",2,0.016667,60.000000,1
Sergio_G01_CNS-LLF5RV3D8,s01,ses03,20260804_153512,2026-08-04 15:50:58.048707,NaN,3,probe,PROBE_DIGIT_OK_1,71,2026-08-04 15:55:35.852130,277.168186,0.763314,3.043811,slot#1,NaN,,,keyboard,probe_digit#1,"{""value"":""slot#1"",""entered"":null,""rt"":3.0438107999507338,""note"":""probe_digit#1""}",2,0.016667,60.000000,1
Sergio_G01_CNS-LLF5RV3D8,s01,ses03,20260804_153512,2026-08-04 15:50:58.048707,NaN,3,probe,DIGIT1_OFF,146,2026-08-04 15:55:36.022034,277.931500,0.000000,,7,,,,keyboard,digit#1 off,"{""value"":7,""note"":""digit#1 off"",""pd_used"":0}",2,0.016667,60.000000,1
Sergio_G01_CNS-LLF5RV3D8,s01,ses03,20260804_153512,2026-08-04 15:50:58.048707,NaN,3,probe,POSTDIG_FIX1_ON,151,2026-08-04 15:55:36.022821,277.931500,1.916689,,,,,,keyboard,after digit#1,"{""note"":""after digit#1""}",2,0.016667,60.000000,1
Sergio_G01_CNS-LLF5RV3D8,s01,ses03,20260804_153512,2026-08-04 15:50:58.048707,NaN,3,probe,POSTDIG_FIX1_OFF,156,2026-08-04 15:55:37.938781,279.848189,0.066668,,,,,,keyboard,after digit#1,"{""note"":""after digit#1"",""pd_used"":0}",2,0.016667,60.000000,1
Sergio_G01_CNS-LLF5RV3D8,s01,ses03,20260804_153512,2026-08-04 15:50:58.048707,NaN,3,probe,DIGIT_RECALL_LINE_2,162,2026-08-04 15:55:38.005125,279.914857,1.565212,,2,,,,keyboard,next recall question,"{""value"":2,""note"":""next recall question"",""pd_used"":1}",2,0.016667,60.000000,1
Sergio_G01_CNS-LLF5RV3D8,s01,ses03,20260804_153512,2026-08-04 15:50:58.048707,NaN,3,probe,PROBE_DIGIT_OK_2,71,2026-08-04 15:55:39.953366,281.480069,0.551469,7.355693,slot#2,NaN,,,keyboard,probe_digit#2,"{""value"":""slot#2"",""entered"":null,""rt"":7.3556933000218123,""note"":""probe_digit#2""}",2,0.016667,60.000000,1
Sergio_G01_CNS-LLF5RV3D8,s01,ses03,20260804_153512,2026-08-04 15:50:58.048707,NaN,3,probe,DIGIT2_OFF,147,2026-08-04 15:55:40.122164,282.031538,0.000000,,7,,,,keyboard,digit#2 off,"{""value"":7,""note"":""digit#2 off"",""pd_used"":0}",2,0.016667,60.000000,1
Sergio_G01_CNS-LLF5RV3D8,s01,ses03,20260804_153512,2026-08-04 15:50:58.048707,NaN,3,probe,POSTDIG_FIX2_ON,152,2026-08-04 15:55:40.122976,282.031538,1.950033,,,,,,keyboard,after digit#2,"{""note"":""after digit#2""}",2,0.016667,60.000000,1
Sergio_G01_CNS-LLF5RV3D8,s01,ses03,20260804_153512,2026-08-04 15:50:58.048707,NaN,3,probe,POSTDIG_FIX2_OFF,157,2026-08-04 15:55:42.072293,283.981571,0.066630,,,,,,keyboard,after digit#2,"{""note"":""after digit#2"",""pd_used"":0}",2,0.016667,60.000000,1
Sergio_G01_CNS-LLF5RV3D8,s01,ses03,20260804_153512,2026-08-04 15:50:58.048707,NaN,3,probe,DIGIT_RECALL_LINE_3,163,2026-08-04 15:55:42.138821,284.048202,1.347565,,3,,,,keyboard,next recall question,"{""value"":3,""note"":""next recall question"",""pd_used"":1}",2,0.016667,60.000000,1
Sergio_G01_CNS-LLF5RV3D8,s01,ses03,20260804_153512,2026-08-04 15:50:58.048707,NaN,3,probe,PROBE_DIGIT_OK_3,71,2026-08-04 15:55:43.924052,285.395767,0.585787,11.271392,slot#3,NaN,,,keyboard,probe_digit#3,"{""value"":""slot#3"",""entered"":null,""rt"":11.2713915000204,""note"":""probe_digit#3""}",2,0.016667,60.000000,1
Sergio_G01_CNS-LLF5RV3D8,s01,ses03,20260804_153512,2026-08-04 15:50:58.048707,NaN,3,probe,DIGIT3_OFF,148,2026-08-04 15:55:44.072130,285.981554,0.000000,,7,,,,keyboard,digit#3 off,"{""value"":7,""note"":""digit#3 off"",""pd_used"":0}",2,0.016667,60.000000,1
Sergio_G01_CNS-LLF5RV3D8,s01,ses03,20260804_153512,2026-08-04 15:50:58.048707,NaN,3,probe,POSTDIG_FIX3_ON,153,2026-08-04 15:55:44.072932,285.981554,1.916985,,,,,,keyboard,after digit#3,"{""note"":""after digit#3""}",2,0.016667,60.000000,1
Sergio_G01_CNS-LLF5RV3D8,s01,ses03,20260804_153512,2026-08-04 15:50:58.048707,NaN,3,probe,POSTDIG_FIX3_OFF,158,2026-08-04 15:55:45.989206,287.898538,0.066348,,,,,,keyboard,after digit#3,"{""note"":""after digit#3"",""pd_used"":0}",2,0.016667,60.000000,1
Sergio_G01_CNS-LLF5RV3D8,s01,ses03,20260804_153512,2026-08-04 15:50:58.048707,NaN,3,probe,DIGIT_RECALL_LINE_4,164,2026-08-04 15:55:46.055056,287.964887,1.291372,,4,,,,keyboard,next recall question,"{""value"":4,""note"":""next recall question"",""pd_used"":1}",2,0.016667,60.000000,1
Sergio_G01_CNS-LLF5RV3D8,s01,ses03,20260804_153512,2026-08-04 15:50:58.048707,NaN,3,probe,PROBE_DIGIT_OK_4,71,2026-08-04 15:55:47.664287,289.256259,0.475289,15.131883,slot#4,NaN,,,keyboard,probe_digit#4,"{""value"":""slot#4"",""entered"":null,""rt"":15.131883300025947,""note"":""probe_digit#4""}",2,0.016667,60.000000,1
Sergio_G01_CNS-LLF5RV3D8,s01,ses03,20260804_153512,2026-08-04 15:50:58.048707,NaN,3,probe,DIGIT4_OFF,149,2026-08-04 15:55:47.822016,289.731548,0.000000,,7,,,,keyboard,digit#4 off,"{""value"":7,""note"":""digit#4 off"",""pd_used"":0}",2,0.016667,60.000000,1
Sergio_G01_CNS-LLF5RV3D8,s01,ses03,20260804_153512,2026-08-04 15:50:58.048707,NaN,3,probe,POSTDIG_FIX4_ON,154,2026-08-04 15:55:47.822899,289.731548,1.867024,,,,,,keyboard,after digit#4,"{""note"":""after digit#4""}",2,0.016667,60.000000,1
Sergio_G01_CNS-LLF5RV3D8,s01,ses03,20260804_153512,2026-08-04 15:50:58.048707,NaN,3,probe,POSTDIG_FIX4_OFF,159,2026-08-04 15:55:49.688991,291.598572,0.066460,,,,,,keyboard,after digit#4,"{""note"":""after digit#4"",""pd_used"":0}",2,0.016667,60.000000,1
Sergio_G01_CNS-LLF5RV3D8,s01,ses03,20260804_153512,2026-08-04 15:50:58.048707,NaN,3,probe,DIGIT_RECALL_LINE_5,165,2026-08-04 15:55:49.755328,291.665031,1.968987,,5,,,,keyboard,next recall question,"{""value"":5,""note"":""next recall question"",""pd_used"":1}",2,0.016667,60.000000,1
Sergio_G01_CNS-LLF5RV3D8,s01,ses03,20260804_153512,2026-08-04 15:50:58.048707,NaN,3,probe,PROBE_DIGIT_OK_5,71,2026-08-04 15:55:52.015093,293.634018,0.447572,19.509642,slot#5,NaN,,,keyboard,probe_digit#5,"{""value"":""slot#5"",""entered"":null,""rt"":19.509642499964684,""note"":""probe_digit#5""}",2,0.016667,60.000000,1
Sergio_G01_CNS-LLF5RV3D8,s01,ses03,20260804_153512,2026-08-04 15:50:58.048707,NaN,3,probe,DIGIT5_OFF,150,2026-08-04 15:55:52.172103,294.081590,0.000000,,7,,,,keyboard,digit#5 off,"{""value"":7,""note"":""digit#5 off"",""pd_used"":0}",2,0.016667,60.000000,1
Sergio_G01_CNS-LLF5RV3D8,s01,ses03,20260804_153512,2026-08-04 15:50:58.048707,NaN,3,probe,POSTDIG_FIX5_ON,155,2026-08-04 15:55:52.172957,294.081590,3.100003,,,,,,keyboard,after digit#5,"{""note"":""after digit#5""}",2,0.016667,60.000000,1
Sergio_G01_CNS-LLF5RV3D8,s01,ses03,20260804_153512,2026-08-04 15:50:58.048707,NaN,3,probe,POSTDIG_FIX5_OFF,160,2026-08-04 15:55:55.272217,297.181593,0.050505,,,,,,keyboard,after digit#5,"{""note"":""after digit#5"",""pd_used"":0}",2,0.016667,60.000000,1
Sergio_G01_CNS-LLF5RV3D8,s01,ses03,20260804_153512,2026-08-04 15:50:58.048707,NaN,3,probe,PROBE_DONE,73,2026-08-04 15:55:55.280781,297.232098,0.000983,,,,,,keyboard,probe complete,"{""value"":"""",""note"":""probe complete""}",2,0.016667,60.000000,1
Sergio_G01_CNS-LLF5RV3D8,s01,ses03,20260804_153512,2026-08-04 15:50:58.048707,NaN,3,probe,TRIAL_END,21,2026-08-04 15:55:55.281839,297.233081,0.110803,,,,,,keyboard,,{},2,0.016667,60.000000,1
Sergio_G01_CNS-LLF5RV3D8,s01,ses03,20260804_153512,2026-08-04 15:50:58.048707,NaN,4,probe,TRIAL_CHANGE,22,2026-08-04 15:55:55.392586,297.343884,0.001458,,,,,,keyboard,trial transition,"{""note"":""trial transition""}",2,0.016667,60.000000,1
Sergio_G01_CNS-LLF5RV3D8,s01,ses03,20260804_153512,2026-08-04 15:50:58.048707,NaN,4,probe,TRIAL_START,20,2026-08-04 15:55:55.393875,297.345342,0.052916,,,,,,keyboard,,{},2,0.016667,60.000000,1
Sergio_G01_CNS-LLF5RV3D8,s01,ses03,20260804_153512,2026-08-04 15:50:58.048707,NaN,4,fix1,FIX1_ON,30,2026-08-04 15:55:55.488586,297.398258,3.433312,,,,,,keyboard,,"{""pd_used"":0}",2,0.016667,60.000000,1
Sergio_G01_CNS-LLF5RV3D8,s01,ses03,20260804_153512,2026-08-04 15:50:58.048707,NaN,4,fix1,FIX1_OFF,31,2026-08-04 15:55:58.921998,300.831570,0.050053,,,,,,keyboard,,"{""pd_used"":0}",2,0.016667,60.000000,1
Sergio_G01_CNS-LLF5RV3D8,s01,ses03,20260804_153512,2026-08-04 15:50:58.048707,NaN,4,digit,DIGIT1_ON,141,2026-08-04 15:55:58.973491,300.881623,0.549977,,4,,,,keyboard,digit#1 shown,"{""value"":4,""note"":""digit#1 shown"",""pd_used"":1}",2,0.016667,60.000000,1
Sergio_G01_CNS-LLF5RV3D8,s01,ses03,20260804_153512,2026-08-04 15:50:58.048707,NaN,4,digit,DIGIT1_OFF,146,2026-08-04 15:55:59.521989,301.431601,0.000000,,4,,,,keyboard,digit#1 off,"{""value"":4,""note"":""digit#1 off"",""pd_used"":0}",2,0.016667,60.000000,1
Sergio_G01_CNS-LLF5RV3D8,s01,ses03,20260804_153512,2026-08-04 15:50:58.048707,NaN,4,digit,POSTDIG_FIX1_ON,151,2026-08-04 15:55:59.522791,301.431601,1.750024,,,,,,keyboard,after digit#1,"{""note"":""after digit#1""}",2,0.016667,60.000000,1
Sergio_G01_CNS-LLF5RV3D8,s01,ses03,20260804_153512,2026-08-04 15:50:58.048707,NaN,4,digit,POSTDIG_FIX1_OFF,156,2026-08-04 15:56:01.272079,303.181624,0.049992,,,,,,keyboard,after digit#1,"{""note"":""after digit#1"",""pd_used"":0}",2,0.016667,60.000000,1
Sergio_G01_CNS-LLF5RV3D8,s01,ses03,20260804_153512,2026-08-04 15:50:58.048707,NaN,4,digit,DIGIT2_ON,142,2026-08-04 15:56:01.323324,303.231616,0.549977,,0,,,,keyboard,digit#2 shown,"{""value"":0,""note"":""digit#2 shown"",""pd_used"":1}",2,0.016667,60.000000,1
Sergio_G01_CNS-LLF5RV3D8,s01,ses03,20260804_153512,2026-08-04 15:50:58.048707,NaN,4,digit,DIGIT2_OFF,147,2026-08-04 15:56:01.872017,303.781594,0.000000,,0,,,,keyboard,digit#2 off,"{""value"":0,""note"":""digit#2 off"",""pd_used"":0}",2,0.016667,60.000000,1
Sergio_G01_CNS-LLF5RV3D8,s01,ses03,20260804_153512,2026-08-04 15:50:58.048707,NaN,4,digit,POSTDIG_FIX2_ON,152,2026-08-04 15:56:01.872780,303.781594,1.883347,,,,,,keyboard,after digit#2,"{""note"":""after digit#2""}",2,0.016667,60.000000,1
Sergio_G01_CNS-LLF5RV3D8,s01,ses03,20260804_153512,2026-08-04 15:50:58.048707,NaN,4,digit,POSTDIG_FIX2_OFF,157,2026-08-04 15:56:03.755476,305.664941,0.050017,,,,,,keyboard,after digit#2,"{""note"":""after digit#2"",""pd_used"":0}",2,0.016667,60.000000,1
Sergio_G01_CNS-LLF5RV3D8,s01,ses03,20260804_153512,2026-08-04 15:50:58.048707,NaN,4,digit,DIGIT3_ON,143,2026-08-04 15:56:03.806875,305.714958,0.549986,,6,,,,keyboard,digit#3 shown,"{""value"":6,""note"":""digit#3 shown"",""pd_used"":1}",2,0.016667,60.000000,1
Sergio_G01_CNS-LLF5RV3D8,s01,ses03,20260804_153512,2026-08-04 15:50:58.048707,NaN,4,digit,DIGIT3_OFF,148,2026-08-04 15:56:04.355351,306.264944,0.000000,,6,,,,keyboard,digit#3 off,"{""value"":6,""note"":""digit#3 off"",""pd_used"":0}",2,0.016667,60.000000,1
Sergio_G01_CNS-LLF5RV3D8,s01,ses03,20260804_153512,2026-08-04 15:50:58.048707,NaN,4,digit,POSTDIG_FIX3_ON,153,2026-08-04 15:56:04.356148,306.264944,1.900025,,,,,,keyboard,after digit#3,"{""note"":""after digit#3""}",2,0.016667,60.000000,1
Sergio_G01_CNS-LLF5RV3D8,s01,ses03,20260804_153512,2026-08-04 15:50:58.048707,NaN,4,digit,POSTDIG_FIX3_OFF,158,2026-08-04 15:56:06.255376,308.164969,0.050028,,,,,,keyboard,after digit#3,"{""note"":""after digit#3"",""pd_used"":0}",2,0.016667,60.000000,1
Sergio_G01_CNS-LLF5RV3D8,s01,ses03,20260804_153512,2026-08-04 15:50:58.048707,NaN,4,digit,DIGIT4_ON,144,2026-08-04 15:56:06.307108,308.214997,0.549991,,7,,,,keyboard,digit#4 shown,"{""value"":7,""note"":""digit#4 shown"",""pd_used"":1}",2,0.016667,60.000000,1
Sergio_G01_CNS-LLF5RV3D8,s01,ses03,20260804_153512,2026-08-04 15:50:58.048707,NaN,4,digit,DIGIT4_OFF,149,2026-08-04 15:56:06.855673,308.764987,0.000000,,7,,,,keyboard,digit#4 off,"{""value"":7,""note"":""digit#4 off"",""pd_used"":0}",2,0.016667,60.000000,1
Sergio_G01_CNS-LLF5RV3D8,s01,ses03,20260804_153512,2026-08-04 15:50:58.048707,NaN,4,digit,POSTDIG_FIX4_ON,154,2026-08-04 15:56:06.856532,308.764987,1.566669,,,,,,keyboard,after digit#4,"{""note"":""after digit#4""}",2,0.016667,60.000000,1
Sergio_G01_CNS-LLF5RV3D8,s01,ses03,20260804_153512,2026-08-04 15:50:58.048707,NaN,4,digit,POSTDIG_FIX4_OFF,159,2026-08-04 15:56:08.422141,310.331656,0.050003,,,,,,keyboard,after digit#4,"{""note"":""after digit#4"",""pd_used"":0}",2,0.016667,60.000000,1
Sergio_G01_CNS-LLF5RV3D8,s01,ses03,20260804_153512,2026-08-04 15:50:58.048707,NaN,4,digit,DIGIT5_ON,145,2026-08-04 15:56:08.473500,310.381659,0.550121,,9,,,,keyboard,digit#5 shown,"{""value"":9,""note"":""digit#5 shown"",""pd_used"":1}",2,0.016667,60.000000,1
Sergio_G01_CNS-LLF5RV3D8,s01,ses03,20260804_153512,2026-08-04 15:50:58.048707,NaN,4,digit,DIGIT5_OFF,150,2026-08-04 15:56:09.022141,310.931780,0.000000,,9,,,,keyboard,digit#5 off,"{""value"":9,""note"":""digit#5 off"",""pd_used"":0}",2,0.016667,60.000000,1
Sergio_G01_CNS-LLF5RV3D8,s01,ses03,20260804_153512,2026-08-04 15:50:58.048707,NaN,4,digit,POSTDIG_FIX5_ON,155,2026-08-04 15:56:09.022914,310.931780,3.433209,,,,,,keyboard,after digit#5,"{""note"":""after digit#5""}",2,0.016667,60.000000,1
Sergio_G01_CNS-LLF5RV3D8,s01,ses03,20260804_153512,2026-08-04 15:50:58.048707,NaN,4,digit,POSTDIG_FIX5_OFF,160,2026-08-04 15:56:12.455351,314.364989,0.050145,,,,,,keyboard,after digit#5,"{""note"":""after digit#5"",""pd_used"":0}",2,0.016667,60.000000,1
Sergio_G01_CNS-LLF5RV3D8,s01,ses03,20260804_153512,2026-08-04 15:50:58.048707,NaN,4,distractor,DISTRACTOR_ON,50,2026-08-04 15:56:12.507148,314.415134,6.851257,,2+6=5,,,,keyboard,,"{""value"":""2+6=5"",""isCorrectTruth"":false,""trueSum"":8,""pd_used"":1}",2,0.016667,60.000000,1
Sergio_G01_CNS-LLF5RV3D8,s01,ses03,20260804_153512,2026-08-04 15:50:58.048707,NaN,4,distractor,DISTRACTOR_ANS,51,2026-08-04 15:56:19.712487,321.266391,0.000000,6.851257,2+6=5,F,1,,keyboard,key= (False),"{""value"":""2+6=5"",""entered"":""F"",""rt"":6.8512566999997944,""correct"":1,""note"":""key= (False)"",""truth"":false,""trueSum"":8,""shownSum"":5,""a"":2,""b"":6}",2,0.016667,60.000000,1
Sergio_G01_CNS-LLF5RV3D8,s01,ses03,20260804_153512,2026-08-04 15:50:58.048707,NaN,4,distractor,ANS_CORRECT,100,2026-08-04 15:56:19.755060,321.266391,0.448634,,,,,,keyboard,,{},2,0.016667,60.000000,1
Sergio_G01_CNS-LLF5RV3D8,s01,ses03,20260804_153512,2026-08-04 15:50:58.048707,NaN,4,distractor,DISTRACTOR_OFF,52,2026-08-04 15:56:19.806597,321.715025,0.000000,,,,,,keyboard,,"{""pd_used"":0}",2,0.016667,60.000000,1
Sergio_G01_CNS-LLF5RV3D8,s01,ses03,20260804_153512,2026-08-04 15:50:58.048707,NaN,4,distractor,FIX2_ON,60,2026-08-04 15:56:19.807370,321.715025,3.133492,,,,,,keyboard,immediate after response,"{""note"":""immediate after response""}",2,0.016667,60.000000,1
Sergio_G01_CNS-LLF5RV3D8,s01,ses03,20260804_153512,2026-08-04 15:50:58.048707,NaN,4,fix2,FIX2_OFF,61,2026-08-04 15:56:22.938969,324.848516,0.049862,,,,,,keyboard,,"{""pd_used"":0}",2,0.016667,60.000000,1
Sergio_G01_CNS-LLF5RV3D8,s01,ses03,20260804_153512,2026-08-04 15:50:58.048707,NaN,4,probe,DIGIT_RECALL_LINE_1,161,2026-08-04 15:56:22.990281,324.898378,10.082978,,1,,,,keyboard,first recall question,"{""value"":1,""note"":""first recall question"",""pd_used"":1}",2,0.016667,60.000000,1
Sergio_G01_CNS-LLF5RV3D8,s01,ses03,20260804_153512,2026-08-04 15:50:58.048707,NaN,4,probe,PROBE_DIGIT_OK_1,71,2026-08-04 15:56:33.583086,334.981356,0.667061,10.090039,slot#1,NaN,,,keyboard,probe_digit#1,"{""value"":""slot#1"",""entered"":null,""rt"":10.090038500027731,""note"":""probe_digit#1""}",2,0.016667,60.000000,1
Sergio_G01_CNS-LLF5RV3D8,s01,ses03,20260804_153512,2026-08-04 15:50:58.048707,NaN,4,probe,DIGIT1_OFF,146,2026-08-04 15:56:33.738792,335.648417,0.000000,,9,,,,keyboard,digit#1 off,"{""value"":9,""note"":""digit#1 off"",""pd_used"":0}",2,0.016667,60.000000,1
Sergio_G01_CNS-LLF5RV3D8,s01,ses03,20260804_153512,2026-08-04 15:50:58.048707,NaN,4,probe,POSTDIG_FIX1_ON,151,2026-08-04 15:56:33.739604,335.648417,1.566674,,,,,,keyboard,after digit#1,"{""note"":""after digit#1""}",2,0.016667,60.000000,1
Sergio_G01_CNS-LLF5RV3D8,s01,ses03,20260804_153512,2026-08-04 15:50:58.048707,NaN,4,probe,POSTDIG_FIX1_OFF,156,2026-08-04 15:56:35.306123,337.215091,0.066670,,,,,,keyboard,after digit#1,"{""note"":""after digit#1"",""pd_used"":0}",2,0.016667,60.000000,1
Sergio_G01_CNS-LLF5RV3D8,s01,ses03,20260804_153512,2026-08-04 15:50:58.048707,NaN,4,probe,DIGIT_RECALL_LINE_2,162,2026-08-04 15:56:35.372027,337.281761,2.084874,,2,,,,keyboard,next recall question,"{""value"":2,""note"":""next recall question"",""pd_used"":1}",2,0.016667,60.000000,1
Sergio_G01_CNS-LLF5RV3D8,s01,ses03,20260804_153512,2026-08-04 15:50:58.048707,NaN,4,probe,PROBE_DIGIT_OK_2,71,2026-08-04 15:56:37.961530,339.366635,0.665152,14.475318,slot#2,NaN,,,keyboard,probe_digit#2,"{""value"":""slot#2"",""entered"":null,""rt"":14.475317999953404,""note"":""probe_digit#2""}",2,0.016667,60.000000,1
Sergio_G01_CNS-LLF5RV3D8,s01,ses03,20260804_153512,2026-08-04 15:50:58.048707,NaN,4,probe,DIGIT2_OFF,147,2026-08-04 15:56:38.122052,340.031787,0.000000,,9,,,,keyboard,digit#2 off,"{""value"":9,""note"":""digit#2 off"",""pd_used"":0}",2,0.016667,60.000000,1
Sergio_G01_CNS-LLF5RV3D8,s01,ses03,20260804_153512,2026-08-04 15:50:58.048707,NaN,4,probe,POSTDIG_FIX2_ON,152,2026-08-04 15:56:38.122799,340.031787,1.600022,,,,,,keyboard,after digit#2,"{""note"":""after digit#2""}",2,0.016667,60.000000,1
Sergio_G01_CNS-LLF5RV3D8,s01,ses03,20260804_153512,2026-08-04 15:50:58.048707,NaN,4,probe,POSTDIG_FIX2_OFF,157,2026-08-04 15:56:39.722392,341.631808,0.066981,,,,,,keyboard,after digit#2,"{""note"":""after digit#2"",""pd_used"":0}",2,0.016667,60.000000,1
Sergio_G01_CNS-LLF5RV3D8,s01,ses03,20260804_153512,2026-08-04 15:50:58.048707,NaN,4,probe,DIGIT_RECALL_LINE_3,163,2026-08-04 15:56:39.789377,341.698790,3.312761,,3,,,,keyboard,next recall question,"{""value"":3,""note"":""next recall question"",""pd_used"":1}",2,0.016667,60.000000,1
Sergio_G01_CNS-LLF5RV3D8,s01,ses03,20260804_153512,2026-08-04 15:50:58.048707,NaN,4,probe,PROBE_DIGIT_OK_3,71,2026-08-04 15:56:43.612313,345.011551,0.670244,20.120234,slot#3,NaN,,,keyboard,probe_digit#3,"{""value"":""slot#3"",""entered"":null,""rt"":20.120233600027859,""note"":""probe_digit#3""}",2,0.016667,60.000000,1
Sergio_G01_CNS-LLF5RV3D8,s01,ses03,20260804_153512,2026-08-04 15:50:58.048707,NaN,4,probe,DIGIT3_OFF,148,2026-08-04 15:56:43.772038,345.681795,0.000000,,9,,,,keyboard,digit#3 off,"{""value"":9,""note"":""digit#3 off"",""pd_used"":0}",2,0.016667,60.000000,1
Sergio_G01_CNS-LLF5RV3D8,s01,ses03,20260804_153512,2026-08-04 15:50:58.048707,NaN,4,probe,POSTDIG_FIX3_ON,153,2026-08-04 15:56:43.772822,345.681795,1.566664,,,,,,keyboard,after digit#3,"{""note"":""after digit#3""}",2,0.016667,60.000000,1
Sergio_G01_CNS-LLF5RV3D8,s01,ses03,20260804_153512,2026-08-04 15:50:58.048707,NaN,4,probe,POSTDIG_FIX3_OFF,158,2026-08-04 15:56:45.338769,347.248459,0.066656,,,,,,keyboard,after digit#3,"{""note"":""after digit#3"",""pd_used"":0}",2,0.016667,60.000000,1
Sergio_G01_CNS-LLF5RV3D8,s01,ses03,20260804_153512,2026-08-04 15:50:58.048707,NaN,4,probe,DIGIT_RECALL_LINE_4,164,2026-08-04 15:56:45.405358,347.315115,2.273139,,4,,,,keyboard,next recall question,"{""value"":4,""note"":""next recall question"",""pd_used"":1}",2,0.016667,60.000000,1
Sergio_G01_CNS-LLF5RV3D8,s01,ses03,20260804_153512,2026-08-04 15:50:58.048707,NaN,4,probe,PROBE_DIGIT_OK_4,71,2026-08-04 15:56:48.292138,349.588254,0.776938,24.696937,slot#4,NaN,,,keyboard,probe_digit#4,"{""value"":""slot#4"",""entered"":null,""rt"":24.696937199914828,""note"":""probe_digit#4""}",2,0.016667,60.000000,1
Sergio_G01_CNS-LLF5RV3D8,s01,ses03,20260804_153512,2026-08-04 15:50:58.048707,NaN,4,probe,DIGIT4_OFF,149,2026-08-04 15:56:48.455648,350.365192,0.000000,,9,,,,keyboard,digit#4 off,"{""value"":9,""note"":""digit#4 off"",""pd_used"":0}",2,0.016667,60.000000,1
Sergio_G01_CNS-LLF5RV3D8,s01,ses03,20260804_153512,2026-08-04 15:50:58.048707,NaN,4,probe,POSTDIG_FIX4_ON,154,2026-08-04 15:56:48.456435,350.365192,1.733321,,,,,,keyboard,after digit#4,"{""note"":""after digit#4""}",2,0.016667,60.000000,1
Sergio_G01_CNS-LLF5RV3D8,s01,ses03,20260804_153512,2026-08-04 15:50:58.048707,NaN,4,probe,POSTDIG_FIX4_OFF,159,2026-08-04 15:56:50.188918,352.098513,0.066652,,,,,,keyboard,after digit#4,"{""note"":""after digit#4"",""pd_used"":0}",2,0.016667,60.000000,1
Sergio_G01_CNS-LLF5RV3D8,s01,ses03,20260804_153512,2026-08-04 15:50:58.048707,NaN,4,probe,DIGIT_RECALL_LINE_5,165,2026-08-04 15:56:50.255365,352.165165,3.974595,,5,,,,keyboard,next recall question,"{""value"":5,""note"":""next recall question"",""pd_used"":1}",2,0.016667,60.000000,1
Sergio_G01_CNS-LLF5RV3D8,s01,ses03,20260804_153512,2026-08-04 15:50:58.048707,NaN,4,probe,PROBE_DIGIT_OK_5,71,2026-08-04 15:56:55.011620,356.139761,0.942094,31.248443,slot#5,NaN,,,keyboard,probe_digit#5,"{""value"":""slot#5"",""entered"":null,""rt"":31.248443300020881,""note"":""probe_digit#5""}",2,0.016667,60.000000,1
Sergio_G01_CNS-LLF5RV3D8,s01,ses03,20260804_153512,2026-08-04 15:50:58.048707,NaN,4,probe,DIGIT5_OFF,150,2026-08-04 15:56:55.172347,357.081855,0.000000,,9,,,,keyboard,digit#5 off,"{""value"":9,""note"":""digit#5 off"",""pd_used"":0}",2,0.016667,60.000000,1
Sergio_G01_CNS-LLF5RV3D8,s01,ses03,20260804_153512,2026-08-04 15:50:58.048707,NaN,4,probe,POSTDIG_FIX5_ON,155,2026-08-04 15:56:55.173285,357.081855,3.266665,,,,,,keyboard,after digit#5,"{""note"":""after digit#5""}",2,0.016667,60.000000,1
Sergio_G01_CNS-LLF5RV3D8,s01,ses03,20260804_153512,2026-08-04 15:50:58.048707,NaN,4,probe,POSTDIG_FIX5_OFF,160,2026-08-04 15:56:58.439358,360.348519,0.050108,,,,,,keyboard,after digit#5,"{""note"":""after digit#5"",""pd_used"":0}",2,0.016667,60.000000,1
Sergio_G01_CNS-LLF5RV3D8,s01,ses03,20260804_153512,2026-08-04 15:50:58.048707,NaN,4,probe,PROBE_DONE,73,2026-08-04 15:56:58.447167,360.398627,0.000751,,,,,,keyboard,probe complete,"{""value"":"""",""note"":""probe complete""}",2,0.016667,60.000000,1
Sergio_G01_CNS-LLF5RV3D8,s01,ses03,20260804_153512,2026-08-04 15:50:58.048707,NaN,4,probe,TRIAL_END,21,2026-08-04 15:56:58.447774,360.399378,0.103720,,,,,,keyboard,,{},2,0.016667,60.000000,1
Sergio_G01_CNS-LLF5RV3D8,s01,ses03,20260804_153512,2026-08-04 15:50:58.048707,NaN,5,probe,TRIAL_CHANGE,22,2026-08-04 15:56:58.551762,360.503098,0.001123,,,,,,keyboard,trial transition,"{""note"":""trial transition""}",2,0.016667,60.000000,1
Sergio_G01_CNS-LLF5RV3D8,s01,ses03,20260804_153512,2026-08-04 15:50:58.048707,NaN,5,probe,TRIAL_START,20,2026-08-04 15:56:58.552896,360.504221,0.060998,,,,,,keyboard,,{},2,0.016667,60.000000,1
Sergio_G01_CNS-LLF5RV3D8,s01,ses03,20260804_153512,2026-08-04 15:50:58.048707,NaN,5,fix1,FIX1_ON,30,2026-08-04 15:56:58.655392,360.565219,3.466670,,,,,,keyboard,,"{""pd_used"":0}",2,0.016667,60.000000,1
Sergio_G01_CNS-LLF5RV3D8,s01,ses03,20260804_153512,2026-08-04 15:50:58.048707,NaN,5,fix1,FIX1_OFF,31,2026-08-04 15:57:02.122212,364.031890,0.049964,,,,,,keyboard,,"{""pd_used"":0}",2,0.016667,60.000000,1
Sergio_G01_CNS-LLF5RV3D8,s01,ses03,20260804_153512,2026-08-04 15:50:58.048707,NaN,5,digit,DIGIT1_ON,141,2026-08-04 15:57:02.173468,364.081854,0.550237,,7,,,,keyboard,digit#1 shown,"{""value"":7,""note"":""digit#1 shown"",""pd_used"":1}",2,0.016667,60.000000,1
Sergio_G01_CNS-LLF5RV3D8,s01,ses03,20260804_153512,2026-08-04 15:50:58.048707,NaN,5,digit,DIGIT1_OFF,146,2026-08-04 15:57:02.722479,364.632092,0.000000,,7,,,,keyboard,digit#1 off,"{""value"":7,""note"":""digit#1 off"",""pd_used"":0}",2,0.016667,60.000000,1
Sergio_G01_CNS-LLF5RV3D8,s01,ses03,20260804_153512,2026-08-04 15:50:58.048707,NaN,5,digit,POSTDIG_FIX1_ON,151,2026-08-04 15:57:02.723252,364.632092,1.866621,,,,,,keyboard,after digit#1,"{""note"":""after digit#1""}",2,0.016667,60.000000,1
Sergio_G01_CNS-LLF5RV3D8,s01,ses03,20260804_153512,2026-08-04 15:50:58.048707,NaN,5,digit,POSTDIG_FIX1_OFF,156,2026-08-04 15:57:04.589030,366.498713,0.049846,,,,,,keyboard,after digit#1,"{""note"":""after digit#1"",""pd_used"":0}",2,0.016667,60.000000,1
Sergio_G01_CNS-LLF5RV3D8,s01,ses03,20260804_153512,2026-08-04 15:50:58.048707,NaN,5,digit,DIGIT2_ON,142,2026-08-04 15:57:04.640321,366.548559,0.550013,,3,,,,keyboard,digit#2 shown,"{""value"":3,""note"":""digit#2 shown"",""pd_used"":1}",2,0.016667,60.000000,1
Sergio_G01_CNS-LLF5RV3D8,s01,ses03,20260804_153512,2026-08-04 15:50:58.048707,NaN,5,digit,DIGIT2_OFF,147,2026-08-04 15:57:05.188890,367.098572,0.000000,,3,,,,keyboard,digit#2 off,"{""value"":3,""note"":""digit#2 off"",""pd_used"":0}",2,0.016667,60.000000,1
Sergio_G01_CNS-LLF5RV3D8,s01,ses03,20260804_153512,2026-08-04 15:50:58.048707,NaN,5,digit,POSTDIG_FIX2_ON,152,2026-08-04 15:57:05.189652,367.098572,1.700282,,,,,,keyboard,after digit#2,"{""note"":""after digit#2""}",2,0.016667,60.000000,1
Sergio_G01_CNS-LLF5RV3D8,s01,ses03,20260804_153512,2026-08-04 15:50:58.048707,NaN,5,digit,POSTDIG_FIX2_OFF,157,2026-08-04 15:57:06.889288,368.798854,0.049686,,,,,,keyboard,after digit#2,"{""note"":""after digit#2"",""pd_used"":0}",2,0.016667,60.000000,1
Sergio_G01_CNS-LLF5RV3D8,s01,ses03,20260804_153512,2026-08-04 15:50:58.048707,NaN,5,digit,DIGIT3_ON,143,2026-08-04 15:57:06.940843,368.848540,0.550031,,8,,,,keyboard,digit#3 shown,"{""value"":8,""note"":""digit#3 shown"",""pd_used"":1}",2,0.016667,60.000000,1
Sergio_G01_CNS-LLF5RV3D8,s01,ses03,20260804_153512,2026-08-04 15:50:58.048707,NaN,5,digit,DIGIT3_OFF,148,2026-08-04 15:57:07.489299,369.398572,0.000000,,8,,,,keyboard,digit#3 off,"{""value"":8,""note"":""digit#3 off"",""pd_used"":0}",2,0.016667,60.000000,1
Sergio_G01_CNS-LLF5RV3D8,s01,ses03,20260804_153512,2026-08-04 15:50:58.048707,NaN,5,digit,POSTDIG_FIX3_ON,153,2026-08-04 15:57:07.490079,369.398572,1.566705,,,,,,keyboard,after digit#3,"{""note"":""after digit#3""}",2,0.016667,60.000000,1
Sergio_G01_CNS-LLF5RV3D8,s01,ses03,20260804_153512,2026-08-04 15:50:58.048707,NaN,5,digit,POSTDIG_FIX3_OFF,158,2026-08-04 15:57:09.055666,370.965277,0.049940,,,,,,keyboard,after digit#3,"{""note"":""after digit#3"",""pd_used"":0}",2,0.016667,60.000000,1
Sergio_G01_CNS-LLF5RV3D8,s01,ses03,20260804_153512,2026-08-04 15:50:58.048707,NaN,5,digit,DIGIT4_ON,144,2026-08-04 15:57:09.107446,371.015217,0.550045,,0,,,,keyboard,digit#4 shown,"{""value"":0,""note"":""digit#4 shown"",""pd_used"":1}",2,0.016667,60.000000,1
Sergio_G01_CNS-LLF5RV3D8,s01,ses03,20260804_153512,2026-08-04 15:50:58.048707,NaN,5,digit,DIGIT4_OFF,149,2026-08-04 15:57:09.655837,371.565262,0.000000,,0,,,,keyboard,digit#4 off,"{""value"":0,""note"":""digit#4 off"",""pd_used"":0}",2,0.016667,60.000000,1
Sergio_G01_CNS-LLF5RV3D8,s01,ses03,20260804_153512,2026-08-04 15:50:58.048707,NaN,5,digit,POSTDIG_FIX4_ON,154,2026-08-04 15:57:09.656633,371.565262,1.666656,,,,,,keyboard,after digit#4,"{""note"":""after digit#4""}",2,0.016667,60.000000,1
Sergio_G01_CNS-LLF5RV3D8,s01,ses03,20260804_153512,2026-08-04 15:50:58.048707,NaN,5,digit,POSTDIG_FIX4_OFF,159,2026-08-04 15:57:11.322347,373.231919,0.049965,,,,,,keyboard,after digit#4,"{""note"":""after digit#4"",""pd_used"":0}",2,0.016667,60.000000,1
Sergio_G01_CNS-LLF5RV3D8,s01,ses03,20260804_153512,2026-08-04 15:50:58.048707,NaN,5,digit,DIGIT5_ON,145,2026-08-04 15:57:11.373464,373.281884,0.550064,,1,,,,keyboard,digit#5 shown,"{""value"":1,""note"":""digit#5 shown"",""pd_used"":1}",2,0.016667,60.000000,1
Sergio_G01_CNS-LLF5RV3D8,s01,ses03,20260804_153512,2026-08-04 15:50:58.048707,NaN,5,digit,DIGIT5_OFF,150,2026-08-04 15:57:11.922490,373.831948,0.000000,,1,,,,keyboard,digit#5 off,"{""value"":1,""note"":""digit#5 off"",""pd_used"":0}",2,0.016667,60.000000,1
Sergio_G01_CNS-LLF5RV3D8,s01,ses03,20260804_153512,2026-08-04 15:50:58.048707,NaN,5,digit,POSTDIG_FIX5_ON,155,2026-08-04 15:57:11.923281,373.831948,3.116641,,,,,,keyboard,after digit#5,"{""note"":""after digit#5""}",2,0.016667,60.000000,1
Sergio_G01_CNS-LLF5RV3D8,s01,ses03,20260804_153512,2026-08-04 15:50:58.048707,NaN,5,digit,POSTDIG_FIX5_OFF,160,2026-08-04 15:57:15.039148,376.948589,0.050031,,,,,,keyboard,after digit#5,"{""note"":""after digit#5"",""pd_used"":0}",2,0.016667,60.000000,1
Sergio_G01_CNS-LLF5RV3D8,s01,ses03,20260804_153512,2026-08-04 15:50:58.048707,NaN,5,distractor,DISTRACTOR_ON,50,2026-08-04 15:57:15.090505,376.998620,11.846952,,6+4=8,,,,keyboard,,"{""value"":""6+4=8"",""isCorrectTruth"":false,""trueSum"":10,""pd_used"":1}",2,0.016667,60.000000,1
Sergio_G01_CNS-LLF5RV3D8,s01,ses03,20260804_153512,2026-08-04 15:50:58.048707,NaN,5,distractor,DISTRACTOR_ANS,51,2026-08-04 15:57:27.574750,388.845572,0.000000,11.846952,6+4=8,F,1,,keyboard,key= (False),"{""value"":""6+4=8"",""entered"":""F"",""rt"":11.846951800049283,""correct"":1,""note"":""key= (False)"",""truth"":false,""trueSum"":10,""shownSum"":8,""a"":6,""b"":4}",2,0.016667,60.000000,1
Sergio_G01_CNS-LLF5RV3D8,s01,ses03,20260804_153512,2026-08-04 15:50:58.048707,NaN,5,distractor,ANS_CORRECT,100,2026-08-04 15:57:27.617409,388.845572,0.736594,,,,,,keyboard,,{},2,0.016667,60.000000,1
Sergio_G01_CNS-LLF5RV3D8,s01,ses03,20260804_153512,2026-08-04 15:50:58.048707,NaN,5,distractor,DISTRACTOR_OFF,52,2026-08-04 15:57:27.672471,389.582166,0.000000,,,,,,keyboard,,"{""pd_used"":0}",2,0.016667,60.000000,1
Sergio_G01_CNS-LLF5RV3D8,s01,ses03,20260804_153512,2026-08-04 15:50:58.048707,NaN,5,distractor,FIX2_ON,60,2026-08-04 15:57:27.673177,389.582166,3.366554,,,,,,keyboard,immediate after response,"{""note"":""immediate after response""}",2,0.016667,60.000000,1
Sergio_G01_CNS-LLF5RV3D8,s01,ses03,20260804_153512,2026-08-04 15:50:58.048707,NaN,5,fix2,FIX2_OFF,61,2026-08-04 15:57:31.039267,392.948720,0.049934,,,,,,keyboard,,"{""pd_used"":0}",2,0.016667,60.000000,1
Sergio_G01_CNS-LLF5RV3D8,s01,ses03,20260804_153512,2026-08-04 15:50:58.048707,NaN,5,probe,DIGIT_RECALL_LINE_1,161,2026-08-04 15:57:31.090523,392.998654,2.431595,,1,,,,keyboard,first recall question,"{""value"":1,""note"":""first recall question"",""pd_used"":1}",2,0.016667,60.000000,1
Sergio_G01_CNS-LLF5RV3D8,s01,ses03,20260804_153512,2026-08-04 15:50:58.048707,NaN,5,probe,PROBE_DIGIT_OK_1,71,2026-08-04 15:57:33.941534,395.430250,0.568444,2.438645,slot#1,NaN,,,keyboard,probe_digit#1,"{""value"":""slot#1"",""entered"":null,""rt"":2.4386453999904916,""note"":""probe_digit#1""}",2,0.016667,60.000000,1
Sergio_G01_CNS-LLF5RV3D8,s01,ses03,20260804_153512,2026-08-04 15:50:58.048707,NaN,5,probe,DIGIT1_OFF,146,2026-08-04 15:57:34.089064,395.998694,0.000000,,1,,,,keyboard,digit#1 off,"{""value"":1,""note"":""digit#1 off"",""pd_used"":0}",2,0.016667,60.000000,1
Sergio_G01_CNS-LLF5RV3D8,s01,ses03,20260804_153512,2026-08-04 15:50:58.048707,NaN,5,probe,POSTDIG_FIX1_ON,151,2026-08-04 15:57:34.089847,395.998694,1.700022,,,,,,keyboard,after digit#1,"{""note"":""after digit#1""}",2,0.016667,60.000000,1
Sergio_G01_CNS-LLF5RV3D8,s01,ses03,20260804_153512,2026-08-04 15:50:58.048707,NaN,5,probe,POSTDIG_FIX1_OFF,156,2026-08-04 15:57:35.789023,397.698716,0.066634,,,,,,keyboard,after digit#1,"{""note"":""after digit#1"",""pd_used"":0}",2,0.016667,60.000000,1
Sergio_G01_CNS-LLF5RV3D8,s01,ses03,20260804_153512,2026-08-04 15:50:58.048707,NaN,5,probe,DIGIT_RECALL_LINE_2,162,2026-08-04 15:57:35.855721,397.765350,6.719760,,2,,,,keyboard,next recall question,"{""value"":2,""note"":""next recall question"",""pd_used"":1}",2,0.016667,60.000000,1
Sergio_G01_CNS-LLF5RV3D8,s01,ses03,20260804_153512,2026-08-04 15:50:58.048707,NaN,5,probe,PROBE_DIGIT_OK_2,71,2026-08-04 15:57:43.152089,404.485110,0.730292,11.493506,slot#2,NaN,,,keyboard,probe_digit#2,"{""value"":""slot#2"",""entered"":null,""rt"":11.493505800026469,""note"":""probe_digit#2""}",2,0.016667,60.000000,1
Sergio_G01_CNS-LLF5RV3D8,s01,ses03,20260804_153512,2026-08-04 15:50:58.048707,NaN,5,probe,DIGIT2_OFF,147,2026-08-04 15:57:43.306046,405.215403,0.000000,,1,,,,keyboard,digit#2 off,"{""value"":1,""note"":""digit#2 off"",""pd_used"":0}",2,0.016667,60.000000,1
Sergio_G01_CNS-LLF5RV3D8,s01,ses03,20260804_153512,2026-08-04 15:50:58.048707,NaN,5,probe,POSTDIG_FIX2_ON,152,2026-08-04 15:57:43.306804,405.215403,2.000009,,,,,,keyboard,after digit#2,"{""note"":""after digit#2""}",2,0.016667,60.000000,1
Sergio_G01_CNS-LLF5RV3D8,s01,ses03,20260804_153512,2026-08-04 15:50:58.048707,NaN,5,probe,POSTDIG_FIX2_OFF,157,2026-08-04 15:57:45.306237,407.215412,0.066630,,,,,,keyboard,after digit#2,"{""note"":""after digit#2"",""pd_used"":0}",2,0.016667,60.000000,1
Sergio_G01_CNS-LLF5RV3D8,s01,ses03,20260804_153512,2026-08-04 15:50:58.048707,NaN,5,probe,DIGIT_RECALL_LINE_3,163,2026-08-04 15:57:45.372292,407.282042,2.376913,,3,,,,keyboard,next recall question,"{""value"":3,""note"":""next recall question"",""pd_used"":1}",2,0.016667,60.000000,1
Sergio_G01_CNS-LLF5RV3D8,s01,ses03,20260804_153512,2026-08-04 15:50:58.048707,NaN,5,probe,PROBE_DIGIT_OK_3,71,2026-08-04 15:57:48.055266,409.658955,0.456443,16.667351,slot#3,NaN,,,keyboard,probe_digit#3,"{""value"":""slot#3"",""entered"":null,""rt"":16.667350700008683,""note"":""probe_digit#3""}",2,0.016667,60.000000,1
Sergio_G01_CNS-LLF5RV3D8,s01,ses03,20260804_153512,2026-08-04 15:50:58.048707,NaN,5,probe,DIGIT3_OFF,148,2026-08-04 15:57:48.205813,410.115398,0.000000,,1,,,,keyboard,digit#3 off,"{""value"":1,""note"":""digit#3 off"",""pd_used"":0}",2,0.016667,60.000000,1
Sergio_G01_CNS-LLF5RV3D8,s01,ses03,20260804_153512,2026-08-04 15:50:58.048707,NaN,5,probe,POSTDIG_FIX3_ON,153,2026-08-04 15:57:48.206587,410.115398,1.783546,,,,,,keyboard,after digit#3,"{""note"":""after digit#3""}",2,0.016667,60.000000,1
Sergio_G01_CNS-LLF5RV3D8,s01,ses03,20260804_153512,2026-08-04 15:50:58.048707,NaN,5,probe,POSTDIG_FIX3_OFF,158,2026-08-04 15:57:49.989487,411.898944,0.066492,,,,,,keyboard,after digit#3,"{""note"":""after digit#3"",""pd_used"":0}",2,0.016667,60.000000,1
Sergio_G01_CNS-LLF5RV3D8,s01,ses03,20260804_153512,2026-08-04 15:50:58.048707,NaN,5,probe,DIGIT_RECALL_LINE_4,164,2026-08-04 15:57:50.056087,411.965436,1.462289,,4,,,,keyboard,next recall question,"{""value"":4,""note"":""next recall question"",""pd_used"":1}",2,0.016667,60.000000,1
Sergio_G01_CNS-LLF5RV3D8,s01,ses03,20260804_153512,2026-08-04 15:50:58.048707,NaN,5,probe,PROBE_DIGIT_OK_4,71,2026-08-04 15:57:52.035045,413.427726,0.671030,20.436121,slot#4,NaN,,,keyboard,probe_digit#4,"{""value"":""slot#4"",""entered"":null,""rt"":20.436121299979277,""note"":""probe_digit#4""}",2,0.016667,60.000000,1
Sergio_G01_CNS-LLF5RV3D8,s01,ses03,20260804_153512,2026-08-04 15:50:58.048707,NaN,5,probe,DIGIT4_OFF,149,2026-08-04 15:57:52.189222,414.098756,0.000000,,1,,,,keyboard,digit#4 off,"{""value"":1,""note"":""digit#4 off"",""pd_used"":0}",2,0.016667,60.000000,1
Sergio_G01_CNS-LLF5RV3D8,s01,ses03,20260804_153512,2026-08-04 15:50:58.048707,NaN,5,probe,POSTDIG_FIX4_ON,154,2026-08-04 15:57:52.190008,414.098756,1.616680,,,,,,keyboard,after digit#4,"{""note"":""after digit#4""}",2,0.016667,60.000000,1
Sergio_G01_CNS-LLF5RV3D8,s01,ses03,20260804_153512,2026-08-04 15:50:58.048707,NaN,5,probe,POSTDIG_FIX4_OFF,159,2026-08-04 15:57:53.806148,415.715436,0.066682,,,,,,keyboard,after digit#4,"{""note"":""after digit#4"",""pd_used"":0}",2,0.016667,60.000000,1
Sergio_G01_CNS-LLF5RV3D8,s01,ses03,20260804_153512,2026-08-04 15:50:58.048707,NaN,5,probe,DIGIT_RECALL_LINE_5,165,2026-08-04 15:57:53.872296,415.782118,1.284398,,5,,,,keyboard,next recall question,"{""value"":5,""note"":""next recall question"",""pd_used"":1}",2,0.016667,60.000000,1
Sergio_G01_CNS-LLF5RV3D8,s01,ses03,20260804_153512,2026-08-04 15:50:58.048707,NaN,5,probe,PROBE_DIGIT_OK_5,71,2026-08-04 15:57:55.550851,417.066516,0.548898,24.074911,slot#5,NaN,,,keyboard,probe_digit#5,"{""value"":""slot#5"",""entered"":null,""rt"":24.074911399977282,""note"":""probe_digit#5""}",2,0.016667,60.000000,1
Sergio_G01_CNS-LLF5RV3D8,s01,ses03,20260804_153512,2026-08-04 15:50:58.048707,NaN,5,probe,DIGIT5_OFF,150,2026-08-04 15:57:55.705851,417.615413,0.000000,,1,,,,keyboard,digit#5 off,"{""value"":1,""note"":""digit#5 off"",""pd_used"":0}",2,0.016667,60.000000,1
Sergio_G01_CNS-LLF5RV3D8,s01,ses03,20260804_153512,2026-08-04 15:50:58.048707,NaN,5,probe,POSTDIG_FIX5_ON,155,2026-08-04 15:57:55.706629,417.615413,3.216712,,,,,,keyboard,after digit#5,"{""note"":""after digit#5""}",2,0.016667,60.000000,1
Sergio_G01_CNS-LLF5RV3D8,s01,ses03,20260804_153512,2026-08-04 15:50:58.048707,NaN,5,probe,POSTDIG_FIX5_OFF,160,2026-08-04 15:57:58.922633,420.832126,0.050075,,,,,,keyboard,after digit#5,"{""note"":""after digit#5"",""pd_used"":0}",2,0.016667,60.000000,1
Sergio_G01_CNS-LLF5RV3D8,s01,ses03,20260804_153512,2026-08-04 15:50:58.048707,NaN,5,probe,PROBE_DONE,73,2026-08-04 15:57:58.930740,420.882201,0.000777,,,,,,keyboard,probe complete,"{""value"":"""",""note"":""probe complete""}",2,0.016667,60.000000,1
Sergio_G01_CNS-LLF5RV3D8,s01,ses03,20260804_153512,2026-08-04 15:50:58.048707,NaN,5,probe,TRIAL_END,21,2026-08-04 15:57:58.931379,420.882978,0.096126,,,,,,keyboard,,{},2,0.016667,60.000000,1
Sergio_G01_CNS-LLF5RV3D8,s01,ses03,20260804_153512,2026-08-04 15:50:58.048707,NaN,6,probe,TRIAL_CHANGE,22,2026-08-04 15:57:59.027803,420.979104,0.001226,,,,,,keyboard,trial transition,"{""note"":""trial transition""}",2,0.016667,60.000000,1
Sergio_G01_CNS-LLF5RV3D8,s01,ses03,20260804_153512,2026-08-04 15:50:58.048707,NaN,6,probe,TRIAL_START,20,2026-08-04 15:57:59.028817,420.980330,0.051783,,,,,,keyboard,,{},2,0.016667,60.000000,1
Sergio_G01_CNS-LLF5RV3D8,s01,ses03,20260804_153512,2026-08-04 15:50:58.048707,NaN,6,fix1,FIX1_ON,30,2026-08-04 15:57:59.122351,421.032113,3.350038,,,,,,keyboard,,"{""pd_used"":0}",2,0.016667,60.000000,1
Sergio_G01_CNS-LLF5RV3D8,s01,ses03,20260804_153512,2026-08-04 15:50:58.048707,NaN,6,fix1,FIX1_OFF,31,2026-08-04 15:58:02.472655,424.382151,0.049992,,,,,,keyboard,,"{""pd_used"":0}",2,0.016667,60.000000,1
Sergio_G01_CNS-LLF5RV3D8,s01,ses03,20260804_153512,2026-08-04 15:50:58.048707,NaN,6,digit,DIGIT1_ON,141,2026-08-04 15:58:02.523965,424.432143,0.549980,,5,,,,keyboard,digit#1 shown,"{""value"":5,""note"":""digit#1 shown"",""pd_used"":1}",2,0.016667,60.000000,1
Sergio_G01_CNS-LLF5RV3D8,s01,ses03,20260804_153512,2026-08-04 15:50:58.048707,NaN,6,digit,DIGIT1_OFF,146,2026-08-04 15:58:03.072429,424.982123,0.000000,,5,,,,keyboard,digit#1 off,"{""value"":5,""note"":""digit#1 off"",""pd_used"":0}",2,0.016667,60.000000,1
Sergio_G01_CNS-LLF5RV3D8,s01,ses03,20260804_153512,2026-08-04 15:50:58.048707,NaN,6,digit,POSTDIG_FIX1_ON,151,2026-08-04 15:58:03.073212,424.982123,1.716741,,,,,,keyboard,after digit#1,"{""note"":""after digit#1""}",2,0.016667,60.000000,1
Sergio_G01_CNS-LLF5RV3D8,s01,ses03,20260804_153512,2026-08-04 15:50:58.048707,NaN,6,digit,POSTDIG_FIX1_OFF,156,2026-08-04 15:58:04.789263,426.698865,0.049923,,,,,,keyboard,after digit#1,"{""note"":""after digit#1"",""pd_used"":0}",2,0.016667,60.000000,1
Sergio_G01_CNS-LLF5RV3D8,s01,ses03,20260804_153512,2026-08-04 15:50:58.048707,NaN,6,digit,DIGIT2_ON,142,2026-08-04 15:58:04.840884,426.748787,0.550013,,6,,,,keyboard,digit#2 shown,"{""value"":6,""note"":""digit#2 shown"",""pd_used"":1}",2,0.016667,60.000000,1
Sergio_G01_CNS-LLF5RV3D8,s01,ses03,20260804_153512,2026-08-04 15:50:58.048707,NaN,6,digit,DIGIT2_OFF,147,2026-08-04 15:58:05.389109,427.298800,0.000000,,6,,,,keyboard,digit#2 off,"{""value"":6,""note"":""digit#2 off"",""pd_used"":0}",2,0.016667,60.000000,1
Sergio_G01_CNS-LLF5RV3D8,s01,ses03,20260804_153512,2026-08-04 15:50:58.048707,NaN,6,digit,POSTDIG_FIX2_ON,152,2026-08-04 15:58:05.389943,427.298800,1.966674,,,,,,keyboard,after digit#2,"{""note"":""after digit#2""}",2,0.016667,60.000000,1
Sergio_G01_CNS-LLF5RV3D8,s01,ses03,20260804_153512,2026-08-04 15:50:58.048707,NaN,6,digit,POSTDIG_FIX2_OFF,157,2026-08-04 15:58:07.355895,429.265474,0.050035,,,,,,keyboard,after digit#2,"{""note"":""after digit#2"",""pd_used"":0}",2,0.016667,60.000000,1
Sergio_G01_CNS-LLF5RV3D8,s01,ses03,20260804_153512,2026-08-04 15:50:58.048707,NaN,6,digit,DIGIT3_ON,143,2026-08-04 15:58:07.407567,429.315509,0.549974,,8,,,,keyboard,digit#3 shown,"{""value"":8,""note"":""digit#3 shown"",""pd_used"":1}",2,0.016667,60.000000,1
Sergio_G01_CNS-LLF5RV3D8,s01,ses03,20260804_153512,2026-08-04 15:50:58.048707,NaN,6,digit,DIGIT3_OFF,148,2026-08-04 15:58:07.956126,429.865483,0.000000,,8,,,,keyboard,digit#3 off,"{""value"":8,""note"":""digit#3 off"",""pd_used"":0}",2,0.016667,60.000000,1
Sergio_G01_CNS-LLF5RV3D8,s01,ses03,20260804_153512,2026-08-04 15:50:58.048707,NaN,6,digit,POSTDIG_FIX3_ON,153,2026-08-04 15:58:07.956907,429.865483,1.800056,,,,,,keyboard,after digit#3,"{""note"":""after digit#3""}",2,0.016667,60.000000,1
Sergio_G01_CNS-LLF5RV3D8,s01,ses03,20260804_153512,2026-08-04 15:50:58.048707,NaN,6,digit,POSTDIG_FIX3_OFF,158,2026-08-04 15:58:09.755982,431.665539,0.049955,,,,,,keyboard,after digit#3,"{""note"":""after digit#3"",""pd_used"":0}",2,0.016667,60.000000,1
Sergio_G01_CNS-LLF5RV3D8,s01,ses03,20260804_153512,2026-08-04 15:50:58.048707,NaN,6,digit,DIGIT4_ON,144,2026-08-04 15:58:09.807623,431.715495,0.550005,,9,,,,keyboard,digit#4 shown,"{""value"":9,""note"":""digit#4 shown"",""pd_used"":1}",2,0.016667,60.000000,1
Sergio_G01_CNS-LLF5RV3D8,s01,ses03,20260804_153512,2026-08-04 15:50:58.048707,NaN,6,digit,DIGIT4_OFF,149,2026-08-04 15:58:10.355832,432.265499,0.000000,,9,,,,keyboard,digit#4 off,"{""value"":9,""note"":""digit#4 off"",""pd_used"":0}",2,0.016667,60.000000,1
Sergio_G01_CNS-LLF5RV3D8,s01,ses03,20260804_153512,2026-08-04 15:50:58.048707,NaN,6,digit,POSTDIG_FIX4_ON,154,2026-08-04 15:58:10.356604,432.265499,1.933659,,,,,,keyboard,after digit#4,"{""note"":""after digit#4""}",2,0.016667,60.000000,1
Sergio_G01_CNS-LLF5RV3D8,s01,ses03,20260804_153512,2026-08-04 15:50:58.048707,NaN,6,digit,POSTDIG_FIX4_OFF,159,2026-08-04 15:58:12.289634,434.199158,0.049659,,,,,,keyboard,after digit#4,"{""note"":""after digit#4"",""pd_used"":0}",2,0.016667,60.000000,1
Sergio_G01_CNS-LLF5RV3D8,s01,ses03,20260804_153512,2026-08-04 15:50:58.048707,NaN,6,digit,DIGIT5_ON,145,2026-08-04 15:58:12.340929,434.248818,0.550018,,6,,,,keyboard,digit#5 shown,"{""value"":6,""note"":""digit#5 shown"",""pd_used"":1}",2,0.016667,60.000000,1
Sergio_G01_CNS-LLF5RV3D8,s01,ses03,20260804_153512,2026-08-04 15:50:58.048707,NaN,6,digit,DIGIT5_OFF,150,2026-08-04 15:58:12.889218,434.798836,0.000000,,6,,,,keyboard,digit#5 off,"{""value"":6,""note"":""digit#5 off"",""pd_used"":0}",2,0.016667,60.000000,1
Sergio_G01_CNS-LLF5RV3D8,s01,ses03,20260804_153512,2026-08-04 15:50:58.048707,NaN,6,digit,POSTDIG_FIX5_ON,155,2026-08-04 15:58:12.890005,434.798836,3.150031,,,,,,keyboard,after digit#5,"{""note"":""after digit#5""}",2,0.016667,60.000000,1
Sergio_G01_CNS-LLF5RV3D8,s01,ses03,20260804_153512,2026-08-04 15:50:58.048707,NaN,6,digit,POSTDIG_FIX5_OFF,160,2026-08-04 15:58:16.039266,437.948866,0.049982,,,,,,keyboard,after digit#5,"{""note"":""after digit#5"",""pd_used"":0}",2,0.016667,60.000000,1
Sergio_G01_CNS-LLF5RV3D8,s01,ses03,20260804_153512,2026-08-04 15:50:58.048707,NaN,6,distractor,DISTRACTOR_ON,50,2026-08-04 15:58:16.090534,437.998848,7.540146,,6+1=7,,,,keyboard,,"{""value"":""6+1=7"",""isCorrectTruth"":true,""trueSum"":7,""pd_used"":1}",2,0.016667,60.000000,1
Sergio_G01_CNS-LLF5RV3D8,s01,ses03,20260804_153512,2026-08-04 15:50:58.048707,NaN,6,distractor,DISTRACTOR_ANS,51,2026-08-04 15:58:23.973274,445.538994,0.000000,7.540146,6+1=7,F,0,,keyboard,key= (False),"{""value"":""6+1=7"",""entered"":""F"",""rt"":7.540146499988623,""correct"":0,""note"":""key= (False)"",""truth"":true,""trueSum"":7,""shownSum"":7,""a"":6,""b"":1}",2,0.016667,60.000000,1
Sergio_G01_CNS-LLF5RV3D8,s01,ses03,20260804_153512,2026-08-04 15:50:58.048707,NaN,6,distractor,ANS_WRONG,200,2026-08-04 15:58:24.016184,445.538994,0.443229,,,,,,keyboard,,{},2,0.016667,60.000000,1
Sergio_G01_CNS-LLF5RV3D8,s01,ses03,20260804_153512,2026-08-04 15:50:58.048707,NaN,6,distractor,DISTRACTOR_OFF,52,2026-08-04 15:58:24.072725,445.982223,0.000000,,,,,,keyboard,,"{""pd_used"":0}",2,0.016667,60.000000,1
Sergio_G01_CNS-LLF5RV3D8,s01,ses03,20260804_153512,2026-08-04 15:50:58.048707,NaN,6,distractor,FIX2_ON,60,2026-08-04 15:58:24.073439,445.982223,3.450009,,,,,,keyboard,immediate after response,"{""note"":""immediate after response""}",2,0.016667,60.000000,1
Sergio_G01_CNS-LLF5RV3D8,s01,ses03,20260804_153512,2026-08-04 15:50:58.048707,NaN,6,fix2,FIX2_OFF,61,2026-08-04 15:58:27.522767,449.432231,0.050027,,,,,,keyboard,,"{""pd_used"":0}",2,0.016667,60.000000,1
Sergio_G01_CNS-LLF5RV3D8,s01,ses03,20260804_153512,2026-08-04 15:50:58.048707,NaN,6,probe,DIGIT_RECALL_LINE_1,161,2026-08-04 15:58:27.573995,449.482258,1.992784,,1,,,,keyboard,first recall question,"{""value"":1,""note"":""first recall question"",""pd_used"":1}",2,0.016667,60.000000,1
Sergio_G01_CNS-LLF5RV3D8,s01,ses03,20260804_153512,2026-08-04 15:50:58.048707,NaN,6,probe,PROBE_DIGIT_OK_1,71,2026-08-04 15:58:30.052218,451.475043,0.640539,1.999942,slot#1,NaN,,,keyboard,probe_digit#1,"{""value"":""slot#1"",""entered"":null,""rt"":1.9999419999076054,""note"":""probe_digit#1""}",2,0.016667,60.000000,1
Sergio_G01_CNS-LLF5RV3D8,s01,ses03,20260804_153512,2026-08-04 15:50:58.048707,NaN,6,probe,DIGIT1_OFF,146,2026-08-04 15:58:30.206233,452.115582,0.000000,,6,,,,keyboard,digit#1 off,"{""value"":6,""note"":""digit#1 off"",""pd_used"":0}",2,0.016667,60.000000,1
Sergio_G01_CNS-LLF5RV3D8,s01,ses03,20260804_153512,2026-08-04 15:50:58.048707,NaN,6,probe,POSTDIG_FIX1_ON,151,2026-08-04 15:58:30.207019,452.115582,1.600017,,,,,,keyboard,after digit#1,"{""note"":""after digit#1""}",2,0.016667,60.000000,1
Sergio_G01_CNS-LLF5RV3D8,s01,ses03,20260804_153512,2026-08-04 15:50:58.048707,NaN,6,probe,POSTDIG_FIX1_OFF,156,2026-08-04 15:58:31.806045,453.715599,0.066643,,,,,,keyboard,after digit#1,"{""note"":""after digit#1"",""pd_used"":0}",2,0.016667,60.000000,1
Sergio_G01_CNS-LLF5RV3D8,s01,ses03,20260804_153512,2026-08-04 15:50:58.048707,NaN,6,probe,DIGIT_RECALL_LINE_2,162,2026-08-04 15:58:31.872445,453.782241,2.741768,,2,,,,keyboard,next recall question,"{""value"":2,""note"":""next recall question"",""pd_used"":1}",2,0.016667,60.000000,1
Sergio_G01_CNS-LLF5RV3D8,s01,ses03,20260804_153512,2026-08-04 15:50:58.048707,NaN,6,probe,PROBE_DIGIT_OK_2,71,2026-08-04 15:58:35.101847,456.524009,0.641948,7.048908,slot#2,NaN,,,keyboard,probe_digit#2,"{""value"":""slot#2"",""entered"":null,""rt"":7.048908400000073,""note"":""probe_digit#2""}",2,0.016667,60.000000,1
Sergio_G01_CNS-LLF5RV3D8,s01,ses03,20260804_153512,2026-08-04 15:50:58.048707,NaN,6,probe,DIGIT2_OFF,147,2026-08-04 15:58:35.256343,457.165957,0.000000,,6,,,,keyboard,digit#2 off,"{""value"":6,""note"":""digit#2 off"",""pd_used"":0}",2,0.016667,60.000000,1
Sergio_G01_CNS-LLF5RV3D8,s01,ses03,20260804_153512,2026-08-04 15:50:58.048707,NaN,6,probe,POSTDIG_FIX2_ON,152,2026-08-04 15:58:35.257123,457.165957,1.749630,,,,,,keyboard,after digit#2,"{""note"":""after digit#2""}",2,0.016667,60.000000,1
Sergio_G01_CNS-LLF5RV3D8,s01,ses03,20260804_153512,2026-08-04 15:50:58.048707,NaN,6,probe,POSTDIG_FIX2_OFF,157,2026-08-04 15:58:37.006413,458.915588,0.066701,,,,,,keyboard,after digit#2,"{""note"":""after digit#2"",""pd_used"":0}",2,0.016667,60.000000,1
Sergio_G01_CNS-LLF5RV3D8,s01,ses03,20260804_153512,2026-08-04 15:50:58.048707,NaN,6,probe,DIGIT_RECALL_LINE_3,163,2026-08-04 15:58:37.072490,458.982289,1.465779,,3,,,,keyboard,next recall question,"{""value"":3,""note"":""next recall question"",""pd_used"":1}",2,0.016667,60.000000,1
Sergio_G01_CNS-LLF5RV3D8,s01,ses03,20260804_153512,2026-08-04 15:50:58.048707,NaN,6,probe,PROBE_DIGIT_OK_3,71,2026-08-04 15:58:38.902843,460.448068,0.517558,10.972967,slot#3,NaN,,,keyboard,probe_digit#3,"{""value"":""slot#3"",""entered"":null,""rt"":10.972967099980451,""note"":""probe_digit#3""}",2,0.016667,60.000000,1
Sergio_G01_CNS-LLF5RV3D8,s01,ses03,20260804_153512,2026-08-04 15:50:58.048707,NaN,6,probe,DIGIT3_OFF,148,2026-08-04 15:58:39.056215,460.965626,0.000000,,6,,,,keyboard,digit#3 off,"{""value"":6,""note"":""digit#3 off"",""pd_used"":0}",2,0.016667,60.000000,1
Sergio_G01_CNS-LLF5RV3D8,s01,ses03,20260804_153512,2026-08-04 15:50:58.048707,NaN,6,probe,POSTDIG_FIX3_ON,153,2026-08-04 15:58:39.057005,460.965626,1.783333,,,,,,keyboard,after digit#3,"{""note"":""after digit#3""}",2,0.016667,60.000000,1
Sergio_G01_CNS-LLF5RV3D8,s01,ses03,20260804_153512,2026-08-04 15:50:58.048707,NaN,6,probe,POSTDIG_FIX3_OFF,158,2026-08-04 15:58:40.839233,462.748959,0.066702,,,,,,keyboard,after digit#3,"{""note"":""after digit#3"",""pd_used"":0}",2,0.016667,60.000000,1
Sergio_G01_CNS-LLF5RV3D8,s01,ses03,20260804_153512,2026-08-04 15:50:58.048707,NaN,6,probe,DIGIT_RECALL_LINE_4,164,2026-08-04 15:58:40.906134,462.815661,1.512608,,4,,,,keyboard,next recall question,"{""value"":4,""note"":""next recall question"",""pd_used"":1}",2,0.016667,60.000000,1
Sergio_G01_CNS-LLF5RV3D8,s01,ses03,20260804_153512,2026-08-04 15:50:58.048707,NaN,6,probe,PROBE_DIGIT_OK_4,71,2026-08-04 15:58:42.741857,464.328270,0.487531,14.853169,slot#4,NaN,,,keyboard,probe_digit#4,"{""value"":""slot#4"",""entered"":null,""rt"":14.853169000009075,""note"":""probe_digit#4""}",2,0.016667,60.000000,1
Sergio_G01_CNS-LLF5RV3D8,s01,ses03,20260804_153512,2026-08-04 15:50:58.048707,NaN,6,probe,DIGIT4_OFF,149,2026-08-04 15:58:42.906527,464.815801,0.000000,,6,,,,keyboard,digit#4 off,"{""value"":6,""note"":""digit#4 off"",""pd_used"":0}",2,0.016667,60.000000,1
Sergio_G01_CNS-LLF5RV3D8,s01,ses03,20260804_153512,2026-08-04 15:50:58.048707,NaN,6,probe,POSTDIG_FIX4_ON,154,2026-08-04 15:58:42.907329,464.815801,1.649840,,,,,,keyboard,after digit#4,"{""note"":""after digit#4""}",2,0.016667,60.000000,1
Sergio_G01_CNS-LLF5RV3D8,s01,ses03,20260804_153512,2026-08-04 15:50:58.048707,NaN,6,probe,POSTDIG_FIX4_OFF,159,2026-08-04 15:58:44.556104,466.465641,0.066657,,,,,,keyboard,after digit#4,"{""note"":""after digit#4"",""pd_used"":0}",2,0.016667,60.000000,1
Sergio_G01_CNS-LLF5RV3D8,s01,ses03,20260804_153512,2026-08-04 15:50:58.048707,NaN,6,probe,DIGIT_RECALL_LINE_5,165,2026-08-04 15:58:44.622519,466.532298,1.719525,,5,,,,keyboard,next recall question,"{""value"":5,""note"":""next recall question"",""pd_used"":1}",2,0.016667,60.000000,1
Sergio_G01_CNS-LLF5RV3D8,s01,ses03,20260804_153512,2026-08-04 15:50:58.048707,NaN,6,probe,PROBE_DIGIT_OK_5,71,2026-08-04 15:58:46.681634,468.251823,0.497190,18.776722,slot#5,NaN,,,keyboard,probe_digit#5,"{""value"":""slot#5"",""entered"":null,""rt"":18.776722299982794,""note"":""probe_digit#5""}",2,0.016667,60.000000,1
Sergio_G01_CNS-LLF5RV3D8,s01,ses03,20260804_153512,2026-08-04 15:50:58.048707,NaN,6,probe,DIGIT5_OFF,150,2026-08-04 15:58:46.839270,468.749013,0.000000,,6,,,,keyboard,digit#5 off,"{""value"":6,""note"":""digit#5 off"",""pd_used"":0}",2,0.016667,60.000000,1
Sergio_G01_CNS-LLF5RV3D8,s01,ses03,20260804_153512,2026-08-04 15:50:58.048707,NaN,6,probe,POSTDIG_FIX5_ON,155,2026-08-04 15:58:46.840071,468.749013,3.416663,,,,,,keyboard,after digit#5,"{""note"":""after digit#5""}",2,0.016667,60.000000,1
Sergio_G01_CNS-LLF5RV3D8,s01,ses03,20260804_153512,2026-08-04 15:50:58.048707,NaN,6,probe,POSTDIG_FIX5_OFF,160,2026-08-04 15:58:50.256405,472.165676,0.050125,,,,,,keyboard,after digit#5,"{""note"":""after digit#5"",""pd_used"":0}",2,0.016667,60.000000,1
Sergio_G01_CNS-LLF5RV3D8,s01,ses03,20260804_153512,2026-08-04 15:50:58.048707,NaN,6,probe,PROBE_DONE,73,2026-08-04 15:58:50.264392,472.215801,0.000826,,,,,,keyboard,probe complete,"{""value"":"""",""note"":""probe complete""}",2,0.016667,60.000000,1
Sergio_G01_CNS-LLF5RV3D8,s01,ses03,20260804_153512,2026-08-04 15:50:58.048707,NaN,6,probe,TRIAL_END,21,2026-08-04 15:58:50.265021,472.216627,0.105265,,,,,,keyboard,,{},2,0.016667,60.000000,1
Sergio_G01_CNS-LLF5RV3D8,s01,ses03,20260804_153512,2026-08-04 15:50:58.048707,NaN,7,probe,TRIAL_CHANGE,22,2026-08-04 15:58:50.370570,472.321892,0.001188,,,,,,keyboard,trial transition,"{""note"":""trial transition""}",2,0.016667,60.000000,1
Sergio_G01_CNS-LLF5RV3D8,s01,ses03,20260804_153512,2026-08-04 15:50:58.048707,NaN,7,probe,TRIAL_START,20,2026-08-04 15:58:50.371560,472.323080,0.059280,,,,,,keyboard,,{},2,0.016667,60.000000,1
Sergio_G01_CNS-LLF5RV3D8,s01,ses03,20260804_153512,2026-08-04 15:50:58.048707,NaN,7,fix1,FIX1_ON,30,2026-08-04 15:58:50.472646,472.382359,3.099994,,,,,,keyboard,,"{""pd_used"":0}",2,0.016667,60.000000,1
Sergio_G01_CNS-LLF5RV3D8,s01,ses03,20260804_153512,2026-08-04 15:50:58.048707,NaN,7,fix1,FIX1_OFF,31,2026-08-04 15:58:53.572821,475.482353,0.050030,,,,,,keyboard,,"{""pd_used"":0}",2,0.016667,60.000000,1
Sergio_G01_CNS-LLF5RV3D8,s01,ses03,20260804_153512,2026-08-04 15:50:58.048707,NaN,7,digit,DIGIT1_ON,141,2026-08-04 15:58:53.624167,475.532383,0.549980,,3,,,,keyboard,digit#1 shown,"{""value"":3,""note"":""digit#1 shown"",""pd_used"":1}",2,0.016667,60.000000,1
Sergio_G01_CNS-LLF5RV3D8,s01,ses03,20260804_153512,2026-08-04 15:50:58.048707,NaN,7,digit,DIGIT1_OFF,146,2026-08-04 15:58:54.172726,476.082363,0.000000,,3,,,,keyboard,digit#1 off,"{""value"":3,""note"":""digit#1 off"",""pd_used"":0}",2,0.016667,60.000000,1
Sergio_G01_CNS-LLF5RV3D8,s01,ses03,20260804_153512,2026-08-04 15:50:58.048707,NaN,7,digit,POSTDIG_FIX1_ON,151,2026-08-04 15:58:54.173491,476.082363,1.783374,,,,,,keyboard,after digit#1,"{""note"":""after digit#1""}",2,0.016667,60.000000,1
Sergio_G01_CNS-LLF5RV3D8,s01,ses03,20260804_153512,2026-08-04 15:50:58.048707,NaN,7,digit,POSTDIG_FIX1_OFF,156,2026-08-04 15:58:55.956236,477.865737,0.049952,,,,,,keyboard,after digit#1,"{""note"":""after digit#1"",""pd_used"":0}",2,0.016667,60.000000,1
Sergio_G01_CNS-LLF5RV3D8,s01,ses03,20260804_153512,2026-08-04 15:50:58.048707,NaN,7,digit,DIGIT2_ON,142,2026-08-04 15:58:56.007575,477.915689,0.550039,,3,,,,keyboard,digit#2 shown,"{""value"":3,""note"":""digit#2 shown"",""pd_used"":1}",2,0.016667,60.000000,1
Sergio_G01_CNS-LLF5RV3D8,s01,ses03,20260804_153512,2026-08-04 15:50:58.048707,NaN,7,digit,DIGIT2_OFF,147,2026-08-04 15:58:56.556233,478.465728,0.000000,,3,,,,keyboard,digit#2 off,"{""value"":3,""note"":""digit#2 off"",""pd_used"":0}",2,0.016667,60.000000,1
Sergio_G01_CNS-LLF5RV3D8,s01,ses03,20260804_153512,2026-08-04 15:50:58.048707,NaN,7,digit,POSTDIG_FIX2_ON,152,2026-08-04 15:58:56.557026,478.465728,1.883286,,,,,,keyboard,after digit#2,"{""note"":""after digit#2""}",2,0.016667,60.000000,1
Sergio_G01_CNS-LLF5RV3D8,s01,ses03,20260804_153512,2026-08-04 15:50:58.048707,NaN,7,digit,POSTDIG_FIX2_OFF,157,2026-08-04 15:58:58.439565,480.349014,0.050012,,,,,,keyboard,after digit#2,"{""note"":""after digit#2"",""pd_used"":0}",2,0.016667,60.000000,1
Sergio_G01_CNS-LLF5RV3D8,s01,ses03,20260804_153512,2026-08-04 15:50:58.048707,NaN,7,digit,DIGIT3_ON,143,2026-08-04 15:58:58.490799,480.399027,0.550027,,4,,,,keyboard,digit#3 shown,"{""value"":4,""note"":""digit#3 shown"",""pd_used"":1}",2,0.016667,60.000000,1
Sergio_G01_CNS-LLF5RV3D8,s01,ses03,20260804_153512,2026-08-04 15:50:58.048707,NaN,7,digit,DIGIT3_OFF,148,2026-08-04 15:58:59.039402,480.949054,0.000000,,4,,,,keyboard,digit#3 off,"{""value"":4,""note"":""digit#3 off"",""pd_used"":0}",2,0.016667,60.000000,1
Sergio_G01_CNS-LLF5RV3D8,s01,ses03,20260804_153512,2026-08-04 15:50:58.048707,NaN,7,digit,POSTDIG_FIX3_ON,153,2026-08-04 15:58:59.040167,480.949054,1.966699,,,,,,keyboard,after digit#3,"{""note"":""after digit#3""}",2,0.016667,60.000000,1
Sergio_G01_CNS-LLF5RV3D8,s01,ses03,20260804_153512,2026-08-04 15:50:58.048707,NaN,7,digit,POSTDIG_FIX3_OFF,158,2026-08-04 15:59:01.006546,482.915752,0.049999,,,,,,keyboard,after digit#3,"{""note"":""after digit#3"",""pd_used"":0}",2,0.016667,60.000000,1
Sergio_G01_CNS-LLF5RV3D8,s01,ses03,20260804_153512,2026-08-04 15:50:58.048707,NaN,7,digit,DIGIT4_ON,144,2026-08-04 15:59:01.058059,482.965752,0.549955,,9,,,,keyboard,digit#4 shown,"{""value"":9,""note"":""digit#4 shown"",""pd_used"":1}",2,0.016667,60.000000,1
Sergio_G01_CNS-LLF5RV3D8,s01,ses03,20260804_153512,2026-08-04 15:50:58.048707,NaN,7,digit,DIGIT4_OFF,149,2026-08-04 15:59:01.606214,483.515707,0.000000,,9,,,,keyboard,digit#4 off,"{""value"":9,""note"":""digit#4 off"",""pd_used"":0}",2,0.016667,60.000000,1
Sergio_G01_CNS-LLF5RV3D8,s01,ses03,20260804_153512,2026-08-04 15:50:58.048707,NaN,7,digit,POSTDIG_FIX4_ON,154,2026-08-04 15:59:01.607009,483.515707,1.600063,,,,,,keyboard,after digit#4,"{""note"":""after digit#4""}",2,0.016667,60.000000,1
Sergio_G01_CNS-LLF5RV3D8,s01,ses03,20260804_153512,2026-08-04 15:50:58.048707,NaN,7,digit,POSTDIG_FIX4_OFF,159,2026-08-04 15:59:03.206564,485.115770,0.049951,,,,,,keyboard,after digit#4,"{""note"":""after digit#4"",""pd_used"":0}",2,0.016667,60.000000,1
Sergio_G01_CNS-LLF5RV3D8,s01,ses03,20260804_153512,2026-08-04 15:50:58.048707,NaN,7,digit,DIGIT5_ON,145,2026-08-04 15:59:03.257925,485.165721,0.550022,,4,,,,keyboard,digit#5 shown,"{""value"":4,""note"":""digit#5 shown"",""pd_used"":1}",2,0.016667,60.000000,1
Sergio_G01_CNS-LLF5RV3D8,s01,ses03,20260804_153512,2026-08-04 15:50:58.048707,NaN,7,digit,DIGIT5_OFF,150,2026-08-04 15:59:03.806635,485.715744,0.000000,,4,,,,keyboard,digit#5 off,"{""value"":4,""note"":""digit#5 off"",""pd_used"":0}",2,0.016667,60.000000,1
Sergio_G01_CNS-LLF5RV3D8,s01,ses03,20260804_153512,2026-08-04 15:50:58.048707,NaN,7,digit,POSTDIG_FIX5_ON,155,2026-08-04 15:59:03.807435,485.715744,3.316650,,,,,,keyboard,after digit#5,"{""note"":""after digit#5""}",2,0.016667,60.000000,1
Sergio_G01_CNS-LLF5RV3D8,s01,ses03,20260804_153512,2026-08-04 15:50:58.048707,NaN,7,digit,POSTDIG_FIX5_OFF,160,2026-08-04 15:59:07.122722,489.032393,0.050032,,,,,,keyboard,after digit#5,"{""note"":""after digit#5"",""pd_used"":0}",2,0.016667,60.000000,1
Sergio_G01_CNS-LLF5RV3D8,s01,ses03,20260804_153512,2026-08-04 15:50:58.048707,NaN,7,distractor,DISTRACTOR_ON,50,2026-08-04 15:59:07.174137,489.082425,6.943070,,7+1=5,,,,keyboard,,"{""value"":""7+1=5"",""isCorrectTruth"":false,""trueSum"":8,""pd_used"":1}",2,0.016667,60.000000,1
Sergio_G01_CNS-LLF5RV3D8,s01,ses03,20260804_153512,2026-08-04 15:50:58.048707,NaN,7,distractor,DISTRACTOR_ANS,51,2026-08-04 15:59:14.492538,496.025495,0.000000,6.943070,7+1=5,F,1,,keyboard,key= (False),"{""value"":""7+1=5"",""entered"":""F"",""rt"":6.9430696999188513,""correct"":1,""note"":""key= (False)"",""truth"":false,""trueSum"":8,""shownSum"":5,""a"":7,""b"":1}",2,0.016667,60.000000,1
Sergio_G01_CNS-LLF5RV3D8,s01,ses03,20260804_153512,2026-08-04 15:50:58.048707,NaN,7,distractor,ANS_CORRECT,100,2026-08-04 15:59:14.535340,496.025495,0.473627,,,,,,keyboard,,{},2,0.016667,60.000000,1
Sergio_G01_CNS-LLF5RV3D8,s01,ses03,20260804_153512,2026-08-04 15:50:58.048707,NaN,7,distractor,DISTRACTOR_OFF,52,2026-08-04 15:59:14.589394,496.499122,0.000000,,,,,,keyboard,,"{""pd_used"":0}",2,0.016667,60.000000,1
Sergio_G01_CNS-LLF5RV3D8,s01,ses03,20260804_153512,2026-08-04 15:50:58.048707,NaN,7,distractor,FIX2_ON,60,2026-08-04 15:59:14.590118,496.499122,3.300048,,,,,,keyboard,immediate after response,"{""note"":""immediate after response""}",2,0.016667,60.000000,1
Sergio_G01_CNS-LLF5RV3D8,s01,ses03,20260804_153512,2026-08-04 15:50:58.048707,NaN,7,fix2,FIX2_OFF,61,2026-08-04 15:59:17.889836,499.799170,0.049954,,,,,,keyboard,,"{""pd_used"":0}",2,0.016667,60.000000,1
Sergio_G01_CNS-LLF5RV3D8,s01,ses03,20260804_153512,2026-08-04 15:50:58.048707,NaN,7,probe,DIGIT_RECALL_LINE_1,161,2026-08-04 15:59:17.941267,499.849124,0.101857,,1,,,,keyboard,first recall question,"{""value"":1,""note"":""first recall question"",""pd_used"":1}",2,0.016667,60.000000,1
Sergio_G01_CNS-LLF5RV3D8,s01,ses03,20260804_153512,2026-08-04 15:50:58.048707,NaN,7,probe,PROBE_DIGIT_OK_1,71,2026-08-04 15:59:18.400498,499.950982,0.514810,0.108795,slot#1,NaN,,,keyboard,probe_digit#1,"{""value"":""slot#1"",""entered"":null,""rt"":0.10879490000661463,""note"":""probe_digit#1""}",2,0.016667,60.000000,1
Sergio_G01_CNS-LLF5RV3D8,s01,ses03,20260804_153512,2026-08-04 15:50:58.048707,NaN,7,probe,DIGIT1_OFF,146,2026-08-04 15:59:18.556054,500.465792,0.000000,,4,,,,keyboard,digit#1 off,"{""value"":4,""note"":""digit#1 off"",""pd_used"":0}",2,0.016667,60.000000,1
Sergio_G01_CNS-LLF5RV3D8,s01,ses03,20260804_153512,2026-08-04 15:50:58.048707,NaN,7,probe,POSTDIG_FIX1_ON,151,2026-08-04 15:59:18.556842,500.465792,2.049992,,,,,,keyboard,after digit#1,"{""note"":""after digit#1""}",2,0.016667,60.000000,1
Sergio_G01_CNS-LLF5RV3D8,s01,ses03,20260804_153512,2026-08-04 15:50:58.048707,NaN,7,probe,POSTDIG_FIX1_OFF,156,2026-08-04 15:59:20.606590,502.515784,0.066704,,,,,,keyboard,after digit#1,"{""note"":""after digit#1"",""pd_used"":0}",2,0.016667,60.000000,1
Sergio_G01_CNS-LLF5RV3D8,s01,ses03,20260804_153512,2026-08-04 15:50:58.048707,NaN,7,probe,DIGIT_RECALL_LINE_2,162,2026-08-04 15:59:20.672843,502.582488,0.208964,,2,,,,keyboard,next recall question,"{""value"":2,""note"":""next recall question"",""pd_used"":1}",2,0.016667,60.000000,1
Sergio_G01_CNS-LLF5RV3D8,s01,ses03,20260804_153512,2026-08-04 15:50:58.048707,NaN,7,probe,PROBE_DIGIT_OK_2,71,2026-08-04 15:59:21.190998,502.791452,0.474648,2.949265,slot#2,NaN,,,keyboard,probe_digit#2,"{""value"":""slot#2"",""entered"":null,""rt"":2.9492647000588477,""note"":""probe_digit#2""}",2,0.016667,60.000000,1
Sergio_G01_CNS-LLF5RV3D8,s01,ses03,20260804_153512,2026-08-04 15:50:58.048707,NaN,7,probe,DIGIT2_OFF,147,2026-08-04 15:59:21.356358,503.266100,0.000000,,4,,,,keyboard,digit#2 off,"{""value"":4,""note"":""digit#2 off"",""pd_used"":0}",2,0.016667,60.000000,1
Sergio_G01_CNS-LLF5RV3D8,s01,ses03,20260804_153512,2026-08-04 15:50:58.048707,NaN,7,probe,POSTDIG_FIX2_ON,152,2026-08-04 15:59:21.357142,503.266100,1.849723,,,,,,keyboard,after digit#2,"{""note"":""after digit#2""}",2,0.016667,60.000000,1
Sergio_G01_CNS-LLF5RV3D8,s01,ses03,20260804_153512,2026-08-04 15:50:58.048707,NaN,7,probe,POSTDIG_FIX2_OFF,157,2026-08-04 15:59:23.206582,505.115823,0.066670,,,,,,keyboard,after digit#2,"{""note"":""after digit#2"",""pd_used"":0}",2,0.016667,60.000000,1
Sergio_G01_CNS-LLF5RV3D8,s01,ses03,20260804_153512,2026-08-04 15:50:58.048707,NaN,7,probe,DIGIT_RECALL_LINE_3,163,2026-08-04 15:59:23.273103,505.182493,2.750195,,3,,,,keyboard,next recall question,"{""value"":3,""note"":""next recall question"",""pd_used"":1}",2,0.016667,60.000000,1
Sergio_G01_CNS-LLF5RV3D8,s01,ses03,20260804_153512,2026-08-04 15:50:58.048707,NaN,7,probe,PROBE_DIGIT_OK_3,71,2026-08-04 15:59:26.561171,507.932689,0.699825,8.090502,slot#3,NaN,,,keyboard,probe_digit#3,"{""value"":""slot#3"",""entered"":null,""rt"":8.0905017000623047,""note"":""probe_digit#3""}",2,0.016667,60.000000,1
Sergio_G01_CNS-LLF5RV3D8,s01,ses03,20260804_153512,2026-08-04 15:50:58.048707,NaN,7,probe,DIGIT3_OFF,148,2026-08-04 15:59:26.722888,508.632513,0.000000,,4,,,,keyboard,digit#3 off,"{""value"":4,""note"":""digit#3 off"",""pd_used"":0}",2,0.016667,60.000000,1
Sergio_G01_CNS-LLF5RV3D8,s01,ses03,20260804_153512,2026-08-04 15:50:58.048707,NaN,7,probe,POSTDIG_FIX3_ON,153,2026-08-04 15:59:26.723674,508.632513,1.883337,,,,,,keyboard,after digit#3,"{""note"":""after digit#3""}",2,0.016667,60.000000,1
Sergio_G01_CNS-LLF5RV3D8,s01,ses03,20260804_153512,2026-08-04 15:50:58.048707,NaN,7,probe,POSTDIG_FIX3_OFF,158,2026-08-04 15:59:28.606887,510.515851,0.066631,,,,,,keyboard,after digit#3,"{""note"":""after digit#3"",""pd_used"":0}",2,0.016667,60.000000,1
Sergio_G01_CNS-LLF5RV3D8,s01,ses03,20260804_153512,2026-08-04 15:50:58.048707,NaN,7,probe,DIGIT_RECALL_LINE_4,164,2026-08-04 15:59:28.672666,510.582482,5.384778,,4,,,,keyboard,next recall question,"{""value"":4,""note"":""next recall question"",""pd_used"":1}",2,0.016667,60.000000,1
Sergio_G01_CNS-LLF5RV3D8,s01,ses03,20260804_153512,2026-08-04 15:50:58.048707,NaN,7,probe,PROBE_DIGIT_OK_4,71,2026-08-04 15:59:34.703155,515.967260,0.815266,16.125073,slot#4,NaN,,,keyboard,probe_digit#4,"{""value"":""slot#4"",""entered"":null,""rt"":16.125072999973781,""note"":""probe_digit#4""}",2,0.016667,60.000000,1
Sergio_G01_CNS-LLF5RV3D8,s01,ses03,20260804_153512,2026-08-04 15:50:58.048707,NaN,7,probe,DIGIT4_OFF,149,2026-08-04 15:59:34.872802,516.782526,0.000000,,4,,,,keyboard,digit#4 off,"{""value"":4,""note"":""digit#4 off"",""pd_used"":0}",2,0.016667,60.000000,1
Sergio_G01_CNS-LLF5RV3D8,s01,ses03,20260804_153512,2026-08-04 15:50:58.048707,NaN,7,probe,POSTDIG_FIX4_ON,154,2026-08-04 15:59:34.873596,516.782526,1.783392,,,,,,keyboard,after digit#4,"{""note"":""after digit#4""}",2,0.016667,60.000000,1
Sergio_G01_CNS-LLF5RV3D8,s01,ses03,20260804_153512,2026-08-04 15:50:58.048707,NaN,7,probe,POSTDIG_FIX4_OFF,159,2026-08-04 15:59:36.656590,518.565918,0.066632,,,,,,keyboard,after digit#4,"{""note"":""after digit#4"",""pd_used"":0}",2,0.016667,60.000000,1
Sergio_G01_CNS-LLF5RV3D8,s01,ses03,20260804_153512,2026-08-04 15:50:58.048707,NaN,7,probe,DIGIT_RECALL_LINE_5,165,2026-08-04 15:59:36.722712,518.632550,1.718339,,5,,,,keyboard,next recall question,"{""value"":5,""note"":""next recall question"",""pd_used"":1}",2,0.016667,60.000000,1
Sergio_G01_CNS-LLF5RV3D8,s01,ses03,20260804_153512,2026-08-04 15:50:58.048707,NaN,7,probe,PROBE_DIGIT_OK_5,71,2026-08-04 15:59:38.882552,520.350889,0.598376,20.508702,slot#5,NaN,,,keyboard,probe_digit#5,"{""value"":""slot#5"",""entered"":null,""rt"":20.508702000021003,""note"":""probe_digit#5""}",2,0.016667,60.000000,1
Sergio_G01_CNS-LLF5RV3D8,s01,ses03,20260804_153512,2026-08-04 15:50:58.048707,NaN,7,probe,DIGIT5_OFF,150,2026-08-04 15:59:39.039740,520.949265,0.000000,,4,,,,keyboard,digit#5 off,"{""value"":4,""note"":""digit#5 off"",""pd_used"":0}",2,0.016667,60.000000,1
Sergio_G01_CNS-LLF5RV3D8,s01,ses03,20260804_153512,2026-08-04 15:50:58.048707,NaN,7,probe,POSTDIG_FIX5_ON,155,2026-08-04 15:59:39.040539,520.949265,3.283318,,,,,,keyboard,after digit#5,"{""note"":""after digit#5""}",2,0.016667,60.000000,1
Sergio_G01_CNS-LLF5RV3D8,s01,ses03,20260804_153512,2026-08-04 15:50:58.048707,NaN,7,probe,POSTDIG_FIX5_OFF,160,2026-08-04 15:59:42.323038,524.232583,0.050057,,,,,,keyboard,after digit#5,"{""note"":""after digit#5"",""pd_used"":0}",2,0.016667,60.000000,1
Sergio_G01_CNS-LLF5RV3D8,s01,ses03,20260804_153512,2026-08-04 15:50:58.048707,NaN,7,probe,PROBE_DONE,73,2026-08-04 15:59:42.331285,524.282640,0.000906,,,,,,keyboard,probe complete,"{""value"":"""",""note"":""probe complete""}",2,0.016667,60.000000,1
Sergio_G01_CNS-LLF5RV3D8,s01,ses03,20260804_153512,2026-08-04 15:50:58.048707,NaN,7,probe,TRIAL_END,21,2026-08-04 15:59:42.331947,524.283546,0.106554,,,,,,keyboard,,{},2,0.016667,60.000000,1
Sergio_G01_CNS-LLF5RV3D8,s01,ses03,20260804_153512,2026-08-04 15:50:58.048707,NaN,8,probe,TRIAL_CHANGE,22,2026-08-04 15:59:42.439118,524.390100,0.001435,,,,,,keyboard,trial transition,"{""note"":""trial transition""}",2,0.016667,60.000000,1
Sergio_G01_CNS-LLF5RV3D8,s01,ses03,20260804_153512,2026-08-04 15:50:58.048707,NaN,8,probe,TRIAL_START,20,2026-08-04 15:59:42.439943,524.391535,0.057715,,,,,,keyboard,,{},2,0.016667,60.000000,1
Sergio_G01_CNS-LLF5RV3D8,s01,ses03,20260804_153512,2026-08-04 15:50:58.048707,NaN,8,fix1,FIX1_ON,30,2026-08-04 15:59:42.539493,524.449250,3.466671,,,,,,keyboard,,"{""pd_used"":0}",2,0.016667,60.000000,1
Sergio_G01_CNS-LLF5RV3D8,s01,ses03,20260804_153512,2026-08-04 15:50:58.048707,NaN,8,fix1,FIX1_OFF,31,2026-08-04 15:59:46.006796,527.915921,0.050015,,,,,,keyboard,,"{""pd_used"":0}",2,0.016667,60.000000,1
Sergio_G01_CNS-LLF5RV3D8,s01,ses03,20260804_153512,2026-08-04 15:50:58.048707,NaN,8,digit,DIGIT1_ON,141,2026-08-04 15:59:46.057998,527.965936,0.549979,,5,,,,keyboard,digit#1 shown,"{""value"":5,""note"":""digit#1 shown"",""pd_used"":1}",2,0.016667,60.000000,1
Sergio_G01_CNS-LLF5RV3D8,s01,ses03,20260804_153512,2026-08-04 15:50:58.048707,NaN,8,digit,DIGIT1_OFF,146,2026-08-04 15:59:46.606254,528.515915,0.000000,,5,,,,keyboard,digit#1 off,"{""value"":5,""note"":""digit#1 off"",""pd_used"":0}",2,0.016667,60.000000,1
Sergio_G01_CNS-LLF5RV3D8,s01,ses03,20260804_153512,2026-08-04 15:50:58.048707,NaN,8,digit,POSTDIG_FIX1_ON,151,2026-08-04 15:59:46.607030,528.515915,1.966666,,,,,,keyboard,after digit#1,"{""note"":""after digit#1""}",2,0.016667,60.000000,1
Sergio_G01_CNS-LLF5RV3D8,s01,ses03,20260804_153512,2026-08-04 15:50:58.048707,NaN,8,digit,POSTDIG_FIX1_OFF,156,2026-08-04 15:59:48.573126,530.482581,0.050020,,,,,,keyboard,after digit#1,"{""note"":""after digit#1"",""pd_used"":0}",2,0.016667,60.000000,1
Sergio_G01_CNS-LLF5RV3D8,s01,ses03,20260804_153512,2026-08-04 15:50:58.048707,NaN,8,digit,DIGIT2_ON,142,2026-08-04 15:59:48.624510,530.532600,0.549968,,6,,,,keyboard,digit#2 shown,"{""value"":6,""note"":""digit#2 shown"",""pd_used"":1}",2,0.016667,60.000000,1
Sergio_G01_CNS-LLF5RV3D8,s01,ses03,20260804_153512,2026-08-04 15:50:58.048707,NaN,8,digit,DIGIT2_OFF,147,2026-08-04 15:59:49.172895,531.082568,0.000000,,6,,,,keyboard,digit#2 off,"{""value"":6,""note"":""digit#2 off"",""pd_used"":0}",2,0.016667,60.000000,1
Sergio_G01_CNS-LLF5RV3D8,s01,ses03,20260804_153512,2026-08-04 15:50:58.048707,NaN,8,digit,POSTDIG_FIX2_ON,152,2026-08-04 15:59:49.173719,531.082568,1.600067,,,,,,keyboard,after digit#2,"{""note"":""after digit#2""}",2,0.016667,60.000000,1
Sergio_G01_CNS-LLF5RV3D8,s01,ses03,20260804_153512,2026-08-04 15:50:58.048707,NaN,8,digit,POSTDIG_FIX2_OFF,157,2026-08-04 15:59:50.773122,532.682636,0.049954,,,,,,keyboard,after digit#2,"{""note"":""after digit#2"",""pd_used"":0}",2,0.016667,60.000000,1
Sergio_G01_CNS-LLF5RV3D8,s01,ses03,20260804_153512,2026-08-04 15:50:58.048707,NaN,8,digit,DIGIT3_ON,143,2026-08-04 15:59:50.824446,532.732590,0.550020,,4,,,,keyboard,digit#3 shown,"{""value"":4,""note"":""digit#3 shown"",""pd_used"":1}",2,0.016667,60.000000,1
Sergio_G01_CNS-LLF5RV3D8,s01,ses03,20260804_153512,2026-08-04 15:50:58.048707,NaN,8,digit,DIGIT3_OFF,148,2026-08-04 15:59:51.373037,533.282610,0.000000,,4,,,,keyboard,digit#3 off,"{""value"":4,""note"":""digit#3 off"",""pd_used"":0}",2,0.016667,60.000000,1
Sergio_G01_CNS-LLF5RV3D8,s01,ses03,20260804_153512,2026-08-04 15:50:58.048707,NaN,8,digit,POSTDIG_FIX3_ON,153,2026-08-04 15:59:51.373810,533.282610,1.866674,,,,,,keyboard,after digit#3,"{""note"":""after digit#3""}",2,0.016667,60.000000,1
Sergio_G01_CNS-LLF5RV3D8,s01,ses03,20260804_153512,2026-08-04 15:50:58.048707,NaN,8,digit,POSTDIG_FIX3_OFF,158,2026-08-04 15:59:53.239745,535.149284,0.050008,,,,,,keyboard,after digit#3,"{""note"":""after digit#3"",""pd_used"":0}",2,0.016667,60.000000,1
Sergio_G01_CNS-LLF5RV3D8,s01,ses03,20260804_153512,2026-08-04 15:50:58.048707,NaN,8,digit,DIGIT4_ON,144,2026-08-04 15:59:53.291119,535.199292,0.550008,,8,,,,keyboard,digit#4 shown,"{""value"":8,""note"":""digit#4 shown"",""pd_used"":1}",2,0.016667,60.000000,1
Sergio_G01_CNS-LLF5RV3D8,s01,ses03,20260804_153512,2026-08-04 15:50:58.048707,NaN,8,digit,DIGIT4_OFF,149,2026-08-04 15:59:53.839785,535.749300,0.000000,,8,,,,keyboard,digit#4 off,"{""value"":8,""note"":""digit#4 off"",""pd_used"":0}",2,0.016667,60.000000,1
Sergio_G01_CNS-LLF5RV3D8,s01,ses03,20260804_153512,2026-08-04 15:50:58.048707,NaN,8,digit,POSTDIG_FIX4_ON,154,2026-08-04 15:59:53.840582,535.749300,1.933350,,,,,,keyboard,after digit#4,"{""note"":""after digit#4""}",2,0.016667,60.000000,1
Sergio_G01_CNS-LLF5RV3D8,s01,ses03,20260804_153512,2026-08-04 15:50:58.048707,NaN,8,digit,POSTDIG_FIX4_OFF,159,2026-08-04 15:59:55.773063,537.682649,0.049981,,,,,,keyboard,after digit#4,"{""note"":""after digit#4"",""pd_used"":0}",2,0.016667,60.000000,1
Sergio_G01_CNS-LLF5RV3D8,s01,ses03,20260804_153512,2026-08-04 15:50:58.048707,NaN,8,digit,DIGIT5_ON,145,2026-08-04 15:59:55.824656,537.732630,0.549998,,9,,,,keyboard,digit#5 shown,"{""value"":9,""note"":""digit#5 shown"",""pd_used"":1}",2,0.016667,60.000000,1
Sergio_G01_CNS-LLF5RV3D8,s01,ses03,20260804_153512,2026-08-04 15:50:58.048707,NaN,8,digit,DIGIT5_OFF,150,2026-08-04 15:59:56.373083,538.282628,0.000000,,9,,,,keyboard,digit#5 off,"{""value"":9,""note"":""digit#5 off"",""pd_used"":0}",2,0.016667,60.000000,1
Sergio_G01_CNS-LLF5RV3D8,s01,ses03,20260804_153512,2026-08-04 15:50:58.048707,NaN,8,digit,POSTDIG_FIX5_ON,155,2026-08-04 15:59:56.373851,538.282628,3.250037,,,,,,keyboard,after digit#5,"{""note"":""after digit#5""}",2,0.016667,60.000000,1
Sergio_G01_CNS-LLF5RV3D8,s01,ses03,20260804_153512,2026-08-04 15:50:58.048707,NaN,8,digit,POSTDIG_FIX5_OFF,160,2026-08-04 15:59:59.622965,541.532665,0.049960,,,,,,keyboard,after digit#5,"{""note"":""after digit#5"",""pd_used"":0}",2,0.016667,60.000000,1
Sergio_G01_CNS-LLF5RV3D8,s01,ses03,20260804_153512,2026-08-04 15:50:58.048707,NaN,8,distractor,DISTRACTOR_ON,50,2026-08-04 15:59:59.674318,541.582625,4.433578,,8+2=13,,,,keyboard,,"{""value"":""8+2=13"",""isCorrectTruth"":false,""trueSum"":10,""pd_used"":1}",2,0.016667,60.000000,1
Sergio_G01_CNS-LLF5RV3D8,s01,ses03,20260804_153512,2026-08-04 15:50:58.048707,NaN,8,distractor,DISTRACTOR_ANS,51,2026-08-04 16:00:04.375351,546.016203,0.000000,4.433578,8+2=13,F,1,,keyboard,key= (False),"{""value"":""8+2=13"",""entered"":""F"",""rt"":4.4335779999382794,""correct"":1,""note"":""key= (False)"",""truth"":false,""trueSum"":10,""shownSum"":13,""a"":8,""b"":2}",2,0.016667,60.000000,1
Sergio_G01_CNS-LLF5RV3D8,s01,ses03,20260804_153512,2026-08-04 15:50:58.048707,NaN,8,distractor,ANS_CORRECT,100,2026-08-04 16:00:04.417740,546.016203,0.366467,,,,,,keyboard,,{},2,0.016667,60.000000,1
Sergio_G01_CNS-LLF5RV3D8,s01,ses03,20260804_153512,2026-08-04 15:50:58.048707,NaN,8,distractor,DISTRACTOR_OFF,52,2026-08-04 16:00:04.472923,546.382670,0.000000,,,,,,keyboard,,"{""pd_used"":0}",2,0.016667,60.000000,1
Sergio_G01_CNS-LLF5RV3D8,s01,ses03,20260804_153512,2026-08-04 15:50:58.048707,NaN,8,distractor,FIX2_ON,60,2026-08-04 16:00:04.473642,546.382670,3.333316,,,,,,keyboard,immediate after response,"{""note"":""immediate after response""}",2,0.016667,60.000000,1
Sergio_G01_CNS-LLF5RV3D8,s01,ses03,20260804_153512,2026-08-04 15:50:58.048707,NaN,8,fix2,FIX2_OFF,61,2026-08-04 16:00:07.806961,549.715987,0.050033,,,,,,keyboard,,"{""pd_used"":0}",2,0.016667,60.000000,1
Sergio_G01_CNS-LLF5RV3D8,s01,ses03,20260804_153512,2026-08-04 15:50:58.048707,NaN,8,probe,DIGIT_RECALL_LINE_1,161,2026-08-04 16:00:07.857994,549.766020,5.735651,,1,,,,keyboard,first recall question,"{""value"":1,""note"":""first recall question"",""pd_used"":1}",2,0.016667,60.000000,1
Sergio_G01_CNS-LLF5RV3D8,s01,ses03,20260804_153512,2026-08-04 15:50:58.048707,NaN,8,probe,PROBE_DIGIT_OK_1,71,2026-08-04 16:00:13.912420,555.501671,0.464377,5.742273,slot#1,NaN,,,keyboard,probe_digit#1,"{""value"":""slot#1"",""entered"":null,""rt"":5.7422734000720084,""note"":""probe_digit#1""}",2,0.016667,60.000000,1
Sergio_G01_CNS-LLF5RV3D8,s01,ses03,20260804_153512,2026-08-04 15:50:58.048707,NaN,8,probe,DIGIT1_OFF,146,2026-08-04 16:00:14.056644,555.966048,0.000000,,9,,,,keyboard,digit#1 off,"{""value"":9,""note"":""digit#1 off"",""pd_used"":0}",2,0.016667,60.000000,1
Sergio_G01_CNS-LLF5RV3D8,s01,ses03,20260804_153512,2026-08-04 15:50:58.048707,NaN,8,probe,POSTDIG_FIX1_ON,151,2026-08-04 16:00:14.057439,555.966048,1.783378,,,,,,keyboard,after digit#1,"{""note"":""after digit#1""}",2,0.016667,60.000000,1
Sergio_G01_CNS-LLF5RV3D8,s01,ses03,20260804_153512,2026-08-04 15:50:58.048707,NaN,8,probe,POSTDIG_FIX1_OFF,156,2026-08-04 16:00:15.839901,557.749425,0.066631,,,,,,keyboard,after digit#1,"{""note"":""after digit#1"",""pd_used"":0}",2,0.016667,60.000000,1
Sergio_G01_CNS-LLF5RV3D8,s01,ses03,20260804_153512,2026-08-04 15:50:58.048707,NaN,8,probe,DIGIT_RECALL_LINE_2,162,2026-08-04 16:00:15.906157,557.816057,4.603069,,2,,,,keyboard,next recall question,"{""value"":2,""note"":""next recall question"",""pd_used"":1}",2,0.016667,60.000000,1
Sergio_G01_CNS-LLF5RV3D8,s01,ses03,20260804_153512,2026-08-04 15:50:58.048707,NaN,8,probe,PROBE_DIGIT_OK_2,71,2026-08-04 16:00:20.785361,562.419126,0.430280,12.659728,slot#2,NaN,,,keyboard,probe_digit#2,"{""value"":""slot#2"",""entered"":null,""rt"":12.659728400059976,""note"":""probe_digit#2""}",2,0.016667,60.000000,1
Sergio_G01_CNS-LLF5RV3D8,s01,ses03,20260804_153512,2026-08-04 15:50:58.048707,NaN,8,probe,DIGIT2_OFF,147,2026-08-04 16:00:20.940012,562.849406,0.000000,,9,,,,keyboard,digit#2 off,"{""value"":9,""note"":""digit#2 off"",""pd_used"":0}",2,0.016667,60.000000,1
Sergio_G01_CNS-LLF5RV3D8,s01,ses03,20260804_153512,2026-08-04 15:50:58.048707,NaN,8,probe,POSTDIG_FIX2_ON,152,2026-08-04 16:00:20.940773,562.849406,1.966697,,,,,,keyboard,after digit#2,"{""note"":""after digit#2""}",2,0.016667,60.000000,1
Sergio_G01_CNS-LLF5RV3D8,s01,ses03,20260804_153512,2026-08-04 15:50:58.048707,NaN,8,probe,POSTDIG_FIX2_OFF,157,2026-08-04 16:00:22.906898,564.816103,0.066628,,,,,,keyboard,after digit#2,"{""note"":""after digit#2"",""pd_used"":0}",2,0.016667,60.000000,1
Sergio_G01_CNS-LLF5RV3D8,s01,ses03,20260804_153512,2026-08-04 15:50:58.048707,NaN,8,probe,DIGIT_RECALL_LINE_3,163,2026-08-04 16:00:22.972962,564.882730,4.303341,,3,,,,keyboard,next recall question,"{""value"":3,""note"":""next recall question"",""pd_used"":1}",2,0.016667,60.000000,1
Sergio_G01_CNS-LLF5RV3D8,s01,ses03,20260804_153512,2026-08-04 15:50:58.048707,NaN,8,probe,PROBE_DIGIT_OK_3,71,2026-08-04 16:00:28.052005,569.186071,0.930049,19.426674,slot#3,NaN,,,keyboard,probe_digit#3,"{""value"":""slot#3"",""entered"":null,""rt"":19.426673899986781,""note"":""probe_digit#3""}",2,0.016667,60.000000,1
Sergio_G01_CNS-LLF5RV3D8,s01,ses03,20260804_153512,2026-08-04 15:50:58.048707,NaN,8,probe,DIGIT3_OFF,148,2026-08-04 16:00:28.206546,570.116120,0.000000,,9,,,,keyboard,digit#3 off,"{""value"":9,""note"":""digit#3 off"",""pd_used"":0}",2,0.016667,60.000000,1
Sergio_G01_CNS-LLF5RV3D8,s01,ses03,20260804_153512,2026-08-04 15:50:58.048707,NaN,8,probe,POSTDIG_FIX3_ON,153,2026-08-04 16:00:28.207325,570.116120,1.883286,,,,,,keyboard,after digit#3,"{""note"":""after digit#3""}",2,0.016667,60.000000,1
Sergio_G01_CNS-LLF5RV3D8,s01,ses03,20260804_153512,2026-08-04 15:50:58.048707,NaN,8,probe,POSTDIG_FIX3_OFF,158,2026-08-04 16:00:30.089773,571.999406,0.066653,,,,,,keyboard,after digit#3,"{""note"":""after digit#3"",""pd_used"":0}",2,0.016667,60.000000,1
Sergio_G01_CNS-LLF5RV3D8,s01,ses03,20260804_153512,2026-08-04 15:50:58.048707,NaN,8,probe,DIGIT_RECALL_LINE_4,164,2026-08-04 16:00:30.156251,572.066060,2.880720,,4,,,,keyboard,next recall question,"{""value"":4,""note"":""next recall question"",""pd_used"":1}",2,0.016667,60.000000,1
Sergio_G01_CNS-LLF5RV3D8,s01,ses03,20260804_153512,2026-08-04 15:50:58.048707,NaN,8,probe,PROBE_DIGIT_OK_4,71,2026-08-04 16:00:33.352961,574.946780,0.469336,25.187383,slot#4,NaN,,,keyboard,probe_digit#4,"{""value"":""slot#4"",""entered"":null,""rt"":25.187382700038143,""note"":""probe_digit#4""}",2,0.016667,60.000000,1
Sergio_G01_CNS-LLF5RV3D8,s01,ses03,20260804_153512,2026-08-04 15:50:58.048707,NaN,8,probe,DIGIT4_OFF,149,2026-08-04 16:00:33.506943,575.416116,0.000000,,9,,,,keyboard,digit#4 off,"{""value"":9,""note"":""digit#4 off"",""pd_used"":0}",2,0.016667,60.000000,1
Sergio_G01_CNS-LLF5RV3D8,s01,ses03,20260804_153512,2026-08-04 15:50:58.048707,NaN,8,probe,POSTDIG_FIX4_ON,154,2026-08-04 16:00:33.507756,575.416116,1.700011,,,,,,keyboard,after digit#4,"{""note"":""after digit#4""}",2,0.016667,60.000000,1
Sergio_G01_CNS-LLF5RV3D8,s01,ses03,20260804_153512,2026-08-04 15:50:58.048707,NaN,8,probe,POSTDIG_FIX4_OFF,159,2026-08-04 16:00:35.206799,577.116128,0.066643,,,,,,keyboard,after digit#4,"{""note"":""after digit#4"",""pd_used"":0}",2,0.016667,60.000000,1
Sergio_G01_CNS-LLF5RV3D8,s01,ses03,20260804_153512,2026-08-04 15:50:58.048707,NaN,8,probe,DIGIT_RECALL_LINE_5,165,2026-08-04 16:00:35.272811,577.182771,2.346660,,5,,,,keyboard,next recall question,"{""value"":5,""note"":""next recall question"",""pd_used"":1}",2,0.016667,60.000000,1
Sergio_G01_CNS-LLF5RV3D8,s01,ses03,20260804_153512,2026-08-04 15:50:58.048707,NaN,8,probe,PROBE_DIGIT_OK_5,71,2026-08-04 16:00:38.141994,579.529430,0.670059,29.770033,slot#5,NaN,,,keyboard,probe_digit#5,"{""value"":""slot#5"",""entered"":null,""rt"":29.770033200038597,""note"":""probe_digit#5""}",2,0.016667,60.000000,1
Sergio_G01_CNS-LLF5RV3D8,s01,ses03,20260804_153512,2026-08-04 15:50:58.048707,NaN,8,probe,DIGIT5_OFF,150,2026-08-04 16:00:38.289968,580.199489,0.000000,,9,,,,keyboard,digit#5 off,"{""value"":9,""note"":""digit#5 off"",""pd_used"":0}",2,0.016667,60.000000,1
Sergio_G01_CNS-LLF5RV3D8,s01,ses03,20260804_153512,2026-08-04 15:50:58.048707,NaN,8,probe,POSTDIG_FIX5_ON,155,2026-08-04 16:00:38.290751,580.199489,3.100309,,,,,,keyboard,after digit#5,"{""note"":""after digit#5""}",2,0.016667,60.000000,1
Sergio_G01_CNS-LLF5RV3D8,s01,ses03,20260804_153512,2026-08-04 15:50:58.048707,NaN,8,probe,POSTDIG_FIX5_OFF,160,2026-08-04 16:00:41.390243,583.299798,0.049737,,,,,,keyboard,after digit#5,"{""note"":""after digit#5"",""pd_used"":0}",2,0.016667,60.000000,1
Sergio_G01_CNS-LLF5RV3D8,s01,ses03,20260804_153512,2026-08-04 15:50:58.048707,NaN,8,probe,PROBE_DONE,73,2026-08-04 16:00:41.398061,583.349535,0.000720,,,,,,keyboard,probe complete,"{""value"":"""",""note"":""probe complete""}",2,0.016667,60.000000,1
Sergio_G01_CNS-LLF5RV3D8,s01,ses03,20260804_153512,2026-08-04 15:50:58.048707,NaN,8,probe,TRIAL_END,21,2026-08-04 16:00:41.398645,583.350254,0.096392,,,,,,keyboard,,{},2,0.016667,60.000000,1
Sergio_G01_CNS-LLF5RV3D8,s01,ses03,20260804_153512,2026-08-04 15:50:58.048707,NaN,9,probe,TRIAL_CHANGE,22,2026-08-04 16:00:41.495303,583.446647,0.000940,,,,,,keyboard,trial transition,"{""note"":""trial transition""}",2,0.016667,60.000000,1
Sergio_G01_CNS-LLF5RV3D8,s01,ses03,20260804_153512,2026-08-04 15:50:58.048707,NaN,9,probe,TRIAL_START,20,2026-08-04 16:00:41.495994,583.447587,0.052016,,,,,,keyboard,,{},2,0.016667,60.000000,1
Sergio_G01_CNS-LLF5RV3D8,s01,ses03,20260804_153512,2026-08-04 15:50:58.048707,NaN,9,fix1,FIX1_ON,30,2026-08-04 16:00:41.589648,583.499604,3.066783,,,,,,keyboard,,"{""pd_used"":0}",2,0.016667,60.000000,1
Sergio_G01_CNS-LLF5RV3D8,s01,ses03,20260804_153512,2026-08-04 15:50:58.048707,NaN,9,fix1,FIX1_OFF,31,2026-08-04 16:00:44.659611,586.566387,0.049776,,,,,,keyboard,,"{""pd_used"":0}",2,0.016667,60.000000,1
Sergio_G01_CNS-LLF5RV3D8,s01,ses03,20260804_153512,2026-08-04 15:50:58.048707,NaN,9,digit,DIGIT1_ON,141,2026-08-04 16:00:44.711137,586.616162,0.549980,,2,,,,keyboard,digit#1 shown,"{""value"":2,""note"":""digit#1 shown"",""pd_used"":1}",2,0.016667,60.000000,1
Sergio_G01_CNS-LLF5RV3D8,s01,ses03,20260804_153512,2026-08-04 15:50:58.048707,NaN,9,digit,DIGIT1_OFF,146,2026-08-04 16:00:45.256597,587.166142,0.000000,,2,,,,keyboard,digit#1 off,"{""value"":2,""note"":""digit#1 off"",""pd_used"":0}",2,0.016667,60.000000,1
Sergio_G01_CNS-LLF5RV3D8,s01,ses03,20260804_153512,2026-08-04 15:50:58.048707,NaN,9,digit,POSTDIG_FIX1_ON,151,2026-08-04 16:00:45.257381,587.166142,2.000051,,,,,,keyboard,after digit#1,"{""note"":""after digit#1""}",2,0.016667,60.000000,1
Sergio_G01_CNS-LLF5RV3D8,s01,ses03,20260804_153512,2026-08-04 15:50:58.048707,NaN,9,digit,POSTDIG_FIX1_OFF,156,2026-08-04 16:00:47.256575,589.166193,0.050038,,,,,,keyboard,after digit#1,"{""note"":""after digit#1"",""pd_used"":0}",2,0.016667,60.000000,1
Sergio_G01_CNS-LLF5RV3D8,s01,ses03,20260804_153512,2026-08-04 15:50:58.048707,NaN,9,digit,DIGIT2_ON,142,2026-08-04 16:00:47.308201,589.216231,0.549940,,7,,,,keyboard,digit#2 shown,"{""value"":7,""note"":""digit#2 shown"",""pd_used"":1}",2,0.016667,60.000000,1
Sergio_G01_CNS-LLF5RV3D8,s01,ses03,20260804_153512,2026-08-04 15:50:58.048707,NaN,9,digit,DIGIT2_OFF,147,2026-08-04 16:00:47.856581,589.766171,0.000000,,7,,,,keyboard,digit#2 off,"{""value"":7,""note"":""digit#2 off"",""pd_used"":0}",2,0.016667,60.000000,1
Sergio_G01_CNS-LLF5RV3D8,s01,ses03,20260804_153512,2026-08-04 15:50:58.048707,NaN,9,digit,POSTDIG_FIX2_ON,152,2026-08-04 16:00:47.857368,589.766171,1.566679,,,,,,keyboard,after digit#2,"{""note"":""after digit#2""}",2,0.016667,60.000000,1
Sergio_G01_CNS-LLF5RV3D8,s01,ses03,20260804_153512,2026-08-04 15:50:58.048707,NaN,9,digit,POSTDIG_FIX2_OFF,157,2026-08-04 16:00:49.423123,591.332851,0.049988,,,,,,keyboard,after digit#2,"{""note"":""after digit#2"",""pd_used"":0}",2,0.016667,60.000000,1
Sergio_G01_CNS-LLF5RV3D8,s01,ses03,20260804_153512,2026-08-04 15:50:58.048707,NaN,9,digit,DIGIT3_ON,143,2026-08-04 16:00:49.474396,591.382838,0.550029,,0,,,,keyboard,digit#3 shown,"{""value"":0,""note"":""digit#3 shown"",""pd_used"":1}",2,0.016667,60.000000,1
Sergio_G01_CNS-LLF5RV3D8,s01,ses03,20260804_153512,2026-08-04 15:50:58.048707,NaN,9,digit,DIGIT3_OFF,148,2026-08-04 16:00:50.023241,591.932868,0.000000,,0,,,,keyboard,digit#3 off,"{""value"":0,""note"":""digit#3 off"",""pd_used"":0}",2,0.016667,60.000000,1
Sergio_G01_CNS-LLF5RV3D8,s01,ses03,20260804_153512,2026-08-04 15:50:58.048707,NaN,9,digit,POSTDIG_FIX3_ON,153,2026-08-04 16:00:50.024030,591.932868,1.899999,,,,,,keyboard,after digit#3,"{""note"":""after digit#3""}",2,0.016667,60.000000,1
Sergio_G01_CNS-LLF5RV3D8,s01,ses03,20260804_153512,2026-08-04 15:50:58.048707,NaN,9,digit,POSTDIG_FIX3_OFF,158,2026-08-04 16:00:51.923193,593.832867,0.050006,,,,,,keyboard,after digit#3,"{""note"":""after digit#3"",""pd_used"":0}",2,0.016667,60.000000,1
Sergio_G01_CNS-LLF5RV3D8,s01,ses03,20260804_153512,2026-08-04 15:50:58.048707,NaN,9,digit,DIGIT4_ON,144,2026-08-04 16:00:51.974803,593.882872,0.550033,,8,,,,keyboard,digit#4 shown,"{""value"":8,""note"":""digit#4 shown"",""pd_used"":1}",2,0.016667,60.000000,1
Sergio_G01_CNS-LLF5RV3D8,s01,ses03,20260804_153512,2026-08-04 15:50:58.048707,NaN,9,digit,DIGIT4_OFF,149,2026-08-04 16:00:52.523499,594.432906,0.000000,,8,,,,keyboard,digit#4 off,"{""value"":8,""note"":""digit#4 off"",""pd_used"":0}",2,0.016667,60.000000,1
Sergio_G01_CNS-LLF5RV3D8,s01,ses03,20260804_153512,2026-08-04 15:50:58.048707,NaN,9,digit,POSTDIG_FIX4_ON,154,2026-08-04 16:00:52.524298,594.432906,1.866595,,,,,,keyboard,after digit#4,"{""note"":""after digit#4""}",2,0.016667,60.000000,1
Sergio_G01_CNS-LLF5RV3D8,s01,ses03,20260804_153512,2026-08-04 15:50:58.048707,NaN,9,digit,POSTDIG_FIX4_OFF,159,2026-08-04 16:00:54.389802,596.299501,0.050037,,,,,,keyboard,after digit#4,"{""note"":""after digit#4"",""pd_used"":0}",2,0.016667,60.000000,1
Sergio_G01_CNS-LLF5RV3D8,s01,ses03,20260804_153512,2026-08-04 15:50:58.048707,NaN,9,digit,DIGIT5_ON,145,2026-08-04 16:00:54.440921,596.349538,0.550011,,7,,,,keyboard,digit#5 shown,"{""value"":7,""note"":""digit#5 shown"",""pd_used"":1}",2,0.016667,60.000000,1
Sergio_G01_CNS-LLF5RV3D8,s01,ses03,20260804_153512,2026-08-04 15:50:58.048707,NaN,9,digit,DIGIT5_OFF,150,2026-08-04 16:00:54.989918,596.899549,0.000000,,7,,,,keyboard,digit#5 off,"{""value"":7,""note"":""digit#5 off"",""pd_used"":0}",2,0.016667,60.000000,1
Sergio_G01_CNS-LLF5RV3D8,s01,ses03,20260804_153512,2026-08-04 15:50:58.048707,NaN,9,digit,POSTDIG_FIX5_ON,155,2026-08-04 16:00:54.990681,596.899549,3.266661,,,,,,keyboard,after digit#5,"{""note"":""after digit#5""}",2,0.016667,60.000000,1
Sergio_G01_CNS-LLF5RV3D8,s01,ses03,20260804_153512,2026-08-04 15:50:58.048707,NaN,9,digit,POSTDIG_FIX5_OFF,160,2026-08-04 16:00:58.256559,600.166210,0.050026,,,,,,keyboard,after digit#5,"{""note"":""after digit#5"",""pd_used"":0}",2,0.016667,60.000000,1
Sergio_G01_CNS-LLF5RV3D8,s01,ses03,20260804_153512,2026-08-04 15:50:58.048707,NaN,9,distractor,DISTRACTOR_ON,50,2026-08-04 16:00:58.308178,600.216237,5.674560,,9+1=10,,,,keyboard,,"{""value"":""9+1=10"",""isCorrectTruth"":true,""trueSum"":10,""pd_used"":1}",2,0.016667,60.000000,1
Sergio_G01_CNS-LLF5RV3D8,s01,ses03,20260804_153512,2026-08-04 15:50:58.048707,NaN,9,distractor,DISTRACTOR_ANS,51,2026-08-04 16:01:04.442204,605.890797,0.000000,5.674560,9+1=10,F,0,,keyboard,key= (False),"{""value"":""9+1=10"",""entered"":""F"",""rt"":5.6745603000745177,""correct"":0,""note"":""key= (False)"",""truth"":true,""trueSum"":10,""shownSum"":10,""a"":9,""b"":1}",2,0.016667,60.000000,1
Sergio_G01_CNS-LLF5RV3D8,s01,ses03,20260804_153512,2026-08-04 15:50:58.048707,NaN,9,distractor,ANS_WRONG,200,2026-08-04 16:01:04.484583,605.890797,0.558759,,,,,,keyboard,,{},2,0.016667,60.000000,1
Sergio_G01_CNS-LLF5RV3D8,s01,ses03,20260804_153512,2026-08-04 15:50:58.048707,NaN,9,distractor,DISTRACTOR_OFF,52,2026-08-04 16:01:04.539745,606.449556,0.000000,,,,,,keyboard,,"{""pd_used"":0}",2,0.016667,60.000000,1
Sergio_G01_CNS-LLF5RV3D8,s01,ses03,20260804_153512,2026-08-04 15:50:58.048707,NaN,9,distractor,FIX2_ON,60,2026-08-04 16:01:04.540434,606.449556,3.500029,,,,,,keyboard,immediate after response,"{""note"":""immediate after response""}",2,0.016667,60.000000,1
Sergio_G01_CNS-LLF5RV3D8,s01,ses03,20260804_153512,2026-08-04 15:50:58.048707,NaN,9,fix2,FIX2_OFF,61,2026-08-04 16:01:08.039935,609.949586,0.050007,,,,,,keyboard,,"{""pd_used"":0}",2,0.016667,60.000000,1
Sergio_G01_CNS-LLF5RV3D8,s01,ses03,20260804_153512,2026-08-04 15:50:58.048707,NaN,9,probe,DIGIT_RECALL_LINE_1,161,2026-08-04 16:01:08.091021,609.999593,2.896704,,1,,,,keyboard,first recall question,"{""value"":1,""note"":""first recall question"",""pd_used"":1}",2,0.016667,60.000000,1
Sergio_G01_CNS-LLF5RV3D8,s01,ses03,20260804_153512,2026-08-04 15:50:58.048707,NaN,9,probe,PROBE_DIGIT_OK_1,71,2026-08-04 16:01:11.491490,612.896297,0.653352,2.904014,slot#1,NaN,,,keyboard,probe_digit#1,"{""value"":""slot#1"",""entered"":null,""rt"":2.9040141999721527,""note"":""probe_digit#1""}",2,0.016667,60.000000,1
Sergio_G01_CNS-LLF5RV3D8,s01,ses03,20260804_153512,2026-08-04 15:50:58.048707,NaN,9,probe,DIGIT1_OFF,146,2026-08-04 16:01:11.639983,613.549649,0.000000,,7,,,,keyboard,digit#1 off,"{""value"":7,""note"":""digit#1 off"",""pd_used"":0}",2,0.016667,60.000000,1
Sergio_G01_CNS-LLF5RV3D8,s01,ses03,20260804_153512,2026-08-04 15:50:58.048707,NaN,9,probe,POSTDIG_FIX1_ON,151,2026-08-04 16:01:11.640773,613.549649,1.750170,,,,,,keyboard,after digit#1,"{""note"":""after digit#1""}",2,0.016667,60.000000,1
Sergio_G01_CNS-LLF5RV3D8,s01,ses03,20260804_153512,2026-08-04 15:50:58.048707,NaN,9,probe,POSTDIG_FIX1_OFF,156,2026-08-04 16:01:13.390260,615.299819,0.066488,,,,,,keyboard,after digit#1,"{""note"":""after digit#1"",""pd_used"":0}",2,0.016667,60.000000,1
Sergio_G01_CNS-LLF5RV3D8,s01,ses03,20260804_153512,2026-08-04 15:50:58.048707,NaN,9,probe,DIGIT_RECALL_LINE_2,162,2026-08-04 16:01:13.456670,615.366307,1.603462,,2,,,,keyboard,next recall question,"{""value"":2,""note"":""next recall question"",""pd_used"":1}",2,0.016667,60.000000,1
Sergio_G01_CNS-LLF5RV3D8,s01,ses03,20260804_153512,2026-08-04 15:50:58.048707,NaN,9,probe,PROBE_DIGIT_OK_2,71,2026-08-04 16:01:15.483644,616.969769,0.579860,6.977486,slot#2,NaN,,,keyboard,probe_digit#2,"{""value"":""slot#2"",""entered"":null,""rt"":6.9774861999321729,""note"":""probe_digit#2""}",2,0.016667,60.000000,1
Sergio_G01_CNS-LLF5RV3D8,s01,ses03,20260804_153512,2026-08-04 15:50:58.048707,NaN,9,probe,DIGIT2_OFF,147,2026-08-04 16:01:15.639906,617.549629,0.000000,,7,,,,keyboard,digit#2 off,"{""value"":7,""note"":""digit#2 off"",""pd_used"":0}",2,0.016667,60.000000,1
Sergio_G01_CNS-LLF5RV3D8,s01,ses03,20260804_153512,2026-08-04 15:50:58.048707,NaN,9,probe,POSTDIG_FIX2_ON,152,2026-08-04 16:01:15.640723,617.549629,1.700004,,,,,,keyboard,after digit#2,"{""note"":""after digit#2""}",2,0.016667,60.000000,1
Sergio_G01_CNS-LLF5RV3D8,s01,ses03,20260804_153512,2026-08-04 15:50:58.048707,NaN,9,probe,POSTDIG_FIX2_OFF,157,2026-08-04 16:01:17.339929,619.249633,0.066653,,,,,,keyboard,after digit#2,"{""note"":""after digit#2"",""pd_used"":0}",2,0.016667,60.000000,1
Sergio_G01_CNS-LLF5RV3D8,s01,ses03,20260804_153512,2026-08-04 15:50:58.048707,NaN,9,probe,DIGIT_RECALL_LINE_3,163,2026-08-04 16:01:17.406542,619.316287,1.340585,,3,,,,keyboard,next recall question,"{""value"":3,""note"":""next recall question"",""pd_used"":1}",2,0.016667,60.000000,1
Sergio_G01_CNS-LLF5RV3D8,s01,ses03,20260804_153512,2026-08-04 15:50:58.048707,NaN,9,probe,PROBE_DIGIT_OK_3,71,2026-08-04 16:01:19.210962,620.656871,0.626106,10.664588,slot#3,NaN,,,keyboard,probe_digit#3,"{""value"":""slot#3"",""entered"":null,""rt"":10.664588399929926,""note"":""probe_digit#3""}",2,0.016667,60.000000,1
Sergio_G01_CNS-LLF5RV3D8,s01,ses03,20260804_153512,2026-08-04 15:50:58.048707,NaN,9,probe,DIGIT3_OFF,148,2026-08-04 16:01:19.373475,621.282977,0.000000,,7,,,,keyboard,digit#3 off,"{""value"":7,""note"":""digit#3 off"",""pd_used"":0}",2,0.016667,60.000000,1
Sergio_G01_CNS-LLF5RV3D8,s01,ses03,20260804_153512,2026-08-04 15:50:58.048707,NaN,9,probe,POSTDIG_FIX3_ON,153,2026-08-04 16:01:19.374282,621.282977,1.687642,,,,,,keyboard,after digit#3,"{""note"":""after digit#3""}",2,0.016667,60.000000,1
Sergio_G01_CNS-LLF5RV3D8,s01,ses03,20260804_153512,2026-08-04 15:50:58.048707,NaN,9,probe,POSTDIG_FIX3_OFF,158,2026-08-04 16:01:21.061082,622.970619,0.062359,,,,,,keyboard,after digit#3,"{""note"":""after digit#3"",""pd_used"":0}",2,0.016667,60.000000,1
Sergio_G01_CNS-LLF5RV3D8,s01,ses03,20260804_153512,2026-08-04 15:50:58.048707,NaN,9,probe,DIGIT_RECALL_LINE_4,164,2026-08-04 16:01:21.123145,623.032978,2.296375,,4,,,,keyboard,next recall question,"{""value"":4,""note"":""next recall question"",""pd_used"":1}",2,0.016667,60.000000,1
Sergio_G01_CNS-LLF5RV3D8,s01,ses03,20260804_153512,2026-08-04 15:50:58.048707,NaN,9,probe,PROBE_DIGIT_OK_4,71,2026-08-04 16:01:23.792575,625.329353,0.520335,15.337070,slot#4,NaN,,,keyboard,probe_digit#4,"{""value"":""slot#4"",""entered"":null,""rt"":15.337069900007918,""note"":""probe_digit#4""}",2,0.016667,60.000000,1
Sergio_G01_CNS-LLF5RV3D8,s01,ses03,20260804_153512,2026-08-04 15:50:58.048707,NaN,9,probe,DIGIT4_OFF,149,2026-08-04 16:01:23.940219,625.849687,0.000000,,7,,,,keyboard,digit#4 off,"{""value"":7,""note"":""digit#4 off"",""pd_used"":0}",2,0.016667,60.000000,1
Sergio_G01_CNS-LLF5RV3D8,s01,ses03,20260804_153512,2026-08-04 15:50:58.048707,NaN,9,probe,POSTDIG_FIX4_ON,154,2026-08-04 16:01:23.941171,625.849687,1.583381,,,,,,keyboard,after digit#4,"{""note"":""after digit#4""}",2,0.016667,60.000000,1
Sergio_G01_CNS-LLF5RV3D8,s01,ses03,20260804_153512,2026-08-04 15:50:58.048707,NaN,9,probe,POSTDIG_FIX4_OFF,159,2026-08-04 16:01:25.523537,627.433068,0.066602,,,,,,keyboard,after digit#4,"{""note"":""after digit#4"",""pd_used"":0}",2,0.016667,60.000000,1
Sergio_G01_CNS-LLF5RV3D8,s01,ses03,20260804_153512,2026-08-04 15:50:58.048707,NaN,9,probe,DIGIT_RECALL_LINE_5,165,2026-08-04 16:01:25.589987,627.499670,1.407489,,5,,,,keyboard,next recall question,"{""value"":5,""note"":""next recall question"",""pd_used"":1}",2,0.016667,60.000000,1
Sergio_G01_CNS-LLF5RV3D8,s01,ses03,20260804_153512,2026-08-04 15:50:58.048707,NaN,9,probe,PROBE_DIGIT_OK_5,71,2026-08-04 16:01:27.461038,628.907159,0.625851,18.914876,slot#5,NaN,,,keyboard,probe_digit#5,"{""value"":""slot#5"",""entered"":null,""rt"":18.91487610002514,""note"":""probe_digit#5""}",2,0.016667,60.000000,1
Sergio_G01_CNS-LLF5RV3D8,s01,ses03,20260804_153512,2026-08-04 15:50:58.048707,NaN,9,probe,DIGIT5_OFF,150,2026-08-04 16:01:27.623454,629.533011,0.000000,,7,,,,keyboard,digit#5 off,"{""value"":7,""note"":""digit#5 off"",""pd_used"":0}",2,0.016667,60.000000,1
Sergio_G01_CNS-LLF5RV3D8,s01,ses03,20260804_153512,2026-08-04 15:50:58.048707,NaN,9,probe,POSTDIG_FIX5_ON,155,2026-08-04 16:01:27.624248,629.533011,3.216707,,,,,,keyboard,after digit#5,"{""note"":""after digit#5""}",2,0.016667,60.000000,1
Sergio_G01_CNS-LLF5RV3D8,s01,ses03,20260804_153512,2026-08-04 15:50:58.048707,NaN,9,probe,POSTDIG_FIX5_OFF,160,2026-08-04 16:01:30.840247,632.749717,0.050179,,,,,,keyboard,after digit#5,"{""note"":""after digit#5"",""pd_used"":0}",2,0.016667,60.000000,1
Sergio_G01_CNS-LLF5RV3D8,s01,ses03,20260804_153512,2026-08-04 15:50:58.048707,NaN,9,probe,PROBE_DONE,73,2026-08-04 16:01:30.848410,632.799897,0.000703,,,,,,keyboard,probe complete,"{""value"":"""",""note"":""probe complete""}",2,0.016667,60.000000,1
Sergio_G01_CNS-LLF5RV3D8,s01,ses03,20260804_153512,2026-08-04 15:50:58.048707,NaN,9,probe,TRIAL_END,21,2026-08-04 16:01:30.848993,632.800599,0.102645,,,,,,keyboard,,{},2,0.016667,60.000000,1
Sergio_G01_CNS-LLF5RV3D8,s01,ses03,20260804_153512,2026-08-04 15:50:58.048707,NaN,10,probe,TRIAL_CHANGE,22,2026-08-04 16:01:30.951902,632.903245,0.000939,,,,,,keyboard,trial transition,"{""note"":""trial transition""}",2,0.016667,60.000000,1
Sergio_G01_CNS-LLF5RV3D8,s01,ses03,20260804_153512,2026-08-04 15:50:58.048707,NaN,10,probe,TRIAL_START,20,2026-08-04 16:01:30.952596,632.904183,0.045478,,,,,,keyboard,,{},2,0.016667,60.000000,1
Sergio_G01_CNS-LLF5RV3D8,s01,ses03,20260804_153512,2026-08-04 15:50:58.048707,NaN,10,fix1,FIX1_ON,30,2026-08-04 16:01:31.047054,632.949662,3.066717,,,,,,keyboard,,"{""pd_used"":0}",2,0.016667,60.000000,1
Sergio_G01_CNS-LLF5RV3D8,s01,ses03,20260804_153512,2026-08-04 15:50:58.048707,NaN,10,fix1,FIX1_OFF,31,2026-08-04 16:01:34.106765,636.016379,0.049995,,,,,,keyboard,,"{""pd_used"":0}",2,0.016667,60.000000,1
Sergio_G01_CNS-LLF5RV3D8,s01,ses03,20260804_153512,2026-08-04 15:50:58.048707,NaN,10,digit,DIGIT1_ON,141,2026-08-04 16:01:34.157858,636.066374,0.550016,,8,,,,keyboard,digit#1 shown,"{""value"":8,""note"":""digit#1 shown"",""pd_used"":1}",2,0.016667,60.000000,1
Sergio_G01_CNS-LLF5RV3D8,s01,ses03,20260804_153512,2026-08-04 15:50:58.048707,NaN,10,digit,DIGIT1_OFF,146,2026-08-04 16:01:34.707125,636.616390,0.000000,,8,,,,keyboard,digit#1 off,"{""value"":8,""note"":""digit#1 off"",""pd_used"":0}",2,0.016667,60.000000,1
Sergio_G01_CNS-LLF5RV3D8,s01,ses03,20260804_153512,2026-08-04 15:50:58.048707,NaN,10,digit,POSTDIG_FIX1_ON,151,2026-08-04 16:01:34.708442,636.616390,1.716712,,,,,,keyboard,after digit#1,"{""note"":""after digit#1""}",2,0.016667,60.000000,1
Sergio_G01_CNS-LLF5RV3D8,s01,ses03,20260804_153512,2026-08-04 15:50:58.048707,NaN,10,digit,POSTDIG_FIX1_OFF,156,2026-08-04 16:01:36.423748,638.333103,0.049946,,,,,,keyboard,after digit#1,"{""note"":""after digit#1"",""pd_used"":0}",2,0.016667,60.000000,1
Sergio_G01_CNS-LLF5RV3D8,s01,ses03,20260804_153512,2026-08-04 15:50:58.048707,NaN,10,digit,DIGIT2_ON,142,2026-08-04 16:01:36.475059,638.383049,0.550006,,9,,,,keyboard,digit#2 shown,"{""value"":9,""note"":""digit#2 shown"",""pd_used"":1}",2,0.016667,60.000000,1
Sergio_G01_CNS-LLF5RV3D8,s01,ses03,20260804_153512,2026-08-04 15:50:58.048707,NaN,10,digit,DIGIT2_OFF,147,2026-08-04 16:01:37.023333,638.933054,0.000000,,9,,,,keyboard,digit#2 off,"{""value"":9,""note"":""digit#2 off"",""pd_used"":0}",2,0.016667,60.000000,1
Sergio_G01_CNS-LLF5RV3D8,s01,ses03,20260804_153512,2026-08-04 15:50:58.048707,NaN,10,digit,POSTDIG_FIX2_ON,152,2026-08-04 16:01:37.024122,638.933054,1.700156,,,,,,keyboard,after digit#2,"{""note"":""after digit#2""}",2,0.016667,60.000000,1
Sergio_G01_CNS-LLF5RV3D8,s01,ses03,20260804_153512,2026-08-04 15:50:58.048707,NaN,10,digit,POSTDIG_FIX2_OFF,157,2026-08-04 16:01:38.723752,640.633211,0.049849,,,,,,keyboard,after digit#2,"{""note"":""after digit#2"",""pd_used"":0}",2,0.016667,60.000000,1
Sergio_G01_CNS-LLF5RV3D8,s01,ses03,20260804_153512,2026-08-04 15:50:58.048707,NaN,10,digit,DIGIT3_ON,143,2026-08-04 16:01:38.775020,640.683060,0.550022,,9,,,,keyboard,digit#3 shown,"{""value"":9,""note"":""digit#3 shown"",""pd_used"":1}",2,0.016667,60.000000,1
Sergio_G01_CNS-LLF5RV3D8,s01,ses03,20260804_153512,2026-08-04 15:50:58.048707,NaN,10,digit,DIGIT3_OFF,148,2026-08-04 16:01:39.323406,641.233082,0.000000,,9,,,,keyboard,digit#3 off,"{""value"":9,""note"":""digit#3 off"",""pd_used"":0}",2,0.016667,60.000000,1
Sergio_G01_CNS-LLF5RV3D8,s01,ses03,20260804_153512,2026-08-04 15:50:58.048707,NaN,10,digit,POSTDIG_FIX3_ON,153,2026-08-04 16:01:39.324168,641.233082,1.566973,,,,,,keyboard,after digit#3,"{""note"":""after digit#3""}",2,0.016667,60.000000,1
Sergio_G01_CNS-LLF5RV3D8,s01,ses03,20260804_153512,2026-08-04 15:50:58.048707,NaN,10,digit,POSTDIG_FIX3_OFF,158,2026-08-04 16:01:40.890534,642.800055,0.049675,,,,,,keyboard,after digit#3,"{""note"":""after digit#3"",""pd_used"":0}",2,0.016667,60.000000,1
Sergio_G01_CNS-LLF5RV3D8,s01,ses03,20260804_153512,2026-08-04 15:50:58.048707,NaN,10,digit,DIGIT4_ON,144,2026-08-04 16:01:40.941971,642.849730,0.550042,,0,,,,keyboard,digit#4 shown,"{""value"":0,""note"":""digit#4 shown"",""pd_used"":1}",2,0.016667,60.000000,1
Sergio_G01_CNS-LLF5RV3D8,s01,ses03,20260804_153512,2026-08-04 15:50:58.048707,NaN,10,digit,DIGIT4_OFF,149,2026-08-04 16:01:41.490204,643.399772,0.000000,,0,,,,keyboard,digit#4 off,"{""value"":0,""note"":""digit#4 off"",""pd_used"":0}",2,0.016667,60.000000,1
Sergio_G01_CNS-LLF5RV3D8,s01,ses03,20260804_153512,2026-08-04 15:50:58.048707,NaN,10,digit,POSTDIG_FIX4_ON,154,2026-08-04 16:01:41.490957,643.399772,1.633332,,,,,,keyboard,after digit#4,"{""note"":""after digit#4""}",2,0.016667,60.000000,1
Sergio_G01_CNS-LLF5RV3D8,s01,ses03,20260804_153512,2026-08-04 15:50:58.048707,NaN,10,digit,POSTDIG_FIX4_OFF,159,2026-08-04 16:01:43.123498,645.033104,0.049973,,,,,,keyboard,after digit#4,"{""note"":""after digit#4"",""pd_used"":0}",2,0.016667,60.000000,1
Sergio_G01_CNS-LLF5RV3D8,s01,ses03,20260804_153512,2026-08-04 15:50:58.048707,NaN,10,digit,DIGIT5_ON,145,2026-08-04 16:01:43.174773,645.083078,0.550045,,6,,,,keyboard,digit#5 shown,"{""value"":6,""note"":""digit#5 shown"",""pd_used"":1}",2,0.016667,60.000000,1
Sergio_G01_CNS-LLF5RV3D8,s01,ses03,20260804_153512,2026-08-04 15:50:58.048707,NaN,10,digit,DIGIT5_OFF,150,2026-08-04 16:01:43.723582,645.633122,0.000000,,6,,,,keyboard,digit#5 off,"{""value"":6,""note"":""digit#5 off"",""pd_used"":0}",2,0.016667,60.000000,1
Sergio_G01_CNS-LLF5RV3D8,s01,ses03,20260804_153512,2026-08-04 15:50:58.048707,NaN,10,digit,POSTDIG_FIX5_ON,155,2026-08-04 16:01:43.724369,645.633122,3.433326,,,,,,keyboard,after digit#5,"{""note"":""after digit#5""}",2,0.016667,60.000000,1
Sergio_G01_CNS-LLF5RV3D8,s01,ses03,20260804_153512,2026-08-04 15:50:58.048707,NaN,10,digit,POSTDIG_FIX5_OFF,160,2026-08-04 16:01:47.156847,649.066448,0.049980,,,,,,keyboard,after digit#5,"{""note"":""after digit#5"",""pd_used"":0}",2,0.016667,60.000000,1
Sergio_G01_CNS-LLF5RV3D8,s01,ses03,20260804_153512,2026-08-04 15:50:58.048707,NaN,10,distractor,DISTRACTOR_ON,50,2026-08-04 16:01:47.208586,649.116428,13.877665,,7+7=14,,,,keyboard,,"{""value"":""7+7=14"",""isCorrectTruth"":true,""trueSum"":14,""pd_used"":1}",2,0.016667,60.000000,1
Sergio_G01_CNS-LLF5RV3D8,s01,ses03,20260804_153512,2026-08-04 15:50:58.048707,NaN,10,distractor,DISTRACTOR_ANS,51,2026-08-04 16:02:01.504185,662.994093,0.000000,13.877665,7+7=14,F,0,,keyboard,key= (False),"{""value"":""7+7=14"",""entered"":""F"",""rt"":13.877664999919944,""correct"":0,""note"":""key= (False)"",""truth"":true,""trueSum"":14,""shownSum"":14,""a"":7,""b"":7}",2,0.016667,60.000000,1
Sergio_G01_CNS-LLF5RV3D8,s01,ses03,20260804_153512,2026-08-04 15:50:58.048707,NaN,10,distractor,ANS_WRONG,200,2026-08-04 16:02:01.547078,662.994093,0.522387,,,,,,keyboard,,{},2,0.016667,60.000000,1
Sergio_G01_CNS-LLF5RV3D8,s01,ses03,20260804_153512,2026-08-04 15:50:58.048707,NaN,10,distractor,DISTRACTOR_OFF,52,2026-08-04 16:02:01.606836,663.516479,0.000000,,,,,,keyboard,,"{""pd_used"":0}",2,0.016667,60.000000,1
Sergio_G01_CNS-LLF5RV3D8,s01,ses03,20260804_153512,2026-08-04 15:50:58.048707,NaN,10,distractor,FIX2_ON,60,2026-08-04 16:02:01.607571,663.516479,3.466702,,,,,,keyboard,immediate after response,"{""note"":""immediate after response""}",2,0.016667,60.000000,1
Sergio_G01_CNS-LLF5RV3D8,s01,ses03,20260804_153512,2026-08-04 15:50:58.048707,NaN,10,fix2,FIX2_OFF,61,2026-08-04 16:02:05.073701,666.983181,0.050054,,,,,,keyboard,,"{""pd_used"":0}",2,0.016667,60.000000,1
Sergio_G01_CNS-LLF5RV3D8,s01,ses03,20260804_153512,2026-08-04 15:50:58.048707,NaN,10,probe,DIGIT_RECALL_LINE_1,161,2026-08-04 16:02:05.124936,667.033236,2.719486,,1,,,,keyboard,first recall question,"{""value"":1,""note"":""first recall question"",""pd_used"":1}",2,0.016667,60.000000,1
Sergio_G01_CNS-LLF5RV3D8,s01,ses03,20260804_153512,2026-08-04 15:50:58.048707,NaN,10,probe,PROBE_DIGIT_OK_1,71,2026-08-04 16:02:08.321918,669.752722,0.630466,2.726669,slot#1,NaN,,,keyboard,probe_digit#1,"{""value"":""slot#1"",""entered"":null,""rt"":2.7266687999945134,""note"":""probe_digit#1""}",2,0.016667,60.000000,1
Sergio_G01_CNS-LLF5RV3D8,s01,ses03,20260804_153512,2026-08-04 15:50:58.048707,NaN,10,probe,DIGIT1_OFF,146,2026-08-04 16:02:08.473659,670.383188,0.000000,,6,,,,keyboard,digit#1 off,"{""value"":6,""note"":""digit#1 off"",""pd_used"":0}",2,0.016667,60.000000,1
Sergio_G01_CNS-LLF5RV3D8,s01,ses03,20260804_153512,2026-08-04 15:50:58.048707,NaN,10,probe,POSTDIG_FIX1_ON,151,2026-08-04 16:02:08.475005,670.383188,1.966655,,,,,,keyboard,after digit#1,"{""note"":""after digit#1""}",2,0.016667,60.000000,1
Sergio_G01_CNS-LLF5RV3D8,s01,ses03,20260804_153512,2026-08-04 15:50:58.048707,NaN,10,probe,POSTDIG_FIX1_OFF,156,2026-08-04 16:02:10.440248,672.349843,0.066687,,,,,,keyboard,after digit#1,"{""note"":""after digit#1"",""pd_used"":0}",2,0.016667,60.000000,1
Sergio_G01_CNS-LLF5RV3D8,s01,ses03,20260804_153512,2026-08-04 15:50:58.048707,NaN,10,probe,DIGIT_RECALL_LINE_2,162,2026-08-04 16:02:10.506641,672.416530,3.507560,,2,,,,keyboard,next recall question,"{""value"":2,""note"":""next recall question"",""pd_used"":1}",2,0.016667,60.000000,1
Sergio_G01_CNS-LLF5RV3D8,s01,ses03,20260804_153512,2026-08-04 15:50:58.048707,NaN,10,probe,PROBE_DIGIT_OK_2,71,2026-08-04 16:02:14.302068,675.924090,0.442473,8.898037,slot#2,NaN,,,keyboard,probe_digit#2,"{""value"":""slot#2"",""entered"":null,""rt"":8.8980370999779552,""note"":""probe_digit#2""}",2,0.016667,60.000000,1
Sergio_G01_CNS-LLF5RV3D8,s01,ses03,20260804_153512,2026-08-04 15:50:58.048707,NaN,10,probe,DIGIT2_OFF,147,2026-08-04 16:02:14.456994,676.366563,0.000000,,6,,,,keyboard,digit#2 off,"{""value"":6,""note"":""digit#2 off"",""pd_used"":0}",2,0.016667,60.000000,1
Sergio_G01_CNS-LLF5RV3D8,s01,ses03,20260804_153512,2026-08-04 15:50:58.048707,NaN,10,probe,POSTDIG_FIX2_ON,152,2026-08-04 16:02:14.457799,676.366563,1.766686,,,,,,keyboard,after digit#2,"{""note"":""after digit#2""}",2,0.016667,60.000000,1
Sergio_G01_CNS-LLF5RV3D8,s01,ses03,20260804_153512,2026-08-04 15:50:58.048707,NaN,10,probe,POSTDIG_FIX2_OFF,157,2026-08-04 16:02:16.223918,678.133249,0.067004,,,,,,keyboard,after digit#2,"{""note"":""after digit#2"",""pd_used"":0}",2,0.016667,60.000000,1
Sergio_G01_CNS-LLF5RV3D8,s01,ses03,20260804_153512,2026-08-04 15:50:58.048707,NaN,10,probe,DIGIT_RECALL_LINE_3,163,2026-08-04 16:02:16.290483,678.200253,2.855866,,3,,,,keyboard,next recall question,"{""value"":3,""note"":""next recall question"",""pd_used"":1}",2,0.016667,60.000000,1
Sergio_G01_CNS-LLF5RV3D8,s01,ses03,20260804_153512,2026-08-04 15:50:58.048707,NaN,10,probe,PROBE_DIGIT_OK_3,71,2026-08-04 16:02:19.711501,681.056119,0.727140,14.030066,slot#3,NaN,,,keyboard,probe_digit#3,"{""value"":""slot#3"",""entered"":null,""rt"":14.030065899947658,""note"":""probe_digit#3""}",2,0.016667,60.000000,1
Sergio_G01_CNS-LLF5RV3D8,s01,ses03,20260804_153512,2026-08-04 15:50:58.048707,NaN,10,probe,DIGIT3_OFF,148,2026-08-04 16:02:19.873574,681.783259,0.000000,,6,,,,keyboard,digit#3 off,"{""value"":6,""note"":""digit#3 off"",""pd_used"":0}",2,0.016667,60.000000,1
Sergio_G01_CNS-LLF5RV3D8,s01,ses03,20260804_153512,2026-08-04 15:50:58.048707,NaN,10,probe,POSTDIG_FIX3_ON,153,2026-08-04 16:02:19.874346,681.783259,1.650001,,,,,,keyboard,after digit#3,"{""note"":""after digit#3""}",2,0.016667,60.000000,1
Sergio_G01_CNS-LLF5RV3D8,s01,ses03,20260804_153512,2026-08-04 15:50:58.048707,NaN,10,probe,POSTDIG_FIX3_OFF,158,2026-08-04 16:02:21.523712,683.433260,0.067037,,,,,,keyboard,after digit#3,"{""note"":""after digit#3"",""pd_used"":0}",2,0.016667,60.000000,1
Sergio_G01_CNS-LLF5RV3D8,s01,ses03,20260804_153512,2026-08-04 15:50:58.048707,NaN,10,probe,DIGIT_RECALL_LINE_4,164,2026-08-04 16:02:21.590612,683.500296,2.055398,,4,,,,keyboard,next recall question,"{""value"":4,""note"":""next recall question"",""pd_used"":1}",2,0.016667,60.000000,1
Sergio_G01_CNS-LLF5RV3D8,s01,ses03,20260804_153512,2026-08-04 15:50:58.048707,NaN,10,probe,PROBE_DIGIT_OK_4,71,2026-08-04 16:02:24.128274,685.555694,0.644268,18.529641,slot#4,NaN,,,keyboard,probe_digit#4,"{""value"":""slot#4"",""entered"":null,""rt"":18.529641399974935,""note"":""probe_digit#4""}",2,0.016667,60.000000,1
Sergio_G01_CNS-LLF5RV3D8,s01,ses03,20260804_153512,2026-08-04 15:50:58.048707,NaN,10,probe,DIGIT4_OFF,149,2026-08-04 16:02:24.290325,686.199962,0.000000,,6,,,,keyboard,digit#4 off,"{""value"":6,""note"":""digit#4 off"",""pd_used"":0}",2,0.016667,60.000000,1
Sergio_G01_CNS-LLF5RV3D8,s01,ses03,20260804_153512,2026-08-04 15:50:58.048707,NaN,10,probe,POSTDIG_FIX4_ON,154,2026-08-04 16:02:24.291093,686.199962,1.883321,,,,,,keyboard,after digit#4,"{""note"":""after digit#4""}",2,0.016667,60.000000,1
Sergio_G01_CNS-LLF5RV3D8,s01,ses03,20260804_153512,2026-08-04 15:50:58.048707,NaN,10,probe,POSTDIG_FIX4_OFF,159,2026-08-04 16:02:26.173760,688.083283,0.066687,,,,,,keyboard,after digit#4,"{""note"":""after digit#4"",""pd_used"":0}",2,0.016667,60.000000,1
Sergio_G01_CNS-LLF5RV3D8,s01,ses03,20260804_153512,2026-08-04 15:50:58.048707,NaN,10,probe,DIGIT_RECALL_LINE_5,165,2026-08-04 16:02:26.240134,688.149969,2.509839,,5,,,,keyboard,next recall question,"{""value"":5,""note"":""next recall question"",""pd_used"":1}",2,0.016667,60.000000,1
Sergio_G01_CNS-LLF5RV3D8,s01,ses03,20260804_153512,2026-08-04 15:50:58.048707,NaN,10,probe,PROBE_DIGIT_OK_5,71,2026-08-04 16:02:29.143146,690.659809,0.556826,23.633756,slot#5,NaN,,,keyboard,probe_digit#5,"{""value"":""slot#5"",""entered"":null,""rt"":23.633755799965,""note"":""probe_digit#5""}",2,0.016667,60.000000,1
Sergio_G01_CNS-LLF5RV3D8,s01,ses03,20260804_153512,2026-08-04 15:50:58.048707,NaN,10,probe,DIGIT5_OFF,150,2026-08-04 16:02:29.307017,691.216634,0.000000,,6,,,,keyboard,digit#5 off,"{""value"":6,""note"":""digit#5 off"",""pd_used"":0}",2,0.016667,60.000000,1
Sergio_G01_CNS-LLF5RV3D8,s01,ses03,20260804_153512,2026-08-04 15:50:58.048707,NaN,10,probe,POSTDIG_FIX5_ON,155,2026-08-04 16:02:29.307802,691.216634,3.483297,,,,,,keyboard,after digit#5,"{""note"":""after digit#5""}",2,0.016667,60.000000,1
Sergio_G01_CNS-LLF5RV3D8,s01,ses03,20260804_153512,2026-08-04 15:50:58.048707,NaN,10,probe,POSTDIG_FIX5_OFF,160,2026-08-04 16:02:32.790442,694.699931,0.050096,,,,,,keyboard,after digit#5,"{""note"":""after digit#5"",""pd_used"":0}",2,0.016667,60.000000,1
Sergio_G01_CNS-LLF5RV3D8,s01,ses03,20260804_153512,2026-08-04 15:50:58.048707,NaN,10,probe,PROBE_DONE,73,2026-08-04 16:02:32.798557,694.750027,0.000737,,,,,,keyboard,probe complete,"{""value"":"""",""note"":""probe complete""}",2,0.016667,60.000000,1
Sergio_G01_CNS-LLF5RV3D8,s01,ses03,20260804_153512,2026-08-04 15:50:58.048707,NaN,10,probe,TRIAL_END,21,2026-08-04 16:02:32.799162,694.750764,0.109035,,,,,,keyboard,,{},2,0.016667,60.000000,1
Sergio_G01_CNS-LLF5RV3D8,s01,ses03,20260804_153512,2026-08-04 15:50:58.048707,NaN,10,probe,BLOCK_END,11,2026-08-04 16:02:32.908627,694.859799,0.254333,,,,,,keyboard,,{},2,0.016667,60.000000,1
Sergio_G01_CNS-LLF5RV3D8,s01,ses03,20260804_153512,2026-08-04 15:50:58.048707,NaN,10,probe,SESSION_END,3,2026-08-04 16:02:33.162989,695.114132,NaN,,,,,,keyboard,,{},2,0.016667,60.000000,1
