file_version,subject,condition,session,task_start_time,block,trial,phase,event_name,event_code,wall_clock,t_rel_sec,duration_to_next,rt,value_shown,entered_value,correct,key_name,device,note,json,screen_index,ifi,refresh_hz,pd_used
"Sergio_G01_CNS-LLF5RV3D8","cpeeg02","ses02","20260511_130526","2026-05-11 13:05:45.839515","NaN","NaN","","MIC_NOISEFLOOR","6","2026-05-11 13:05:50.751571","4.911535","4.121786","","","","","","keyboard","","{}","2","NaN","NaN","1"
"Sergio_G01_CNS-LLF5RV3D8","cpeeg02","ses02","20260511_130526","2026-05-11 13:05:45.839515","NaN","NaN","","MIC_REC_SPEECH","7","2026-05-11 13:05:54.873118","9.033321","6.639570","","","","","","keyboard","","{}","2","NaN","NaN","1"
"Sergio_G01_CNS-LLF5RV3D8","cpeeg02","ses02","20260511_130526","2026-05-11 13:05:45.839515","NaN","NaN","","SESSION_START","1","2026-05-11 13:07:07.797028","81.957061","0.001283","","","","","","keyboard","","{}","2","0.016667","60.000000","1"
"Sergio_G01_CNS-LLF5RV3D8","cpeeg02","ses02","20260511_130526","2026-05-11 13:05:45.839515","NaN","NaN","","BLOCK_START","10","2026-05-11 13:07:07.797890","81.958344","0.112763","","","","","","keyboard","","{}","2","0.016667","60.000000","1"
"Sergio_G01_CNS-LLF5RV3D8","cpeeg02","ses02","20260511_130526","2026-05-11 13:05:45.839515","NaN","0","reading","START_PAGE_ON","4","2026-05-11 13:07:07.952740","82.071107","0.045948","","","","","","keyboard","","{""pd_used"":0}","2","0.016667","60.000000","1"
"Sergio_G01_CNS-LLF5RV3D8","cpeeg02","ses02","20260511_130526","2026-05-11 13:05:45.839515","NaN","0","reading","START_PAGE_ON","4","2026-05-11 13:07:07.952740","82.071107","4.515488","","","","","","keyboard","","{""pd_used"":0}","2","0.016667","60.000000","1"
"Sergio_G01_CNS-LLF5RV3D8","cpeeg02","ses02","20260511_130526","2026-05-11 13:05:45.839515","NaN","0","reading","START_PAGE_ON","4","2026-05-11 13:07:07.952740","82.071107","4.933776","","","","","","keyboard","","{""pd_used"":0}","2","0.016667","60.000000","1"
"Sergio_G01_CNS-LLF5RV3D8","cpeeg02","ses02","20260511_130526","2026-05-11 13:05:45.839515","NaN","0","reading","READING_START","23","2026-05-11 13:07:12.844700","87.004882","0.117683","","","","","","keyboard","","{}","2","0.016667","60.000000","1"
"Sergio_G01_CNS-LLF5RV3D8","cpeeg02","ses02","20260511_130526","2026-05-11 13:05:45.839515","NaN","0","reading","DIGIT_READ1_ON","101","2026-05-11 13:07:13.003787","87.122565","4.228902","","9","","","","keyboard","digit#1 shown","{""value"":9,""note"":""digit#1 shown"",""pd_used"":1}","2","0.016667","60.000000","1"
"Sergio_G01_CNS-LLF5RV3D8","cpeeg02","ses02","20260511_130526","2026-05-11 13:05:45.839515","NaN","0","reading","PROBE_COUNT_OK_1","71","2026-05-11 13:07:17.658112","91.351468","0.510997","9.283849","slot#1","9","1","","keyboard","probe_digit#1","{""value"":""slot#1"",""entered"":9,""rt"":9.283849100000225,""note"":""probe_digit#1""}","2","0.016667","60.000000","1"
"Sergio_G01_CNS-LLF5RV3D8","cpeeg02","ses02","20260511_130526","2026-05-11 13:05:45.839515","NaN","0","reading","DIGIT_READ1_OFF","116","2026-05-11 13:07:17.751766","91.862465","0.000000","","9","","","","keyboard","digit#1 off","{""value"":9,""note"":""digit#1 off"",""pd_used"":0}","2","0.016667","60.000000","1"
"Sergio_G01_CNS-LLF5RV3D8","cpeeg02","ses02","20260511_130526","2026-05-11 13:05:45.839515","NaN","0","reading","POSTREAD_FIX1_ON","201","2026-05-11 13:07:17.752755","91.862465","1.971106","","","","","","keyboard","after digit#1","{""note"":""after digit#1""}","2","0.016667","60.000000","1"
"Sergio_G01_CNS-LLF5RV3D8","cpeeg02","ses02","20260511_130526","2026-05-11 13:05:45.839515","NaN","0","reading","POSTREAD_FIX1_OFF","216","2026-05-11 13:07:19.714949","93.833571","0.046150","","","","","","keyboard","after digit#1","{""note"":""after digit#1"",""pd_used"":0}","2","0.016667","60.000000","1"
"Sergio_G01_CNS-LLF5RV3D8","cpeeg02","ses02","20260511_130526","2026-05-11 13:05:45.839515","NaN","0","reading","DIGIT_READ2_ON","102","2026-05-11 13:07:19.766368","93.879721","0.849305","","2","","","","keyboard","digit#2 shown","{""value"":2,""note"":""digit#2 shown"",""pd_used"":1}","2","0.016667","60.000000","1"
"Sergio_G01_CNS-LLF5RV3D8","cpeeg02","ses02","20260511_130526","2026-05-11 13:05:45.839515","NaN","0","reading","PROBE_COUNT_OK_2","71","2026-05-11 13:07:21.182635","94.729027","0.657126","12.661408","slot#2","2","1","","keyboard","probe_digit#2","{""value"":""slot#2"",""entered"":2,""rt"":12.661407800005691,""note"":""probe_digit#2""}","2","0.016667","60.000000","1"
"Sergio_G01_CNS-LLF5RV3D8","cpeeg02","ses02","20260511_130526","2026-05-11 13:05:45.839515","NaN","0","reading","DIGIT_READ2_OFF","117","2026-05-11 13:07:21.276181","95.386152","0.000000","","2","","","","keyboard","digit#2 off","{""value"":2,""note"":""digit#2 off"",""pd_used"":0}","2","0.016667","60.000000","1"
"Sergio_G01_CNS-LLF5RV3D8","cpeeg02","ses02","20260511_130526","2026-05-11 13:05:45.839515","NaN","0","reading","POSTREAD_FIX2_ON","202","2026-05-11 13:07:21.276983","95.386152","1.938642","","","","","","keyboard","after digit#2","{""note"":""after digit#2""}","2","0.016667","60.000000","1"
"Sergio_G01_CNS-LLF5RV3D8","cpeeg02","ses02","20260511_130526","2026-05-11 13:05:45.839515","NaN","0","reading","POSTREAD_FIX2_OFF","217","2026-05-11 13:07:23.206214","97.324794","0.046356","","","","","","keyboard","after digit#2","{""note"":""after digit#2"",""pd_used"":0}","2","0.016667","60.000000","1"
"Sergio_G01_CNS-LLF5RV3D8","cpeeg02","ses02","20260511_130526","2026-05-11 13:05:45.839515","NaN","0","reading","DIGIT_READ3_ON","103","2026-05-11 13:07:23.257410","97.371150","0.939202","","8","","","","keyboard","digit#3 shown","{""value"":8,""note"":""digit#3 shown"",""pd_used"":1}","2","0.016667","60.000000","1"
"Sergio_G01_CNS-LLF5RV3D8","cpeeg02","ses02","20260511_130526","2026-05-11 13:05:45.839515","NaN","0","reading","PROBE_COUNT_OK_3","71","2026-05-11 13:07:24.761129","98.310353","0.654241","16.242734","slot#3","8","1","","keyboard","probe_digit#3","{""value"":""slot#3"",""entered"":8,""rt"":16.242734000006749,""note"":""probe_digit#3""}","2","0.016667","60.000000","1"
"Sergio_G01_CNS-LLF5RV3D8","cpeeg02","ses02","20260511_130526","2026-05-11 13:05:45.839515","NaN","0","reading","DIGIT_READ3_OFF","118","2026-05-11 13:07:24.854777","98.964594","0.000000","","8","","","","keyboard","digit#3 off","{""value"":8,""note"":""digit#3 off"",""pd_used"":0}","2","0.016667","60.000000","1"
"Sergio_G01_CNS-LLF5RV3D8","cpeeg02","ses02","20260511_130526","2026-05-11 13:05:45.839515","NaN","0","reading","POSTREAD_FIX3_ON","203","2026-05-11 13:07:24.855519","98.964594","1.916849","","","","","","keyboard","after digit#3","{""note"":""after digit#3""}","2","0.016667","60.000000","1"
"Sergio_G01_CNS-LLF5RV3D8","cpeeg02","ses02","20260511_130526","2026-05-11 13:05:45.839515","NaN","0","reading","POSTREAD_FIX3_OFF","218","2026-05-11 13:07:26.762748","100.881443","0.045742","","","","","","keyboard","after digit#3","{""note"":""after digit#3"",""pd_used"":0}","2","0.016667","60.000000","1"
"Sergio_G01_CNS-LLF5RV3D8","cpeeg02","ses02","20260511_130526","2026-05-11 13:05:45.839515","NaN","0","reading","DIGIT_READ4_ON","104","2026-05-11 13:07:26.814240","100.927185","1.620670","","5","","","","keyboard","digit#4 shown","{""value"":5,""note"":""digit#4 shown"",""pd_used"":1}","2","0.016667","60.000000","1"
"Sergio_G01_CNS-LLF5RV3D8","cpeeg02","ses02","20260511_130526","2026-05-11 13:05:45.839515","NaN","0","reading","PROBE_COUNT_OK_4","71","2026-05-11 13:07:28.842660","102.547855","0.498585","20.480236","slot#4","5","1","","keyboard","probe_digit#4","{""value"":""slot#4"",""entered"":5,""rt"":20.480235700000776,""note"":""probe_digit#4""}","2","0.016667","60.000000","1"
"Sergio_G01_CNS-LLF5RV3D8","cpeeg02","ses02","20260511_130526","2026-05-11 13:05:45.839515","NaN","0","reading","DIGIT_READ4_OFF","119","2026-05-11 13:07:28.936134","103.046440","0.000000","","5","","","","keyboard","digit#4 off","{""value"":5,""note"":""digit#4 off"",""pd_used"":0}","2","0.016667","60.000000","1"
"Sergio_G01_CNS-LLF5RV3D8","cpeeg02","ses02","20260511_130526","2026-05-11 13:05:45.839515","NaN","0","reading","POSTREAD_FIX4_ON","204","2026-05-11 13:07:28.936887","103.046440","1.970226","","","","","","keyboard","after digit#4","{""note"":""after digit#4""}","2","0.016667","60.000000","1"
"Sergio_G01_CNS-LLF5RV3D8","cpeeg02","ses02","20260511_130526","2026-05-11 13:05:45.839515","NaN","0","reading","POSTREAD_FIX4_OFF","219","2026-05-11 13:07:30.898072","105.016666","0.045945","","","","","","keyboard","after digit#4","{""note"":""after digit#4"",""pd_used"":0}","2","0.016667","60.000000","1"
"Sergio_G01_CNS-LLF5RV3D8","cpeeg02","ses02","20260511_130526","2026-05-11 13:05:45.839515","NaN","0","reading","DIGIT_READ5_ON","105","2026-05-11 13:07:30.949432","105.062611","1.696159","","1","","","","keyboard","digit#5 shown","{""value"":1,""note"":""digit#5 shown"",""pd_used"":1}","2","0.016667","60.000000","1"
"Sergio_G01_CNS-LLF5RV3D8","cpeeg02","ses02","20260511_130526","2026-05-11 13:05:45.839515","NaN","0","reading","PROBE_COUNT_OK_5","71","2026-05-11 13:07:33.141082","106.758770","0.585816","24.691152","slot#5","1","1","","keyboard","probe_digit#5","{""value"":""slot#5"",""entered"":1,""rt"":24.691151500002888,""note"":""probe_digit#5""}","2","0.016667","60.000000","1"
"Sergio_G01_CNS-LLF5RV3D8","cpeeg02","ses02","20260511_130526","2026-05-11 13:05:45.839515","NaN","0","reading","DIGIT_READ5_OFF","120","2026-05-11 13:07:33.234535","107.344587","0.000000","","1","","","","keyboard","digit#5 off","{""value"":1,""note"":""digit#5 off"",""pd_used"":0}","2","0.016667","60.000000","1"
"Sergio_G01_CNS-LLF5RV3D8","cpeeg02","ses02","20260511_130526","2026-05-11 13:05:45.839515","NaN","0","reading","POSTREAD_FIX5_ON","205","2026-05-11 13:07:33.235293","107.344587","1.574408","","","","","","keyboard","after digit#5","{""note"":""after digit#5""}","2","0.016667","60.000000","1"
"Sergio_G01_CNS-LLF5RV3D8","cpeeg02","ses02","20260511_130526","2026-05-11 13:05:45.839515","NaN","0","reading","POSTREAD_FIX5_OFF","220","2026-05-11 13:07:34.800326","108.918994","0.045964","","","","","","keyboard","after digit#5","{""note"":""after digit#5"",""pd_used"":0}","2","0.016667","60.000000","1"
"Sergio_G01_CNS-LLF5RV3D8","cpeeg02","ses02","20260511_130526","2026-05-11 13:05:45.839515","NaN","0","reading","DIGIT_READ6_ON","106","2026-05-11 13:07:34.851693","108.964959","1.298358","","8","","","","keyboard","digit#6 shown","{""value"":8,""note"":""digit#6 shown"",""pd_used"":1}","2","0.016667","60.000000","1"
"Sergio_G01_CNS-LLF5RV3D8","cpeeg02","ses02","20260511_130526","2026-05-11 13:05:45.839515","NaN","0","reading","PROBE_COUNT_OK_6","71","2026-05-11 13:07:36.602854","110.263317","0.543167","28.195698","slot#6","8","1","","keyboard","probe_digit#6","{""value"":""slot#6"",""entered"":8,""rt"":28.195698000003176,""note"":""probe_digit#6""}","2","0.016667","60.000000","1"
"Sergio_G01_CNS-LLF5RV3D8","cpeeg02","ses02","20260511_130526","2026-05-11 13:05:45.839515","NaN","0","reading","DIGIT_READ6_OFF","121","2026-05-11 13:07:36.696467","110.806483","0.000000","","8","","","","keyboard","digit#6 off","{""value"":8,""note"":""digit#6 off"",""pd_used"":0}","2","0.016667","60.000000","1"
"Sergio_G01_CNS-LLF5RV3D8","cpeeg02","ses02","20260511_130526","2026-05-11 13:05:45.839515","NaN","0","reading","POSTREAD_FIX6_ON","206","2026-05-11 13:07:36.697229","110.806483","1.604512","","","","","","keyboard","after digit#6","{""note"":""after digit#6""}","2","0.016667","60.000000","1"
"Sergio_G01_CNS-LLF5RV3D8","cpeeg02","ses02","20260511_130526","2026-05-11 13:05:45.839515","NaN","0","reading","POSTREAD_FIX6_OFF","221","2026-05-11 13:07:38.292842","112.410995","0.046493","","","","","","keyboard","after digit#6","{""note"":""after digit#6"",""pd_used"":0}","2","0.016667","60.000000","1"
"Sergio_G01_CNS-LLF5RV3D8","cpeeg02","ses02","20260511_130526","2026-05-11 13:05:45.839515","NaN","0","reading","DIGIT_READ7_ON","107","2026-05-11 13:07:38.343707","112.457489","1.721976","","5","","","","keyboard","digit#7 shown","{""value"":5,""note"":""digit#7 shown"",""pd_used"":1}","2","0.016667","60.000000","1"
"Sergio_G01_CNS-LLF5RV3D8","cpeeg02","ses02","20260511_130526","2026-05-11 13:05:45.839515","NaN","0","reading","PROBE_COUNT_OK_7","71","2026-05-11 13:07:40.601623","114.179465","0.626000","32.111846","slot#7","5","1","","keyboard","probe_digit#7","{""value"":""slot#7"",""entered"":5,""rt"":32.111846100000548,""note"":""probe_digit#7""}","2","0.016667","60.000000","1"
"Sergio_G01_CNS-LLF5RV3D8","cpeeg02","ses02","20260511_130526","2026-05-11 13:05:45.839515","NaN","0","reading","DIGIT_READ7_OFF","122","2026-05-11 13:07:40.695340","114.805465","0.000000","","5","","","","keyboard","digit#7 off","{""value"":5,""note"":""digit#7 off"",""pd_used"":0}","2","0.016667","60.000000","1"
"Sergio_G01_CNS-LLF5RV3D8","cpeeg02","ses02","20260511_130526","2026-05-11 13:05:45.839515","NaN","0","reading","POSTREAD_FIX7_ON","207","2026-05-11 13:07:40.696148","114.805465","1.968944","","","","","","keyboard","after digit#7","{""note"":""after digit#7""}","2","0.016667","60.000000","1"
"Sergio_G01_CNS-LLF5RV3D8","cpeeg02","ses02","20260511_130526","2026-05-11 13:05:45.839515","NaN","0","reading","POSTREAD_FIX7_OFF","222","2026-05-11 13:07:42.655803","116.774409","0.045940","","","","","","keyboard","after digit#7","{""note"":""after digit#7"",""pd_used"":0}","2","0.016667","60.000000","1"
"Sergio_G01_CNS-LLF5RV3D8","cpeeg02","ses02","20260511_130526","2026-05-11 13:05:45.839515","NaN","0","reading","DIGIT_READ8_ON","108","2026-05-11 13:07:42.707384","116.820348","3.887647","","0","","","","keyboard","digit#8 shown","{""value"":0,""note"":""digit#8 shown"",""pd_used"":1}","2","0.016667","60.000000","1"
"Sergio_G01_CNS-LLF5RV3D8","cpeeg02","ses02","20260511_130526","2026-05-11 13:05:45.839515","NaN","0","reading","PROBE_COUNT_OK_8","71","2026-05-11 13:07:47.141906","120.707995","0.637770","38.640377","slot#8","0","1","","keyboard","probe_digit#8","{""value"":""slot#8"",""entered"":0,""rt"":38.640376500006823,""note"":""probe_digit#8""}","2","0.016667","60.000000","1"
"Sergio_G01_CNS-LLF5RV3D8","cpeeg02","ses02","20260511_130526","2026-05-11 13:05:45.839515","NaN","0","reading","DIGIT_READ8_OFF","123","2026-05-11 13:07:47.235395","121.345765","0.000000","","0","","","","keyboard","digit#8 off","{""value"":0,""note"":""digit#8 off"",""pd_used"":0}","2","0.016667","60.000000","1"
"Sergio_G01_CNS-LLF5RV3D8","cpeeg02","ses02","20260511_130526","2026-05-11 13:05:45.839515","NaN","0","reading","POSTREAD_FIX8_ON","208","2026-05-11 13:07:47.236123","121.345765","1.921167","","","","","","keyboard","after digit#8","{""note"":""after digit#8""}","2","0.016667","60.000000","1"
"Sergio_G01_CNS-LLF5RV3D8","cpeeg02","ses02","20260511_130526","2026-05-11 13:05:45.839515","NaN","0","reading","POSTREAD_FIX8_OFF","223","2026-05-11 13:07:49.148168","123.266932","0.045767","","","","","","keyboard","after digit#8","{""note"":""after digit#8"",""pd_used"":0}","2","0.016667","60.000000","1"
"Sergio_G01_CNS-LLF5RV3D8","cpeeg02","ses02","20260511_130526","2026-05-11 13:05:45.839515","NaN","0","reading","DIGIT_READ9_ON","109","2026-05-11 13:07:49.199641","123.312698","1.522736","","0","","","","keyboard","digit#9 shown","{""value"":0,""note"":""digit#9 shown"",""pd_used"":1}","2","0.016667","60.000000","1"
"Sergio_G01_CNS-LLF5RV3D8","cpeeg02","ses02","20260511_130526","2026-05-11 13:05:45.839515","NaN","0","reading","PROBE_COUNT_OK_9","71","2026-05-11 13:07:51.260446","124.835434","0.628388","42.767815","slot#9","0","1","","keyboard","probe_digit#9","{""value"":""slot#9"",""entered"":0,""rt"":42.767815200000769,""note"":""probe_digit#9""}","2","0.016667","60.000000","1"
"Sergio_G01_CNS-LLF5RV3D8","cpeeg02","ses02","20260511_130526","2026-05-11 13:05:45.839515","NaN","0","reading","DIGIT_READ9_OFF","124","2026-05-11 13:07:51.354071","125.463822","0.000000","","0","","","","keyboard","digit#9 off","{""value"":0,""note"":""digit#9 off"",""pd_used"":0}","2","0.016667","60.000000","1"
"Sergio_G01_CNS-LLF5RV3D8","cpeeg02","ses02","20260511_130526","2026-05-11 13:05:45.839515","NaN","0","reading","POSTREAD_FIX9_ON","209","2026-05-11 13:07:51.354875","125.463822","1.708564","","","","","","keyboard","after digit#9","{""note"":""after digit#9""}","2","0.016667","60.000000","1"
"Sergio_G01_CNS-LLF5RV3D8","cpeeg02","ses02","20260511_130526","2026-05-11 13:05:45.839515","NaN","0","reading","POSTREAD_FIX9_OFF","224","2026-05-11 13:07:53.053625","127.172386","0.045978","","","","","","keyboard","after digit#9","{""note"":""after digit#9"",""pd_used"":0}","2","0.016667","60.000000","1"
"Sergio_G01_CNS-LLF5RV3D8","cpeeg02","ses02","20260511_130526","2026-05-11 13:05:45.839515","NaN","0","reading","DIGIT_READ10_ON","110","2026-05-11 13:07:53.104901","127.218364","1.558199","","3","","","","keyboard","digit#10 shown","{""value"":3,""note"":""digit#10 shown"",""pd_used"":1}","2","0.016667","60.000000","1"
"Sergio_G01_CNS-LLF5RV3D8","cpeeg02","ses02","20260511_130526","2026-05-11 13:05:45.839515","NaN","0","reading","PROBE_COUNT_OK_10","71","2026-05-11 13:07:55.323982","128.776563","0.751232","46.708944","slot#10","3","1","","keyboard","probe_digit#10","{""value"":""slot#10"",""entered"":3,""rt"":46.708944199999678,""note"":""probe_digit#10""}","2","0.016667","60.000000","1"
"Sergio_G01_CNS-LLF5RV3D8","cpeeg02","ses02","20260511_130526","2026-05-11 13:05:45.839515","NaN","0","reading","DIGIT_READ10_OFF","125","2026-05-11 13:07:55.417318","129.527795","0.000000","","3","","","","keyboard","digit#10 off","{""value"":3,""note"":""digit#10 off"",""pd_used"":0}","2","0.016667","60.000000","1"
"Sergio_G01_CNS-LLF5RV3D8","cpeeg02","ses02","20260511_130526","2026-05-11 13:05:45.839515","NaN","0","reading","POSTREAD_FIX10_ON","210","2026-05-11 13:07:55.418059","129.527795","1.919738","","","","","","keyboard","after digit#10","{""note"":""after digit#10""}","2","0.016667","60.000000","1"
"Sergio_G01_CNS-LLF5RV3D8","cpeeg02","ses02","20260511_130526","2026-05-11 13:05:45.839515","NaN","0","reading","POSTREAD_FIX10_OFF","225","2026-05-11 13:07:57.328806","131.447533","0.045827","","","","","","keyboard","after digit#10","{""note"":""after digit#10"",""pd_used"":0}","2","0.016667","60.000000","1"
"Sergio_G01_CNS-LLF5RV3D8","cpeeg02","ses02","20260511_130526","2026-05-11 13:05:45.839515","NaN","0","reading","DIGIT_READ11_ON","111","2026-05-11 13:07:57.380296","131.493360","1.279768","","7","","","","keyboard","digit#11 shown","{""value"":7,""note"":""digit#11 shown"",""pd_used"":1}","2","0.016667","60.000000","1"
"Sergio_G01_CNS-LLF5RV3D8","cpeeg02","ses02","20260511_130526","2026-05-11 13:05:45.839515","NaN","0","reading","PROBE_COUNT_OK_11","71","2026-05-11 13:07:59.253074","132.773128","0.683399","50.705510","slot#11","7","1","","keyboard","probe_digit#11","{""value"":""slot#11"",""entered"":7,""rt"":50.705509500003245,""note"":""probe_digit#11""}","2","0.016667","60.000000","1"
"Sergio_G01_CNS-LLF5RV3D8","cpeeg02","ses02","20260511_130526","2026-05-11 13:05:45.839515","NaN","0","reading","DIGIT_READ11_OFF","126","2026-05-11 13:07:59.346700","133.456527","0.000000","","7","","","","keyboard","digit#11 off","{""value"":7,""note"":""digit#11 off"",""pd_used"":0}","2","0.016667","60.000000","1"
"Sergio_G01_CNS-LLF5RV3D8","cpeeg02","ses02","20260511_130526","2026-05-11 13:05:45.839515","NaN","0","reading","POSTREAD_FIX11_ON","211","2026-05-11 13:07:59.347475","133.456527","1.922141","","","","","","keyboard","after digit#11","{""note"":""after digit#11""}","2","0.016667","60.000000","1"
"Sergio_G01_CNS-LLF5RV3D8","cpeeg02","ses02","20260511_130526","2026-05-11 13:05:45.839515","NaN","0","reading","POSTREAD_FIX11_OFF","226","2026-05-11 13:08:01.259905","135.378668","0.045827","","","","","","keyboard","after digit#11","{""note"":""after digit#11"",""pd_used"":0}","2","0.016667","60.000000","1"
"Sergio_G01_CNS-LLF5RV3D8","cpeeg02","ses02","20260511_130526","2026-05-11 13:05:45.839515","NaN","0","reading","DIGIT_READ12_ON","112","2026-05-11 13:08:01.311354","135.424495","0.774635","","9","","","","keyboard","digit#12 shown","{""value"":9,""note"":""digit#12 shown"",""pd_used"":1}","2","0.016667","60.000000","1"
"Sergio_G01_CNS-LLF5RV3D8","cpeeg02","ses02","20260511_130526","2026-05-11 13:05:45.839515","NaN","0","reading","PROBE_COUNT_OK_12","71","2026-05-11 13:08:02.712076","136.199130","0.716668","54.131511","slot#12","9","1","","keyboard","probe_digit#12","{""value"":""slot#12"",""entered"":9,""rt"":54.131511100000353,""note"":""probe_digit#12""}","2","0.016667","60.000000","1"
"Sergio_G01_CNS-LLF5RV3D8","cpeeg02","ses02","20260511_130526","2026-05-11 13:05:45.839515","NaN","0","reading","DIGIT_READ12_OFF","127","2026-05-11 13:08:02.805598","136.915798","0.000000","","9","","","","keyboard","digit#12 off","{""value"":9,""note"":""digit#12 off"",""pd_used"":0}","2","0.016667","60.000000","1"
"Sergio_G01_CNS-LLF5RV3D8","cpeeg02","ses02","20260511_130526","2026-05-11 13:05:45.839515","NaN","0","reading","POSTREAD_FIX12_ON","212","2026-05-11 13:08:02.806347","136.915798","1.708904","","","","","","keyboard","after digit#12","{""note"":""after digit#12""}","2","0.016667","60.000000","1"
"Sergio_G01_CNS-LLF5RV3D8","cpeeg02","ses02","20260511_130526","2026-05-11 13:05:45.839515","NaN","0","reading","POSTREAD_FIX12_OFF","227","2026-05-11 13:08:04.506038","138.624702","0.045809","","","","","","keyboard","after digit#12","{""note"":""after digit#12"",""pd_used"":0}","2","0.016667","60.000000","1"
"Sergio_G01_CNS-LLF5RV3D8","cpeeg02","ses02","20260511_130526","2026-05-11 13:05:45.839515","NaN","0","reading","DIGIT_READ13_ON","113","2026-05-11 13:08:04.557526","138.670511","1.180806","","0","","","","keyboard","digit#13 shown","{""value"":0,""note"":""digit#13 shown"",""pd_used"":1}","2","0.016667","60.000000","1"
"Sergio_G01_CNS-LLF5RV3D8","cpeeg02","ses02","20260511_130526","2026-05-11 13:05:45.839515","NaN","0","reading","PROBE_COUNT_OK_13","71","2026-05-11 13:08:06.261516","139.851317","0.614016","57.783698","slot#13","0","1","","keyboard","probe_digit#13","{""value"":""slot#13"",""entered"":0,""rt"":57.783698300001561,""note"":""probe_digit#13""}","2","0.016667","60.000000","1"
"Sergio_G01_CNS-LLF5RV3D8","cpeeg02","ses02","20260511_130526","2026-05-11 13:05:45.839515","NaN","0","reading","DIGIT_READ13_OFF","128","2026-05-11 13:08:06.355104","140.465334","0.000000","","0","","","","keyboard","digit#13 off","{""value"":0,""note"":""digit#13 off"",""pd_used"":0}","2","0.016667","60.000000","1"
"Sergio_G01_CNS-LLF5RV3D8","cpeeg02","ses02","20260511_130526","2026-05-11 13:05:45.839515","NaN","0","reading","POSTREAD_FIX13_ON","213","2026-05-11 13:08:06.355847","140.465334","1.700833","","","","","","keyboard","after digit#13","{""note"":""after digit#13""}","2","0.016667","60.000000","1"
"Sergio_G01_CNS-LLF5RV3D8","cpeeg02","ses02","20260511_130526","2026-05-11 13:05:45.839515","NaN","0","reading","POSTREAD_FIX13_OFF","228","2026-05-11 13:08:08.047748","142.166167","0.046471","","","","","","keyboard","after digit#13","{""note"":""after digit#13"",""pd_used"":0}","2","0.016667","60.000000","1"
"Sergio_G01_CNS-LLF5RV3D8","cpeeg02","ses02","20260511_130526","2026-05-11 13:05:45.839515","NaN","0","reading","DIGIT_READ14_ON","114","2026-05-11 13:08:08.098818","142.212638","0.594121","","0","","","","keyboard","digit#14 shown","{""value"":0,""note"":""digit#14 shown"",""pd_used"":1}","2","0.016667","60.000000","1"
"Sergio_G01_CNS-LLF5RV3D8","cpeeg02","ses02","20260511_130526","2026-05-11 13:05:45.839515","NaN","0","reading","PROBE_COUNT_OK_14","71","2026-05-11 13:08:08.971718","142.806759","0.368321","60.739140","slot#14","0","1","","keyboard","probe_digit#14","{""value"":""slot#14"",""entered"":0,""rt"":60.739140300000145,""note"":""probe_digit#14""}","2","0.016667","60.000000","1"
"Sergio_G01_CNS-LLF5RV3D8","cpeeg02","ses02","20260511_130526","2026-05-11 13:05:45.839515","NaN","0","reading","DIGIT_READ14_OFF","129","2026-05-11 13:08:09.065075","143.175080","0.000000","","0","","","","keyboard","digit#14 off","{""value"":0,""note"":""digit#14 off"",""pd_used"":0}","2","0.016667","60.000000","1"
"Sergio_G01_CNS-LLF5RV3D8","cpeeg02","ses02","20260511_130526","2026-05-11 13:05:45.839515","NaN","0","reading","POSTREAD_FIX14_ON","214","2026-05-11 13:08:09.065798","143.175080","1.695202","","","","","","keyboard","after digit#14","{""note"":""after digit#14""}","2","0.016667","60.000000","1"
"Sergio_G01_CNS-LLF5RV3D8","cpeeg02","ses02","20260511_130526","2026-05-11 13:05:45.839515","NaN","0","reading","POSTREAD_FIX14_OFF","229","2026-05-11 13:08:10.751501","144.870282","0.045740","","","","","","keyboard","after digit#14","{""note"":""after digit#14"",""pd_used"":0}","2","0.016667","60.000000","1"
"Sergio_G01_CNS-LLF5RV3D8","cpeeg02","ses02","20260511_130526","2026-05-11 13:05:45.839515","NaN","0","reading","DIGIT_READ15_ON","115","2026-05-11 13:08:10.802781","144.916022","1.083624","","3","","","","keyboard","digit#15 shown","{""value"":3,""note"":""digit#15 shown"",""pd_used"":1}","2","0.016667","60.000000","1"
"Sergio_G01_CNS-LLF5RV3D8","cpeeg02","ses02","20260511_130526","2026-05-11 13:05:45.839515","NaN","0","reading","PROBE_COUNT_OK_15","71","2026-05-11 13:08:12.443038","145.999646","0.646760","63.932027","slot#15","3","1","","keyboard","probe_digit#15","{""value"":""slot#15"",""entered"":3,""rt"":63.932027200004086,""note"":""probe_digit#15""}","2","0.016667","60.000000","1"
"Sergio_G01_CNS-LLF5RV3D8","cpeeg02","ses02","20260511_130526","2026-05-11 13:05:45.839515","NaN","0","reading","DIGIT_READ15_OFF","130","2026-05-11 13:08:12.536515","146.646406","0.000000","","3","","","","keyboard","digit#15 off","{""value"":3,""note"":""digit#15 off"",""pd_used"":0}","2","0.016667","60.000000","1"
"Sergio_G01_CNS-LLF5RV3D8","cpeeg02","ses02","20260511_130526","2026-05-11 13:05:45.839515","NaN","0","reading","POSTREAD_FIX15_ON","215","2026-05-11 13:08:12.537424","146.646406","3.313850","","","","","","keyboard","after digit#15","{""note"":""after digit#15""}","2","0.016667","60.000000","1"
"Sergio_G01_CNS-LLF5RV3D8","cpeeg02","ses02","20260511_130526","2026-05-11 13:05:45.839515","NaN","0","reading","POSTREAD_FIX15_OFF","230","2026-05-11 13:08:15.841561","149.960256","0.043378","","","","","","keyboard","after digit#15","{""note"":""after digit#15"",""pd_used"":0}","2","0.016667","60.000000","1"
"Sergio_G01_CNS-LLF5RV3D8","cpeeg02","ses02","20260511_130526","2026-05-11 13:05:45.839515","NaN","0","reading","READING_END","24","2026-05-11 13:08:15.843296","150.003634","0.050903","","","","","","keyboard","","{}","2","0.016667","60.000000","1"
"Sergio_G01_CNS-LLF5RV3D8","cpeeg02","ses02","20260511_130526","2026-05-11 13:05:45.839515","NaN","0","reading","START_PAGE_ON","4","2026-05-11 13:08:15.943924","150.054537","0.051935","","","","","","keyboard","","{""pd_used"":0}","2","0.016667","60.000000","1"
"Sergio_G01_CNS-LLF5RV3D8","cpeeg02","ses02","20260511_130526","2026-05-11 13:05:45.839515","NaN","0","reading","START_PAGE_ON","4","2026-05-11 13:08:15.943924","150.054537","3.224430","","","","","","keyboard","","{""pd_used"":0}","2","0.016667","60.000000","1"
"Sergio_G01_CNS-LLF5RV3D8","cpeeg02","ses02","20260511_130526","2026-05-11 13:05:45.839515","NaN","0","reading","START_PAGE_ON","4","2026-05-11 13:08:15.943924","150.054537","3.590013","","","","","","keyboard","","{""pd_used"":0}","2","0.016667","60.000000","1"
"Sergio_G01_CNS-LLF5RV3D8","cpeeg02","ses02","20260511_130526","2026-05-11 13:05:45.839515","NaN","1","reading","TRIAL_CHANGE","22","2026-05-11 13:08:19.484467","153.644550","0.001128","","","","","","keyboard","trial transition","{""note"":""trial transition""}","2","0.016667","60.000000","1"
"Sergio_G01_CNS-LLF5RV3D8","cpeeg02","ses02","20260511_130526","2026-05-11 13:05:45.839515","NaN","1","reading","TRIAL_START","20","2026-05-11 13:08:19.485303","153.645678","0.051403","","","","","","keyboard","","{}","2","0.016667","60.000000","1"
"Sergio_G01_CNS-LLF5RV3D8","cpeeg02","ses02","20260511_130526","2026-05-11 13:05:45.839515","NaN","1","fix1","FIX1_ON","30","2026-05-11 13:08:19.586462","153.697081","3.209477","","","","","","keyboard","","{""pd_used"":0}","2","0.016667","60.000000","1"
"Sergio_G01_CNS-LLF5RV3D8","cpeeg02","ses02","20260511_130526","2026-05-11 13:05:45.839515","NaN","1","fix1","FIX1_OFF","31","2026-05-11 13:08:22.788104","156.906558","0.044314","","","","","","keyboard","","{""pd_used"":0}","2","0.016667","60.000000","1"
"Sergio_G01_CNS-LLF5RV3D8","cpeeg02","ses02","20260511_130526","2026-05-11 13:05:45.839515","NaN","1","digit","DIGIT1_ON","141","2026-05-11 13:08:22.839269","156.950872","0.551324","","2","","","","keyboard","digit#1 shown","{""value"":2,""note"":""digit#1 shown"",""pd_used"":1}","2","0.016667","60.000000","1"
"Sergio_G01_CNS-LLF5RV3D8","cpeeg02","ses02","20260511_130526","2026-05-11 13:05:45.839515","NaN","1","digit","DIGIT1_OFF","146","2026-05-11 13:08:23.383550","157.502197","0.000000","","2","","","","keyboard","digit#1 off","{""value"":2,""note"":""digit#1 off"",""pd_used"":0}","2","0.016667","60.000000","1"
"Sergio_G01_CNS-LLF5RV3D8","cpeeg02","ses02","20260511_130526","2026-05-11 13:05:45.839515","NaN","1","digit","POSTDIG_FIX1_ON","151","2026-05-11 13:08:23.384615","157.502197","2.004582","","","","","","keyboard","after digit#1","{""note"":""after digit#1""}","2","0.016667","60.000000","1"
"Sergio_G01_CNS-LLF5RV3D8","cpeeg02","ses02","20260511_130526","2026-05-11 13:05:45.839515","NaN","1","digit","POSTDIG_FIX1_OFF","156","2026-05-11 13:08:25.387971","159.506778","0.043789","","","","","","keyboard","after digit#1","{""note"":""after digit#1"",""pd_used"":0}","2","0.016667","60.000000","1"
"Sergio_G01_CNS-LLF5RV3D8","cpeeg02","ses02","20260511_130526","2026-05-11 13:05:45.839515","NaN","1","digit","DIGIT2_ON","142","2026-05-11 13:08:25.439295","159.550567","0.551285","","0","","","","keyboard","digit#2 shown","{""value"":0,""note"":""digit#2 shown"",""pd_used"":1}","2","0.016667","60.000000","1"
"Sergio_G01_CNS-LLF5RV3D8","cpeeg02","ses02","20260511_130526","2026-05-11 13:05:45.839515","NaN","1","digit","DIGIT2_OFF","147","2026-05-11 13:08:25.983130","160.101852","0.000000","","0","","","","keyboard","digit#2 off","{""value"":0,""note"":""digit#2 off"",""pd_used"":0}","2","0.016667","60.000000","1"
"Sergio_G01_CNS-LLF5RV3D8","cpeeg02","ses02","20260511_130526","2026-05-11 13:05:45.839515","NaN","1","digit","POSTDIG_FIX2_ON","152","2026-05-11 13:08:25.983901","160.101852","2.018518","","","","","","keyboard","after digit#2","{""note"":""after digit#2""}","2","0.016667","60.000000","1"
"Sergio_G01_CNS-LLF5RV3D8","cpeeg02","ses02","20260511_130526","2026-05-11 13:05:45.839515","NaN","1","digit","POSTDIG_FIX2_OFF","157","2026-05-11 13:08:28.001803","162.120371","0.044021","","","","","","keyboard","after digit#2","{""note"":""after digit#2"",""pd_used"":0}","2","0.016667","60.000000","1"
"Sergio_G01_CNS-LLF5RV3D8","cpeeg02","ses02","20260511_130526","2026-05-11 13:05:45.839515","NaN","1","digit","DIGIT3_ON","143","2026-05-11 13:08:28.053056","162.164392","0.551169","","1","","","","keyboard","digit#3 shown","{""value"":1,""note"":""digit#3 shown"",""pd_used"":1}","2","0.016667","60.000000","1"
"Sergio_G01_CNS-LLF5RV3D8","cpeeg02","ses02","20260511_130526","2026-05-11 13:05:45.839515","NaN","1","digit","DIGIT3_OFF","148","2026-05-11 13:08:28.596798","162.715560","0.000000","","1","","","","keyboard","digit#3 off","{""value"":1,""note"":""digit#3 off"",""pd_used"":0}","2","0.016667","60.000000","1"
"Sergio_G01_CNS-LLF5RV3D8","cpeeg02","ses02","20260511_130526","2026-05-11 13:05:45.839515","NaN","1","digit","POSTDIG_FIX3_ON","153","2026-05-11 13:08:28.597567","162.715560","1.799155","","","","","","keyboard","after digit#3","{""note"":""after digit#3""}","2","0.016667","60.000000","1"
"Sergio_G01_CNS-LLF5RV3D8","cpeeg02","ses02","20260511_130526","2026-05-11 13:05:45.839515","NaN","1","digit","POSTDIG_FIX3_OFF","158","2026-05-11 13:08:30.395987","164.514715","0.043657","","","","","","keyboard","after digit#3","{""note"":""after digit#3"",""pd_used"":0}","2","0.016667","60.000000","1"
"Sergio_G01_CNS-LLF5RV3D8","cpeeg02","ses02","20260511_130526","2026-05-11 13:05:45.839515","NaN","1","digit","DIGIT4_ON","144","2026-05-11 13:08:30.447273","164.558373","0.551520","","7","","","","keyboard","digit#4 shown","{""value"":7,""note"":""digit#4 shown"",""pd_used"":1}","2","0.016667","60.000000","1"
"Sergio_G01_CNS-LLF5RV3D8","cpeeg02","ses02","20260511_130526","2026-05-11 13:05:45.839515","NaN","1","digit","DIGIT4_OFF","149","2026-05-11 13:08:30.991052","165.109893","0.000000","","7","","","","keyboard","digit#4 off","{""value"":7,""note"":""digit#4 off"",""pd_used"":0}","2","0.016667","60.000000","1"
"Sergio_G01_CNS-LLF5RV3D8","cpeeg02","ses02","20260511_130526","2026-05-11 13:05:45.839515","NaN","1","digit","POSTDIG_FIX4_ON","154","2026-05-11 13:08:30.991807","165.109893","1.589843","","","","","","keyboard","after digit#4","{""note"":""after digit#4""}","2","0.016667","60.000000","1"
"Sergio_G01_CNS-LLF5RV3D8","cpeeg02","ses02","20260511_130526","2026-05-11 13:05:45.839515","NaN","1","digit","POSTDIG_FIX4_OFF","159","2026-05-11 13:08:32.581196","166.699735","0.043949","","","","","","keyboard","after digit#4","{""note"":""after digit#4"",""pd_used"":0}","2","0.016667","60.000000","1"
"Sergio_G01_CNS-LLF5RV3D8","cpeeg02","ses02","20260511_130526","2026-05-11 13:05:45.839515","NaN","1","digit","DIGIT5_ON","145","2026-05-11 13:08:32.632428","166.743685","0.551365","","7","","","","keyboard","digit#5 shown","{""value"":7,""note"":""digit#5 shown"",""pd_used"":1}","2","0.016667","60.000000","1"
"Sergio_G01_CNS-LLF5RV3D8","cpeeg02","ses02","20260511_130526","2026-05-11 13:05:45.839515","NaN","1","digit","DIGIT5_OFF","150","2026-05-11 13:08:33.176619","167.295050","0.000000","","7","","","","keyboard","digit#5 off","{""value"":7,""note"":""digit#5 off"",""pd_used"":0}","2","0.016667","60.000000","1"
"Sergio_G01_CNS-LLF5RV3D8","cpeeg02","ses02","20260511_130526","2026-05-11 13:05:45.839515","NaN","1","digit","POSTDIG_FIX5_ON","155","2026-05-11 13:08:33.177475","167.295050","3.187771","","","","","","keyboard","after digit#5","{""note"":""after digit#5""}","2","0.016667","60.000000","1"
"Sergio_G01_CNS-LLF5RV3D8","cpeeg02","ses02","20260511_130526","2026-05-11 13:05:45.839515","NaN","1","digit","POSTDIG_FIX5_OFF","160","2026-05-11 13:08:36.364267","170.482820","0.045062","","","","","","keyboard","after digit#5","{""note"":""after digit#5"",""pd_used"":0}","2","0.016667","60.000000","1"
"Sergio_G01_CNS-LLF5RV3D8","cpeeg02","ses02","20260511_130526","2026-05-11 13:05:45.839515","NaN","1","distractor","DISTRACTOR_ON","50","2026-05-11 13:08:36.415443","170.527882","6.483819","","6+9=15","","","","keyboard","","{""value"":""6+9=15"",""isCorrectTruth"":true,""trueSum"":15,""pd_used"":1}","2","0.016667","60.000000","1"
"Sergio_G01_CNS-LLF5RV3D8","cpeeg02","ses02","20260511_130526","2026-05-11 13:05:45.839515","NaN","1","distractor","DISTRACTOR_ANS","51","2026-05-11 13:08:43.289935","177.011700","0.000000","6.483819","6+9=15","F","0","","keyboard","key= (False)","{""value"":""6+9=15"",""entered"":""F"",""rt"":6.4838185999979032,""correct"":0,""note"":""key= (False)"",""truth"":true,""trueSum"":15,""shownSum"":15,""a"":6,""b"":9}","2","0.016667","60.000000","1"
"Sergio_G01_CNS-LLF5RV3D8","cpeeg02","ses02","20260511_130526","2026-05-11 13:05:45.839515","NaN","1","distractor","ANS_WRONG","200","2026-05-11 13:08:43.332395","177.011700","0.483251","","","","","","keyboard","","{}","2","0.016667","60.000000","1"
"Sergio_G01_CNS-LLF5RV3D8","cpeeg02","ses02","20260511_130526","2026-05-11 13:05:45.839515","NaN","1","distractor","DISTRACTOR_OFF","52","2026-05-11 13:08:43.383656","177.494952","0.000000","","","","","","keyboard","","{""pd_used"":0}","2","0.016667","60.000000","1"
"Sergio_G01_CNS-LLF5RV3D8","cpeeg02","ses02","20260511_130526","2026-05-11 13:05:45.839515","NaN","1","distractor","FIX2_ON","60","2026-05-11 13:08:43.384637","177.494952","3.157909","","","","","","keyboard","immediate after response","{""note"":""immediate after response""}","2","0.016667","60.000000","1"
"Sergio_G01_CNS-LLF5RV3D8","cpeeg02","ses02","20260511_130526","2026-05-11 13:05:45.839515","NaN","1","fix2","FIX2_OFF","61","2026-05-11 13:08:46.534189","180.652861","0.044631","","","","","","keyboard","","{""pd_used"":0}","2","0.016667","60.000000","1"
"Sergio_G01_CNS-LLF5RV3D8","cpeeg02","ses02","20260511_130526","2026-05-11 13:05:45.839515","NaN","1","probe","DIGIT_RECALL_LINE_1","161","2026-05-11 13:08:46.585483","180.697492","1.448215","","1","","","","keyboard","first recall question","{""value"":1,""note"":""first recall question"",""pd_used"":1}","2","0.016667","60.000000","1"
"Sergio_G01_CNS-LLF5RV3D8","cpeeg02","ses02","20260511_130526","2026-05-11 13:05:45.839515","NaN","1","probe","PROBE_DIGIT_OK_1","71","2026-05-11 13:08:48.472353","182.145707","0.602945","1.450099","slot#1","2","1","","keyboard","probe_digit#1","{""value"":""slot#1"",""entered"":2,""rt"":1.4500990000015008,""note"":""probe_digit#1""}","2","0.016667","60.000000","1"
"Sergio_G01_CNS-LLF5RV3D8","cpeeg02","ses02","20260511_130526","2026-05-11 13:05:45.839515","NaN","1","probe","DIGIT1_OFF","146","2026-05-11 13:08:48.629785","182.748652","0.000000","","7","","","","keyboard","digit#1 off","{""value"":7,""note"":""digit#1 off"",""pd_used"":0}","2","0.016667","60.000000","1"
"Sergio_G01_CNS-LLF5RV3D8","cpeeg02","ses02","20260511_130526","2026-05-11 13:05:45.839515","NaN","1","probe","POSTDIG_FIX1_ON","151","2026-05-11 13:08:48.630748","182.748652","1.650204","","","","","","keyboard","after digit#1","{""note"":""after digit#1""}","2","0.016667","60.000000","1"
"Sergio_G01_CNS-LLF5RV3D8","cpeeg02","ses02","20260511_130526","2026-05-11 13:05:45.839515","NaN","1","probe","POSTDIG_FIX1_OFF","156","2026-05-11 13:08:50.280189","184.398856","0.045895","","","","","","keyboard","after digit#1","{""note"":""after digit#1"",""pd_used"":0}","2","0.016667","60.000000","1"
"Sergio_G01_CNS-LLF5RV3D8","cpeeg02","ses02","20260511_130526","2026-05-11 13:05:45.839515","NaN","1","probe","DIGIT_RECALL_LINE_2","162","2026-05-11 13:08:50.331490","184.444751","0.783397","","2","","","","keyboard","next recall question","{""value"":2,""note"":""next recall question"",""pd_used"":1}","2","0.016667","60.000000","1"
"Sergio_G01_CNS-LLF5RV3D8","cpeeg02","ses02","20260511_130526","2026-05-11 13:05:45.839515","NaN","1","probe","PROBE_DIGIT_OK_2","71","2026-05-11 13:08:51.641306","185.228148","0.678419","4.532540","slot#2","0","1","","keyboard","probe_digit#2","{""value"":""slot#2"",""entered"":0,""rt"":4.5325396999978693,""note"":""probe_digit#2""}","2","0.016667","60.000000","1"
"Sergio_G01_CNS-LLF5RV3D8","cpeeg02","ses02","20260511_130526","2026-05-11 13:05:45.839515","NaN","1","probe","DIGIT2_OFF","147","2026-05-11 13:08:51.787884","185.906567","0.000000","","7","","","","keyboard","digit#2 off","{""value"":7,""note"":""digit#2 off"",""pd_used"":0}","2","0.016667","60.000000","1"
"Sergio_G01_CNS-LLF5RV3D8","cpeeg02","ses02","20260511_130526","2026-05-11 13:05:45.839515","NaN","1","probe","POSTDIG_FIX2_ON","152","2026-05-11 13:08:51.788706","185.906567","1.739652","","","","","","keyboard","after digit#2","{""note"":""after digit#2""}","2","0.016667","60.000000","1"
"Sergio_G01_CNS-LLF5RV3D8","cpeeg02","ses02","20260511_130526","2026-05-11 13:05:45.839515","NaN","1","probe","POSTDIG_FIX2_OFF","157","2026-05-11 13:08:53.527844","187.646219","0.046741","","","","","","keyboard","after digit#2","{""note"":""after digit#2"",""pd_used"":0}","2","0.016667","60.000000","1"
"Sergio_G01_CNS-LLF5RV3D8","cpeeg02","ses02","20260511_130526","2026-05-11 13:05:45.839515","NaN","1","probe","DIGIT_RECALL_LINE_3","163","2026-05-11 13:08:53.579123","187.692960","0.977106","","3","","","","keyboard","next recall question","{""value"":3,""note"":""next recall question"",""pd_used"":1}","2","0.016667","60.000000","1"
"Sergio_G01_CNS-LLF5RV3D8","cpeeg02","ses02","20260511_130526","2026-05-11 13:05:45.839515","NaN","1","probe","PROBE_DIGIT_OK_3","71","2026-05-11 13:08:55.054358","188.670066","0.654916","7.974458","slot#3","1","1","","keyboard","probe_digit#3","{""value"":""slot#3"",""entered"":1,""rt"":7.97445819999848,""note"":""probe_digit#3""}","2","0.016667","60.000000","1"
"Sergio_G01_CNS-LLF5RV3D8","cpeeg02","ses02","20260511_130526","2026-05-11 13:05:45.839515","NaN","1","probe","DIGIT3_OFF","148","2026-05-11 13:08:55.206303","189.324982","0.000000","","7","","","","keyboard","digit#3 off","{""value"":7,""note"":""digit#3 off"",""pd_used"":0}","2","0.016667","60.000000","1"
"Sergio_G01_CNS-LLF5RV3D8","cpeeg02","ses02","20260511_130526","2026-05-11 13:05:45.839515","NaN","1","probe","POSTDIG_FIX3_ON","153","2026-05-11 13:08:55.207054","189.324982","1.553470","","","","","","keyboard","after digit#3","{""note"":""after digit#3""}","2","0.016667","60.000000","1"
"Sergio_G01_CNS-LLF5RV3D8","cpeeg02","ses02","20260511_130526","2026-05-11 13:05:45.839515","NaN","1","probe","POSTDIG_FIX3_OFF","158","2026-05-11 13:08:56.759787","190.878452","0.045696","","","","","","keyboard","after digit#3","{""note"":""after digit#3"",""pd_used"":0}","2","0.016667","60.000000","1"
"Sergio_G01_CNS-LLF5RV3D8","cpeeg02","ses02","20260511_130526","2026-05-11 13:05:45.839515","NaN","1","probe","DIGIT_RECALL_LINE_4","164","2026-05-11 13:08:56.811001","190.924148","0.815165","","4","","","","keyboard","next recall question","{""value"":4,""note"":""next recall question"",""pd_used"":1}","2","0.016667","60.000000","1"
"Sergio_G01_CNS-LLF5RV3D8","cpeeg02","ses02","20260511_130526","2026-05-11 13:05:45.839515","NaN","1","probe","PROBE_DIGIT_OK_4","71","2026-05-11 13:08:57.982318","191.739313","0.514642","11.043704","slot#4","7","1","","keyboard","probe_digit#4","{""value"":""slot#4"",""entered"":7,""rt"":11.043704399999115,""note"":""probe_digit#4""}","2","0.016667","60.000000","1"
"Sergio_G01_CNS-LLF5RV3D8","cpeeg02","ses02","20260511_130526","2026-05-11 13:05:45.839515","NaN","1","probe","DIGIT4_OFF","149","2026-05-11 13:08:58.135167","192.253955","0.000000","","7","","","","keyboard","digit#4 off","{""value"":7,""note"":""digit#4 off"",""pd_used"":0}","2","0.016667","60.000000","1"
"Sergio_G01_CNS-LLF5RV3D8","cpeeg02","ses02","20260511_130526","2026-05-11 13:05:45.839515","NaN","1","probe","POSTDIG_FIX4_ON","154","2026-05-11 13:08:58.135947","192.253955","1.595700","","","","","","keyboard","after digit#4","{""note"":""after digit#4""}","2","0.016667","60.000000","1"
"Sergio_G01_CNS-LLF5RV3D8","cpeeg02","ses02","20260511_130526","2026-05-11 13:05:45.839515","NaN","1","probe","POSTDIG_FIX4_OFF","159","2026-05-11 13:08:59.730976","193.849654","0.045934","","","","","","keyboard","after digit#4","{""note"":""after digit#4"",""pd_used"":0}","2","0.016667","60.000000","1"
"Sergio_G01_CNS-LLF5RV3D8","cpeeg02","ses02","20260511_130526","2026-05-11 13:05:45.839515","NaN","1","probe","DIGIT_RECALL_LINE_5","165","2026-05-11 13:08:59.782457","193.895588","3.911863","","5","","","","keyboard","next recall question","{""value"":5,""note"":""next recall question"",""pd_used"":1}","2","0.016667","60.000000","1"
"Sergio_G01_CNS-LLF5RV3D8","cpeeg02","ses02","20260511_130526","2026-05-11 13:05:45.839515","NaN","1","probe","PROBE_DIGIT_OK_5","71","2026-05-11 13:09:04.025215","197.807451","0.490115","17.111843","slot#5","6","0","","keyboard","probe_digit#5","{""value"":""slot#5"",""entered"":6,""rt"":17.11184289999801,""note"":""probe_digit#5""}","2","0.016667","60.000000","1"
"Sergio_G01_CNS-LLF5RV3D8","cpeeg02","ses02","20260511_130526","2026-05-11 13:05:45.839515","NaN","1","probe","DIGIT5_OFF","150","2026-05-11 13:09:04.179145","198.297566","0.000000","","7","","","","keyboard","digit#5 off","{""value"":7,""note"":""digit#5 off"",""pd_used"":0}","2","0.016667","60.000000","1"
"Sergio_G01_CNS-LLF5RV3D8","cpeeg02","ses02","20260511_130526","2026-05-11 13:05:45.839515","NaN","1","probe","POSTDIG_FIX5_ON","155","2026-05-11 13:09:04.179984","198.297566","3.171160","","","","","","keyboard","after digit#5","{""note"":""after digit#5""}","2","0.016667","60.000000","1"
"Sergio_G01_CNS-LLF5RV3D8","cpeeg02","ses02","20260511_130526","2026-05-11 13:05:45.839515","NaN","1","probe","POSTDIG_FIX5_OFF","160","2026-05-11 13:09:07.350006","201.468726","0.043636","","","","","","keyboard","after digit#5","{""note"":""after digit#5"",""pd_used"":0}","2","0.016667","60.000000","1"
"Sergio_G01_CNS-LLF5RV3D8","cpeeg02","ses02","20260511_130526","2026-05-11 13:05:45.839515","NaN","1","probe","PROBE_DONE","73","2026-05-11 13:09:07.352056","201.512362","0.000788","","","","","","keyboard","probe complete","{""value"":"""",""note"":""probe complete""}","2","0.016667","60.000000","1"
"Sergio_G01_CNS-LLF5RV3D8","cpeeg02","ses02","20260511_130526","2026-05-11 13:05:45.839515","NaN","1","probe","TRIAL_END","21","2026-05-11 13:09:07.352770","201.513150","0.109761","","","","","","keyboard","","{}","2","0.016667","60.000000","1"
"Sergio_G01_CNS-LLF5RV3D8","cpeeg02","ses02","20260511_130526","2026-05-11 13:05:45.839515","NaN","2","probe","TRIAL_CHANGE","22","2026-05-11 13:09:07.462653","201.622910","0.001147","","","","","","keyboard","trial transition","{""note"":""trial transition""}","2","0.016667","60.000000","1"
"Sergio_G01_CNS-LLF5RV3D8","cpeeg02","ses02","20260511_130526","2026-05-11 13:05:45.839515","NaN","2","probe","TRIAL_START","20","2026-05-11 13:09:07.463803","201.624058","0.043179","","","","","","keyboard","","{}","2","0.016667","60.000000","1"
"Sergio_G01_CNS-LLF5RV3D8","cpeeg02","ses02","20260511_130526","2026-05-11 13:05:45.839515","NaN","2","fix1","FIX1_ON","30","2026-05-11 13:09:07.557232","201.667237","3.377318","","","","","","keyboard","","{""pd_used"":0}","2","0.016667","60.000000","1"
"Sergio_G01_CNS-LLF5RV3D8","cpeeg02","ses02","20260511_130526","2026-05-11 13:05:45.839515","NaN","2","fix1","FIX1_OFF","31","2026-05-11 13:09:10.925821","205.044555","0.044040","","","","","","keyboard","","{""pd_used"":0}","2","0.016667","60.000000","1"
"Sergio_G01_CNS-LLF5RV3D8","cpeeg02","ses02","20260511_130526","2026-05-11 13:05:45.839515","NaN","2","digit","DIGIT1_ON","141","2026-05-11 13:09:10.977358","205.088595","0.551507","","1","","","","keyboard","digit#1 shown","{""value"":1,""note"":""digit#1 shown"",""pd_used"":1}","2","0.016667","60.000000","1"
"Sergio_G01_CNS-LLF5RV3D8","cpeeg02","ses02","20260511_130526","2026-05-11 13:05:45.839515","NaN","2","digit","DIGIT1_OFF","146","2026-05-11 13:09:11.521476","205.640102","0.000000","","1","","","","keyboard","digit#1 off","{""value"":1,""note"":""digit#1 off"",""pd_used"":0}","2","0.016667","60.000000","1"
"Sergio_G01_CNS-LLF5RV3D8","cpeeg02","ses02","20260511_130526","2026-05-11 13:05:45.839515","NaN","2","digit","POSTDIG_FIX1_ON","151","2026-05-11 13:09:11.522228","205.640102","1.903383","","","","","","keyboard","after digit#1","{""note"":""after digit#1""}","2","0.016667","60.000000","1"
"Sergio_G01_CNS-LLF5RV3D8","cpeeg02","ses02","20260511_130526","2026-05-11 13:05:45.839515","NaN","2","digit","POSTDIG_FIX1_OFF","156","2026-05-11 13:09:13.424902","207.543484","0.044227","","","","","","keyboard","after digit#1","{""note"":""after digit#1"",""pd_used"":0}","2","0.016667","60.000000","1"
"Sergio_G01_CNS-LLF5RV3D8","cpeeg02","ses02","20260511_130526","2026-05-11 13:05:45.839515","NaN","2","digit","DIGIT2_ON","142","2026-05-11 13:09:13.476399","207.587712","0.551355","","3","","","","keyboard","digit#2 shown","{""value"":3,""note"":""digit#2 shown"",""pd_used"":1}","2","0.016667","60.000000","1"
"Sergio_G01_CNS-LLF5RV3D8","cpeeg02","ses02","20260511_130526","2026-05-11 13:05:45.839515","NaN","2","digit","DIGIT2_OFF","147","2026-05-11 13:09:14.020407","208.139067","0.000000","","3","","","","keyboard","digit#2 off","{""value"":3,""note"":""digit#2 off"",""pd_used"":0}","2","0.016667","60.000000","1"
"Sergio_G01_CNS-LLF5RV3D8","cpeeg02","ses02","20260511_130526","2026-05-11 13:05:45.839515","NaN","2","digit","POSTDIG_FIX2_ON","152","2026-05-11 13:09:14.021148","208.139067","1.647090","","","","","","keyboard","after digit#2","{""note"":""after digit#2""}","2","0.016667","60.000000","1"
"Sergio_G01_CNS-LLF5RV3D8","cpeeg02","ses02","20260511_130526","2026-05-11 13:05:45.839515","NaN","2","digit","POSTDIG_FIX2_OFF","157","2026-05-11 13:09:15.668012","209.786157","0.044449","","","","","","keyboard","after digit#2","{""note"":""after digit#2"",""pd_used"":0}","2","0.016667","60.000000","1"
"Sergio_G01_CNS-LLF5RV3D8","cpeeg02","ses02","20260511_130526","2026-05-11 13:05:45.839515","NaN","2","digit","DIGIT3_ON","143","2026-05-11 13:09:15.719262","209.830606","0.551254","","7","","","","keyboard","digit#3 shown","{""value"":7,""note"":""digit#3 shown"",""pd_used"":1}","2","0.016667","60.000000","1"
"Sergio_G01_CNS-LLF5RV3D8","cpeeg02","ses02","20260511_130526","2026-05-11 13:05:45.839515","NaN","2","digit","DIGIT3_OFF","148","2026-05-11 13:09:16.263114","210.381860","0.000000","","7","","","","keyboard","digit#3 off","{""value"":7,""note"":""digit#3 off"",""pd_used"":0}","2","0.016667","60.000000","1"
"Sergio_G01_CNS-LLF5RV3D8","cpeeg02","ses02","20260511_130526","2026-05-11 13:05:45.839515","NaN","2","digit","POSTDIG_FIX3_ON","153","2026-05-11 13:09:16.263881","210.381860","1.828193","","","","","","keyboard","after digit#3","{""note"":""after digit#3""}","2","0.016667","60.000000","1"
"Sergio_G01_CNS-LLF5RV3D8","cpeeg02","ses02","20260511_130526","2026-05-11 13:05:45.839515","NaN","2","digit","POSTDIG_FIX3_OFF","158","2026-05-11 13:09:18.091362","212.210053","0.043693","","","","","","keyboard","after digit#3","{""note"":""after digit#3"",""pd_used"":0}","2","0.016667","60.000000","1"
"Sergio_G01_CNS-LLF5RV3D8","cpeeg02","ses02","20260511_130526","2026-05-11 13:05:45.839515","NaN","2","digit","DIGIT4_ON","144","2026-05-11 13:09:18.142814","212.253746","0.551676","","3","","","","keyboard","digit#4 shown","{""value"":3,""note"":""digit#4 shown"",""pd_used"":1}","2","0.016667","60.000000","1"
"Sergio_G01_CNS-LLF5RV3D8","cpeeg02","ses02","20260511_130526","2026-05-11 13:05:45.839515","NaN","2","digit","DIGIT4_OFF","149","2026-05-11 13:09:18.687097","212.805422","0.000000","","3","","","","keyboard","digit#4 off","{""value"":3,""note"":""digit#4 off"",""pd_used"":0}","2","0.016667","60.000000","1"
"Sergio_G01_CNS-LLF5RV3D8","cpeeg02","ses02","20260511_130526","2026-05-11 13:05:45.839515","NaN","2","digit","POSTDIG_FIX4_ON","154","2026-05-11 13:09:18.687888","212.805422","1.944090","","","","","","keyboard","after digit#4","{""note"":""after digit#4""}","2","0.016667","60.000000","1"
"Sergio_G01_CNS-LLF5RV3D8","cpeeg02","ses02","20260511_130526","2026-05-11 13:05:45.839515","NaN","2","digit","POSTDIG_FIX4_OFF","159","2026-05-11 13:09:20.630769","214.749512","0.043924","","","","","","keyboard","after digit#4","{""note"":""after digit#4"",""pd_used"":0}","2","0.016667","60.000000","1"
"Sergio_G01_CNS-LLF5RV3D8","cpeeg02","ses02","20260511_130526","2026-05-11 13:05:45.839515","NaN","2","digit","DIGIT5_ON","145","2026-05-11 13:09:20.682358","214.793436","0.551609","","4","","","","keyboard","digit#5 shown","{""value"":4,""note"":""digit#5 shown"",""pd_used"":1}","2","0.016667","60.000000","1"
"Sergio_G01_CNS-LLF5RV3D8","cpeeg02","ses02","20260511_130526","2026-05-11 13:05:45.839515","NaN","2","digit","DIGIT5_OFF","150","2026-05-11 13:09:21.226766","215.345045","0.000000","","4","","","","keyboard","digit#5 off","{""value"":4,""note"":""digit#5 off"",""pd_used"":0}","2","0.016667","60.000000","1"
"Sergio_G01_CNS-LLF5RV3D8","cpeeg02","ses02","20260511_130526","2026-05-11 13:05:45.839515","NaN","2","digit","POSTDIG_FIX5_ON","155","2026-05-11 13:09:21.227563","215.345045","3.050580","","","","","","keyboard","after digit#5","{""note"":""after digit#5""}","2","0.016667","60.000000","1"
"Sergio_G01_CNS-LLF5RV3D8","cpeeg02","ses02","20260511_130526","2026-05-11 13:05:45.839515","NaN","2","digit","POSTDIG_FIX5_OFF","160","2026-05-11 13:09:24.277076","218.395625","0.044478","","","","","","keyboard","after digit#5","{""note"":""after digit#5"",""pd_used"":0}","2","0.016667","60.000000","1"
"Sergio_G01_CNS-LLF5RV3D8","cpeeg02","ses02","20260511_130526","2026-05-11 13:05:45.839515","NaN","2","distractor","DISTRACTOR_ON","50","2026-05-11 13:09:24.328564","218.440103","3.034343","","3+4=4","","","","keyboard","","{""value"":""3+4=4"",""isCorrectTruth"":false,""trueSum"":7,""pd_used"":1}","2","0.016667","60.000000","1"
"Sergio_G01_CNS-LLF5RV3D8","cpeeg02","ses02","20260511_130526","2026-05-11 13:05:45.839515","NaN","2","distractor","DISTRACTOR_ANS","51","2026-05-11 13:09:27.836674","221.474445","0.000000","3.034343","3+4=4","F","1","","keyboard","key= (False)","{""value"":""3+4=4"",""entered"":""F"",""rt"":3.0343426999970688,""correct"":1,""note"":""key= (False)"",""truth"":false,""trueSum"":7,""shownSum"":4,""a"":3,""b"":4}","2","0.016667","60.000000","1"
"Sergio_G01_CNS-LLF5RV3D8","cpeeg02","ses02","20260511_130526","2026-05-11 13:05:45.839515","NaN","2","distractor","ANS_CORRECT","100","2026-05-11 13:09:27.879336","221.474445","0.567391","","","","","","keyboard","","{}","2","0.016667","60.000000","1"
"Sergio_G01_CNS-LLF5RV3D8","cpeeg02","ses02","20260511_130526","2026-05-11 13:05:45.839515","NaN","2","distractor","DISTRACTOR_OFF","52","2026-05-11 13:09:27.930457","222.041837","0.000000","","","","","","keyboard","","{""pd_used"":0}","2","0.016667","60.000000","1"
"Sergio_G01_CNS-LLF5RV3D8","cpeeg02","ses02","20260511_130526","2026-05-11 13:05:45.839515","NaN","2","distractor","FIX2_ON","60","2026-05-11 13:09:27.931381","222.041837","3.100023","","","","","","keyboard","immediate after response","{""note"":""immediate after response""}","2","0.016667","60.000000","1"
"Sergio_G01_CNS-LLF5RV3D8","cpeeg02","ses02","20260511_130526","2026-05-11 13:05:45.839515","NaN","2","fix2","FIX2_OFF","61","2026-05-11 13:09:31.023351","225.141860","0.043827","","","","","","keyboard","","{""pd_used"":0}","2","0.016667","60.000000","1"
"Sergio_G01_CNS-LLF5RV3D8","cpeeg02","ses02","20260511_130526","2026-05-11 13:05:45.839515","NaN","2","probe","DIGIT_RECALL_LINE_1","161","2026-05-11 13:09:31.074726","225.185687","1.118325","","1","","","","keyboard","first recall question","{""value"":1,""note"":""first recall question"",""pd_used"":1}","2","0.016667","60.000000","1"
"Sergio_G01_CNS-LLF5RV3D8","cpeeg02","ses02","20260511_130526","2026-05-11 13:05:45.839515","NaN","2","probe","PROBE_DIGIT_OK_1","71","2026-05-11 13:09:32.683914","226.304012","0.642816","1.119381","slot#1","1","1","","keyboard","probe_digit#1","{""value"":""slot#1"",""entered"":1,""rt"":1.119381099997554,""note"":""probe_digit#1""}","2","0.016667","60.000000","1"
"Sergio_G01_CNS-LLF5RV3D8","cpeeg02","ses02","20260511_130526","2026-05-11 13:05:45.839515","NaN","2","probe","DIGIT1_OFF","146","2026-05-11 13:09:32.828315","226.946828","0.000000","","4","","","","keyboard","digit#1 off","{""value"":4,""note"":""digit#1 off"",""pd_used"":0}","2","0.016667","60.000000","1"
"Sergio_G01_CNS-LLF5RV3D8","cpeeg02","ses02","20260511_130526","2026-05-11 13:05:45.839515","NaN","2","probe","POSTDIG_FIX1_ON","151","2026-05-11 13:09:32.829130","226.946828","1.943538","","","","","","keyboard","after digit#1","{""note"":""after digit#1""}","2","0.016667","60.000000","1"
"Sergio_G01_CNS-LLF5RV3D8","cpeeg02","ses02","20260511_130526","2026-05-11 13:05:45.839515","NaN","2","probe","POSTDIG_FIX1_OFF","156","2026-05-11 13:09:34.771899","228.890366","0.046366","","","","","","keyboard","after digit#1","{""note"":""after digit#1"",""pd_used"":0}","2","0.016667","60.000000","1"
"Sergio_G01_CNS-LLF5RV3D8","cpeeg02","ses02","20260511_130526","2026-05-11 13:05:45.839515","NaN","2","probe","DIGIT_RECALL_LINE_2","162","2026-05-11 13:09:34.823045","228.936731","0.871765","","2","","","","keyboard","next recall question","{""value"":2,""note"":""next recall question"",""pd_used"":1}","2","0.016667","60.000000","1"
"Sergio_G01_CNS-LLF5RV3D8","cpeeg02","ses02","20260511_130526","2026-05-11 13:05:45.839515","NaN","2","probe","PROBE_DIGIT_OK_2","71","2026-05-11 13:09:36.344114","229.808496","0.803300","4.623865","slot#2","3","1","","keyboard","probe_digit#2","{""value"":""slot#2"",""entered"":3,""rt"":4.6238647999998648,""note"":""probe_digit#2""}","2","0.016667","60.000000","1"
"Sergio_G01_CNS-LLF5RV3D8","cpeeg02","ses02","20260511_130526","2026-05-11 13:05:45.839515","NaN","2","probe","DIGIT2_OFF","147","2026-05-11 13:09:36.493370","230.611796","0.000000","","4","","","","keyboard","digit#2 off","{""value"":4,""note"":""digit#2 off"",""pd_used"":0}","2","0.016667","60.000000","1"
"Sergio_G01_CNS-LLF5RV3D8","cpeeg02","ses02","20260511_130526","2026-05-11 13:05:45.839515","NaN","2","probe","POSTDIG_FIX2_ON","152","2026-05-11 13:09:36.494140","230.611796","1.938154","","","","","","keyboard","after digit#2","{""note"":""after digit#2""}","2","0.016667","60.000000","1"
"Sergio_G01_CNS-LLF5RV3D8","cpeeg02","ses02","20260511_130526","2026-05-11 13:05:45.839515","NaN","2","probe","POSTDIG_FIX2_OFF","157","2026-05-11 13:09:38.431501","232.549950","0.046044","","","","","","keyboard","after digit#2","{""note"":""after digit#2"",""pd_used"":0}","2","0.016667","60.000000","1"
"Sergio_G01_CNS-LLF5RV3D8","cpeeg02","ses02","20260511_130526","2026-05-11 13:05:45.839515","NaN","2","probe","DIGIT_RECALL_LINE_3","163","2026-05-11 13:09:38.482865","232.595994","4.093857","","3","","","","keyboard","next recall question","{""value"":3,""note"":""next recall question"",""pd_used"":1}","2","0.016667","60.000000","1"
"Sergio_G01_CNS-LLF5RV3D8","cpeeg02","ses02","20260511_130526","2026-05-11 13:05:45.839515","NaN","2","probe","PROBE_DIGIT_OK_3","71","2026-05-11 13:09:43.234748","236.689850","0.815310","11.505219","slot#3","7","1","","keyboard","probe_digit#3","{""value"":""slot#3"",""entered"":7,""rt"":11.505219099999522,""note"":""probe_digit#3""}","2","0.016667","60.000000","1"
"Sergio_G01_CNS-LLF5RV3D8","cpeeg02","ses02","20260511_130526","2026-05-11 13:05:45.839515","NaN","2","probe","DIGIT3_OFF","148","2026-05-11 13:09:43.386587","237.505161","0.000000","","4","","","","keyboard","digit#3 off","{""value"":4,""note"":""digit#3 off"",""pd_used"":0}","2","0.016667","60.000000","1"
"Sergio_G01_CNS-LLF5RV3D8","cpeeg02","ses02","20260511_130526","2026-05-11 13:05:45.839515","NaN","2","probe","POSTDIG_FIX3_ON","153","2026-05-11 13:09:43.387347","237.505161","1.618032","","","","","","keyboard","after digit#3","{""note"":""after digit#3""}","2","0.016667","60.000000","1"
"Sergio_G01_CNS-LLF5RV3D8","cpeeg02","ses02","20260511_130526","2026-05-11 13:05:45.839515","NaN","2","probe","POSTDIG_FIX3_OFF","158","2026-05-11 13:09:45.004479","239.123193","0.046193","","","","","","keyboard","after digit#3","{""note"":""after digit#3"",""pd_used"":0}","2","0.016667","60.000000","1"
"Sergio_G01_CNS-LLF5RV3D8","cpeeg02","ses02","20260511_130526","2026-05-11 13:05:45.839515","NaN","2","probe","DIGIT_RECALL_LINE_4","164","2026-05-11 13:09:45.055884","239.169385","0.233104","","4","","","","keyboard","next recall question","{""value"":4,""note"":""next recall question"",""pd_used"":1}","2","0.016667","60.000000","1"
"Sergio_G01_CNS-LLF5RV3D8","cpeeg02","ses02","20260511_130526","2026-05-11 13:05:45.839515","NaN","2","probe","PROBE_DIGIT_OK_4","71","2026-05-11 13:09:45.563418","239.402489","0.428142","14.217858","slot#4","7","0","","keyboard","probe_digit#4","{""value"":""slot#4"",""entered"":7,""rt"":14.217857700001332,""note"":""probe_digit#4""}","2","0.016667","60.000000","1"
"Sergio_G01_CNS-LLF5RV3D8","cpeeg02","ses02","20260511_130526","2026-05-11 13:05:45.839515","NaN","2","probe","DIGIT4_OFF","149","2026-05-11 13:09:45.711962","239.830631","0.000000","","4","","","","keyboard","digit#4 off","{""value"":4,""note"":""digit#4 off"",""pd_used"":0}","2","0.016667","60.000000","1"
"Sergio_G01_CNS-LLF5RV3D8","cpeeg02","ses02","20260511_130526","2026-05-11 13:05:45.839515","NaN","2","probe","POSTDIG_FIX4_ON","154","2026-05-11 13:09:45.712807","239.830631","1.767751","","","","","","keyboard","after digit#4","{""note"":""after digit#4""}","2","0.016667","60.000000","1"
"Sergio_G01_CNS-LLF5RV3D8","cpeeg02","ses02","20260511_130526","2026-05-11 13:05:45.839515","NaN","2","probe","POSTDIG_FIX4_OFF","159","2026-05-11 13:09:47.479903","241.598382","0.046099","","","","","","keyboard","after digit#4","{""note"":""after digit#4"",""pd_used"":0}","2","0.016667","60.000000","1"
"Sergio_G01_CNS-LLF5RV3D8","cpeeg02","ses02","20260511_130526","2026-05-11 13:05:45.839515","NaN","2","probe","DIGIT_RECALL_LINE_5","165","2026-05-11 13:09:47.531575","241.644481","1.401776","","5","","","","keyboard","next recall question","{""value"":5,""note"":""next recall question"",""pd_used"":1}","2","0.016667","60.000000","1"
"Sergio_G01_CNS-LLF5RV3D8","cpeeg02","ses02","20260511_130526","2026-05-11 13:05:45.839515","NaN","2","probe","PROBE_DIGIT_OK_5","71","2026-05-11 13:09:49.554501","243.046257","0.782051","17.861626","slot#5","4","1","","keyboard","probe_digit#5","{""value"":""slot#5"",""entered"":4,""rt"":17.861625999998068,""note"":""probe_digit#5""}","2","0.016667","60.000000","1"
"Sergio_G01_CNS-LLF5RV3D8","cpeeg02","ses02","20260511_130526","2026-05-11 13:05:45.839515","NaN","2","probe","DIGIT5_OFF","150","2026-05-11 13:09:49.709722","243.828308","0.000000","","4","","","","keyboard","digit#5 off","{""value"":4,""note"":""digit#5 off"",""pd_used"":0}","2","0.016667","60.000000","1"
"Sergio_G01_CNS-LLF5RV3D8","cpeeg02","ses02","20260511_130526","2026-05-11 13:05:45.839515","NaN","2","probe","POSTDIG_FIX5_ON","155","2026-05-11 13:09:49.710465","243.828308","3.380091","","","","","","keyboard","after digit#5","{""note"":""after digit#5""}","2","0.016667","60.000000","1"
"Sergio_G01_CNS-LLF5RV3D8","cpeeg02","ses02","20260511_130526","2026-05-11 13:05:45.839515","NaN","2","probe","POSTDIG_FIX5_OFF","160","2026-05-11 13:09:53.089839","247.208398","0.043563","","","","","","keyboard","after digit#5","{""note"":""after digit#5"",""pd_used"":0}","2","0.016667","60.000000","1"
"Sergio_G01_CNS-LLF5RV3D8","cpeeg02","ses02","20260511_130526","2026-05-11 13:05:45.839515","NaN","2","probe","PROBE_DONE","73","2026-05-11 13:09:53.091520","247.251961","0.000708","","","","","","keyboard","probe complete","{""value"":"""",""note"":""probe complete""}","2","0.016667","60.000000","1"
"Sergio_G01_CNS-LLF5RV3D8","cpeeg02","ses02","20260511_130526","2026-05-11 13:05:45.839515","NaN","2","probe","TRIAL_END","21","2026-05-11 13:09:53.092123","247.252669","0.119669","","","","","","keyboard","","{}","2","0.016667","60.000000","1"
"Sergio_G01_CNS-LLF5RV3D8","cpeeg02","ses02","20260511_130526","2026-05-11 13:05:45.839515","NaN","3","probe","TRIAL_CHANGE","22","2026-05-11 13:09:53.212032","247.372338","0.001079","","","","","","keyboard","trial transition","{""note"":""trial transition""}","2","0.016667","60.000000","1"
"Sergio_G01_CNS-LLF5RV3D8","cpeeg02","ses02","20260511_130526","2026-05-11 13:05:45.839515","NaN","3","probe","TRIAL_START","20","2026-05-11 13:09:53.213149","247.373417","0.043107","","","","","","keyboard","","{}","2","0.016667","60.000000","1"
"Sergio_G01_CNS-LLF5RV3D8","cpeeg02","ses02","20260511_130526","2026-05-11 13:05:45.839515","NaN","3","fix1","FIX1_ON","30","2026-05-11 13:09:53.306458","247.416524","3.279859","","","","","","keyboard","","{""pd_used"":0}","2","0.016667","60.000000","1"
"Sergio_G01_CNS-LLF5RV3D8","cpeeg02","ses02","20260511_130526","2026-05-11 13:05:45.839515","NaN","3","fix1","FIX1_OFF","31","2026-05-11 13:09:56.577619","250.696383","0.043714","","","","","","keyboard","","{""pd_used"":0}","2","0.016667","60.000000","1"
"Sergio_G01_CNS-LLF5RV3D8","cpeeg02","ses02","20260511_130526","2026-05-11 13:05:45.839515","NaN","3","digit","DIGIT1_ON","141","2026-05-11 13:09:56.628876","250.740097","0.551289","","7","","","","keyboard","digit#1 shown","{""value"":7,""note"":""digit#1 shown"",""pd_used"":1}","2","0.016667","60.000000","1"
"Sergio_G01_CNS-LLF5RV3D8","cpeeg02","ses02","20260511_130526","2026-05-11 13:05:45.839515","NaN","3","digit","DIGIT1_OFF","146","2026-05-11 13:09:57.172707","251.291387","0.000000","","7","","","","keyboard","digit#1 off","{""value"":7,""note"":""digit#1 off"",""pd_used"":0}","2","0.016667","60.000000","1"
"Sergio_G01_CNS-LLF5RV3D8","cpeeg02","ses02","20260511_130526","2026-05-11 13:05:45.839515","NaN","3","digit","POSTDIG_FIX1_ON","151","2026-05-11 13:09:57.173526","251.291387","1.824597","","","","","","keyboard","after digit#1","{""note"":""after digit#1""}","2","0.016667","60.000000","1"
"Sergio_G01_CNS-LLF5RV3D8","cpeeg02","ses02","20260511_130526","2026-05-11 13:05:45.839515","NaN","3","digit","POSTDIG_FIX1_OFF","156","2026-05-11 13:09:58.997379","253.115984","0.043960","","","","","","keyboard","after digit#1","{""note"":""after digit#1"",""pd_used"":0}","2","0.016667","60.000000","1"
"Sergio_G01_CNS-LLF5RV3D8","cpeeg02","ses02","20260511_130526","2026-05-11 13:05:45.839515","NaN","3","digit","DIGIT2_ON","142","2026-05-11 13:09:59.048745","253.159944","0.551300","","7","","","","keyboard","digit#2 shown","{""value"":7,""note"":""digit#2 shown"",""pd_used"":1}","2","0.016667","60.000000","1"
"Sergio_G01_CNS-LLF5RV3D8","cpeeg02","ses02","20260511_130526","2026-05-11 13:05:45.839515","NaN","3","digit","DIGIT2_OFF","147","2026-05-11 13:09:59.592450","253.711244","0.000000","","7","","","","keyboard","digit#2 off","{""value"":7,""note"":""digit#2 off"",""pd_used"":0}","2","0.016667","60.000000","1"
"Sergio_G01_CNS-LLF5RV3D8","cpeeg02","ses02","20260511_130526","2026-05-11 13:05:45.839515","NaN","3","digit","POSTDIG_FIX2_ON","152","2026-05-11 13:09:59.593181","253.711244","1.825761","","","","","","keyboard","after digit#2","{""note"":""after digit#2""}","2","0.016667","60.000000","1"
"Sergio_G01_CNS-LLF5RV3D8","cpeeg02","ses02","20260511_130526","2026-05-11 13:05:45.839515","NaN","3","digit","POSTDIG_FIX2_OFF","157","2026-05-11 13:10:01.418663","255.537005","0.044261","","","","","","keyboard","after digit#2","{""note"":""after digit#2"",""pd_used"":0}","2","0.016667","60.000000","1"
"Sergio_G01_CNS-LLF5RV3D8","cpeeg02","ses02","20260511_130526","2026-05-11 13:05:45.839515","NaN","3","digit","DIGIT3_ON","143","2026-05-11 13:10:01.470046","255.581266","0.551230","","1","","","","keyboard","digit#3 shown","{""value"":1,""note"":""digit#3 shown"",""pd_used"":1}","2","0.016667","60.000000","1"
"Sergio_G01_CNS-LLF5RV3D8","cpeeg02","ses02","20260511_130526","2026-05-11 13:05:45.839515","NaN","3","digit","DIGIT3_OFF","148","2026-05-11 13:10:02.014221","256.132497","0.000000","","1","","","","keyboard","digit#3 off","{""value"":1,""note"":""digit#3 off"",""pd_used"":0}","2","0.016667","60.000000","1"
"Sergio_G01_CNS-LLF5RV3D8","cpeeg02","ses02","20260511_130526","2026-05-11 13:05:45.839515","NaN","3","digit","POSTDIG_FIX3_ON","153","2026-05-11 13:10:02.014961","256.132497","2.016084","","","","","","keyboard","after digit#3","{""note"":""after digit#3""}","2","0.016667","60.000000","1"
"Sergio_G01_CNS-LLF5RV3D8","cpeeg02","ses02","20260511_130526","2026-05-11 13:05:45.839515","NaN","3","digit","POSTDIG_FIX3_OFF","158","2026-05-11 13:10:04.029836","258.148581","0.043961","","","","","","keyboard","after digit#3","{""note"":""after digit#3"",""pd_used"":0}","2","0.016667","60.000000","1"
"Sergio_G01_CNS-LLF5RV3D8","cpeeg02","ses02","20260511_130526","2026-05-11 13:05:45.839515","NaN","3","digit","DIGIT4_ON","144","2026-05-11 13:10:04.081118","258.192541","0.551183","","8","","","","keyboard","digit#4 shown","{""value"":8,""note"":""digit#4 shown"",""pd_used"":1}","2","0.016667","60.000000","1"
"Sergio_G01_CNS-LLF5RV3D8","cpeeg02","ses02","20260511_130526","2026-05-11 13:05:45.839515","NaN","3","digit","DIGIT4_OFF","149","2026-05-11 13:10:04.625232","258.743725","0.000000","","8","","","","keyboard","digit#4 off","{""value"":8,""note"":""digit#4 off"",""pd_used"":0}","2","0.016667","60.000000","1"
"Sergio_G01_CNS-LLF5RV3D8","cpeeg02","ses02","20260511_130526","2026-05-11 13:05:45.839515","NaN","3","digit","POSTDIG_FIX4_ON","154","2026-05-11 13:10:04.625983","258.743725","1.757947","","","","","","keyboard","after digit#4","{""note"":""after digit#4""}","2","0.016667","60.000000","1"
"Sergio_G01_CNS-LLF5RV3D8","cpeeg02","ses02","20260511_130526","2026-05-11 13:05:45.839515","NaN","3","digit","POSTDIG_FIX4_OFF","159","2026-05-11 13:10:06.383015","260.501672","0.043937","","","","","","keyboard","after digit#4","{""note"":""after digit#4"",""pd_used"":0}","2","0.016667","60.000000","1"
"Sergio_G01_CNS-LLF5RV3D8","cpeeg02","ses02","20260511_130526","2026-05-11 13:05:45.839515","NaN","3","digit","DIGIT5_ON","145","2026-05-11 13:10:06.434429","260.545609","0.551332","","8","","","","keyboard","digit#5 shown","{""value"":8,""note"":""digit#5 shown"",""pd_used"":1}","2","0.016667","60.000000","1"
"Sergio_G01_CNS-LLF5RV3D8","cpeeg02","ses02","20260511_130526","2026-05-11 13:05:45.839515","NaN","3","digit","DIGIT5_OFF","150","2026-05-11 13:10:06.978468","261.096941","0.000000","","8","","","","keyboard","digit#5 off","{""value"":8,""note"":""digit#5 off"",""pd_used"":0}","2","0.016667","60.000000","1"
"Sergio_G01_CNS-LLF5RV3D8","cpeeg02","ses02","20260511_130526","2026-05-11 13:05:45.839515","NaN","3","digit","POSTDIG_FIX5_ON","155","2026-05-11 13:10:06.979244","261.096941","3.404239","","","","","","keyboard","after digit#5","{""note"":""after digit#5""}","2","0.016667","60.000000","1"
"Sergio_G01_CNS-LLF5RV3D8","cpeeg02","ses02","20260511_130526","2026-05-11 13:05:45.839515","NaN","3","digit","POSTDIG_FIX5_OFF","160","2026-05-11 13:10:10.382471","264.501180","0.043637","","","","","","keyboard","after digit#5","{""note"":""after digit#5"",""pd_used"":0}","2","0.016667","60.000000","1"
"Sergio_G01_CNS-LLF5RV3D8","cpeeg02","ses02","20260511_130526","2026-05-11 13:05:45.839515","NaN","3","distractor","DISTRACTOR_ON","50","2026-05-11 13:10:10.433668","264.544817","1.379756","","6+4=11","","","","keyboard","","{""value"":""6+4=11"",""isCorrectTruth"":false,""trueSum"":10,""pd_used"":1}","2","0.016667","60.000000","1"
"Sergio_G01_CNS-LLF5RV3D8","cpeeg02","ses02","20260511_130526","2026-05-11 13:05:45.839515","NaN","3","distractor","DISTRACTOR_ANS","51","2026-05-11 13:10:12.253237","265.924573","0.000000","1.379756","6+4=11","NaN","NaN","","keyboard","key= (False)","{""value"":""6+4=11"",""entered"":""NaN"",""rt"":1.3797562000036123,""correct"":""NaN"",""note"":""key= (False)"",""truth"":false,""trueSum"":10,""shownSum"":11,""a"":6,""b"":4}","2","0.016667","60.000000","1"
"Sergio_G01_CNS-LLF5RV3D8","cpeeg02","ses02","20260511_130526","2026-05-11 13:05:45.839515","NaN","3","distractor","ANS_CORRECT","100","2026-05-11 13:10:12.295543","265.924573","0.533439","","","","","","keyboard","","{}","2","0.016667","60.000000","1"
"Sergio_G01_CNS-LLF5RV3D8","cpeeg02","ses02","20260511_130526","2026-05-11 13:05:45.839515","NaN","3","distractor","DISTRACTOR_OFF","52","2026-05-11 13:10:12.346909","266.458012","0.000000","","","","","","keyboard","","{""pd_used"":0}","2","0.016667","60.000000","1"
"Sergio_G01_CNS-LLF5RV3D8","cpeeg02","ses02","20260511_130526","2026-05-11 13:05:45.839515","NaN","3","distractor","FIX2_ON","60","2026-05-11 13:10:12.347571","266.458012","3.217071","","","","","","keyboard","immediate after response","{""note"":""immediate after response""}","2","0.016667","60.000000","1"
"Sergio_G01_CNS-LLF5RV3D8","cpeeg02","ses02","20260511_130526","2026-05-11 13:05:45.839515","NaN","3","fix2","FIX2_OFF","61","2026-05-11 13:10:15.556576","269.675083","0.044109","","","","","","keyboard","","{""pd_used"":0}","2","0.016667","60.000000","1"
"Sergio_G01_CNS-LLF5RV3D8","cpeeg02","ses02","20260511_130526","2026-05-11 13:05:45.839515","NaN","3","probe","DIGIT_RECALL_LINE_1","161","2026-05-11 13:10:15.607975","269.719193","1.926177","","1","","","","keyboard","first recall question","{""value"":1,""note"":""first recall question"",""pd_used"":1}","2","0.016667","60.000000","1"
"Sergio_G01_CNS-LLF5RV3D8","cpeeg02","ses02","20260511_130526","2026-05-11 13:05:45.839515","NaN","3","probe","PROBE_DIGIT_OK_1","71","2026-05-11 13:10:17.960696","271.645370","0.584996","1.927548","slot#1","7","1","","keyboard","probe_digit#1","{""value"":""slot#1"",""entered"":7,""rt"":1.9275478999988991,""note"":""probe_digit#1""}","2","0.016667","60.000000","1"
"Sergio_G01_CNS-LLF5RV3D8","cpeeg02","ses02","20260511_130526","2026-05-11 13:05:45.839515","NaN","3","probe","DIGIT1_OFF","146","2026-05-11 13:10:18.111733","272.230367","0.000000","","8","","","","keyboard","digit#1 off","{""value"":8,""note"":""digit#1 off"",""pd_used"":0}","2","0.016667","60.000000","1"
"Sergio_G01_CNS-LLF5RV3D8","cpeeg02","ses02","20260511_130526","2026-05-11 13:05:45.839515","NaN","3","probe","POSTDIG_FIX1_ON","151","2026-05-11 13:10:18.112461","272.230367","1.747799","","","","","","keyboard","after digit#1","{""note"":""after digit#1""}","2","0.016667","60.000000","1"
"Sergio_G01_CNS-LLF5RV3D8","cpeeg02","ses02","20260511_130526","2026-05-11 13:05:45.839515","NaN","3","probe","POSTDIG_FIX1_OFF","156","2026-05-11 13:10:19.859946","273.978165","0.046565","","","","","","keyboard","after digit#1","{""note"":""after digit#1"",""pd_used"":0}","2","0.016667","60.000000","1"
"Sergio_G01_CNS-LLF5RV3D8","cpeeg02","ses02","20260511_130526","2026-05-11 13:05:45.839515","NaN","3","probe","DIGIT_RECALL_LINE_2","162","2026-05-11 13:10:19.911281","274.024730","0.774667","","2","","","","keyboard","next recall question","{""value"":2,""note"":""next recall question"",""pd_used"":1}","2","0.016667","60.000000","1"
"Sergio_G01_CNS-LLF5RV3D8","cpeeg02","ses02","20260511_130526","2026-05-11 13:05:45.839515","NaN","3","probe","PROBE_DIGIT_OK_2","71","2026-05-11 13:10:21.193795","274.799397","0.659456","5.081575","slot#2","7","1","","keyboard","probe_digit#2","{""value"":""slot#2"",""entered"":7,""rt"":5.0815749000030337,""note"":""probe_digit#2""}","2","0.016667","60.000000","1"
"Sergio_G01_CNS-LLF5RV3D8","cpeeg02","ses02","20260511_130526","2026-05-11 13:05:45.839515","NaN","3","probe","DIGIT2_OFF","147","2026-05-11 13:10:21.340546","275.458853","0.000000","","8","","","","keyboard","digit#2 off","{""value"":8,""note"":""digit#2 off"",""pd_used"":0}","2","0.016667","60.000000","1"
"Sergio_G01_CNS-LLF5RV3D8","cpeeg02","ses02","20260511_130526","2026-05-11 13:05:45.839515","NaN","3","probe","POSTDIG_FIX2_ON","152","2026-05-11 13:10:21.341311","275.458853","1.651753","","","","","","keyboard","after digit#2","{""note"":""after digit#2""}","2","0.016667","60.000000","1"
"Sergio_G01_CNS-LLF5RV3D8","cpeeg02","ses02","20260511_130526","2026-05-11 13:05:45.839515","NaN","3","probe","POSTDIG_FIX2_OFF","157","2026-05-11 13:10:22.992206","277.110606","0.046328","","","","","","keyboard","after digit#2","{""note"":""after digit#2"",""pd_used"":0}","2","0.016667","60.000000","1"
"Sergio_G01_CNS-LLF5RV3D8","cpeeg02","ses02","20260511_130526","2026-05-11 13:05:45.839515","NaN","3","probe","DIGIT_RECALL_LINE_3","163","2026-05-11 13:10:23.043494","277.156935","1.146053","","3","","","","keyboard","next recall question","{""value"":3,""note"":""next recall question"",""pd_used"":1}","2","0.016667","60.000000","1"
"Sergio_G01_CNS-LLF5RV3D8","cpeeg02","ses02","20260511_130526","2026-05-11 13:05:45.839515","NaN","3","probe","PROBE_DIGIT_OK_3","71","2026-05-11 13:10:24.624174","278.302988","0.585024","8.585166","slot#3","8","0","","keyboard","probe_digit#3","{""value"":""slot#3"",""entered"":8,""rt"":8.5851655000005849,""note"":""probe_digit#3""}","2","0.016667","60.000000","1"
"Sergio_G01_CNS-LLF5RV3D8","cpeeg02","ses02","20260511_130526","2026-05-11 13:05:45.839515","NaN","3","probe","DIGIT3_OFF","148","2026-05-11 13:10:24.769489","278.888012","0.000000","","8","","","","keyboard","digit#3 off","{""value"":8,""note"":""digit#3 off"",""pd_used"":0}","2","0.016667","60.000000","1"
"Sergio_G01_CNS-LLF5RV3D8","cpeeg02","ses02","20260511_130526","2026-05-11 13:05:45.839515","NaN","3","probe","POSTDIG_FIX3_ON","153","2026-05-11 13:10:24.770226","278.888012","1.854108","","","","","","keyboard","after digit#3","{""note"":""after digit#3""}","2","0.016667","60.000000","1"
"Sergio_G01_CNS-LLF5RV3D8","cpeeg02","ses02","20260511_130526","2026-05-11 13:05:45.839515","NaN","3","probe","POSTDIG_FIX3_OFF","158","2026-05-11 13:10:26.623766","280.742120","0.046177","","","","","","keyboard","after digit#3","{""note"":""after digit#3"",""pd_used"":0}","2","0.016667","60.000000","1"
"Sergio_G01_CNS-LLF5RV3D8","cpeeg02","ses02","20260511_130526","2026-05-11 13:05:45.839515","NaN","3","probe","DIGIT_RECALL_LINE_4","164","2026-05-11 13:10:26.675079","280.788298","1.378761","","4","","","","keyboard","next recall question","{""value"":4,""note"":""next recall question"",""pd_used"":1}","2","0.016667","60.000000","1"
"Sergio_G01_CNS-LLF5RV3D8","cpeeg02","ses02","20260511_130526","2026-05-11 13:05:45.839515","NaN","3","probe","PROBE_DIGIT_OK_4","71","2026-05-11 13:10:28.540354","282.167058","0.636063","12.449236","slot#4","8","1","","keyboard","probe_digit#4","{""value"":""slot#4"",""entered"":8,""rt"":12.449235899999621,""note"":""probe_digit#4""}","2","0.016667","60.000000","1"
"Sergio_G01_CNS-LLF5RV3D8","cpeeg02","ses02","20260511_130526","2026-05-11 13:05:45.839515","NaN","3","probe","DIGIT4_OFF","149","2026-05-11 13:10:28.684493","282.803121","0.000000","","8","","","","keyboard","digit#4 off","{""value"":8,""note"":""digit#4 off"",""pd_used"":0}","2","0.016667","60.000000","1"
"Sergio_G01_CNS-LLF5RV3D8","cpeeg02","ses02","20260511_130526","2026-05-11 13:05:45.839515","NaN","3","probe","POSTDIG_FIX4_ON","154","2026-05-11 13:10:28.685217","282.803121","1.999921","","","","","","keyboard","after digit#4","{""note"":""after digit#4""}","2","0.016667","60.000000","1"
"Sergio_G01_CNS-LLF5RV3D8","cpeeg02","ses02","20260511_130526","2026-05-11 13:05:45.839515","NaN","3","probe","POSTDIG_FIX4_OFF","159","2026-05-11 13:10:30.684604","284.803042","0.046072","","","","","","keyboard","after digit#4","{""note"":""after digit#4"",""pd_used"":0}","2","0.016667","60.000000","1"
"Sergio_G01_CNS-LLF5RV3D8","cpeeg02","ses02","20260511_130526","2026-05-11 13:05:45.839515","NaN","3","probe","DIGIT_RECALL_LINE_5","165","2026-05-11 13:10:30.735925","284.849113","1.061694","","5","","","","keyboard","next recall question","{""value"":5,""note"":""next recall question"",""pd_used"":1}","2","0.016667","60.000000","1"
"Sergio_G01_CNS-LLF5RV3D8","cpeeg02","ses02","20260511_130526","2026-05-11 13:05:45.839515","NaN","3","probe","PROBE_DIGIT_OK_5","71","2026-05-11 13:10:32.231493","285.910807","0.585989","16.192985","slot#5","1","0","","keyboard","probe_digit#5","{""value"":""slot#5"",""entered"":1,""rt"":16.192984699999215,""note"":""probe_digit#5""}","2","0.016667","60.000000","1"
"Sergio_G01_CNS-LLF5RV3D8","cpeeg02","ses02","20260511_130526","2026-05-11 13:05:45.839515","NaN","3","probe","DIGIT5_OFF","150","2026-05-11 13:10:32.378806","286.496796","0.000000","","8","","","","keyboard","digit#5 off","{""value"":8,""note"":""digit#5 off"",""pd_used"":0}","2","0.016667","60.000000","1"
"Sergio_G01_CNS-LLF5RV3D8","cpeeg02","ses02","20260511_130526","2026-05-11 13:05:45.839515","NaN","3","probe","POSTDIG_FIX5_ON","155","2026-05-11 13:10:32.379571","286.496796","3.462195","","","","","","keyboard","after digit#5","{""note"":""after digit#5""}","2","0.016667","60.000000","1"
"Sergio_G01_CNS-LLF5RV3D8","cpeeg02","ses02","20260511_130526","2026-05-11 13:05:45.839515","NaN","3","probe","POSTDIG_FIX5_OFF","160","2026-05-11 13:10:35.840299","289.958991","0.043448","","","","","","keyboard","after digit#5","{""note"":""after digit#5"",""pd_used"":0}","2","0.016667","60.000000","1"
"Sergio_G01_CNS-LLF5RV3D8","cpeeg02","ses02","20260511_130526","2026-05-11 13:05:45.839515","NaN","3","probe","PROBE_DONE","73","2026-05-11 13:10:35.842001","290.002439","0.000671","","","","","","keyboard","probe complete","{""value"":"""",""note"":""probe complete""}","2","0.016667","60.000000","1"
"Sergio_G01_CNS-LLF5RV3D8","cpeeg02","ses02","20260511_130526","2026-05-11 13:05:45.839515","NaN","3","probe","TRIAL_END","21","2026-05-11 13:10:35.842561","290.003110","0.111804","","","","","","keyboard","","{}","2","0.016667","60.000000","1"
"Sergio_G01_CNS-LLF5RV3D8","cpeeg02","ses02","20260511_130526","2026-05-11 13:05:45.839515","NaN","4","probe","TRIAL_CHANGE","22","2026-05-11 13:10:35.954612","290.114914","0.000908","","","","","","keyboard","trial transition","{""note"":""trial transition""}","2","0.016667","60.000000","1"
"Sergio_G01_CNS-LLF5RV3D8","cpeeg02","ses02","20260511_130526","2026-05-11 13:05:45.839515","NaN","4","probe","TRIAL_START","20","2026-05-11 13:10:35.955528","290.115822","0.043371","","","","","","keyboard","","{}","2","0.016667","60.000000","1"
"Sergio_G01_CNS-LLF5RV3D8","cpeeg02","ses02","20260511_130526","2026-05-11 13:05:45.839515","NaN","4","fix1","FIX1_ON","30","2026-05-11 13:10:36.049869","290.159193","3.408591","","","","","","keyboard","","{""pd_used"":0}","2","0.016667","60.000000","1"
"Sergio_G01_CNS-LLF5RV3D8","cpeeg02","ses02","20260511_130526","2026-05-11 13:05:45.839515","NaN","4","fix1","FIX1_OFF","31","2026-05-11 13:10:39.449206","293.567784","0.043947","","","","","","keyboard","","{""pd_used"":0}","2","0.016667","60.000000","1"
"Sergio_G01_CNS-LLF5RV3D8","cpeeg02","ses02","20260511_130526","2026-05-11 13:05:45.839515","NaN","4","digit","DIGIT1_ON","141","2026-05-11 13:10:39.500571","293.611731","0.551267","","4","","","","keyboard","digit#1 shown","{""value"":4,""note"":""digit#1 shown"",""pd_used"":1}","2","0.016667","60.000000","1"
"Sergio_G01_CNS-LLF5RV3D8","cpeeg02","ses02","20260511_130526","2026-05-11 13:05:45.839515","NaN","4","digit","DIGIT1_OFF","146","2026-05-11 13:10:40.044212","294.162998","0.000000","","4","","","","keyboard","digit#1 off","{""value"":4,""note"":""digit#1 off"",""pd_used"":0}","2","0.016667","60.000000","1"
"Sergio_G01_CNS-LLF5RV3D8","cpeeg02","ses02","20260511_130526","2026-05-11 13:05:45.839515","NaN","4","digit","POSTDIG_FIX1_ON","151","2026-05-11 13:10:40.044957","294.162998","2.004632","","","","","","keyboard","after digit#1","{""note"":""after digit#1""}","2","0.016667","60.000000","1"
"Sergio_G01_CNS-LLF5RV3D8","cpeeg02","ses02","20260511_130526","2026-05-11 13:05:45.839515","NaN","4","digit","POSTDIG_FIX1_OFF","156","2026-05-11 13:10:42.049130","296.167629","0.044037","","","","","","keyboard","after digit#1","{""note"":""after digit#1"",""pd_used"":0}","2","0.016667","60.000000","1"
"Sergio_G01_CNS-LLF5RV3D8","cpeeg02","ses02","20260511_130526","2026-05-11 13:05:45.839515","NaN","4","digit","DIGIT2_ON","142","2026-05-11 13:10:42.100332","296.211667","0.551186","","5","","","","keyboard","digit#2 shown","{""value"":5,""note"":""digit#2 shown"",""pd_used"":1}","2","0.016667","60.000000","1"
"Sergio_G01_CNS-LLF5RV3D8","cpeeg02","ses02","20260511_130526","2026-05-11 13:05:45.839515","NaN","4","digit","DIGIT2_OFF","147","2026-05-11 13:10:42.644390","296.762853","0.000000","","5","","","","keyboard","digit#2 off","{""value"":5,""note"":""digit#2 off"",""pd_used"":0}","2","0.016667","60.000000","1"
"Sergio_G01_CNS-LLF5RV3D8","cpeeg02","ses02","20260511_130526","2026-05-11 13:05:45.839515","NaN","4","digit","POSTDIG_FIX2_ON","152","2026-05-11 13:10:42.645218","296.762853","1.853460","","","","","","keyboard","after digit#2","{""note"":""after digit#2""}","2","0.016667","60.000000","1"
"Sergio_G01_CNS-LLF5RV3D8","cpeeg02","ses02","20260511_130526","2026-05-11 13:05:45.839515","NaN","4","digit","POSTDIG_FIX2_OFF","157","2026-05-11 13:10:44.497681","298.616313","0.044248","","","","","","keyboard","after digit#2","{""note"":""after digit#2"",""pd_used"":0}","2","0.016667","60.000000","1"
"Sergio_G01_CNS-LLF5RV3D8","cpeeg02","ses02","20260511_130526","2026-05-11 13:05:45.839515","NaN","4","digit","DIGIT3_ON","143","2026-05-11 13:10:44.549217","298.660561","0.551347","","0","","","","keyboard","digit#3 shown","{""value"":0,""note"":""digit#3 shown"",""pd_used"":1}","2","0.016667","60.000000","1"
"Sergio_G01_CNS-LLF5RV3D8","cpeeg02","ses02","20260511_130526","2026-05-11 13:05:45.839515","NaN","4","digit","DIGIT3_OFF","148","2026-05-11 13:10:45.093351","299.211908","0.000000","","0","","","","keyboard","digit#3 off","{""value"":0,""note"":""digit#3 off"",""pd_used"":0}","2","0.016667","60.000000","1"
"Sergio_G01_CNS-LLF5RV3D8","cpeeg02","ses02","20260511_130526","2026-05-11 13:05:45.839515","NaN","4","digit","POSTDIG_FIX3_ON","153","2026-05-11 13:10:45.094071","299.211908","1.661817","","","","","","keyboard","after digit#3","{""note"":""after digit#3""}","2","0.016667","60.000000","1"
"Sergio_G01_CNS-LLF5RV3D8","cpeeg02","ses02","20260511_130526","2026-05-11 13:05:45.839515","NaN","4","digit","POSTDIG_FIX3_OFF","158","2026-05-11 13:10:46.755108","300.873725","0.044072","","","","","","keyboard","after digit#3","{""note"":""after digit#3"",""pd_used"":0}","2","0.016667","60.000000","1"
"Sergio_G01_CNS-LLF5RV3D8","cpeeg02","ses02","20260511_130526","2026-05-11 13:05:45.839515","NaN","4","digit","DIGIT4_ON","144","2026-05-11 13:10:46.806553","300.917798","0.551384","","2","","","","keyboard","digit#4 shown","{""value"":2,""note"":""digit#4 shown"",""pd_used"":1}","2","0.016667","60.000000","1"
"Sergio_G01_CNS-LLF5RV3D8","cpeeg02","ses02","20260511_130526","2026-05-11 13:05:45.839515","NaN","4","digit","DIGIT4_OFF","149","2026-05-11 13:10:47.350457","301.469181","0.000000","","2","","","","keyboard","digit#4 off","{""value"":2,""note"":""digit#4 off"",""pd_used"":0}","2","0.016667","60.000000","1"
"Sergio_G01_CNS-LLF5RV3D8","cpeeg02","ses02","20260511_130526","2026-05-11 13:05:45.839515","NaN","4","digit","POSTDIG_FIX4_ON","154","2026-05-11 13:10:47.351207","301.469181","1.594472","","","","","","keyboard","after digit#4","{""note"":""after digit#4""}","2","0.016667","60.000000","1"
"Sergio_G01_CNS-LLF5RV3D8","cpeeg02","ses02","20260511_130526","2026-05-11 13:05:45.839515","NaN","4","digit","POSTDIG_FIX4_OFF","159","2026-05-11 13:10:48.944994","303.063653","0.043803","","","","","","keyboard","after digit#4","{""note"":""after digit#4"",""pd_used"":0}","2","0.016667","60.000000","1"
"Sergio_G01_CNS-LLF5RV3D8","cpeeg02","ses02","20260511_130526","2026-05-11 13:05:45.839515","NaN","4","digit","DIGIT5_ON","145","2026-05-11 13:10:48.996347","303.107457","0.551623","","4","","","","keyboard","digit#5 shown","{""value"":4,""note"":""digit#5 shown"",""pd_used"":1}","2","0.016667","60.000000","1"
"Sergio_G01_CNS-LLF5RV3D8","cpeeg02","ses02","20260511_130526","2026-05-11 13:05:45.839515","NaN","4","digit","DIGIT5_OFF","150","2026-05-11 13:10:49.540604","303.659079","0.000000","","4","","","","keyboard","digit#5 off","{""value"":4,""note"":""digit#5 off"",""pd_used"":0}","2","0.016667","60.000000","1"
"Sergio_G01_CNS-LLF5RV3D8","cpeeg02","ses02","20260511_130526","2026-05-11 13:05:45.839515","NaN","4","digit","POSTDIG_FIX5_ON","155","2026-05-11 13:10:49.541370","303.659079","3.360471","","","","","","keyboard","after digit#5","{""note"":""after digit#5""}","2","0.016667","60.000000","1"
"Sergio_G01_CNS-LLF5RV3D8","cpeeg02","ses02","20260511_130526","2026-05-11 13:05:45.839515","NaN","4","digit","POSTDIG_FIX5_OFF","160","2026-05-11 13:10:52.900938","307.019550","0.044182","","","","","","keyboard","after digit#5","{""note"":""after digit#5"",""pd_used"":0}","2","0.016667","60.000000","1"
"Sergio_G01_CNS-LLF5RV3D8","cpeeg02","ses02","20260511_130526","2026-05-11 13:05:45.839515","NaN","4","distractor","DISTRACTOR_ON","50","2026-05-11 13:10:52.952391","307.063733","8.731041","","2+4=6","","","","keyboard","","{""value"":""2+4=6"",""isCorrectTruth"":true,""trueSum"":6,""pd_used"":1}","2","0.016667","60.000000","1"
"Sergio_G01_CNS-LLF5RV3D8","cpeeg02","ses02","20260511_130526","2026-05-11 13:05:45.839515","NaN","4","distractor","DISTRACTOR_ANS","51","2026-05-11 13:11:02.274009","315.794774","0.000000","8.731041","2+4=6","F","0","","keyboard","key= (False)","{""value"":""2+4=6"",""entered"":""F"",""rt"":8.7310414999956265,""correct"":0,""note"":""key= (False)"",""truth"":true,""trueSum"":6,""shownSum"":6,""a"":2,""b"":4}","2","0.016667","60.000000","1"
"Sergio_G01_CNS-LLF5RV3D8","cpeeg02","ses02","20260511_130526","2026-05-11 13:05:45.839515","NaN","4","distractor","ANS_WRONG","200","2026-05-11 13:11:02.316557","315.794774","0.684326","","","","","","keyboard","","{}","2","0.016667","60.000000","1"
"Sergio_G01_CNS-LLF5RV3D8","cpeeg02","ses02","20260511_130526","2026-05-11 13:05:45.839515","NaN","4","distractor","DISTRACTOR_OFF","52","2026-05-11 13:11:02.367348","316.479100","0.000000","","","","","","keyboard","","{""pd_used"":0}","2","0.016667","60.000000","1"
"Sergio_G01_CNS-LLF5RV3D8","cpeeg02","ses02","20260511_130526","2026-05-11 13:05:45.839515","NaN","4","distractor","FIX2_ON","60","2026-05-11 13:11:02.368071","316.479100","3.227649","","","","","","keyboard","immediate after response","{""note"":""immediate after response""}","2","0.016667","60.000000","1"
"Sergio_G01_CNS-LLF5RV3D8","cpeeg02","ses02","20260511_130526","2026-05-11 13:05:45.839515","NaN","4","fix2","FIX2_OFF","61","2026-05-11 13:11:05.588192","319.706749","0.044085","","","","","","keyboard","","{""pd_used"":0}","2","0.016667","60.000000","1"
"Sergio_G01_CNS-LLF5RV3D8","cpeeg02","ses02","20260511_130526","2026-05-11 13:05:45.839515","NaN","4","probe","DIGIT_RECALL_LINE_1","161","2026-05-11 13:11:05.639427","319.750834","2.954762","","1","","","","keyboard","first recall question","{""value"":1,""note"":""first recall question"",""pd_used"":1}","2","0.016667","60.000000","1"
"Sergio_G01_CNS-LLF5RV3D8","cpeeg02","ses02","20260511_130526","2026-05-11 13:05:45.839515","NaN","4","probe","PROBE_DIGIT_OK_1","71","2026-05-11 13:11:09.153818","322.705596","0.707400","2.956141","slot#1","2","0","","keyboard","probe_digit#1","{""value"":""slot#1"",""entered"":2,""rt"":2.9561410999958753,""note"":""probe_digit#1""}","2","0.016667","60.000000","1"
"Sergio_G01_CNS-LLF5RV3D8","cpeeg02","ses02","20260511_130526","2026-05-11 13:05:45.839515","NaN","4","probe","DIGIT1_OFF","146","2026-05-11 13:11:09.294325","323.412996","0.000000","","4","","","","keyboard","digit#1 off","{""value"":4,""note"":""digit#1 off"",""pd_used"":0}","2","0.016667","60.000000","1"
"Sergio_G01_CNS-LLF5RV3D8","cpeeg02","ses02","20260511_130526","2026-05-11 13:05:45.839515","NaN","4","probe","POSTDIG_FIX1_ON","151","2026-05-11 13:11:09.295031","323.412996","1.653628","","","","","","keyboard","after digit#1","{""note"":""after digit#1""}","2","0.016667","60.000000","1"
"Sergio_G01_CNS-LLF5RV3D8","cpeeg02","ses02","20260511_130526","2026-05-11 13:05:45.839515","NaN","4","probe","POSTDIG_FIX1_OFF","156","2026-05-11 13:11:10.947971","325.066624","0.046301","","","","","","keyboard","after digit#1","{""note"":""after digit#1"",""pd_used"":0}","2","0.016667","60.000000","1"
"Sergio_G01_CNS-LLF5RV3D8","cpeeg02","ses02","20260511_130526","2026-05-11 13:05:45.839515","NaN","4","probe","DIGIT_RECALL_LINE_2","162","2026-05-11 13:11:10.999240","325.112925","0.742384","","2","","","","keyboard","next recall question","{""value"":2,""note"":""next recall question"",""pd_used"":1}","2","0.016667","60.000000","1"
"Sergio_G01_CNS-LLF5RV3D8","cpeeg02","ses02","20260511_130526","2026-05-11 13:05:45.839515","NaN","4","probe","PROBE_DIGIT_OK_2","71","2026-05-11 13:11:12.234917","325.855310","0.651379","6.105855","slot#2","7","0","","keyboard","probe_digit#2","{""value"":""slot#2"",""entered"":7,""rt"":6.1058546999993268,""note"":""probe_digit#2""}","2","0.016667","60.000000","1"
"Sergio_G01_CNS-LLF5RV3D8","cpeeg02","ses02","20260511_130526","2026-05-11 13:05:45.839515","NaN","4","probe","DIGIT2_OFF","147","2026-05-11 13:11:12.387879","326.506689","0.000000","","4","","","","keyboard","digit#2 off","{""value"":4,""note"":""digit#2 off"",""pd_used"":0}","2","0.016667","60.000000","1"
"Sergio_G01_CNS-LLF5RV3D8","cpeeg02","ses02","20260511_130526","2026-05-11 13:05:45.839515","NaN","4","probe","POSTDIG_FIX2_ON","152","2026-05-11 13:11:12.388604","326.506689","1.923622","","","","","","keyboard","after digit#2","{""note"":""after digit#2""}","2","0.016667","60.000000","1"
"Sergio_G01_CNS-LLF5RV3D8","cpeeg02","ses02","20260511_130526","2026-05-11 13:05:45.839515","NaN","4","probe","POSTDIG_FIX2_OFF","157","2026-05-11 13:11:14.311913","328.430312","0.046350","","","","","","keyboard","after digit#2","{""note"":""after digit#2"",""pd_used"":0}","2","0.016667","60.000000","1"
"Sergio_G01_CNS-LLF5RV3D8","cpeeg02","ses02","20260511_130526","2026-05-11 13:05:45.839515","NaN","4","probe","DIGIT_RECALL_LINE_3","163","2026-05-11 13:11:14.363037","328.476662","2.564344","","3","","","","keyboard","next recall question","{""value"":3,""note"":""next recall question"",""pd_used"":1}","2","0.016667","60.000000","1"
"Sergio_G01_CNS-LLF5RV3D8","cpeeg02","ses02","20260511_130526","2026-05-11 13:05:45.839515","NaN","4","probe","PROBE_DIGIT_OK_3","71","2026-05-11 13:11:17.341829","331.041005","0.563445","11.291550","slot#3","5","0","","keyboard","probe_digit#3","{""value"":""slot#3"",""entered"":5,""rt"":11.291550199995982,""note"":""probe_digit#3""}","2","0.016667","60.000000","1"
"Sergio_G01_CNS-LLF5RV3D8","cpeeg02","ses02","20260511_130526","2026-05-11 13:05:45.839515","NaN","4","probe","DIGIT3_OFF","148","2026-05-11 13:11:17.486042","331.604450","0.000000","","4","","","","keyboard","digit#3 off","{""value"":4,""note"":""digit#3 off"",""pd_used"":0}","2","0.016667","60.000000","1"
"Sergio_G01_CNS-LLF5RV3D8","cpeeg02","ses02","20260511_130526","2026-05-11 13:05:45.839515","NaN","4","probe","POSTDIG_FIX3_ON","153","2026-05-11 13:11:17.486762","331.604450","1.727046","","","","","","keyboard","after digit#3","{""note"":""after digit#3""}","2","0.016667","60.000000","1"
"Sergio_G01_CNS-LLF5RV3D8","cpeeg02","ses02","20260511_130526","2026-05-11 13:05:45.839515","NaN","4","probe","POSTDIG_FIX3_OFF","158","2026-05-11 13:11:19.212956","333.331495","0.046142","","","","","","keyboard","after digit#3","{""note"":""after digit#3"",""pd_used"":0}","2","0.016667","60.000000","1"
"Sergio_G01_CNS-LLF5RV3D8","cpeeg02","ses02","20260511_130526","2026-05-11 13:05:45.839515","NaN","4","probe","DIGIT_RECALL_LINE_4","164","2026-05-11 13:11:19.264387","333.377638","0.890970","","4","","","","keyboard","next recall question","{""value"":4,""note"":""next recall question"",""pd_used"":1}","2","0.016667","60.000000","1"
"Sergio_G01_CNS-LLF5RV3D8","cpeeg02","ses02","20260511_130526","2026-05-11 13:05:45.839515","NaN","4","probe","PROBE_DIGIT_OK_4","71","2026-05-11 13:11:20.481476","334.268608","0.472906","14.519153","slot#4","4","0","","keyboard","probe_digit#4","{""value"":""slot#4"",""entered"":4,""rt"":14.519152900000336,""note"":""probe_digit#4""}","2","0.016667","60.000000","1"
"Sergio_G01_CNS-LLF5RV3D8","cpeeg02","ses02","20260511_130526","2026-05-11 13:05:45.839515","NaN","4","probe","DIGIT4_OFF","149","2026-05-11 13:11:20.622674","334.741514","0.000000","","4","","","","keyboard","digit#4 off","{""value"":4,""note"":""digit#4 off"",""pd_used"":0}","2","0.016667","60.000000","1"
"Sergio_G01_CNS-LLF5RV3D8","cpeeg02","ses02","20260511_130526","2026-05-11 13:05:45.839515","NaN","4","probe","POSTDIG_FIX4_ON","154","2026-05-11 13:11:20.623391","334.741514","1.858735","","","","","","keyboard","after digit#4","{""note"":""after digit#4""}","2","0.016667","60.000000","1"
"Sergio_G01_CNS-LLF5RV3D8","cpeeg02","ses02","20260511_130526","2026-05-11 13:05:45.839515","NaN","4","probe","POSTDIG_FIX4_OFF","159","2026-05-11 13:11:22.481490","336.600249","0.045802","","","","","","keyboard","after digit#4","{""note"":""after digit#4"",""pd_used"":0}","2","0.016667","60.000000","1"
"Sergio_G01_CNS-LLF5RV3D8","cpeeg02","ses02","20260511_130526","2026-05-11 13:05:45.839515","NaN","4","probe","DIGIT_RECALL_LINE_5","165","2026-05-11 13:11:22.532733","336.646051","1.338093","","5","","","","keyboard","next recall question","{""value"":5,""note"":""next recall question"",""pd_used"":1}","2","0.016667","60.000000","1"
"Sergio_G01_CNS-LLF5RV3D8","cpeeg02","ses02","20260511_130526","2026-05-11 13:05:45.839515","NaN","4","probe","PROBE_DIGIT_OK_5","71","2026-05-11 13:11:24.461693","337.984144","0.747725","18.234689","slot#5","1","0","","keyboard","probe_digit#5","{""value"":""slot#5"",""entered"":1,""rt"":18.234689299999445,""note"":""probe_digit#5""}","2","0.016667","60.000000","1"
"Sergio_G01_CNS-LLF5RV3D8","cpeeg02","ses02","20260511_130526","2026-05-11 13:05:45.839515","NaN","4","probe","DIGIT5_OFF","150","2026-05-11 13:11:24.612990","338.731869","0.000000","","4","","","","keyboard","digit#5 off","{""value"":4,""note"":""digit#5 off"",""pd_used"":0}","2","0.016667","60.000000","1"
"Sergio_G01_CNS-LLF5RV3D8","cpeeg02","ses02","20260511_130526","2026-05-11 13:05:45.839515","NaN","4","probe","POSTDIG_FIX5_ON","155","2026-05-11 13:11:24.613710","338.731869","3.332358","","","","","","keyboard","after digit#5","{""note"":""after digit#5""}","2","0.016667","60.000000","1"
"Sergio_G01_CNS-LLF5RV3D8","cpeeg02","ses02","20260511_130526","2026-05-11 13:05:45.839515","NaN","4","probe","POSTDIG_FIX5_OFF","160","2026-05-11 13:11:27.945548","342.064227","0.043433","","","","","","keyboard","after digit#5","{""note"":""after digit#5"",""pd_used"":0}","2","0.016667","60.000000","1"
"Sergio_G01_CNS-LLF5RV3D8","cpeeg02","ses02","20260511_130526","2026-05-11 13:05:45.839515","NaN","4","probe","PROBE_DONE","73","2026-05-11 13:11:27.947189","342.107660","0.000608","","","","","","keyboard","probe complete","{""value"":"""",""note"":""probe complete""}","2","0.016667","60.000000","1"
"Sergio_G01_CNS-LLF5RV3D8","cpeeg02","ses02","20260511_130526","2026-05-11 13:05:45.839515","NaN","4","probe","TRIAL_END","21","2026-05-11 13:11:27.947740","342.108268","0.108252","","","","","","keyboard","","{}","2","0.016667","60.000000","1"
"Sergio_G01_CNS-LLF5RV3D8","cpeeg02","ses02","20260511_130526","2026-05-11 13:05:45.839515","NaN","5","probe","TRIAL_CHANGE","22","2026-05-11 13:11:28.056233","342.216520","0.000892","","","","","","keyboard","trial transition","{""note"":""trial transition""}","2","0.016667","60.000000","1"
"Sergio_G01_CNS-LLF5RV3D8","cpeeg02","ses02","20260511_130526","2026-05-11 13:05:45.839515","NaN","5","probe","TRIAL_START","20","2026-05-11 13:11:28.056864","342.217412","0.043211","","","","","","keyboard","","{}","2","0.016667","60.000000","1"
"Sergio_G01_CNS-LLF5RV3D8","cpeeg02","ses02","20260511_130526","2026-05-11 13:05:45.839515","NaN","5","fix1","FIX1_ON","30","2026-05-11 13:11:28.150325","342.260623","3.508123","","","","","","keyboard","","{""pd_used"":0}","2","0.016667","60.000000","1"
"Sergio_G01_CNS-LLF5RV3D8","cpeeg02","ses02","20260511_130526","2026-05-11 13:05:45.839515","NaN","5","fix1","FIX1_OFF","31","2026-05-11 13:11:31.649951","345.768746","0.043736","","","","","","keyboard","","{""pd_used"":0}","2","0.016667","60.000000","1"
"Sergio_G01_CNS-LLF5RV3D8","cpeeg02","ses02","20260511_130526","2026-05-11 13:05:45.839515","NaN","5","digit","DIGIT1_ON","141","2026-05-11 13:11:31.701292","345.812482","0.551318","","0","","","","keyboard","digit#1 shown","{""value"":0,""note"":""digit#1 shown"",""pd_used"":1}","2","0.016667","60.000000","1"
"Sergio_G01_CNS-LLF5RV3D8","cpeeg02","ses02","20260511_130526","2026-05-11 13:05:45.839515","NaN","5","digit","DIGIT1_OFF","146","2026-05-11 13:11:32.245332","346.363800","0.000000","","0","","","","keyboard","digit#1 off","{""value"":0,""note"":""digit#1 off"",""pd_used"":0}","2","0.016667","60.000000","1"
"Sergio_G01_CNS-LLF5RV3D8","cpeeg02","ses02","20260511_130526","2026-05-11 13:05:45.839515","NaN","5","digit","POSTDIG_FIX1_ON","151","2026-05-11 13:11:32.246109","346.363800","1.701663","","","","","","keyboard","after digit#1","{""note"":""after digit#1""}","2","0.016667","60.000000","1"
"Sergio_G01_CNS-LLF5RV3D8","cpeeg02","ses02","20260511_130526","2026-05-11 13:05:45.839515","NaN","5","digit","POSTDIG_FIX1_OFF","156","2026-05-11 13:11:33.946642","348.065463","0.043597","","","","","","keyboard","after digit#1","{""note"":""after digit#1"",""pd_used"":0}","2","0.016667","60.000000","1"
"Sergio_G01_CNS-LLF5RV3D8","cpeeg02","ses02","20260511_130526","2026-05-11 13:05:45.839515","NaN","5","digit","DIGIT2_ON","142","2026-05-11 13:11:33.997945","348.109060","0.551636","","4","","","","keyboard","digit#2 shown","{""value"":4,""note"":""digit#2 shown"",""pd_used"":1}","2","0.016667","60.000000","1"
"Sergio_G01_CNS-LLF5RV3D8","cpeeg02","ses02","20260511_130526","2026-05-11 13:05:45.839515","NaN","5","digit","DIGIT2_OFF","147","2026-05-11 13:11:34.541971","348.660696","0.000000","","4","","","","keyboard","digit#2 off","{""value"":4,""note"":""digit#2 off"",""pd_used"":0}","2","0.016667","60.000000","1"
"Sergio_G01_CNS-LLF5RV3D8","cpeeg02","ses02","20260511_130526","2026-05-11 13:05:45.839515","NaN","5","digit","POSTDIG_FIX2_ON","152","2026-05-11 13:11:34.542682","348.660696","1.983372","","","","","","keyboard","after digit#2","{""note"":""after digit#2""}","2","0.016667","60.000000","1"
"Sergio_G01_CNS-LLF5RV3D8","cpeeg02","ses02","20260511_130526","2026-05-11 13:05:45.839515","NaN","5","digit","POSTDIG_FIX2_OFF","157","2026-05-11 13:11:36.525369","350.644068","0.043777","","","","","","keyboard","after digit#2","{""note"":""after digit#2"",""pd_used"":0}","2","0.016667","60.000000","1"
"Sergio_G01_CNS-LLF5RV3D8","cpeeg02","ses02","20260511_130526","2026-05-11 13:05:45.839515","NaN","5","digit","DIGIT3_ON","143","2026-05-11 13:11:36.576446","350.687845","0.551171","","2","","","","keyboard","digit#3 shown","{""value"":2,""note"":""digit#3 shown"",""pd_used"":1}","2","0.016667","60.000000","1"
"Sergio_G01_CNS-LLF5RV3D8","cpeeg02","ses02","20260511_130526","2026-05-11 13:05:45.839515","NaN","5","digit","DIGIT3_OFF","148","2026-05-11 13:11:37.120247","351.239016","0.000000","","2","","","","keyboard","digit#3 off","{""value"":2,""note"":""digit#3 off"",""pd_used"":0}","2","0.016667","60.000000","1"
"Sergio_G01_CNS-LLF5RV3D8","cpeeg02","ses02","20260511_130526","2026-05-11 13:05:45.839515","NaN","5","digit","POSTDIG_FIX3_ON","153","2026-05-11 13:11:37.121001","351.239016","1.661850","","","","","","keyboard","after digit#3","{""note"":""after digit#3""}","2","0.016667","60.000000","1"
"Sergio_G01_CNS-LLF5RV3D8","cpeeg02","ses02","20260511_130526","2026-05-11 13:05:45.839515","NaN","5","digit","POSTDIG_FIX3_OFF","158","2026-05-11 13:11:38.782252","352.900866","0.043921","","","","","","keyboard","after digit#3","{""note"":""after digit#3"",""pd_used"":0}","2","0.016667","60.000000","1"
"Sergio_G01_CNS-LLF5RV3D8","cpeeg02","ses02","20260511_130526","2026-05-11 13:05:45.839515","NaN","5","digit","DIGIT4_ON","144","2026-05-11 13:11:38.833732","352.944787","0.551468","","5","","","","keyboard","digit#4 shown","{""value"":5,""note"":""digit#4 shown"",""pd_used"":1}","2","0.016667","60.000000","1"
"Sergio_G01_CNS-LLF5RV3D8","cpeeg02","ses02","20260511_130526","2026-05-11 13:05:45.839515","NaN","5","digit","DIGIT4_OFF","149","2026-05-11 13:11:39.377516","353.496255","0.000000","","5","","","","keyboard","digit#4 off","{""value"":5,""note"":""digit#4 off"",""pd_used"":0}","2","0.016667","60.000000","1"
"Sergio_G01_CNS-LLF5RV3D8","cpeeg02","ses02","20260511_130526","2026-05-11 13:05:45.839515","NaN","5","digit","POSTDIG_FIX4_ON","154","2026-05-11 13:11:39.378233","353.496255","1.911355","","","","","","keyboard","after digit#4","{""note"":""after digit#4""}","2","0.016667","60.000000","1"
"Sergio_G01_CNS-LLF5RV3D8","cpeeg02","ses02","20260511_130526","2026-05-11 13:05:45.839515","NaN","5","digit","POSTDIG_FIX4_OFF","159","2026-05-11 13:11:41.288903","355.407610","0.043824","","","","","","keyboard","after digit#4","{""note"":""after digit#4"",""pd_used"":0}","2","0.016667","60.000000","1"
"Sergio_G01_CNS-LLF5RV3D8","cpeeg02","ses02","20260511_130526","2026-05-11 13:05:45.839515","NaN","5","digit","DIGIT5_ON","145","2026-05-11 13:11:41.340119","355.451434","0.551118","","7","","","","keyboard","digit#5 shown","{""value"":7,""note"":""digit#5 shown"",""pd_used"":1}","2","0.016667","60.000000","1"
"Sergio_G01_CNS-LLF5RV3D8","cpeeg02","ses02","20260511_130526","2026-05-11 13:05:45.839515","NaN","5","digit","DIGIT5_OFF","150","2026-05-11 13:11:41.883770","356.002552","0.000000","","7","","","","keyboard","digit#5 off","{""value"":7,""note"":""digit#5 off"",""pd_used"":0}","2","0.016667","60.000000","1"
"Sergio_G01_CNS-LLF5RV3D8","cpeeg02","ses02","20260511_130526","2026-05-11 13:05:45.839515","NaN","5","digit","POSTDIG_FIX5_ON","155","2026-05-11 13:11:41.884473","356.002552","3.270776","","","","","","keyboard","after digit#5","{""note"":""after digit#5""}","2","0.016667","60.000000","1"
"Sergio_G01_CNS-LLF5RV3D8","cpeeg02","ses02","20260511_130526","2026-05-11 13:05:45.839515","NaN","5","digit","POSTDIG_FIX5_OFF","160","2026-05-11 13:11:45.154497","359.273328","0.043694","","","","","","keyboard","after digit#5","{""note"":""after digit#5"",""pd_used"":0}","2","0.016667","60.000000","1"
"Sergio_G01_CNS-LLF5RV3D8","cpeeg02","ses02","20260511_130526","2026-05-11 13:05:45.839515","NaN","5","distractor","DISTRACTOR_ON","50","2026-05-11 13:11:45.205943","359.317022","2.561574","","4+3=9","","","","keyboard","","{""value"":""4+3=9"",""isCorrectTruth"":false,""trueSum"":7,""pd_used"":1}","2","0.016667","60.000000","1"
"Sergio_G01_CNS-LLF5RV3D8","cpeeg02","ses02","20260511_130526","2026-05-11 13:05:45.839515","NaN","5","distractor","DISTRACTOR_ANS","51","2026-05-11 13:11:48.311846","361.878596","0.000000","2.561574","4+3=9","F","1","","keyboard","key= (False)","{""value"":""4+3=9"",""entered"":""F"",""rt"":2.5615735999963363,""correct"":1,""note"":""key= (False)"",""truth"":false,""trueSum"":7,""shownSum"":9,""a"":4,""b"":3}","2","0.016667","60.000000","1"
"Sergio_G01_CNS-LLF5RV3D8","cpeeg02","ses02","20260511_130526","2026-05-11 13:05:45.839515","NaN","5","distractor","ANS_CORRECT","100","2026-05-11 13:11:48.354162","361.878596","0.637802","","","","","","keyboard","","{}","2","0.016667","60.000000","1"
"Sergio_G01_CNS-LLF5RV3D8","cpeeg02","ses02","20260511_130526","2026-05-11 13:05:45.839515","NaN","5","distractor","DISTRACTOR_OFF","52","2026-05-11 13:11:48.405615","362.516398","0.000000","","","","","","keyboard","","{""pd_used"":0}","2","0.016667","60.000000","1"
"Sergio_G01_CNS-LLF5RV3D8","cpeeg02","ses02","20260511_130526","2026-05-11 13:05:45.839515","NaN","5","distractor","FIX2_ON","60","2026-05-11 13:11:48.406303","362.516398","3.133790","","","","","","keyboard","immediate after response","{""note"":""immediate after response""}","2","0.016667","60.000000","1"
"Sergio_G01_CNS-LLF5RV3D8","cpeeg02","ses02","20260511_130526","2026-05-11 13:05:45.839515","NaN","5","fix2","FIX2_OFF","61","2026-05-11 13:11:51.531821","365.650188","0.044237","","","","","","keyboard","","{""pd_used"":0}","2","0.016667","60.000000","1"
"Sergio_G01_CNS-LLF5RV3D8","cpeeg02","ses02","20260511_130526","2026-05-11 13:05:45.839515","NaN","5","probe","DIGIT_RECALL_LINE_1","161","2026-05-11 13:11:51.582954","365.694425","1.939088","","1","","","","keyboard","first recall question","{""value"":1,""note"":""first recall question"",""pd_used"":1}","2","0.016667","60.000000","1"
"Sergio_G01_CNS-LLF5RV3D8","cpeeg02","ses02","20260511_130526","2026-05-11 13:05:45.839515","NaN","5","probe","PROBE_DIGIT_OK_1","71","2026-05-11 13:11:54.080990","367.633513","0.717420","1.940416","slot#1","0","1","","keyboard","probe_digit#1","{""value"":""slot#1"",""entered"":0,""rt"":1.9404157000026316,""note"":""probe_digit#1""}","2","0.016667","60.000000","1"
"Sergio_G01_CNS-LLF5RV3D8","cpeeg02","ses02","20260511_130526","2026-05-11 13:05:45.839515","NaN","5","probe","DIGIT1_OFF","146","2026-05-11 13:11:54.232218","368.350934","0.000000","","7","","","","keyboard","digit#1 off","{""value"":7,""note"":""digit#1 off"",""pd_used"":0}","2","0.016667","60.000000","1"
"Sergio_G01_CNS-LLF5RV3D8","cpeeg02","ses02","20260511_130526","2026-05-11 13:05:45.839515","NaN","5","probe","POSTDIG_FIX1_ON","151","2026-05-11 13:11:54.232934","368.350934","2.006780","","","","","","keyboard","after digit#1","{""note"":""after digit#1""}","2","0.016667","60.000000","1"
"Sergio_G01_CNS-LLF5RV3D8","cpeeg02","ses02","20260511_130526","2026-05-11 13:05:45.839515","NaN","5","probe","POSTDIG_FIX1_OFF","156","2026-05-11 13:11:56.239083","370.357714","0.045893","","","","","","keyboard","after digit#1","{""note"":""after digit#1"",""pd_used"":0}","2","0.016667","60.000000","1"
"Sergio_G01_CNS-LLF5RV3D8","cpeeg02","ses02","20260511_130526","2026-05-11 13:05:45.839515","NaN","5","probe","DIGIT_RECALL_LINE_2","162","2026-05-11 13:11:56.290384","370.403607","0.550678","","2","","","","keyboard","next recall question","{""value"":2,""note"":""next recall question"",""pd_used"":1}","2","0.016667","60.000000","1"
"Sergio_G01_CNS-LLF5RV3D8","cpeeg02","ses02","20260511_130526","2026-05-11 13:05:45.839515","NaN","5","probe","PROBE_DIGIT_OK_2","71","2026-05-11 13:11:57.220774","370.954285","0.534123","5.261188","slot#2","5","0","","keyboard","probe_digit#2","{""value"":""slot#2"",""entered"":5,""rt"":5.2611875000002328,""note"":""probe_digit#2""}","2","0.016667","60.000000","1"
"Sergio_G01_CNS-LLF5RV3D8","cpeeg02","ses02","20260511_130526","2026-05-11 13:05:45.839515","NaN","5","probe","DIGIT2_OFF","147","2026-05-11 13:11:57.369627","371.488408","0.000000","","7","","","","keyboard","digit#2 off","{""value"":7,""note"":""digit#2 off"",""pd_used"":0}","2","0.016667","60.000000","1"
"Sergio_G01_CNS-LLF5RV3D8","cpeeg02","ses02","20260511_130526","2026-05-11 13:05:45.839515","NaN","5","probe","POSTDIG_FIX2_ON","152","2026-05-11 13:11:57.370351","371.488408","1.991452","","","","","","keyboard","after digit#2","{""note"":""after digit#2""}","2","0.016667","60.000000","1"
"Sergio_G01_CNS-LLF5RV3D8","cpeeg02","ses02","20260511_130526","2026-05-11 13:05:45.839515","NaN","5","probe","POSTDIG_FIX2_OFF","157","2026-05-11 13:11:59.361296","373.479860","0.046270","","","","","","keyboard","after digit#2","{""note"":""after digit#2"",""pd_used"":0}","2","0.016667","60.000000","1"
"Sergio_G01_CNS-LLF5RV3D8","cpeeg02","ses02","20260511_130526","2026-05-11 13:05:45.839515","NaN","5","probe","DIGIT_RECALL_LINE_3","163","2026-05-11 13:11:59.412586","373.526130","0.560176","","3","","","","keyboard","next recall question","{""value"":3,""note"":""next recall question"",""pd_used"":1}","2","0.016667","60.000000","1"
"Sergio_G01_CNS-LLF5RV3D8","cpeeg02","ses02","20260511_130526","2026-05-11 13:05:45.839515","NaN","5","probe","PROBE_DIGIT_OK_3","71","2026-05-11 13:12:00.523913","374.086306","0.700237","8.393209","slot#3","2","1","","keyboard","probe_digit#3","{""value"":""slot#3"",""entered"":2,""rt"":8.39320850000513,""note"":""probe_digit#3""}","2","0.016667","60.000000","1"
"Sergio_G01_CNS-LLF5RV3D8","cpeeg02","ses02","20260511_130526","2026-05-11 13:05:45.839515","NaN","5","probe","DIGIT3_OFF","148","2026-05-11 13:12:00.668023","374.786543","0.000000","","7","","","","keyboard","digit#3 off","{""value"":7,""note"":""digit#3 off"",""pd_used"":0}","2","0.016667","60.000000","1"
"Sergio_G01_CNS-LLF5RV3D8","cpeeg02","ses02","20260511_130526","2026-05-11 13:05:45.839515","NaN","5","probe","POSTDIG_FIX3_ON","153","2026-05-11 13:12:00.668758","374.786543","1.731012","","","","","","keyboard","after digit#3","{""note"":""after digit#3""}","2","0.016667","60.000000","1"
"Sergio_G01_CNS-LLF5RV3D8","cpeeg02","ses02","20260511_130526","2026-05-11 13:05:45.839515","NaN","5","probe","POSTDIG_FIX3_OFF","158","2026-05-11 13:12:02.398965","376.517555","0.045997","","","","","","keyboard","after digit#3","{""note"":""after digit#3"",""pd_used"":0}","2","0.016667","60.000000","1"
"Sergio_G01_CNS-LLF5RV3D8","cpeeg02","ses02","20260511_130526","2026-05-11 13:05:45.839515","NaN","5","probe","DIGIT_RECALL_LINE_4","164","2026-05-11 13:12:02.450337","376.563552","0.531615","","4","","","","keyboard","next recall question","{""value"":4,""note"":""next recall question"",""pd_used"":1}","2","0.016667","60.000000","1"
"Sergio_G01_CNS-LLF5RV3D8","cpeeg02","ses02","20260511_130526","2026-05-11 13:05:45.839515","NaN","5","probe","PROBE_DIGIT_OK_4","71","2026-05-11 13:12:03.630684","377.095167","0.811982","11.402069","slot#4","7","0","","keyboard","probe_digit#4","{""value"":""slot#4"",""entered"":7,""rt"":11.402069100004155,""note"":""probe_digit#4""}","2","0.016667","60.000000","1"
"Sergio_G01_CNS-LLF5RV3D8","cpeeg02","ses02","20260511_130526","2026-05-11 13:05:45.839515","NaN","5","probe","DIGIT4_OFF","149","2026-05-11 13:12:03.788682","377.907149","0.000000","","7","","","","keyboard","digit#4 off","{""value"":7,""note"":""digit#4 off"",""pd_used"":0}","2","0.016667","60.000000","1"
"Sergio_G01_CNS-LLF5RV3D8","cpeeg02","ses02","20260511_130526","2026-05-11 13:05:45.839515","NaN","5","probe","POSTDIG_FIX4_ON","154","2026-05-11 13:12:03.789447","377.907149","1.780828","","","","","","keyboard","after digit#4","{""note"":""after digit#4""}","2","0.016667","60.000000","1"
"Sergio_G01_CNS-LLF5RV3D8","cpeeg02","ses02","20260511_130526","2026-05-11 13:05:45.839515","NaN","5","probe","POSTDIG_FIX4_OFF","159","2026-05-11 13:12:05.569417","379.687977","0.046026","","","","","","keyboard","after digit#4","{""note"":""after digit#4"",""pd_used"":0}","2","0.016667","60.000000","1"
"Sergio_G01_CNS-LLF5RV3D8","cpeeg02","ses02","20260511_130526","2026-05-11 13:05:45.839515","NaN","5","probe","DIGIT_RECALL_LINE_5","165","2026-05-11 13:12:05.620598","379.734003","0.430569","","5","","","","keyboard","next recall question","{""value"":5,""note"":""next recall question"",""pd_used"":1}","2","0.016667","60.000000","1"
"Sergio_G01_CNS-LLF5RV3D8","cpeeg02","ses02","20260511_130526","2026-05-11 13:05:45.839515","NaN","5","probe","PROBE_DIGIT_OK_5","71","2026-05-11 13:12:06.362016","380.164572","0.467783","14.471475","slot#5","5","0","","keyboard","probe_digit#5","{""value"":""slot#5"",""entered"":5,""rt"":14.471474700003455,""note"":""probe_digit#5""}","2","0.016667","60.000000","1"
"Sergio_G01_CNS-LLF5RV3D8","cpeeg02","ses02","20260511_130526","2026-05-11 13:05:45.839515","NaN","5","probe","DIGIT5_OFF","150","2026-05-11 13:12:06.514063","380.632356","0.000000","","7","","","","keyboard","digit#5 off","{""value"":7,""note"":""digit#5 off"",""pd_used"":0}","2","0.016667","60.000000","1"
"Sergio_G01_CNS-LLF5RV3D8","cpeeg02","ses02","20260511_130526","2026-05-11 13:05:45.839515","NaN","5","probe","POSTDIG_FIX5_ON","155","2026-05-11 13:12:06.514798","380.632356","3.129105","","","","","","keyboard","after digit#5","{""note"":""after digit#5""}","2","0.016667","60.000000","1"
"Sergio_G01_CNS-LLF5RV3D8","cpeeg02","ses02","20260511_130526","2026-05-11 13:05:45.839515","NaN","5","probe","POSTDIG_FIX5_OFF","160","2026-05-11 13:12:09.642745","383.761461","0.043255","","","","","","keyboard","after digit#5","{""note"":""after digit#5"",""pd_used"":0}","2","0.016667","60.000000","1"
"Sergio_G01_CNS-LLF5RV3D8","cpeeg02","ses02","20260511_130526","2026-05-11 13:05:45.839515","NaN","5","probe","PROBE_DONE","73","2026-05-11 13:12:09.644296","383.804716","0.000670","","","","","","keyboard","probe complete","{""value"":"""",""note"":""probe complete""}","2","0.016667","60.000000","1"
"Sergio_G01_CNS-LLF5RV3D8","cpeeg02","ses02","20260511_130526","2026-05-11 13:05:45.839515","NaN","5","probe","TRIAL_END","21","2026-05-11 13:12:09.644828","383.805386","0.110069","","","","","","keyboard","","{}","2","0.016667","60.000000","1"
"Sergio_G01_CNS-LLF5RV3D8","cpeeg02","ses02","20260511_130526","2026-05-11 13:05:45.839515","NaN","6","probe","TRIAL_CHANGE","22","2026-05-11 13:12:09.755250","383.915455","0.000990","","","","","","keyboard","trial transition","{""note"":""trial transition""}","2","0.016667","60.000000","1"
"Sergio_G01_CNS-LLF5RV3D8","cpeeg02","ses02","20260511_130526","2026-05-11 13:05:45.839515","NaN","6","probe","TRIAL_START","20","2026-05-11 13:12:09.755901","383.916445","0.043494","","","","","","keyboard","","{}","2","0.016667","60.000000","1"
"Sergio_G01_CNS-LLF5RV3D8","cpeeg02","ses02","20260511_130526","2026-05-11 13:05:45.839515","NaN","6","fix1","FIX1_ON","30","2026-05-11 13:12:09.849535","383.959939","3.281629","","","","","","keyboard","","{""pd_used"":0}","2","0.016667","60.000000","1"
"Sergio_G01_CNS-LLF5RV3D8","cpeeg02","ses02","20260511_130526","2026-05-11 13:05:45.839515","NaN","6","fix1","FIX1_OFF","31","2026-05-11 13:12:13.122980","387.241568","0.043865","","","","","","keyboard","","{""pd_used"":0}","2","0.016667","60.000000","1"
"Sergio_G01_CNS-LLF5RV3D8","cpeeg02","ses02","20260511_130526","2026-05-11 13:05:45.839515","NaN","6","digit","DIGIT1_ON","141","2026-05-11 13:12:13.173990","387.285433","0.551087","","8","","","","keyboard","digit#1 shown","{""value"":8,""note"":""digit#1 shown"",""pd_used"":1}","2","0.016667","60.000000","1"
"Sergio_G01_CNS-LLF5RV3D8","cpeeg02","ses02","20260511_130526","2026-05-11 13:05:45.839515","NaN","6","digit","DIGIT1_OFF","146","2026-05-11 13:12:13.718027","387.836519","0.000000","","8","","","","keyboard","digit#1 off","{""value"":8,""note"":""digit#1 off"",""pd_used"":0}","2","0.016667","60.000000","1"
"Sergio_G01_CNS-LLF5RV3D8","cpeeg02","ses02","20260511_130526","2026-05-11 13:05:45.839515","NaN","6","digit","POSTDIG_FIX1_ON","151","2026-05-11 13:12:13.718737","387.836519","1.781135","","","","","","keyboard","after digit#1","{""note"":""after digit#1""}","2","0.016667","60.000000","1"
"Sergio_G01_CNS-LLF5RV3D8","cpeeg02","ses02","20260511_130526","2026-05-11 13:05:45.839515","NaN","6","digit","POSTDIG_FIX1_OFF","156","2026-05-11 13:12:15.499211","389.617654","0.043955","","","","","","keyboard","after digit#1","{""note"":""after digit#1"",""pd_used"":0}","2","0.016667","60.000000","1"
"Sergio_G01_CNS-LLF5RV3D8","cpeeg02","ses02","20260511_130526","2026-05-11 13:05:45.839515","NaN","6","digit","DIGIT2_ON","142","2026-05-11 13:12:15.550381","389.661609","0.551199","","9","","","","keyboard","digit#2 shown","{""value"":9,""note"":""digit#2 shown"",""pd_used"":1}","2","0.016667","60.000000","1"
"Sergio_G01_CNS-LLF5RV3D8","cpeeg02","ses02","20260511_130526","2026-05-11 13:05:45.839515","NaN","6","digit","DIGIT2_OFF","147","2026-05-11 13:12:16.094137","390.212808","0.000000","","9","","","","keyboard","digit#2 off","{""value"":9,""note"":""digit#2 off"",""pd_used"":0}","2","0.016667","60.000000","1"
"Sergio_G01_CNS-LLF5RV3D8","cpeeg02","ses02","20260511_130526","2026-05-11 13:05:45.839515","NaN","6","digit","POSTDIG_FIX2_ON","152","2026-05-11 13:12:16.094850","390.212808","1.716154","","","","","","keyboard","after digit#2","{""note"":""after digit#2""}","2","0.016667","60.000000","1"
"Sergio_G01_CNS-LLF5RV3D8","cpeeg02","ses02","20260511_130526","2026-05-11 13:05:45.839515","NaN","6","digit","POSTDIG_FIX2_OFF","157","2026-05-11 13:12:17.810203","391.928962","0.043675","","","","","","keyboard","after digit#2","{""note"":""after digit#2"",""pd_used"":0}","2","0.016667","60.000000","1"
"Sergio_G01_CNS-LLF5RV3D8","cpeeg02","ses02","20260511_130526","2026-05-11 13:05:45.839515","NaN","6","digit","DIGIT3_ON","143","2026-05-11 13:12:17.861648","391.972637","0.551704","","8","","","","keyboard","digit#3 shown","{""value"":8,""note"":""digit#3 shown"",""pd_used"":1}","2","0.016667","60.000000","1"
"Sergio_G01_CNS-LLF5RV3D8","cpeeg02","ses02","20260511_130526","2026-05-11 13:05:45.839515","NaN","6","digit","DIGIT3_OFF","148","2026-05-11 13:12:18.405549","392.524341","0.000000","","8","","","","keyboard","digit#3 off","{""value"":8,""note"":""digit#3 off"",""pd_used"":0}","2","0.016667","60.000000","1"
"Sergio_G01_CNS-LLF5RV3D8","cpeeg02","ses02","20260511_130526","2026-05-11 13:05:45.839515","NaN","6","digit","POSTDIG_FIX3_ON","153","2026-05-11 13:12:18.406266","392.524341","1.754011","","","","","","keyboard","after digit#3","{""note"":""after digit#3""}","2","0.016667","60.000000","1"
"Sergio_G01_CNS-LLF5RV3D8","cpeeg02","ses02","20260511_130526","2026-05-11 13:05:45.839515","NaN","6","digit","POSTDIG_FIX3_OFF","158","2026-05-11 13:12:20.159737","394.278352","0.043871","","","","","","keyboard","after digit#3","{""note"":""after digit#3"",""pd_used"":0}","2","0.016667","60.000000","1"
"Sergio_G01_CNS-LLF5RV3D8","cpeeg02","ses02","20260511_130526","2026-05-11 13:05:45.839515","NaN","6","digit","DIGIT4_ON","144","2026-05-11 13:12:20.210953","394.322223","0.551349","","2","","","","keyboard","digit#4 shown","{""value"":2,""note"":""digit#4 shown"",""pd_used"":1}","2","0.016667","60.000000","1"
"Sergio_G01_CNS-LLF5RV3D8","cpeeg02","ses02","20260511_130526","2026-05-11 13:05:45.839515","NaN","6","digit","DIGIT4_OFF","149","2026-05-11 13:12:20.754971","394.873572","0.000000","","2","","","","keyboard","digit#4 off","{""value"":2,""note"":""digit#4 off"",""pd_used"":0}","2","0.016667","60.000000","1"
"Sergio_G01_CNS-LLF5RV3D8","cpeeg02","ses02","20260511_130526","2026-05-11 13:05:45.839515","NaN","6","digit","POSTDIG_FIX4_ON","154","2026-05-11 13:12:20.755788","394.873572","1.658065","","","","","","keyboard","after digit#4","{""note"":""after digit#4""}","2","0.016667","60.000000","1"
"Sergio_G01_CNS-LLF5RV3D8","cpeeg02","ses02","20260511_130526","2026-05-11 13:05:45.839515","NaN","6","digit","POSTDIG_FIX4_OFF","159","2026-05-11 13:12:22.413023","396.531637","0.043814","","","","","","keyboard","after digit#4","{""note"":""after digit#4"",""pd_used"":0}","2","0.016667","60.000000","1"
"Sergio_G01_CNS-LLF5RV3D8","cpeeg02","ses02","20260511_130526","2026-05-11 13:05:45.839515","NaN","6","digit","DIGIT5_ON","145","2026-05-11 13:12:22.464285","396.575451","0.552058","","3","","","","keyboard","digit#5 shown","{""value"":3,""note"":""digit#5 shown"",""pd_used"":1}","2","0.016667","60.000000","1"
"Sergio_G01_CNS-LLF5RV3D8","cpeeg02","ses02","20260511_130526","2026-05-11 13:05:45.839515","NaN","6","digit","DIGIT5_OFF","150","2026-05-11 13:12:23.008842","397.127508","0.000000","","3","","","","keyboard","digit#5 off","{""value"":3,""note"":""digit#5 off"",""pd_used"":0}","2","0.016667","60.000000","1"
"Sergio_G01_CNS-LLF5RV3D8","cpeeg02","ses02","20260511_130526","2026-05-11 13:05:45.839515","NaN","6","digit","POSTDIG_FIX5_ON","155","2026-05-11 13:12:23.009609","397.127508","3.423693","","","","","","keyboard","after digit#5","{""note"":""after digit#5""}","2","0.016667","60.000000","1"
"Sergio_G01_CNS-LLF5RV3D8","cpeeg02","ses02","20260511_130526","2026-05-11 13:05:45.839515","NaN","6","digit","POSTDIG_FIX5_OFF","160","2026-05-11 13:12:26.432427","400.551201","0.043788","","","","","","keyboard","after digit#5","{""note"":""after digit#5"",""pd_used"":0}","2","0.016667","60.000000","1"
"Sergio_G01_CNS-LLF5RV3D8","cpeeg02","ses02","20260511_130526","2026-05-11 13:05:45.839515","NaN","6","distractor","DISTRACTOR_ON","50","2026-05-11 13:12:26.483949","400.594989","6.567406","","0+2=2","","","","keyboard","","{""value"":""0+2=2"",""isCorrectTruth"":true,""trueSum"":2,""pd_used"":1}","2","0.016667","60.000000","1"
"Sergio_G01_CNS-LLF5RV3D8","cpeeg02","ses02","20260511_130526","2026-05-11 13:05:45.839515","NaN","6","distractor","DISTRACTOR_ANS","51","2026-05-11 13:12:33.542968","407.162394","0.000000","6.567406","0+2=2","F","0","","keyboard","key= (False)","{""value"":""0+2=2"",""entered"":""F"",""rt"":6.5674055999988923,""correct"":0,""note"":""key= (False)"",""truth"":true,""trueSum"":2,""shownSum"":2,""a"":0,""b"":2}","2","0.016667","60.000000","1"
"Sergio_G01_CNS-LLF5RV3D8","cpeeg02","ses02","20260511_130526","2026-05-11 13:05:45.839515","NaN","6","distractor","ANS_WRONG","200","2026-05-11 13:12:33.585138","407.162394","0.585167","","","","","","keyboard","","{}","2","0.016667","60.000000","1"
"Sergio_G01_CNS-LLF5RV3D8","cpeeg02","ses02","20260511_130526","2026-05-11 13:05:45.839515","NaN","6","distractor","DISTRACTOR_OFF","52","2026-05-11 13:12:33.636795","407.747561","0.000000","","","","","","keyboard","","{""pd_used"":0}","2","0.016667","60.000000","1"
"Sergio_G01_CNS-LLF5RV3D8","cpeeg02","ses02","20260511_130526","2026-05-11 13:05:45.839515","NaN","6","distractor","FIX2_ON","60","2026-05-11 13:12:33.637478","407.747561","3.161505","","","","","","keyboard","immediate after response","{""note"":""immediate after response""}","2","0.016667","60.000000","1"
"Sergio_G01_CNS-LLF5RV3D8","cpeeg02","ses02","20260511_130526","2026-05-11 13:05:45.839515","NaN","6","fix2","FIX2_OFF","61","2026-05-11 13:12:36.790615","410.909067","0.043898","","","","","","keyboard","","{""pd_used"":0}","2","0.016667","60.000000","1"
"Sergio_G01_CNS-LLF5RV3D8","cpeeg02","ses02","20260511_130526","2026-05-11 13:05:45.839515","NaN","6","probe","DIGIT_RECALL_LINE_1","161","2026-05-11 13:12:36.842005","410.952965","2.213157","","1","","","","keyboard","first recall question","{""value"":1,""note"":""first recall question"",""pd_used"":1}","2","0.016667","60.000000","1"
"Sergio_G01_CNS-LLF5RV3D8","cpeeg02","ses02","20260511_130526","2026-05-11 13:05:45.839515","NaN","6","probe","PROBE_DIGIT_OK_1","71","2026-05-11 13:12:39.821586","413.166122","0.929244","2.214256","slot#1","0","0","","keyboard","probe_digit#1","{""value"":""slot#1"",""entered"":0,""rt"":2.2142556000035256,""note"":""probe_digit#1""}","2","0.016667","60.000000","1"
"Sergio_G01_CNS-LLF5RV3D8","cpeeg02","ses02","20260511_130526","2026-05-11 13:05:45.839515","NaN","6","probe","DIGIT1_OFF","146","2026-05-11 13:12:39.976585","414.095366","0.000000","","3","","","","keyboard","digit#1 off","{""value"":3,""note"":""digit#1 off"",""pd_used"":0}","2","0.016667","60.000000","1"
"Sergio_G01_CNS-LLF5RV3D8","cpeeg02","ses02","20260511_130526","2026-05-11 13:05:45.839515","NaN","6","probe","POSTDIG_FIX1_ON","151","2026-05-11 13:12:39.977298","414.095366","1.942979","","","","","","keyboard","after digit#1","{""note"":""after digit#1""}","2","0.016667","60.000000","1"
"Sergio_G01_CNS-LLF5RV3D8","cpeeg02","ses02","20260511_130526","2026-05-11 13:05:45.839515","NaN","6","probe","POSTDIG_FIX1_OFF","156","2026-05-11 13:12:41.919756","416.038345","0.045939","","","","","","keyboard","after digit#1","{""note"":""after digit#1"",""pd_used"":0}","2","0.016667","60.000000","1"
"Sergio_G01_CNS-LLF5RV3D8","cpeeg02","ses02","20260511_130526","2026-05-11 13:05:45.839515","NaN","6","probe","DIGIT_RECALL_LINE_2","162","2026-05-11 13:12:41.970798","416.084283","0.783333","","2","","","","keyboard","next recall question","{""value"":2,""note"":""next recall question"",""pd_used"":1}","2","0.016667","60.000000","1"
"Sergio_G01_CNS-LLF5RV3D8","cpeeg02","ses02","20260511_130526","2026-05-11 13:05:45.839515","NaN","6","probe","PROBE_DIGIT_OK_2","71","2026-05-11 13:12:43.471512","416.867616","0.871004","5.915750","slot#2","9","1","","keyboard","probe_digit#2","{""value"":""slot#2"",""entered"":9,""rt"":5.9157500000001164,""note"":""probe_digit#2""}","2","0.016667","60.000000","1"
"Sergio_G01_CNS-LLF5RV3D8","cpeeg02","ses02","20260511_130526","2026-05-11 13:05:45.839515","NaN","6","probe","DIGIT2_OFF","147","2026-05-11 13:12:43.619851","417.738621","0.000000","","3","","","","keyboard","digit#2 off","{""value"":3,""note"":""digit#2 off"",""pd_used"":0}","2","0.016667","60.000000","1"
"Sergio_G01_CNS-LLF5RV3D8","cpeeg02","ses02","20260511_130526","2026-05-11 13:05:45.839515","NaN","6","probe","POSTDIG_FIX2_ON","152","2026-05-11 13:12:43.620564","417.738621","1.574599","","","","","","keyboard","after digit#2","{""note"":""after digit#2""}","2","0.016667","60.000000","1"
"Sergio_G01_CNS-LLF5RV3D8","cpeeg02","ses02","20260511_130526","2026-05-11 13:05:45.839515","NaN","6","probe","POSTDIG_FIX2_OFF","157","2026-05-11 13:12:45.194885","419.313220","0.046078","","","","","","keyboard","after digit#2","{""note"":""after digit#2"",""pd_used"":0}","2","0.016667","60.000000","1"
"Sergio_G01_CNS-LLF5RV3D8","cpeeg02","ses02","20260511_130526","2026-05-11 13:05:45.839515","NaN","6","probe","DIGIT_RECALL_LINE_3","163","2026-05-11 13:12:45.245935","419.359297","1.509698","","3","","","","keyboard","next recall question","{""value"":3,""note"":""next recall question"",""pd_used"":1}","2","0.016667","60.000000","1"
"Sergio_G01_CNS-LLF5RV3D8","cpeeg02","ses02","20260511_130526","2026-05-11 13:05:45.839515","NaN","6","probe","PROBE_DIGIT_OK_3","71","2026-05-11 13:12:47.312891","420.868995","0.713003","9.917129","slot#3","2","0","","keyboard","probe_digit#3","{""value"":""slot#3"",""entered"":2,""rt"":9.91712930000358,""note"":""probe_digit#3""}","2","0.016667","60.000000","1"
"Sergio_G01_CNS-LLF5RV3D8","cpeeg02","ses02","20260511_130526","2026-05-11 13:05:45.839515","NaN","6","probe","DIGIT3_OFF","148","2026-05-11 13:12:47.463196","421.581998","0.000000","","3","","","","keyboard","digit#3 off","{""value"":3,""note"":""digit#3 off"",""pd_used"":0}","2","0.016667","60.000000","1"
"Sergio_G01_CNS-LLF5RV3D8","cpeeg02","ses02","20260511_130526","2026-05-11 13:05:45.839515","NaN","6","probe","POSTDIG_FIX3_ON","153","2026-05-11 13:12:47.463909","421.581998","1.831350","","","","","","keyboard","after digit#3","{""note"":""after digit#3""}","2","0.016667","60.000000","1"
"Sergio_G01_CNS-LLF5RV3D8","cpeeg02","ses02","20260511_130526","2026-05-11 13:05:45.839515","NaN","6","probe","POSTDIG_FIX3_OFF","158","2026-05-11 13:12:49.294765","423.413348","0.046369","","","","","","keyboard","after digit#3","{""note"":""after digit#3"",""pd_used"":0}","2","0.016667","60.000000","1"
"Sergio_G01_CNS-LLF5RV3D8","cpeeg02","ses02","20260511_130526","2026-05-11 13:05:45.839515","NaN","6","probe","DIGIT_RECALL_LINE_4","164","2026-05-11 13:12:49.346174","423.459718","0.970670","","4","","","","keyboard","next recall question","{""value"":4,""note"":""next recall question"",""pd_used"":1}","2","0.016667","60.000000","1"
"Sergio_G01_CNS-LLF5RV3D8","cpeeg02","ses02","20260511_130526","2026-05-11 13:05:45.839515","NaN","6","probe","PROBE_DIGIT_OK_4","71","2026-05-11 13:12:50.682491","424.430387","0.525315","13.478521","slot#4","8","0","","keyboard","probe_digit#4","{""value"":""slot#4"",""entered"":8,""rt"":13.478521299999557,""note"":""probe_digit#4""}","2","0.016667","60.000000","1"
"Sergio_G01_CNS-LLF5RV3D8","cpeeg02","ses02","20260511_130526","2026-05-11 13:05:45.839515","NaN","6","probe","DIGIT4_OFF","149","2026-05-11 13:12:50.836964","424.955702","0.000000","","3","","","","keyboard","digit#4 off","{""value"":3,""note"":""digit#4 off"",""pd_used"":0}","2","0.016667","60.000000","1"
"Sergio_G01_CNS-LLF5RV3D8","cpeeg02","ses02","20260511_130526","2026-05-11 13:05:45.839515","NaN","6","probe","POSTDIG_FIX4_ON","154","2026-05-11 13:12:50.837681","424.955702","2.034510","","","","","","keyboard","after digit#4","{""note"":""after digit#4""}","2","0.016667","60.000000","1"
"Sergio_G01_CNS-LLF5RV3D8","cpeeg02","ses02","20260511_130526","2026-05-11 13:05:45.839515","NaN","6","probe","POSTDIG_FIX4_OFF","159","2026-05-11 13:12:52.871501","426.990212","0.045996","","","","","","keyboard","after digit#4","{""note"":""after digit#4"",""pd_used"":0}","2","0.016667","60.000000","1"
"Sergio_G01_CNS-LLF5RV3D8","cpeeg02","ses02","20260511_130526","2026-05-11 13:05:45.839515","NaN","6","probe","DIGIT_RECALL_LINE_5","165","2026-05-11 13:12:52.922917","427.036209","0.739616","","5","","","","keyboard","next recall question","{""value"":5,""note"":""next recall question"",""pd_used"":1}","2","0.016667","60.000000","1"
"Sergio_G01_CNS-LLF5RV3D8","cpeeg02","ses02","20260511_130526","2026-05-11 13:05:45.839515","NaN","6","probe","PROBE_DIGIT_OK_5","71","2026-05-11 13:12:54.152436","427.775825","0.647072","16.823959","slot#5","2","0","","keyboard","probe_digit#5","{""value"":""slot#5"",""entered"":2,""rt"":16.823958699998911,""note"":""probe_digit#5""}","2","0.016667","60.000000","1"
"Sergio_G01_CNS-LLF5RV3D8","cpeeg02","ses02","20260511_130526","2026-05-11 13:05:45.839515","NaN","6","probe","DIGIT5_OFF","150","2026-05-11 13:12:54.304359","428.422897","0.000000","","3","","","","keyboard","digit#5 off","{""value"":3,""note"":""digit#5 off"",""pd_used"":0}","2","0.016667","60.000000","1"
"Sergio_G01_CNS-LLF5RV3D8","cpeeg02","ses02","20260511_130526","2026-05-11 13:05:45.839515","NaN","6","probe","POSTDIG_FIX5_ON","155","2026-05-11 13:12:54.305119","428.422897","3.392073","","","","","","keyboard","after digit#5","{""note"":""after digit#5""}","2","0.016667","60.000000","1"
"Sergio_G01_CNS-LLF5RV3D8","cpeeg02","ses02","20260511_130526","2026-05-11 13:05:45.839515","NaN","6","probe","POSTDIG_FIX5_OFF","160","2026-05-11 13:12:57.696354","431.814970","0.043552","","","","","","keyboard","after digit#5","{""note"":""after digit#5"",""pd_used"":0}","2","0.016667","60.000000","1"
"Sergio_G01_CNS-LLF5RV3D8","cpeeg02","ses02","20260511_130526","2026-05-11 13:05:45.839515","NaN","6","probe","PROBE_DONE","73","2026-05-11 13:12:57.698109","431.858522","0.000772","","","","","","keyboard","probe complete","{""value"":"""",""note"":""probe complete""}","2","0.016667","60.000000","1"
"Sergio_G01_CNS-LLF5RV3D8","cpeeg02","ses02","20260511_130526","2026-05-11 13:05:45.839515","NaN","6","probe","TRIAL_END","21","2026-05-11 13:12:57.698736","431.859294","0.111341","","","","","","keyboard","","{}","2","0.016667","60.000000","1"
"Sergio_G01_CNS-LLF5RV3D8","cpeeg02","ses02","20260511_130526","2026-05-11 13:05:45.839515","NaN","7","probe","TRIAL_CHANGE","22","2026-05-11 13:12:57.810328","431.970635","0.001024","","","","","","keyboard","trial transition","{""note"":""trial transition""}","2","0.016667","60.000000","1"
"Sergio_G01_CNS-LLF5RV3D8","cpeeg02","ses02","20260511_130526","2026-05-11 13:05:45.839515","NaN","7","probe","TRIAL_START","20","2026-05-11 13:12:57.811401","431.971659","0.043244","","","","","","keyboard","","{}","2","0.016667","60.000000","1"
"Sergio_G01_CNS-LLF5RV3D8","cpeeg02","ses02","20260511_130526","2026-05-11 13:05:45.839515","NaN","7","fix1","FIX1_ON","30","2026-05-11 13:12:57.904670","432.014903","3.425722","","","","","","keyboard","","{""pd_used"":0}","2","0.016667","60.000000","1"
"Sergio_G01_CNS-LLF5RV3D8","cpeeg02","ses02","20260511_130526","2026-05-11 13:05:45.839515","NaN","7","fix1","FIX1_OFF","31","2026-05-11 13:13:01.322153","435.440624","0.044134","","","","","","keyboard","","{""pd_used"":0}","2","0.016667","60.000000","1"
"Sergio_G01_CNS-LLF5RV3D8","cpeeg02","ses02","20260511_130526","2026-05-11 13:05:45.839515","NaN","7","digit","DIGIT1_ON","141","2026-05-11 13:13:01.373306","435.484759","0.551056","","3","","","","keyboard","digit#1 shown","{""value"":3,""note"":""digit#1 shown"",""pd_used"":1}","2","0.016667","60.000000","1"
"Sergio_G01_CNS-LLF5RV3D8","cpeeg02","ses02","20260511_130526","2026-05-11 13:05:45.839515","NaN","7","digit","DIGIT1_OFF","146","2026-05-11 13:13:01.916939","436.035815","0.000000","","3","","","","keyboard","digit#1 off","{""value"":3,""note"":""digit#1 off"",""pd_used"":0}","2","0.016667","60.000000","1"
"Sergio_G01_CNS-LLF5RV3D8","cpeeg02","ses02","20260511_130526","2026-05-11 13:05:45.839515","NaN","7","digit","POSTDIG_FIX1_ON","151","2026-05-11 13:13:01.917670","436.035815","1.702475","","","","","","keyboard","after digit#1","{""note"":""after digit#1""}","2","0.016667","60.000000","1"
"Sergio_G01_CNS-LLF5RV3D8","cpeeg02","ses02","20260511_130526","2026-05-11 13:05:45.839515","NaN","7","digit","POSTDIG_FIX1_OFF","156","2026-05-11 13:13:03.619873","437.738290","0.044006","","","","","","keyboard","after digit#1","{""note"":""after digit#1"",""pd_used"":0}","2","0.016667","60.000000","1"
"Sergio_G01_CNS-LLF5RV3D8","cpeeg02","ses02","20260511_130526","2026-05-11 13:05:45.839515","NaN","7","digit","DIGIT2_ON","142","2026-05-11 13:13:03.671299","437.782295","0.551602","","9","","","","keyboard","digit#2 shown","{""value"":9,""note"":""digit#2 shown"",""pd_used"":1}","2","0.016667","60.000000","1"
"Sergio_G01_CNS-LLF5RV3D8","cpeeg02","ses02","20260511_130526","2026-05-11 13:05:45.839515","NaN","7","digit","DIGIT2_OFF","147","2026-05-11 13:13:04.215190","438.333897","0.000000","","9","","","","keyboard","digit#2 off","{""value"":9,""note"":""digit#2 off"",""pd_used"":0}","2","0.016667","60.000000","1"
"Sergio_G01_CNS-LLF5RV3D8","cpeeg02","ses02","20260511_130526","2026-05-11 13:05:45.839515","NaN","7","digit","POSTDIG_FIX2_ON","152","2026-05-11 13:13:04.215924","438.333897","1.721925","","","","","","keyboard","after digit#2","{""note"":""after digit#2""}","2","0.016667","60.000000","1"
"Sergio_G01_CNS-LLF5RV3D8","cpeeg02","ses02","20260511_130526","2026-05-11 13:05:45.839515","NaN","7","digit","POSTDIG_FIX2_OFF","157","2026-05-11 13:13:05.937208","440.055822","0.044000","","","","","","keyboard","after digit#2","{""note"":""after digit#2"",""pd_used"":0}","2","0.016667","60.000000","1"
"Sergio_G01_CNS-LLF5RV3D8","cpeeg02","ses02","20260511_130526","2026-05-11 13:05:45.839515","NaN","7","digit","DIGIT3_ON","143","2026-05-11 13:13:05.988331","440.099822","0.551049","","0","","","","keyboard","digit#3 shown","{""value"":0,""note"":""digit#3 shown"",""pd_used"":1}","2","0.016667","60.000000","1"
"Sergio_G01_CNS-LLF5RV3D8","cpeeg02","ses02","20260511_130526","2026-05-11 13:05:45.839515","NaN","7","digit","DIGIT3_OFF","148","2026-05-11 13:13:06.532120","440.650870","0.000000","","0","","","","keyboard","digit#3 off","{""value"":0,""note"":""digit#3 off"",""pd_used"":0}","2","0.016667","60.000000","1"
"Sergio_G01_CNS-LLF5RV3D8","cpeeg02","ses02","20260511_130526","2026-05-11 13:05:45.839515","NaN","7","digit","POSTDIG_FIX3_ON","153","2026-05-11 13:13:06.532837","440.650870","1.597146","","","","","","keyboard","after digit#3","{""note"":""after digit#3""}","2","0.016667","60.000000","1"
"Sergio_G01_CNS-LLF5RV3D8","cpeeg02","ses02","20260511_130526","2026-05-11 13:05:45.839515","NaN","7","digit","POSTDIG_FIX3_OFF","158","2026-05-11 13:13:08.129200","442.248016","0.043589","","","","","","keyboard","after digit#3","{""note"":""after digit#3"",""pd_used"":0}","2","0.016667","60.000000","1"
"Sergio_G01_CNS-LLF5RV3D8","cpeeg02","ses02","20260511_130526","2026-05-11 13:05:45.839515","NaN","7","digit","DIGIT4_ON","144","2026-05-11 13:13:08.180623","442.291605","0.551675","","3","","","","keyboard","digit#4 shown","{""value"":3,""note"":""digit#4 shown"",""pd_used"":1}","2","0.016667","60.000000","1"
"Sergio_G01_CNS-LLF5RV3D8","cpeeg02","ses02","20260511_130526","2026-05-11 13:05:45.839515","NaN","7","digit","DIGIT4_OFF","149","2026-05-11 13:13:08.724579","442.843280","0.000000","","3","","","","keyboard","digit#4 off","{""value"":3,""note"":""digit#4 off"",""pd_used"":0}","2","0.016667","60.000000","1"
"Sergio_G01_CNS-LLF5RV3D8","cpeeg02","ses02","20260511_130526","2026-05-11 13:05:45.839515","NaN","7","digit","POSTDIG_FIX4_ON","154","2026-05-11 13:13:08.725292","442.843280","1.933280","","","","","","keyboard","after digit#4","{""note"":""after digit#4""}","2","0.016667","60.000000","1"
"Sergio_G01_CNS-LLF5RV3D8","cpeeg02","ses02","20260511_130526","2026-05-11 13:05:45.839515","NaN","7","digit","POSTDIG_FIX4_OFF","159","2026-05-11 13:13:10.657799","444.776560","0.044133","","","","","","keyboard","after digit#4","{""note"":""after digit#4"",""pd_used"":0}","2","0.016667","60.000000","1"
"Sergio_G01_CNS-LLF5RV3D8","cpeeg02","ses02","20260511_130526","2026-05-11 13:05:45.839515","NaN","7","digit","DIGIT5_ON","145","2026-05-11 13:13:10.708967","444.820693","0.550895","","2","","","","keyboard","digit#5 shown","{""value"":2,""note"":""digit#5 shown"",""pd_used"":1}","2","0.016667","60.000000","1"
"Sergio_G01_CNS-LLF5RV3D8","cpeeg02","ses02","20260511_130526","2026-05-11 13:05:45.839515","NaN","7","digit","DIGIT5_OFF","150","2026-05-11 13:13:11.252967","445.371588","0.000000","","2","","","","keyboard","digit#5 off","{""value"":2,""note"":""digit#5 off"",""pd_used"":0}","2","0.016667","60.000000","1"
"Sergio_G01_CNS-LLF5RV3D8","cpeeg02","ses02","20260511_130526","2026-05-11 13:05:45.839515","NaN","7","digit","POSTDIG_FIX5_ON","155","2026-05-11 13:13:11.253700","445.371588","3.264194","","","","","","keyboard","after digit#5","{""note"":""after digit#5""}","2","0.016667","60.000000","1"
"Sergio_G01_CNS-LLF5RV3D8","cpeeg02","ses02","20260511_130526","2026-05-11 13:05:45.839515","NaN","7","digit","POSTDIG_FIX5_OFF","160","2026-05-11 13:13:14.517114","448.635782","0.044317","","","","","","keyboard","after digit#5","{""note"":""after digit#5"",""pd_used"":0}","2","0.016667","60.000000","1"
"Sergio_G01_CNS-LLF5RV3D8","cpeeg02","ses02","20260511_130526","2026-05-11 13:05:45.839515","NaN","7","distractor","DISTRACTOR_ON","50","2026-05-11 13:13:14.568230","448.680099","1.884735","","8+0=6","","","","keyboard","","{""value"":""8+0=6"",""isCorrectTruth"":false,""trueSum"":8,""pd_used"":1}","2","0.016667","60.000000","1"
"Sergio_G01_CNS-LLF5RV3D8","cpeeg02","ses02","20260511_130526","2026-05-11 13:05:45.839515","NaN","7","distractor","DISTRACTOR_ANS","51","2026-05-11 13:13:16.723315","450.564833","0.000000","1.884735","8+0=6","F","1","","keyboard","key= (False)","{""value"":""8+0=6"",""entered"":""F"",""rt"":1.8847347000046284,""correct"":1,""note"":""key= (False)"",""truth"":false,""trueSum"":8,""shownSum"":6,""a"":8,""b"":0}","2","0.016667","60.000000","1"
"Sergio_G01_CNS-LLF5RV3D8","cpeeg02","ses02","20260511_130526","2026-05-11 13:05:45.839515","NaN","7","distractor","ANS_CORRECT","100","2026-05-11 13:13:16.765612","450.564833","0.363055","","","","","","keyboard","","{}","2","0.016667","60.000000","1"
"Sergio_G01_CNS-LLF5RV3D8","cpeeg02","ses02","20260511_130526","2026-05-11 13:05:45.839515","NaN","7","distractor","DISTRACTOR_OFF","52","2026-05-11 13:13:16.816950","450.927888","0.000000","","","","","","keyboard","","{""pd_used"":0}","2","0.016667","60.000000","1"
"Sergio_G01_CNS-LLF5RV3D8","cpeeg02","ses02","20260511_130526","2026-05-11 13:05:45.839515","NaN","7","distractor","FIX2_ON","60","2026-05-11 13:13:16.817598","450.927888","3.386620","","","","","","keyboard","immediate after response","{""note"":""immediate after response""}","2","0.016667","60.000000","1"
"Sergio_G01_CNS-LLF5RV3D8","cpeeg02","ses02","20260511_130526","2026-05-11 13:05:45.839515","NaN","7","fix2","FIX2_OFF","61","2026-05-11 13:13:20.195943","454.314508","0.043842","","","","","","keyboard","","{""pd_used"":0}","2","0.016667","60.000000","1"
"Sergio_G01_CNS-LLF5RV3D8","cpeeg02","ses02","20260511_130526","2026-05-11 13:05:45.839515","NaN","7","probe","DIGIT_RECALL_LINE_1","161","2026-05-11 13:13:20.247226","454.358349","1.975022","","1","","","","keyboard","first recall question","{""value"":1,""note"":""first recall question"",""pd_used"":1}","2","0.016667","60.000000","1"
"Sergio_G01_CNS-LLF5RV3D8","cpeeg02","ses02","20260511_130526","2026-05-11 13:05:45.839515","NaN","7","probe","PROBE_DIGIT_OK_1","71","2026-05-11 13:13:22.962045","456.333371","0.887276","1.976187","slot#1","3","1","","keyboard","probe_digit#1","{""value"":""slot#1"",""entered"":3,""rt"":1.9761874000032549,""note"":""probe_digit#1""}","2","0.016667","60.000000","1"
"Sergio_G01_CNS-LLF5RV3D8","cpeeg02","ses02","20260511_130526","2026-05-11 13:05:45.839515","NaN","7","probe","DIGIT1_OFF","146","2026-05-11 13:13:23.101876","457.220647","0.000000","","2","","","","keyboard","digit#1 off","{""value"":2,""note"":""digit#1 off"",""pd_used"":0}","2","0.016667","60.000000","1"
"Sergio_G01_CNS-LLF5RV3D8","cpeeg02","ses02","20260511_130526","2026-05-11 13:05:45.839515","NaN","7","probe","POSTDIG_FIX1_ON","151","2026-05-11 13:13:23.102634","457.220647","1.745734","","","","","","keyboard","after digit#1","{""note"":""after digit#1""}","2","0.016667","60.000000","1"
"Sergio_G01_CNS-LLF5RV3D8","cpeeg02","ses02","20260511_130526","2026-05-11 13:05:45.839515","NaN","7","probe","POSTDIG_FIX1_OFF","156","2026-05-11 13:13:24.847715","458.966381","0.045734","","","","","","keyboard","after digit#1","{""note"":""after digit#1"",""pd_used"":0}","2","0.016667","60.000000","1"
"Sergio_G01_CNS-LLF5RV3D8","cpeeg02","ses02","20260511_130526","2026-05-11 13:05:45.839515","NaN","7","probe","DIGIT_RECALL_LINE_2","162","2026-05-11 13:13:24.898929","459.012115","0.705157","","2","","","","keyboard","next recall question","{""value"":2,""note"":""next recall question"",""pd_used"":1}","2","0.016667","60.000000","1"
"Sergio_G01_CNS-LLF5RV3D8","cpeeg02","ses02","20260511_130526","2026-05-11 13:05:45.839515","NaN","7","probe","PROBE_DIGIT_OK_2","71","2026-05-11 13:13:26.052131","459.717273","0.606540","5.360089","slot#2","9","1","","keyboard","probe_digit#2","{""value"":""slot#2"",""entered"":9,""rt"":5.360088800000085,""note"":""probe_digit#2""}","2","0.016667","60.000000","1"
"Sergio_G01_CNS-LLF5RV3D8","cpeeg02","ses02","20260511_130526","2026-05-11 13:05:45.839515","NaN","7","probe","DIGIT2_OFF","147","2026-05-11 13:13:26.205273","460.323813","0.000000","","2","","","","keyboard","digit#2 off","{""value"":2,""note"":""digit#2 off"",""pd_used"":0}","2","0.016667","60.000000","1"
"Sergio_G01_CNS-LLF5RV3D8","cpeeg02","ses02","20260511_130526","2026-05-11 13:05:45.839515","NaN","7","probe","POSTDIG_FIX2_ON","152","2026-05-11 13:13:26.206012","460.323813","1.928964","","","","","","keyboard","after digit#2","{""note"":""after digit#2""}","2","0.016667","60.000000","1"
"Sergio_G01_CNS-LLF5RV3D8","cpeeg02","ses02","20260511_130526","2026-05-11 13:05:45.839515","NaN","7","probe","POSTDIG_FIX2_OFF","157","2026-05-11 13:13:28.134190","462.252776","0.045875","","","","","","keyboard","after digit#2","{""note"":""after digit#2"",""pd_used"":0}","2","0.016667","60.000000","1"
"Sergio_G01_CNS-LLF5RV3D8","cpeeg02","ses02","20260511_130526","2026-05-11 13:05:45.839515","NaN","7","probe","DIGIT_RECALL_LINE_3","163","2026-05-11 13:13:28.185329","462.298651","0.677450","","3","","","","keyboard","next recall question","{""value"":3,""note"":""next recall question"",""pd_used"":1}","2","0.016667","60.000000","1"
"Sergio_G01_CNS-LLF5RV3D8","cpeeg02","ses02","20260511_130526","2026-05-11 13:05:45.839515","NaN","7","probe","PROBE_DIGIT_OK_3","71","2026-05-11 13:13:29.410600","462.976101","0.697706","8.618917","slot#3","0","1","","keyboard","probe_digit#3","{""value"":""slot#3"",""entered"":0,""rt"":8.6189173000020673,""note"":""probe_digit#3""}","2","0.016667","60.000000","1"
"Sergio_G01_CNS-LLF5RV3D8","cpeeg02","ses02","20260511_130526","2026-05-11 13:05:45.839515","NaN","7","probe","DIGIT3_OFF","148","2026-05-11 13:13:29.555192","463.673807","0.000000","","2","","","","keyboard","digit#3 off","{""value"":2,""note"":""digit#3 off"",""pd_used"":0}","2","0.016667","60.000000","1"
"Sergio_G01_CNS-LLF5RV3D8","cpeeg02","ses02","20260511_130526","2026-05-11 13:05:45.839515","NaN","7","probe","POSTDIG_FIX3_ON","153","2026-05-11 13:13:29.555909","463.673807","1.992821","","","","","","keyboard","after digit#3","{""note"":""after digit#3""}","2","0.016667","60.000000","1"
"Sergio_G01_CNS-LLF5RV3D8","cpeeg02","ses02","20260511_130526","2026-05-11 13:05:45.839515","NaN","7","probe","POSTDIG_FIX3_OFF","158","2026-05-11 13:13:31.548104","465.666628","0.046925","","","","","","keyboard","after digit#3","{""note"":""after digit#3"",""pd_used"":0}","2","0.016667","60.000000","1"
"Sergio_G01_CNS-LLF5RV3D8","cpeeg02","ses02","20260511_130526","2026-05-11 13:05:45.839515","NaN","7","probe","DIGIT_RECALL_LINE_4","164","2026-05-11 13:13:31.599310","465.713553","1.188558","","4","","","","keyboard","next recall question","{""value"":4,""note"":""next recall question"",""pd_used"":1}","2","0.016667","60.000000","1"
"Sergio_G01_CNS-LLF5RV3D8","cpeeg02","ses02","20260511_130526","2026-05-11 13:05:45.839515","NaN","7","probe","PROBE_DIGIT_OK_4","71","2026-05-11 13:13:33.491542","466.902111","0.863396","12.544927","slot#4","9","0","","keyboard","probe_digit#4","{""value"":""slot#4"",""entered"":9,""rt"":12.544926600006875,""note"":""probe_digit#4""}","2","0.016667","60.000000","1"
"Sergio_G01_CNS-LLF5RV3D8","cpeeg02","ses02","20260511_130526","2026-05-11 13:05:45.839515","NaN","7","probe","DIGIT4_OFF","149","2026-05-11 13:13:33.646535","467.765506","0.000000","","2","","","","keyboard","digit#4 off","{""value"":2,""note"":""digit#4 off"",""pd_used"":0}","2","0.016667","60.000000","1"
"Sergio_G01_CNS-LLF5RV3D8","cpeeg02","ses02","20260511_130526","2026-05-11 13:05:45.839515","NaN","7","probe","POSTDIG_FIX4_ON","154","2026-05-11 13:13:33.647237","467.765506","1.671402","","","","","","keyboard","after digit#4","{""note"":""after digit#4""}","2","0.016667","60.000000","1"
"Sergio_G01_CNS-LLF5RV3D8","cpeeg02","ses02","20260511_130526","2026-05-11 13:05:45.839515","NaN","7","probe","POSTDIG_FIX4_OFF","159","2026-05-11 13:13:35.318418","469.436909","0.046135","","","","","","keyboard","after digit#4","{""note"":""after digit#4"",""pd_used"":0}","2","0.016667","60.000000","1"
"Sergio_G01_CNS-LLF5RV3D8","cpeeg02","ses02","20260511_130526","2026-05-11 13:05:45.839515","NaN","7","probe","DIGIT_RECALL_LINE_5","165","2026-05-11 13:13:35.369685","469.483044","1.089102","","5","","","","keyboard","next recall question","{""value"":5,""note"":""next recall question"",""pd_used"":1}","2","0.016667","60.000000","1"
"Sergio_G01_CNS-LLF5RV3D8","cpeeg02","ses02","20260511_130526","2026-05-11 13:05:45.839515","NaN","7","probe","PROBE_DIGIT_OK_5","71","2026-05-11 13:13:36.943484","470.572146","0.644594","16.214962","slot#5","5","0","","keyboard","probe_digit#5","{""value"":""slot#5"",""entered"":5,""rt"":16.214961700003187,""note"":""probe_digit#5""}","2","0.016667","60.000000","1"
"Sergio_G01_CNS-LLF5RV3D8","cpeeg02","ses02","20260511_130526","2026-05-11 13:05:45.839515","NaN","7","probe","DIGIT5_OFF","150","2026-05-11 13:13:37.098112","471.216740","0.000000","","2","","","","keyboard","digit#5 off","{""value"":2,""note"":""digit#5 off"",""pd_used"":0}","2","0.016667","60.000000","1"
"Sergio_G01_CNS-LLF5RV3D8","cpeeg02","ses02","20260511_130526","2026-05-11 13:05:45.839515","NaN","7","probe","POSTDIG_FIX5_ON","155","2026-05-11 13:13:37.098847","471.216740","3.425620","","","","","","keyboard","after digit#5","{""note"":""after digit#5""}","2","0.016667","60.000000","1"
"Sergio_G01_CNS-LLF5RV3D8","cpeeg02","ses02","20260511_130526","2026-05-11 13:05:45.839515","NaN","7","probe","POSTDIG_FIX5_OFF","160","2026-05-11 13:13:40.523579","474.642360","0.043365","","","","","","keyboard","after digit#5","{""note"":""after digit#5"",""pd_used"":0}","2","0.016667","60.000000","1"
"Sergio_G01_CNS-LLF5RV3D8","cpeeg02","ses02","20260511_130526","2026-05-11 13:05:45.839515","NaN","7","probe","PROBE_DONE","73","2026-05-11 13:13:40.525320","474.685725","0.000708","","","","","","keyboard","probe complete","{""value"":"""",""note"":""probe complete""}","2","0.016667","60.000000","1"
"Sergio_G01_CNS-LLF5RV3D8","cpeeg02","ses02","20260511_130526","2026-05-11 13:05:45.839515","NaN","7","probe","TRIAL_END","21","2026-05-11 13:13:40.525887","474.686434","0.107967","","","","","","keyboard","","{}","2","0.016667","60.000000","1"
"Sergio_G01_CNS-LLF5RV3D8","cpeeg02","ses02","20260511_130526","2026-05-11 13:05:45.839515","NaN","8","probe","TRIAL_CHANGE","22","2026-05-11 13:13:40.634104","474.794400","0.000893","","","","","","keyboard","trial transition","{""note"":""trial transition""}","2","0.016667","60.000000","1"
"Sergio_G01_CNS-LLF5RV3D8","cpeeg02","ses02","20260511_130526","2026-05-11 13:05:45.839515","NaN","8","probe","TRIAL_START","20","2026-05-11 13:13:40.634744","474.795293","0.042935","","","","","","keyboard","","{}","2","0.016667","60.000000","1"
"Sergio_G01_CNS-LLF5RV3D8","cpeeg02","ses02","20260511_130526","2026-05-11 13:05:45.839515","NaN","8","fix1","FIX1_ON","30","2026-05-11 13:13:40.728498","474.838228","3.551174","","","","","","keyboard","","{""pd_used"":0}","2","0.016667","60.000000","1"
"Sergio_G01_CNS-LLF5RV3D8","cpeeg02","ses02","20260511_130526","2026-05-11 13:05:45.839515","NaN","8","fix1","FIX1_OFF","31","2026-05-11 13:13:44.270869","478.389402","0.044051","","","","","","keyboard","","{""pd_used"":0}","2","0.016667","60.000000","1"
"Sergio_G01_CNS-LLF5RV3D8","cpeeg02","ses02","20260511_130526","2026-05-11 13:05:45.839515","NaN","8","digit","DIGIT1_ON","141","2026-05-11 13:13:44.322310","478.433453","0.551295","","8","","","","keyboard","digit#1 shown","{""value"":8,""note"":""digit#1 shown"",""pd_used"":1}","2","0.016667","60.000000","1"
"Sergio_G01_CNS-LLF5RV3D8","cpeeg02","ses02","20260511_130526","2026-05-11 13:05:45.839515","NaN","8","digit","DIGIT1_OFF","146","2026-05-11 13:13:44.866211","478.984748","0.000000","","8","","","","keyboard","digit#1 off","{""value"":8,""note"":""digit#1 off"",""pd_used"":0}","2","0.016667","60.000000","1"
"Sergio_G01_CNS-LLF5RV3D8","cpeeg02","ses02","20260511_130526","2026-05-11 13:05:45.839515","NaN","8","digit","POSTDIG_FIX1_ON","151","2026-05-11 13:13:44.866935","478.984748","1.589239","","","","","","keyboard","after digit#1","{""note"":""after digit#1""}","2","0.016667","60.000000","1"
"Sergio_G01_CNS-LLF5RV3D8","cpeeg02","ses02","20260511_130526","2026-05-11 13:05:45.839515","NaN","8","digit","POSTDIG_FIX1_OFF","156","2026-05-11 13:13:46.455281","480.573986","0.043675","","","","","","keyboard","after digit#1","{""note"":""after digit#1"",""pd_used"":0}","2","0.016667","60.000000","1"
"Sergio_G01_CNS-LLF5RV3D8","cpeeg02","ses02","20260511_130526","2026-05-11 13:05:45.839515","NaN","8","digit","DIGIT2_ON","142","2026-05-11 13:13:46.506528","480.617662","0.551429","","3","","","","keyboard","digit#2 shown","{""value"":3,""note"":""digit#2 shown"",""pd_used"":1}","2","0.016667","60.000000","1"
"Sergio_G01_CNS-LLF5RV3D8","cpeeg02","ses02","20260511_130526","2026-05-11 13:05:45.839515","NaN","8","digit","DIGIT2_OFF","147","2026-05-11 13:13:47.050567","481.169090","0.000000","","3","","","","keyboard","digit#2 off","{""value"":3,""note"":""digit#2 off"",""pd_used"":0}","2","0.016667","60.000000","1"
"Sergio_G01_CNS-LLF5RV3D8","cpeeg02","ses02","20260511_130526","2026-05-11 13:05:45.839515","NaN","8","digit","POSTDIG_FIX2_ON","152","2026-05-11 13:13:47.051317","481.169090","1.675320","","","","","","keyboard","after digit#2","{""note"":""after digit#2""}","2","0.016667","60.000000","1"
"Sergio_G01_CNS-LLF5RV3D8","cpeeg02","ses02","20260511_130526","2026-05-11 13:05:45.839515","NaN","8","digit","POSTDIG_FIX2_OFF","157","2026-05-11 13:13:48.725765","482.844410","0.043925","","","","","","keyboard","after digit#2","{""note"":""after digit#2"",""pd_used"":0}","2","0.016667","60.000000","1"
"Sergio_G01_CNS-LLF5RV3D8","cpeeg02","ses02","20260511_130526","2026-05-11 13:05:45.839515","NaN","8","digit","DIGIT3_ON","143","2026-05-11 13:13:48.777195","482.888335","0.551657","","5","","","","keyboard","digit#3 shown","{""value"":5,""note"":""digit#3 shown"",""pd_used"":1}","2","0.016667","60.000000","1"
"Sergio_G01_CNS-LLF5RV3D8","cpeeg02","ses02","20260511_130526","2026-05-11 13:05:45.839515","NaN","8","digit","DIGIT3_OFF","148","2026-05-11 13:13:49.321302","483.439992","0.000000","","5","","","","keyboard","digit#3 off","{""value"":5,""note"":""digit#3 off"",""pd_used"":0}","2","0.016667","60.000000","1"
"Sergio_G01_CNS-LLF5RV3D8","cpeeg02","ses02","20260511_130526","2026-05-11 13:05:45.839515","NaN","8","digit","POSTDIG_FIX3_ON","153","2026-05-11 13:13:49.322059","483.439992","2.044265","","","","","","keyboard","after digit#3","{""note"":""after digit#3""}","2","0.016667","60.000000","1"
"Sergio_G01_CNS-LLF5RV3D8","cpeeg02","ses02","20260511_130526","2026-05-11 13:05:45.839515","NaN","8","digit","POSTDIG_FIX3_OFF","158","2026-05-11 13:13:51.365354","485.484257","0.043590","","","","","","keyboard","after digit#3","{""note"":""after digit#3"",""pd_used"":0}","2","0.016667","60.000000","1"
"Sergio_G01_CNS-LLF5RV3D8","cpeeg02","ses02","20260511_130526","2026-05-11 13:05:45.839515","NaN","8","digit","DIGIT4_ON","144","2026-05-11 13:13:51.416898","485.527847","0.551705","","2","","","","keyboard","digit#4 shown","{""value"":2,""note"":""digit#4 shown"",""pd_used"":1}","2","0.016667","60.000000","1"
"Sergio_G01_CNS-LLF5RV3D8","cpeeg02","ses02","20260511_130526","2026-05-11 13:05:45.839515","NaN","8","digit","DIGIT4_OFF","149","2026-05-11 13:13:51.961098","486.079552","0.000000","","2","","","","keyboard","digit#4 off","{""value"":2,""note"":""digit#4 off"",""pd_used"":0}","2","0.016667","60.000000","1"
"Sergio_G01_CNS-LLF5RV3D8","cpeeg02","ses02","20260511_130526","2026-05-11 13:05:45.839515","NaN","8","digit","POSTDIG_FIX4_ON","154","2026-05-11 13:13:51.961906","486.079552","1.626483","","","","","","keyboard","after digit#4","{""note"":""after digit#4""}","2","0.016667","60.000000","1"
"Sergio_G01_CNS-LLF5RV3D8","cpeeg02","ses02","20260511_130526","2026-05-11 13:05:45.839515","NaN","8","digit","POSTDIG_FIX4_OFF","159","2026-05-11 13:13:53.587300","487.706035","0.043819","","","","","","keyboard","after digit#4","{""note"":""after digit#4"",""pd_used"":0}","2","0.016667","60.000000","1"
"Sergio_G01_CNS-LLF5RV3D8","cpeeg02","ses02","20260511_130526","2026-05-11 13:05:45.839515","NaN","8","digit","DIGIT5_ON","145","2026-05-11 13:13:53.638429","487.749854","0.551020","","9","","","","keyboard","digit#5 shown","{""value"":9,""note"":""digit#5 shown"",""pd_used"":1}","2","0.016667","60.000000","1"
"Sergio_G01_CNS-LLF5RV3D8","cpeeg02","ses02","20260511_130526","2026-05-11 13:05:45.839515","NaN","8","digit","DIGIT5_OFF","150","2026-05-11 13:13:54.182271","488.300874","0.000000","","9","","","","keyboard","digit#5 off","{""value"":9,""note"":""digit#5 off"",""pd_used"":0}","2","0.016667","60.000000","1"
"Sergio_G01_CNS-LLF5RV3D8","cpeeg02","ses02","20260511_130526","2026-05-11 13:05:45.839515","NaN","8","digit","POSTDIG_FIX5_ON","155","2026-05-11 13:13:54.183004","488.300874","3.078767","","","","","","keyboard","after digit#5","{""note"":""after digit#5""}","2","0.016667","60.000000","1"
"Sergio_G01_CNS-LLF5RV3D8","cpeeg02","ses02","20260511_130526","2026-05-11 13:05:45.839515","NaN","8","digit","POSTDIG_FIX5_OFF","160","2026-05-11 13:13:57.260798","491.379641","0.043540","","","","","","keyboard","after digit#5","{""note"":""after digit#5"",""pd_used"":0}","2","0.016667","60.000000","1"
"Sergio_G01_CNS-LLF5RV3D8","cpeeg02","ses02","20260511_130526","2026-05-11 13:05:45.839515","NaN","8","distractor","DISTRACTOR_ON","50","2026-05-11 13:13:57.312112","491.423181","3.468625","","5+3=11","","","","keyboard","","{""value"":""5+3=11"",""isCorrectTruth"":false,""trueSum"":8,""pd_used"":1}","2","0.016667","60.000000","1"
"Sergio_G01_CNS-LLF5RV3D8","cpeeg02","ses02","20260511_130526","2026-05-11 13:05:45.839515","NaN","8","distractor","DISTRACTOR_ANS","51","2026-05-11 13:14:01.374252","494.891806","0.000000","3.468625","5+3=11","F","1","","keyboard","key= (False)","{""value"":""5+3=11"",""entered"":""F"",""rt"":3.4686251000021002,""correct"":1,""note"":""key= (False)"",""truth"":false,""trueSum"":8,""shownSum"":11,""a"":5,""b"":3}","2","0.016667","60.000000","1"
"Sergio_G01_CNS-LLF5RV3D8","cpeeg02","ses02","20260511_130526","2026-05-11 13:05:45.839515","NaN","8","distractor","ANS_CORRECT","100","2026-05-11 13:14:01.416447","494.891806","0.687106","","","","","","keyboard","","{}","2","0.016667","60.000000","1"
"Sergio_G01_CNS-LLF5RV3D8","cpeeg02","ses02","20260511_130526","2026-05-11 13:05:45.839515","NaN","8","distractor","DISTRACTOR_OFF","52","2026-05-11 13:14:01.467651","495.578912","0.000000","","","","","","keyboard","","{""pd_used"":0}","2","0.016667","60.000000","1"
"Sergio_G01_CNS-LLF5RV3D8","cpeeg02","ses02","20260511_130526","2026-05-11 13:05:45.839515","NaN","8","distractor","FIX2_ON","60","2026-05-11 13:14:01.468307","495.578912","3.252564","","","","","","keyboard","immediate after response","{""note"":""immediate after response""}","2","0.016667","60.000000","1"
"Sergio_G01_CNS-LLF5RV3D8","cpeeg02","ses02","20260511_130526","2026-05-11 13:05:45.839515","NaN","8","fix2","FIX2_OFF","61","2026-05-11 13:14:04.712833","498.831476","0.043774","","","","","","keyboard","","{""pd_used"":0}","2","0.016667","60.000000","1"
"Sergio_G01_CNS-LLF5RV3D8","cpeeg02","ses02","20260511_130526","2026-05-11 13:05:45.839515","NaN","8","probe","DIGIT_RECALL_LINE_1","161","2026-05-11 13:14:04.764115","498.875250","1.816326","","1","","","","keyboard","first recall question","{""value"":1,""note"":""first recall question"",""pd_used"":1}","2","0.016667","60.000000","1"
"Sergio_G01_CNS-LLF5RV3D8","cpeeg02","ses02","20260511_130526","2026-05-11 13:05:45.839515","NaN","8","probe","PROBE_DIGIT_OK_1","71","2026-05-11 13:14:07.121325","500.691577","0.691383","1.817487","slot#1","8","1","","keyboard","probe_digit#1","{""value"":""slot#1"",""entered"":8,""rt"":1.8174868999994942,""note"":""probe_digit#1""}","2","0.016667","60.000000","1"
"Sergio_G01_CNS-LLF5RV3D8","cpeeg02","ses02","20260511_130526","2026-05-11 13:05:45.839515","NaN","8","probe","DIGIT1_OFF","146","2026-05-11 13:14:07.264255","501.382959","0.000000","","9","","","","keyboard","digit#1 off","{""value"":9,""note"":""digit#1 off"",""pd_used"":0}","2","0.016667","60.000000","1"
"Sergio_G01_CNS-LLF5RV3D8","cpeeg02","ses02","20260511_130526","2026-05-11 13:05:45.839515","NaN","8","probe","POSTDIG_FIX1_ON","151","2026-05-11 13:14:07.265005","501.382959","1.805108","","","","","","keyboard","after digit#1","{""note"":""after digit#1""}","2","0.016667","60.000000","1"
"Sergio_G01_CNS-LLF5RV3D8","cpeeg02","ses02","20260511_130526","2026-05-11 13:05:45.839515","NaN","8","probe","POSTDIG_FIX1_OFF","156","2026-05-11 13:14:09.069424","503.188068","0.046215","","","","","","keyboard","after digit#1","{""note"":""after digit#1"",""pd_used"":0}","2","0.016667","60.000000","1"
"Sergio_G01_CNS-LLF5RV3D8","cpeeg02","ses02","20260511_130526","2026-05-11 13:05:45.839515","NaN","8","probe","DIGIT_RECALL_LINE_2","162","2026-05-11 13:14:09.120728","503.234283","0.389025","","2","","","","keyboard","next recall question","{""value"":2,""note"":""next recall question"",""pd_used"":1}","2","0.016667","60.000000","1"
"Sergio_G01_CNS-LLF5RV3D8","cpeeg02","ses02","20260511_130526","2026-05-11 13:05:45.839515","NaN","8","probe","PROBE_DIGIT_OK_2","71","2026-05-11 13:14:10.221027","503.623308","0.866954","4.749218","slot#2","3","1","","keyboard","probe_digit#2","{""value"":""slot#2"",""entered"":3,""rt"":4.749218099997961,""note"":""probe_digit#2""}","2","0.016667","60.000000","1"
"Sergio_G01_CNS-LLF5RV3D8","cpeeg02","ses02","20260511_130526","2026-05-11 13:05:45.839515","NaN","8","probe","DIGIT2_OFF","147","2026-05-11 13:14:10.371462","504.490262","0.000000","","9","","","","keyboard","digit#2 off","{""value"":9,""note"":""digit#2 off"",""pd_used"":0}","2","0.016667","60.000000","1"
"Sergio_G01_CNS-LLF5RV3D8","cpeeg02","ses02","20260511_130526","2026-05-11 13:05:45.839515","NaN","8","probe","POSTDIG_FIX2_ON","152","2026-05-11 13:14:10.372189","504.490262","1.546692","","","","","","keyboard","after digit#2","{""note"":""after digit#2""}","2","0.016667","60.000000","1"
"Sergio_G01_CNS-LLF5RV3D8","cpeeg02","ses02","20260511_130526","2026-05-11 13:05:45.839515","NaN","8","probe","POSTDIG_FIX2_OFF","157","2026-05-11 13:14:11.918197","506.036954","0.045804","","","","","","keyboard","after digit#2","{""note"":""after digit#2"",""pd_used"":0}","2","0.016667","60.000000","1"
"Sergio_G01_CNS-LLF5RV3D8","cpeeg02","ses02","20260511_130526","2026-05-11 13:05:45.839515","NaN","8","probe","DIGIT_RECALL_LINE_3","163","2026-05-11 13:14:11.969380","506.082758","0.339772","","3","","","","keyboard","next recall question","{""value"":3,""note"":""next recall question"",""pd_used"":1}","2","0.016667","60.000000","1"
"Sergio_G01_CNS-LLF5RV3D8","cpeeg02","ses02","20260511_130526","2026-05-11 13:05:45.839515","NaN","8","probe","PROBE_DIGIT_OK_3","71","2026-05-11 13:14:12.903750","506.422530","0.746467","7.548440","slot#3","5","1","","keyboard","probe_digit#3","{""value"":""slot#3"",""entered"":5,""rt"":7.5484404000017093,""note"":""probe_digit#3""}","2","0.016667","60.000000","1"
"Sergio_G01_CNS-LLF5RV3D8","cpeeg02","ses02","20260511_130526","2026-05-11 13:05:45.839515","NaN","8","probe","DIGIT3_OFF","148","2026-05-11 13:14:13.050277","507.168998","0.000000","","9","","","","keyboard","digit#3 off","{""value"":9,""note"":""digit#3 off"",""pd_used"":0}","2","0.016667","60.000000","1"
"Sergio_G01_CNS-LLF5RV3D8","cpeeg02","ses02","20260511_130526","2026-05-11 13:05:45.839515","NaN","8","probe","POSTDIG_FIX3_ON","153","2026-05-11 13:14:13.051071","507.168998","2.033227","","","","","","keyboard","after digit#3","{""note"":""after digit#3""}","2","0.016667","60.000000","1"
"Sergio_G01_CNS-LLF5RV3D8","cpeeg02","ses02","20260511_130526","2026-05-11 13:05:45.839515","NaN","8","probe","POSTDIG_FIX3_OFF","158","2026-05-11 13:14:15.083671","509.202224","0.046189","","","","","","keyboard","after digit#3","{""note"":""after digit#3"",""pd_used"":0}","2","0.016667","60.000000","1"
"Sergio_G01_CNS-LLF5RV3D8","cpeeg02","ses02","20260511_130526","2026-05-11 13:05:45.839515","NaN","8","probe","DIGIT_RECALL_LINE_4","164","2026-05-11 13:14:15.134916","509.248413","0.597400","","4","","","","keyboard","next recall question","{""value"":4,""note"":""next recall question"",""pd_used"":1}","2","0.016667","60.000000","1"
"Sergio_G01_CNS-LLF5RV3D8","cpeeg02","ses02","20260511_130526","2026-05-11 13:05:45.839515","NaN","8","probe","PROBE_DIGIT_OK_4","71","2026-05-11 13:14:16.475100","509.845813","0.893640","10.971723","slot#4","7","0","","keyboard","probe_digit#4","{""value"":""slot#4"",""entered"":7,""rt"":10.971723499998916,""note"":""probe_digit#4""}","2","0.016667","60.000000","1"
"Sergio_G01_CNS-LLF5RV3D8","cpeeg02","ses02","20260511_130526","2026-05-11 13:05:45.839515","NaN","8","probe","DIGIT4_OFF","149","2026-05-11 13:14:16.620616","510.739453","0.000000","","9","","","","keyboard","digit#4 off","{""value"":9,""note"":""digit#4 off"",""pd_used"":0}","2","0.016667","60.000000","1"
"Sergio_G01_CNS-LLF5RV3D8","cpeeg02","ses02","20260511_130526","2026-05-11 13:05:45.839515","NaN","8","probe","POSTDIG_FIX4_ON","154","2026-05-11 13:14:16.621376","510.739453","1.858892","","","","","","keyboard","after digit#4","{""note"":""after digit#4""}","2","0.016667","60.000000","1"
"Sergio_G01_CNS-LLF5RV3D8","cpeeg02","ses02","20260511_130526","2026-05-11 13:05:45.839515","NaN","8","probe","POSTDIG_FIX4_OFF","159","2026-05-11 13:14:18.479869","512.598344","0.046039","","","","","","keyboard","after digit#4","{""note"":""after digit#4"",""pd_used"":0}","2","0.016667","60.000000","1"
"Sergio_G01_CNS-LLF5RV3D8","cpeeg02","ses02","20260511_130526","2026-05-11 13:05:45.839515","NaN","8","probe","DIGIT_RECALL_LINE_5","165","2026-05-11 13:14:18.531259","512.644383","0.550893","","5","","","","keyboard","next recall question","{""value"":5,""note"":""next recall question"",""pd_used"":1}","2","0.016667","60.000000","1"
"Sergio_G01_CNS-LLF5RV3D8","cpeeg02","ses02","20260511_130526","2026-05-11 13:05:45.839515","NaN","8","probe","PROBE_DIGIT_OK_5","71","2026-05-11 13:14:19.713810","513.195276","0.787208","14.321186","slot#5","1","0","","keyboard","probe_digit#5","{""value"":""slot#5"",""entered"":1,""rt"":14.321186499997566,""note"":""probe_digit#5""}","2","0.016667","60.000000","1"
"Sergio_G01_CNS-LLF5RV3D8","cpeeg02","ses02","20260511_130526","2026-05-11 13:05:45.839515","NaN","8","probe","DIGIT5_OFF","150","2026-05-11 13:14:19.864048","513.982484","0.000000","","9","","","","keyboard","digit#5 off","{""value"":9,""note"":""digit#5 off"",""pd_used"":0}","2","0.016667","60.000000","1"
"Sergio_G01_CNS-LLF5RV3D8","cpeeg02","ses02","20260511_130526","2026-05-11 13:05:45.839515","NaN","8","probe","POSTDIG_FIX5_ON","155","2026-05-11 13:14:19.864762","513.982484","3.328647","","","","","","keyboard","after digit#5","{""note"":""after digit#5""}","2","0.016667","60.000000","1"
"Sergio_G01_CNS-LLF5RV3D8","cpeeg02","ses02","20260511_130526","2026-05-11 13:05:45.839515","NaN","8","probe","POSTDIG_FIX5_OFF","160","2026-05-11 13:14:23.192517","517.311132","0.043473","","","","","","keyboard","after digit#5","{""note"":""after digit#5"",""pd_used"":0}","2","0.016667","60.000000","1"
"Sergio_G01_CNS-LLF5RV3D8","cpeeg02","ses02","20260511_130526","2026-05-11 13:05:45.839515","NaN","8","probe","PROBE_DONE","73","2026-05-11 13:14:23.194152","517.354605","0.000629","","","","","","keyboard","probe complete","{""value"":"""",""note"":""probe complete""}","2","0.016667","60.000000","1"
"Sergio_G01_CNS-LLF5RV3D8","cpeeg02","ses02","20260511_130526","2026-05-11 13:05:45.839515","NaN","8","probe","TRIAL_END","21","2026-05-11 13:14:23.194679","517.355234","0.111461","","","","","","keyboard","","{}","2","0.016667","60.000000","1"
"Sergio_G01_CNS-LLF5RV3D8","cpeeg02","ses02","20260511_130526","2026-05-11 13:05:45.839515","NaN","9","probe","TRIAL_CHANGE","22","2026-05-11 13:14:23.306377","517.466695","0.000954","","","","","","keyboard","trial transition","{""note"":""trial transition""}","2","0.016667","60.000000","1"
"Sergio_G01_CNS-LLF5RV3D8","cpeeg02","ses02","20260511_130526","2026-05-11 13:05:45.839515","NaN","9","probe","TRIAL_START","20","2026-05-11 13:14:23.307398","517.467648","0.043551","","","","","","keyboard","","{}","2","0.016667","60.000000","1"
"Sergio_G01_CNS-LLF5RV3D8","cpeeg02","ses02","20260511_130526","2026-05-11 13:05:45.839515","NaN","9","fix1","FIX1_ON","30","2026-05-11 13:14:23.400767","517.511200","3.541554","","","","","","keyboard","","{""pd_used"":0}","2","0.016667","60.000000","1"
"Sergio_G01_CNS-LLF5RV3D8","cpeeg02","ses02","20260511_130526","2026-05-11 13:05:45.839515","NaN","9","fix1","FIX1_OFF","31","2026-05-11 13:14:26.934098","521.052754","0.043920","","","","","","keyboard","","{""pd_used"":0}","2","0.016667","60.000000","1"
"Sergio_G01_CNS-LLF5RV3D8","cpeeg02","ses02","20260511_130526","2026-05-11 13:05:45.839515","NaN","9","digit","DIGIT1_ON","141","2026-05-11 13:14:26.985418","521.096673","0.551258","","1","","","","keyboard","digit#1 shown","{""value"":1,""note"":""digit#1 shown"",""pd_used"":1}","2","0.016667","60.000000","1"
"Sergio_G01_CNS-LLF5RV3D8","cpeeg02","ses02","20260511_130526","2026-05-11 13:05:45.839515","NaN","9","digit","DIGIT1_OFF","146","2026-05-11 13:14:27.529184","521.647931","0.000000","","1","","","","keyboard","digit#1 off","{""value"":1,""note"":""digit#1 off"",""pd_used"":0}","2","0.016667","60.000000","1"
"Sergio_G01_CNS-LLF5RV3D8","cpeeg02","ses02","20260511_130526","2026-05-11 13:05:45.839515","NaN","9","digit","POSTDIG_FIX1_ON","151","2026-05-11 13:14:27.529965","521.647931","1.632859","","","","","","keyboard","after digit#1","{""note"":""after digit#1""}","2","0.016667","60.000000","1"
"Sergio_G01_CNS-LLF5RV3D8","cpeeg02","ses02","20260511_130526","2026-05-11 13:05:45.839515","NaN","9","digit","POSTDIG_FIX1_OFF","156","2026-05-11 13:14:29.162170","523.280790","0.043774","","","","","","keyboard","after digit#1","{""note"":""after digit#1"",""pd_used"":0}","2","0.016667","60.000000","1"
"Sergio_G01_CNS-LLF5RV3D8","cpeeg02","ses02","20260511_130526","2026-05-11 13:05:45.839515","NaN","9","digit","DIGIT2_ON","142","2026-05-11 13:14:29.213592","523.324565","0.551759","","5","","","","keyboard","digit#2 shown","{""value"":5,""note"":""digit#2 shown"",""pd_used"":1}","2","0.016667","60.000000","1"
"Sergio_G01_CNS-LLF5RV3D8","cpeeg02","ses02","20260511_130526","2026-05-11 13:05:45.839515","NaN","9","digit","DIGIT2_OFF","147","2026-05-11 13:14:29.757707","523.876324","0.000000","","5","","","","keyboard","digit#2 off","{""value"":5,""note"":""digit#2 off"",""pd_used"":0}","2","0.016667","60.000000","1"
"Sergio_G01_CNS-LLF5RV3D8","cpeeg02","ses02","20260511_130526","2026-05-11 13:05:45.839515","NaN","9","digit","POSTDIG_FIX2_ON","152","2026-05-11 13:14:29.758458","523.876324","1.986519","","","","","","keyboard","after digit#2","{""note"":""after digit#2""}","2","0.016667","60.000000","1"
"Sergio_G01_CNS-LLF5RV3D8","cpeeg02","ses02","20260511_130526","2026-05-11 13:05:45.839515","NaN","9","digit","POSTDIG_FIX2_OFF","157","2026-05-11 13:14:31.744135","525.862843","0.043605","","","","","","keyboard","after digit#2","{""note"":""after digit#2"",""pd_used"":0}","2","0.016667","60.000000","1"
"Sergio_G01_CNS-LLF5RV3D8","cpeeg02","ses02","20260511_130526","2026-05-11 13:05:45.839515","NaN","9","digit","DIGIT3_ON","143","2026-05-11 13:14:31.795250","525.906448","0.551464","","2","","","","keyboard","digit#3 shown","{""value"":2,""note"":""digit#3 shown"",""pd_used"":1}","2","0.016667","60.000000","1"
"Sergio_G01_CNS-LLF5RV3D8","cpeeg02","ses02","20260511_130526","2026-05-11 13:05:45.839515","NaN","9","digit","DIGIT3_OFF","148","2026-05-11 13:14:32.339516","526.457913","0.000000","","2","","","","keyboard","digit#3 off","{""value"":2,""note"":""digit#3 off"",""pd_used"":0}","2","0.016667","60.000000","1"
"Sergio_G01_CNS-LLF5RV3D8","cpeeg02","ses02","20260511_130526","2026-05-11 13:05:45.839515","NaN","9","digit","POSTDIG_FIX3_ON","153","2026-05-11 13:14:32.340251","526.457913","1.673807","","","","","","keyboard","after digit#3","{""note"":""after digit#3""}","2","0.016667","60.000000","1"
"Sergio_G01_CNS-LLF5RV3D8","cpeeg02","ses02","20260511_130526","2026-05-11 13:05:45.839515","NaN","9","digit","POSTDIG_FIX3_OFF","158","2026-05-11 13:14:34.012979","528.131720","0.043754","","","","","","keyboard","after digit#3","{""note"":""after digit#3"",""pd_used"":0}","2","0.016667","60.000000","1"
"Sergio_G01_CNS-LLF5RV3D8","cpeeg02","ses02","20260511_130526","2026-05-11 13:05:45.839515","NaN","9","digit","DIGIT4_ON","144","2026-05-11 13:14:34.064380","528.175474","0.551691","","3","","","","keyboard","digit#4 shown","{""value"":3,""note"":""digit#4 shown"",""pd_used"":1}","2","0.016667","60.000000","1"
"Sergio_G01_CNS-LLF5RV3D8","cpeeg02","ses02","20260511_130526","2026-05-11 13:05:45.839515","NaN","9","digit","DIGIT4_OFF","149","2026-05-11 13:14:34.608414","528.727165","0.000000","","3","","","","keyboard","digit#4 off","{""value"":3,""note"":""digit#4 off"",""pd_used"":0}","2","0.016667","60.000000","1"
"Sergio_G01_CNS-LLF5RV3D8","cpeeg02","ses02","20260511_130526","2026-05-11 13:05:45.839515","NaN","9","digit","POSTDIG_FIX4_ON","154","2026-05-11 13:14:34.609141","528.727165","2.009780","","","","","","keyboard","after digit#4","{""note"":""after digit#4""}","2","0.016667","60.000000","1"
"Sergio_G01_CNS-LLF5RV3D8","cpeeg02","ses02","20260511_130526","2026-05-11 13:05:45.839515","NaN","9","digit","POSTDIG_FIX4_OFF","159","2026-05-11 13:14:36.618310","530.736945","0.043672","","","","","","keyboard","after digit#4","{""note"":""after digit#4"",""pd_used"":0}","2","0.016667","60.000000","1"
"Sergio_G01_CNS-LLF5RV3D8","cpeeg02","ses02","20260511_130526","2026-05-11 13:05:45.839515","NaN","9","digit","DIGIT5_ON","145","2026-05-11 13:14:36.669489","530.780617","0.551387","","5","","","","keyboard","digit#5 shown","{""value"":5,""note"":""digit#5 shown"",""pd_used"":1}","2","0.016667","60.000000","1"
"Sergio_G01_CNS-LLF5RV3D8","cpeeg02","ses02","20260511_130526","2026-05-11 13:05:45.839515","NaN","9","digit","DIGIT5_OFF","150","2026-05-11 13:14:37.213462","531.332004","0.000000","","5","","","","keyboard","digit#5 off","{""value"":5,""note"":""digit#5 off"",""pd_used"":0}","2","0.016667","60.000000","1"
"Sergio_G01_CNS-LLF5RV3D8","cpeeg02","ses02","20260511_130526","2026-05-11 13:05:45.839515","NaN","9","digit","POSTDIG_FIX5_ON","155","2026-05-11 13:14:37.214291","531.332004","3.420817","","","","","","keyboard","after digit#5","{""note"":""after digit#5""}","2","0.016667","60.000000","1"
"Sergio_G01_CNS-LLF5RV3D8","cpeeg02","ses02","20260511_130526","2026-05-11 13:05:45.839515","NaN","9","digit","POSTDIG_FIX5_OFF","160","2026-05-11 13:14:40.634053","534.752820","0.043895","","","","","","keyboard","after digit#5","{""note"":""after digit#5"",""pd_used"":0}","2","0.016667","60.000000","1"
"Sergio_G01_CNS-LLF5RV3D8","cpeeg02","ses02","20260511_130526","2026-05-11 13:05:45.839515","NaN","9","distractor","DISTRACTOR_ON","50","2026-05-11 13:14:40.685331","534.796715","2.501089","","7+7=13","","","","keyboard","","{""value"":""7+7=13"",""isCorrectTruth"":false,""trueSum"":14,""pd_used"":1}","2","0.016667","60.000000","1"
"Sergio_G01_CNS-LLF5RV3D8","cpeeg02","ses02","20260511_130526","2026-05-11 13:05:45.839515","NaN","9","distractor","DISTRACTOR_ANS","51","2026-05-11 13:14:43.680380","537.297805","0.000000","2.501089","7+7=13","F","1","","keyboard","key= (False)","{""value"":""7+7=13"",""entered"":""F"",""rt"":2.5010894000006374,""correct"":1,""note"":""key= (False)"",""truth"":false,""trueSum"":14,""shownSum"":13,""a"":7,""b"":7}","2","0.016667","60.000000","1"
"Sergio_G01_CNS-LLF5RV3D8","cpeeg02","ses02","20260511_130526","2026-05-11 13:05:45.839515","NaN","9","distractor","ANS_CORRECT","100","2026-05-11 13:14:43.722725","537.297805","0.587329","","","","","","keyboard","","{}","2","0.016667","60.000000","1"
"Sergio_G01_CNS-LLF5RV3D8","cpeeg02","ses02","20260511_130526","2026-05-11 13:05:45.839515","NaN","9","distractor","DISTRACTOR_OFF","52","2026-05-11 13:14:43.774112","537.885134","0.000000","","","","","","keyboard","","{""pd_used"":0}","2","0.016667","60.000000","1"
"Sergio_G01_CNS-LLF5RV3D8","cpeeg02","ses02","20260511_130526","2026-05-11 13:05:45.839515","NaN","9","distractor","FIX2_ON","60","2026-05-11 13:14:43.774766","537.885134","3.277094","","","","","","keyboard","immediate after response","{""note"":""immediate after response""}","2","0.016667","60.000000","1"
"Sergio_G01_CNS-LLF5RV3D8","cpeeg02","ses02","20260511_130526","2026-05-11 13:05:45.839515","NaN","9","fix2","FIX2_OFF","61","2026-05-11 13:14:47.043428","541.162228","0.043508","","","","","","keyboard","","{""pd_used"":0}","2","0.016667","60.000000","1"
"Sergio_G01_CNS-LLF5RV3D8","cpeeg02","ses02","20260511_130526","2026-05-11 13:05:45.839515","NaN","9","probe","DIGIT_RECALL_LINE_1","161","2026-05-11 13:14:47.094631","541.205735","1.916911","","1","","","","keyboard","first recall question","{""value"":1,""note"":""first recall question"",""pd_used"":1}","2","0.016667","60.000000","1"
"Sergio_G01_CNS-LLF5RV3D8","cpeeg02","ses02","20260511_130526","2026-05-11 13:05:45.839515","NaN","9","probe","PROBE_DIGIT_OK_1","71","2026-05-11 13:14:49.431346","543.122647","0.579064","1.917973","slot#1","5","0","","keyboard","probe_digit#1","{""value"":""slot#1"",""entered"":5,""rt"":1.9179727999944589,""note"":""probe_digit#1""}","2","0.016667","60.000000","1"
"Sergio_G01_CNS-LLF5RV3D8","cpeeg02","ses02","20260511_130526","2026-05-11 13:05:45.839515","NaN","9","probe","DIGIT1_OFF","146","2026-05-11 13:14:49.583027","543.701711","0.000000","","5","","","","keyboard","digit#1 off","{""value"":5,""note"":""digit#1 off"",""pd_used"":0}","2","0.016667","60.000000","1"
"Sergio_G01_CNS-LLF5RV3D8","cpeeg02","ses02","20260511_130526","2026-05-11 13:05:45.839515","NaN","9","probe","POSTDIG_FIX1_ON","151","2026-05-11 13:14:49.583791","543.701711","1.735277","","","","","","keyboard","after digit#1","{""note"":""after digit#1""}","2","0.016667","60.000000","1"
"Sergio_G01_CNS-LLF5RV3D8","cpeeg02","ses02","20260511_130526","2026-05-11 13:05:45.839515","NaN","9","probe","POSTDIG_FIX1_OFF","156","2026-05-11 13:14:51.318656","545.436988","0.046341","","","","","","keyboard","after digit#1","{""note"":""after digit#1"",""pd_used"":0}","2","0.016667","60.000000","1"
"Sergio_G01_CNS-LLF5RV3D8","cpeeg02","ses02","20260511_130526","2026-05-11 13:05:45.839515","NaN","9","probe","DIGIT_RECALL_LINE_2","162","2026-05-11 13:14:51.369689","545.483329","1.149104","","2","","","","keyboard","next recall question","{""value"":2,""note"":""next recall question"",""pd_used"":1}","2","0.016667","60.000000","1"
"Sergio_G01_CNS-LLF5RV3D8","cpeeg02","ses02","20260511_130526","2026-05-11 13:05:45.839515","NaN","9","probe","PROBE_DIGIT_OK_2","71","2026-05-11 13:14:53.022980","546.632434","0.659222","5.427760","slot#2","2","0","","keyboard","probe_digit#2","{""value"":""slot#2"",""entered"":2,""rt"":5.4277597999971476,""note"":""probe_digit#2""}","2","0.016667","60.000000","1"
"Sergio_G01_CNS-LLF5RV3D8","cpeeg02","ses02","20260511_130526","2026-05-11 13:05:45.839515","NaN","9","probe","DIGIT2_OFF","147","2026-05-11 13:14:53.172858","547.291656","0.000000","","5","","","","keyboard","digit#2 off","{""value"":5,""note"":""digit#2 off"",""pd_used"":0}","2","0.016667","60.000000","1"
"Sergio_G01_CNS-LLF5RV3D8","cpeeg02","ses02","20260511_130526","2026-05-11 13:05:45.839515","NaN","9","probe","POSTDIG_FIX2_ON","152","2026-05-11 13:14:53.173583","547.291656","1.746788","","","","","","keyboard","after digit#2","{""note"":""after digit#2""}","2","0.016667","60.000000","1"
"Sergio_G01_CNS-LLF5RV3D8","cpeeg02","ses02","20260511_130526","2026-05-11 13:05:45.839515","NaN","9","probe","POSTDIG_FIX2_OFF","157","2026-05-11 13:14:54.919846","549.038443","0.046236","","","","","","keyboard","after digit#2","{""note"":""after digit#2"",""pd_used"":0}","2","0.016667","60.000000","1"
"Sergio_G01_CNS-LLF5RV3D8","cpeeg02","ses02","20260511_130526","2026-05-11 13:05:45.839515","NaN","9","probe","DIGIT_RECALL_LINE_3","163","2026-05-11 13:14:54.971104","549.084679","0.673068","","3","","","","keyboard","next recall question","{""value"":3,""note"":""next recall question"",""pd_used"":1}","2","0.016667","60.000000","1"
"Sergio_G01_CNS-LLF5RV3D8","cpeeg02","ses02","20260511_130526","2026-05-11 13:05:45.839515","NaN","9","probe","PROBE_DIGIT_OK_3","71","2026-05-11 13:14:56.190967","549.757747","0.705106","8.553073","slot#3","5","0","","keyboard","probe_digit#3","{""value"":""slot#3"",""entered"":5,""rt"":8.5530729999954929,""note"":""probe_digit#3""}","2","0.016667","60.000000","1"
"Sergio_G01_CNS-LLF5RV3D8","cpeeg02","ses02","20260511_130526","2026-05-11 13:05:45.839515","NaN","9","probe","DIGIT3_OFF","148","2026-05-11 13:14:56.344225","550.462852","0.000000","","5","","","","keyboard","digit#3 off","{""value"":5,""note"":""digit#3 off"",""pd_used"":0}","2","0.016667","60.000000","1"
"Sergio_G01_CNS-LLF5RV3D8","cpeeg02","ses02","20260511_130526","2026-05-11 13:05:45.839515","NaN","9","probe","POSTDIG_FIX3_ON","153","2026-05-11 13:14:56.344943","550.462852","1.693459","","","","","","keyboard","after digit#3","{""note"":""after digit#3""}","2","0.016667","60.000000","1"
"Sergio_G01_CNS-LLF5RV3D8","cpeeg02","ses02","20260511_130526","2026-05-11 13:05:45.839515","NaN","9","probe","POSTDIG_FIX3_OFF","158","2026-05-11 13:14:58.037803","552.156311","0.046486","","","","","","keyboard","after digit#3","{""note"":""after digit#3"",""pd_used"":0}","2","0.016667","60.000000","1"
"Sergio_G01_CNS-LLF5RV3D8","cpeeg02","ses02","20260511_130526","2026-05-11 13:05:45.839515","NaN","9","probe","DIGIT_RECALL_LINE_4","164","2026-05-11 13:14:58.089081","552.202797","0.865193","","4","","","","keyboard","next recall question","{""value"":4,""note"":""next recall question"",""pd_used"":1}","2","0.016667","60.000000","1"
"Sergio_G01_CNS-LLF5RV3D8","cpeeg02","ses02","20260511_130526","2026-05-11 13:05:45.839515","NaN","9","probe","PROBE_DIGIT_OK_4","71","2026-05-11 13:14:59.271770","553.067990","0.469917","11.863317","slot#4","3","1","","keyboard","probe_digit#4","{""value"":""slot#4"",""entered"":3,""rt"":11.863316700000723,""note"":""probe_digit#4""}","2","0.016667","60.000000","1"
"Sergio_G01_CNS-LLF5RV3D8","cpeeg02","ses02","20260511_130526","2026-05-11 13:05:45.839515","NaN","9","probe","DIGIT4_OFF","149","2026-05-11 13:14:59.419642","553.537907","0.000000","","5","","","","keyboard","digit#4 off","{""value"":5,""note"":""digit#4 off"",""pd_used"":0}","2","0.016667","60.000000","1"
"Sergio_G01_CNS-LLF5RV3D8","cpeeg02","ses02","20260511_130526","2026-05-11 13:05:45.839515","NaN","9","probe","POSTDIG_FIX4_ON","154","2026-05-11 13:14:59.420391","553.537907","1.780000","","","","","","keyboard","after digit#4","{""note"":""after digit#4""}","2","0.016667","60.000000","1"
"Sergio_G01_CNS-LLF5RV3D8","cpeeg02","ses02","20260511_130526","2026-05-11 13:05:45.839515","NaN","9","probe","POSTDIG_FIX4_OFF","159","2026-05-11 13:15:01.199280","555.317907","0.045924","","","","","","keyboard","after digit#4","{""note"":""after digit#4"",""pd_used"":0}","2","0.016667","60.000000","1"
"Sergio_G01_CNS-LLF5RV3D8","cpeeg02","ses02","20260511_130526","2026-05-11 13:05:45.839515","NaN","9","probe","DIGIT_RECALL_LINE_5","165","2026-05-11 13:15:01.250383","555.363831","1.370720","","5","","","","keyboard","next recall question","{""value"":5,""note"":""next recall question"",""pd_used"":1}","2","0.016667","60.000000","1"
"Sergio_G01_CNS-LLF5RV3D8","cpeeg02","ses02","20260511_130526","2026-05-11 13:05:45.839515","NaN","9","probe","PROBE_DIGIT_OK_5","71","2026-05-11 13:15:03.261505","556.734550","0.795222","15.529876","slot#5","4","0","","keyboard","probe_digit#5","{""value"":""slot#5"",""entered"":4,""rt"":15.529876499997044,""note"":""probe_digit#5""}","2","0.016667","60.000000","1"
"Sergio_G01_CNS-LLF5RV3D8","cpeeg02","ses02","20260511_130526","2026-05-11 13:05:45.839515","NaN","9","probe","DIGIT5_OFF","150","2026-05-11 13:15:03.411144","557.529772","0.000000","","5","","","","keyboard","digit#5 off","{""value"":5,""note"":""digit#5 off"",""pd_used"":0}","2","0.016667","60.000000","1"
"Sergio_G01_CNS-LLF5RV3D8","cpeeg02","ses02","20260511_130526","2026-05-11 13:05:45.839515","NaN","9","probe","POSTDIG_FIX5_ON","155","2026-05-11 13:15:03.411850","557.529772","3.107227","","","","","","keyboard","after digit#5","{""note"":""after digit#5""}","2","0.016667","60.000000","1"
"Sergio_G01_CNS-LLF5RV3D8","cpeeg02","ses02","20260511_130526","2026-05-11 13:05:45.839515","NaN","9","probe","POSTDIG_FIX5_OFF","160","2026-05-11 13:15:06.518351","560.636999","0.043655","","","","","","keyboard","after digit#5","{""note"":""after digit#5"",""pd_used"":0}","2","0.016667","60.000000","1"
"Sergio_G01_CNS-LLF5RV3D8","cpeeg02","ses02","20260511_130526","2026-05-11 13:05:45.839515","NaN","9","probe","PROBE_DONE","73","2026-05-11 13:15:06.520186","560.680653","0.000605","","","","","","keyboard","probe complete","{""value"":"""",""note"":""probe complete""}","2","0.016667","60.000000","1"
"Sergio_G01_CNS-LLF5RV3D8","cpeeg02","ses02","20260511_130526","2026-05-11 13:05:45.839515","NaN","9","probe","TRIAL_END","21","2026-05-11 13:15:06.520699","560.681259","0.121180","","","","","","keyboard","","{}","2","0.016667","60.000000","1"
"Sergio_G01_CNS-LLF5RV3D8","cpeeg02","ses02","20260511_130526","2026-05-11 13:05:45.839515","NaN","10","probe","TRIAL_CHANGE","22","2026-05-11 13:15:06.642160","560.802438","0.000908","","","","","","keyboard","trial transition","{""note"":""trial transition""}","2","0.016667","60.000000","1"
"Sergio_G01_CNS-LLF5RV3D8","cpeeg02","ses02","20260511_130526","2026-05-11 13:05:45.839515","NaN","10","probe","TRIAL_START","20","2026-05-11 13:15:06.642809","560.803346","0.042798","","","","","","keyboard","","{}","2","0.016667","60.000000","1"
"Sergio_G01_CNS-LLF5RV3D8","cpeeg02","ses02","20260511_130526","2026-05-11 13:05:45.839515","NaN","10","fix1","FIX1_ON","30","2026-05-11 13:15:06.736090","560.846144","3.476436","","","","","","keyboard","","{""pd_used"":0}","2","0.016667","60.000000","1"
"Sergio_G01_CNS-LLF5RV3D8","cpeeg02","ses02","20260511_130526","2026-05-11 13:05:45.839515","NaN","10","fix1","FIX1_OFF","31","2026-05-11 13:15:10.203994","564.322580","0.043906","","","","","","keyboard","","{""pd_used"":0}","2","0.016667","60.000000","1"
"Sergio_G01_CNS-LLF5RV3D8","cpeeg02","ses02","20260511_130526","2026-05-11 13:05:45.839515","NaN","10","digit","DIGIT1_ON","141","2026-05-11 13:15:10.255056","564.366486","0.550961","","7","","","","keyboard","digit#1 shown","{""value"":7,""note"":""digit#1 shown"",""pd_used"":1}","2","0.016667","60.000000","1"
"Sergio_G01_CNS-LLF5RV3D8","cpeeg02","ses02","20260511_130526","2026-05-11 13:05:45.839515","NaN","10","digit","DIGIT1_OFF","146","2026-05-11 13:15:10.798865","564.917447","0.000000","","7","","","","keyboard","digit#1 off","{""value"":7,""note"":""digit#1 off"",""pd_used"":0}","2","0.016667","60.000000","1"
"Sergio_G01_CNS-LLF5RV3D8","cpeeg02","ses02","20260511_130526","2026-05-11 13:05:45.839515","NaN","10","digit","POSTDIG_FIX1_ON","151","2026-05-11 13:15:10.799631","564.917447","1.614328","","","","","","keyboard","after digit#1","{""note"":""after digit#1""}","2","0.016667","60.000000","1"
"Sergio_G01_CNS-LLF5RV3D8","cpeeg02","ses02","20260511_130526","2026-05-11 13:05:45.839515","NaN","10","digit","POSTDIG_FIX1_OFF","156","2026-05-11 13:15:12.413245","566.531776","0.043963","","","","","","keyboard","after digit#1","{""note"":""after digit#1"",""pd_used"":0}","2","0.016667","60.000000","1"
"Sergio_G01_CNS-LLF5RV3D8","cpeeg02","ses02","20260511_130526","2026-05-11 13:05:45.839515","NaN","10","digit","DIGIT2_ON","142","2026-05-11 13:15:12.464645","566.575738","0.551526","","0","","","","keyboard","digit#2 shown","{""value"":0,""note"":""digit#2 shown"",""pd_used"":1}","2","0.016667","60.000000","1"
"Sergio_G01_CNS-LLF5RV3D8","cpeeg02","ses02","20260511_130526","2026-05-11 13:05:45.839515","NaN","10","digit","DIGIT2_OFF","147","2026-05-11 13:15:13.008593","567.127265","0.000000","","0","","","","keyboard","digit#2 off","{""value"":0,""note"":""digit#2 off"",""pd_used"":0}","2","0.016667","60.000000","1"
"Sergio_G01_CNS-LLF5RV3D8","cpeeg02","ses02","20260511_130526","2026-05-11 13:05:45.839515","NaN","10","digit","POSTDIG_FIX2_ON","152","2026-05-11 13:15:13.009335","567.127265","1.885527","","","","","","keyboard","after digit#2","{""note"":""after digit#2""}","2","0.016667","60.000000","1"
"Sergio_G01_CNS-LLF5RV3D8","cpeeg02","ses02","20260511_130526","2026-05-11 13:05:45.839515","NaN","10","digit","POSTDIG_FIX2_OFF","157","2026-05-11 13:15:14.894236","569.012791","0.044167","","","","","","keyboard","after digit#2","{""note"":""after digit#2"",""pd_used"":0}","2","0.016667","60.000000","1"
"Sergio_G01_CNS-LLF5RV3D8","cpeeg02","ses02","20260511_130526","2026-05-11 13:05:45.839515","NaN","10","digit","DIGIT3_ON","143","2026-05-11 13:15:14.945321","569.056958","0.551017","","6","","","","keyboard","digit#3 shown","{""value"":6,""note"":""digit#3 shown"",""pd_used"":1}","2","0.016667","60.000000","1"
"Sergio_G01_CNS-LLF5RV3D8","cpeeg02","ses02","20260511_130526","2026-05-11 13:05:45.839515","NaN","10","digit","DIGIT3_OFF","148","2026-05-11 13:15:15.489375","569.607975","0.000000","","6","","","","keyboard","digit#3 off","{""value"":6,""note"":""digit#3 off"",""pd_used"":0}","2","0.016667","60.000000","1"
"Sergio_G01_CNS-LLF5RV3D8","cpeeg02","ses02","20260511_130526","2026-05-11 13:05:45.839515","NaN","10","digit","POSTDIG_FIX3_ON","153","2026-05-11 13:15:15.490135","569.607975","1.938697","","","","","","keyboard","after digit#3","{""note"":""after digit#3""}","2","0.016667","60.000000","1"
"Sergio_G01_CNS-LLF5RV3D8","cpeeg02","ses02","20260511_130526","2026-05-11 13:05:45.839515","NaN","10","digit","POSTDIG_FIX3_OFF","158","2026-05-11 13:15:17.428105","571.546672","0.043772","","","","","","keyboard","after digit#3","{""note"":""after digit#3"",""pd_used"":0}","2","0.016667","60.000000","1"
"Sergio_G01_CNS-LLF5RV3D8","cpeeg02","ses02","20260511_130526","2026-05-11 13:05:45.839515","NaN","10","digit","DIGIT4_ON","144","2026-05-11 13:15:17.479487","571.590445","0.551692","","5","","","","keyboard","digit#4 shown","{""value"":5,""note"":""digit#4 shown"",""pd_used"":1}","2","0.016667","60.000000","1"
"Sergio_G01_CNS-LLF5RV3D8","cpeeg02","ses02","20260511_130526","2026-05-11 13:05:45.839515","NaN","10","digit","DIGIT4_OFF","149","2026-05-11 13:15:18.023586","572.142137","0.000000","","5","","","","keyboard","digit#4 off","{""value"":5,""note"":""digit#4 off"",""pd_used"":0}","2","0.016667","60.000000","1"
"Sergio_G01_CNS-LLF5RV3D8","cpeeg02","ses02","20260511_130526","2026-05-11 13:05:45.839515","NaN","10","digit","POSTDIG_FIX4_ON","154","2026-05-11 13:15:18.024313","572.142137","1.595590","","","","","","keyboard","after digit#4","{""note"":""after digit#4""}","2","0.016667","60.000000","1"
"Sergio_G01_CNS-LLF5RV3D8","cpeeg02","ses02","20260511_130526","2026-05-11 13:05:45.839515","NaN","10","digit","POSTDIG_FIX4_OFF","159","2026-05-11 13:15:19.619461","573.737726","0.044195","","","","","","keyboard","after digit#4","{""note"":""after digit#4"",""pd_used"":0}","2","0.016667","60.000000","1"
"Sergio_G01_CNS-LLF5RV3D8","cpeeg02","ses02","20260511_130526","2026-05-11 13:05:45.839515","NaN","10","digit","DIGIT5_ON","145","2026-05-11 13:15:19.670553","573.781921","0.551113","","3","","","","keyboard","digit#5 shown","{""value"":3,""note"":""digit#5 shown"",""pd_used"":1}","2","0.016667","60.000000","1"
"Sergio_G01_CNS-LLF5RV3D8","cpeeg02","ses02","20260511_130526","2026-05-11 13:05:45.839515","NaN","10","digit","DIGIT5_OFF","150","2026-05-11 13:15:20.214439","574.333035","0.000000","","3","","","","keyboard","digit#5 off","{""value"":3,""note"":""digit#5 off"",""pd_used"":0}","2","0.016667","60.000000","1"
"Sergio_G01_CNS-LLF5RV3D8","cpeeg02","ses02","20260511_130526","2026-05-11 13:05:45.839515","NaN","10","digit","POSTDIG_FIX5_ON","155","2026-05-11 13:15:20.215185","574.333035","3.170517","","","","","","keyboard","after digit#5","{""note"":""after digit#5""}","2","0.016667","60.000000","1"
"Sergio_G01_CNS-LLF5RV3D8","cpeeg02","ses02","20260511_130526","2026-05-11 13:05:45.839515","NaN","10","digit","POSTDIG_FIX5_OFF","160","2026-05-11 13:15:23.384883","577.503551","0.044023","","","","","","keyboard","after digit#5","{""note"":""after digit#5"",""pd_used"":0}","2","0.016667","60.000000","1"
"Sergio_G01_CNS-LLF5RV3D8","cpeeg02","ses02","20260511_130526","2026-05-11 13:05:45.839515","NaN","10","distractor","DISTRACTOR_ON","50","2026-05-11 13:15:23.436086","577.547574","12.900388","","4+8=12","","","","keyboard","","{""value"":""4+8=12"",""isCorrectTruth"":true,""trueSum"":12,""pd_used"":1}","2","0.016667","60.000000","1"
"Sergio_G01_CNS-LLF5RV3D8","cpeeg02","ses02","20260511_130526","2026-05-11 13:05:45.839515","NaN","10","distractor","DISTRACTOR_ANS","51","2026-05-11 13:15:36.814248","590.447962","0.000000","12.900388","4+8=12","F","0","","keyboard","key= (False)","{""value"":""4+8=12"",""entered"":""F"",""rt"":12.900388099995325,""correct"":0,""note"":""key= (False)"",""truth"":true,""trueSum"":12,""shownSum"":12,""a"":4,""b"":8}","2","0.016667","60.000000","1"
"Sergio_G01_CNS-LLF5RV3D8","cpeeg02","ses02","20260511_130526","2026-05-11 13:05:45.839515","NaN","10","distractor","ANS_WRONG","200","2026-05-11 13:15:36.857012","590.447962","0.571544","","","","","","keyboard","","{}","2","0.016667","60.000000","1"
"Sergio_G01_CNS-LLF5RV3D8","cpeeg02","ses02","20260511_130526","2026-05-11 13:05:45.839515","NaN","10","distractor","DISTRACTOR_OFF","52","2026-05-11 13:15:36.908295","591.019506","0.000000","","","","","","keyboard","","{""pd_used"":0}","2","0.016667","60.000000","1"
"Sergio_G01_CNS-LLF5RV3D8","cpeeg02","ses02","20260511_130526","2026-05-11 13:05:45.839515","NaN","10","distractor","FIX2_ON","60","2026-05-11 13:15:36.908973","591.019506","3.549732","","","","","","keyboard","immediate after response","{""note"":""immediate after response""}","2","0.016667","60.000000","1"
"Sergio_G01_CNS-LLF5RV3D8","cpeeg02","ses02","20260511_130526","2026-05-11 13:05:45.839515","NaN","10","fix2","FIX2_OFF","61","2026-05-11 13:15:40.450460","594.569238","0.043629","","","","","","keyboard","","{""pd_used"":0}","2","0.016667","60.000000","1"
"Sergio_G01_CNS-LLF5RV3D8","cpeeg02","ses02","20260511_130526","2026-05-11 13:05:45.839515","NaN","10","probe","DIGIT_RECALL_LINE_1","161","2026-05-11 13:15:40.501697","594.612867","2.304021","","1","","","","keyboard","first recall question","{""value"":1,""note"":""first recall question"",""pd_used"":1}","2","0.016667","60.000000","1"
"Sergio_G01_CNS-LLF5RV3D8","cpeeg02","ses02","20260511_130526","2026-05-11 13:05:45.839515","NaN","10","probe","PROBE_DIGIT_OK_1","71","2026-05-11 13:15:43.082940","596.916887","0.438533","2.305180","slot#1","NaN","0","","keyboard","probe_digit#1","{""value"":""slot#1"",""entered"":null,""rt"":2.3051804999995511,""note"":""probe_digit#1""}","2","0.016667","60.000000","1"
"Sergio_G01_CNS-LLF5RV3D8","cpeeg02","ses02","20260511_130526","2026-05-11 13:05:45.839515","NaN","10","probe","DIGIT1_OFF","146","2026-05-11 13:15:43.236462","597.355421","0.000000","","3","","","","keyboard","digit#1 off","{""value"":3,""note"":""digit#1 off"",""pd_used"":0}","2","0.016667","60.000000","1"
"Sergio_G01_CNS-LLF5RV3D8","cpeeg02","ses02","20260511_130526","2026-05-11 13:05:45.839515","NaN","10","probe","POSTDIG_FIX1_ON","151","2026-05-11 13:15:43.237174","597.355421","1.975894","","","","","","keyboard","after digit#1","{""note"":""after digit#1""}","2","0.016667","60.000000","1"
"Sergio_G01_CNS-LLF5RV3D8","cpeeg02","ses02","20260511_130526","2026-05-11 13:05:45.839515","NaN","10","probe","POSTDIG_FIX1_OFF","156","2026-05-11 13:15:45.212497","599.331315","0.045692","","","","","","keyboard","after digit#1","{""note"":""after digit#1"",""pd_used"":0}","2","0.016667","60.000000","1"
"Sergio_G01_CNS-LLF5RV3D8","cpeeg02","ses02","20260511_130526","2026-05-11 13:05:45.839515","NaN","10","probe","DIGIT_RECALL_LINE_2","162","2026-05-11 13:15:45.263854","599.377007","1.681929","","2","","","","keyboard","next recall question","{""value"":2,""note"":""next recall question"",""pd_used"":1}","2","0.016667","60.000000","1"
"Sergio_G01_CNS-LLF5RV3D8","cpeeg02","ses02","20260511_130526","2026-05-11 13:05:45.839515","NaN","10","probe","PROBE_DIGIT_OK_2","71","2026-05-11 13:15:47.442116","601.058936","0.652994","6.447229","slot#2","8","0","","keyboard","probe_digit#2","{""value"":""slot#2"",""entered"":8,""rt"":6.4472291999991285,""note"":""probe_digit#2""}","2","0.016667","60.000000","1"
"Sergio_G01_CNS-LLF5RV3D8","cpeeg02","ses02","20260511_130526","2026-05-11 13:05:45.839515","NaN","10","probe","DIGIT2_OFF","147","2026-05-11 13:15:47.593093","601.711930","0.000000","","3","","","","keyboard","digit#2 off","{""value"":3,""note"":""digit#2 off"",""pd_used"":0}","2","0.016667","60.000000","1"
"Sergio_G01_CNS-LLF5RV3D8","cpeeg02","ses02","20260511_130526","2026-05-11 13:05:45.839515","NaN","10","probe","POSTDIG_FIX2_ON","152","2026-05-11 13:15:47.593792","601.711930","1.980411","","","","","","keyboard","after digit#2","{""note"":""after digit#2""}","2","0.016667","60.000000","1"
"Sergio_G01_CNS-LLF5RV3D8","cpeeg02","ses02","20260511_130526","2026-05-11 13:05:45.839515","NaN","10","probe","POSTDIG_FIX2_OFF","157","2026-05-11 13:15:49.573755","603.692341","0.046257","","","","","","keyboard","after digit#2","{""note"":""after digit#2"",""pd_used"":0}","2","0.016667","60.000000","1"
"Sergio_G01_CNS-LLF5RV3D8","cpeeg02","ses02","20260511_130526","2026-05-11 13:05:45.839515","NaN","10","probe","DIGIT_RECALL_LINE_3","163","2026-05-11 13:15:49.624840","603.738598","0.646677","","3","","","","keyboard","next recall question","{""value"":3,""note"":""next recall question"",""pd_used"":1}","2","0.016667","60.000000","1"
"Sergio_G01_CNS-LLF5RV3D8","cpeeg02","ses02","20260511_130526","2026-05-11 13:05:45.839515","NaN","10","probe","PROBE_DIGIT_OK_3","71","2026-05-11 13:15:51.495991","604.385275","1.387499","9.773568","slot#3","5","0","","keyboard","probe_digit#3","{""value"":""slot#3"",""entered"":5,""rt"":9.7735681999984081,""note"":""probe_digit#3""}","2","0.016667","60.000000","1"
"Sergio_G01_CNS-LLF5RV3D8","cpeeg02","ses02","20260511_130526","2026-05-11 13:05:45.839515","NaN","10","probe","DIGIT3_OFF","148","2026-05-11 13:15:51.654148","605.772774","0.000000","","3","","","","keyboard","digit#3 off","{""value"":3,""note"":""digit#3 off"",""pd_used"":0}","2","0.016667","60.000000","1"
"Sergio_G01_CNS-LLF5RV3D8","cpeeg02","ses02","20260511_130526","2026-05-11 13:05:45.839515","NaN","10","probe","POSTDIG_FIX3_ON","153","2026-05-11 13:15:51.654912","605.772774","1.604512","","","","","","keyboard","after digit#3","{""note"":""after digit#3""}","2","0.016667","60.000000","1"
"Sergio_G01_CNS-LLF5RV3D8","cpeeg02","ses02","20260511_130526","2026-05-11 13:05:45.839515","NaN","10","probe","POSTDIG_FIX3_OFF","158","2026-05-11 13:15:53.258689","607.377286","0.046101","","","","","","keyboard","after digit#3","{""note"":""after digit#3"",""pd_used"":0}","2","0.016667","60.000000","1"
"Sergio_G01_CNS-LLF5RV3D8","cpeeg02","ses02","20260511_130526","2026-05-11 13:05:45.839515","NaN","10","probe","DIGIT_RECALL_LINE_4","164","2026-05-11 13:15:53.310052","607.423387","2.384976","","4","","","","keyboard","next recall question","{""value"":4,""note"":""next recall question"",""pd_used"":1}","2","0.016667","60.000000","1"
"Sergio_G01_CNS-LLF5RV3D8","cpeeg02","ses02","20260511_130526","2026-05-11 13:05:45.839515","NaN","10","probe","PROBE_DIGIT_OK_4","71","2026-05-11 13:15:56.297460","609.808363","0.753339","15.196656","slot#4","3","0","","keyboard","probe_digit#4","{""value"":""slot#4"",""entered"":3,""rt"":15.196656000000075,""note"":""probe_digit#4""}","2","0.016667","60.000000","1"
"Sergio_G01_CNS-LLF5RV3D8","cpeeg02","ses02","20260511_130526","2026-05-11 13:05:45.839515","NaN","10","probe","DIGIT4_OFF","149","2026-05-11 13:15:56.442832","610.561702","0.000000","","3","","","","keyboard","digit#4 off","{""value"":3,""note"":""digit#4 off"",""pd_used"":0}","2","0.016667","60.000000","1"
"Sergio_G01_CNS-LLF5RV3D8","cpeeg02","ses02","20260511_130526","2026-05-11 13:05:45.839515","NaN","10","probe","POSTDIG_FIX4_ON","154","2026-05-11 13:15:56.443560","610.561702","1.901287","","","","","","keyboard","after digit#4","{""note"":""after digit#4""}","2","0.016667","60.000000","1"
"Sergio_G01_CNS-LLF5RV3D8","cpeeg02","ses02","20260511_130526","2026-05-11 13:05:45.839515","NaN","10","probe","POSTDIG_FIX4_OFF","159","2026-05-11 13:15:58.344413","612.462989","0.045891","","","","","","keyboard","after digit#4","{""note"":""after digit#4"",""pd_used"":0}","2","0.016667","60.000000","1"
"Sergio_G01_CNS-LLF5RV3D8","cpeeg02","ses02","20260511_130526","2026-05-11 13:05:45.839515","NaN","10","probe","DIGIT_RECALL_LINE_5","165","2026-05-11 13:15:58.395725","612.508880","1.486510","","5","","","","keyboard","next recall question","{""value"":5,""note"":""next recall question"",""pd_used"":1}","2","0.016667","60.000000","1"
"Sergio_G01_CNS-LLF5RV3D8","cpeeg02","ses02","20260511_130526","2026-05-11 13:05:45.839515","NaN","10","probe","PROBE_DIGIT_OK_5","71","2026-05-11 13:16:00.571280","613.995391","0.845513","19.383684","slot#5","9","0","","keyboard","probe_digit#5","{""value"":""slot#5"",""entered"":9,""rt"":19.383683899999596,""note"":""probe_digit#5""}","2","0.016667","60.000000","1"
"Sergio_G01_CNS-LLF5RV3D8","cpeeg02","ses02","20260511_130526","2026-05-11 13:05:45.839515","NaN","10","probe","DIGIT5_OFF","150","2026-05-11 13:16:00.722038","614.840904","0.000000","","3","","","","keyboard","digit#5 off","{""value"":3,""note"":""digit#5 off"",""pd_used"":0}","2","0.016667","60.000000","1"
"Sergio_G01_CNS-LLF5RV3D8","cpeeg02","ses02","20260511_130526","2026-05-11 13:05:45.839515","NaN","10","probe","POSTDIG_FIX5_ON","155","2026-05-11 13:16:00.722751","614.840904","3.280916","","","","","","keyboard","after digit#5","{""note"":""after digit#5""}","2","0.016667","60.000000","1"
"Sergio_G01_CNS-LLF5RV3D8","cpeeg02","ses02","20260511_130526","2026-05-11 13:05:45.839515","NaN","10","probe","POSTDIG_FIX5_OFF","160","2026-05-11 13:16:04.003413","618.121820","0.043804","","","","","","keyboard","after digit#5","{""note"":""after digit#5"",""pd_used"":0}","2","0.016667","60.000000","1"
"Sergio_G01_CNS-LLF5RV3D8","cpeeg02","ses02","20260511_130526","2026-05-11 13:05:45.839515","NaN","10","probe","PROBE_DONE","73","2026-05-11 13:16:04.005207","618.165624","0.000672","","","","","","keyboard","probe complete","{""value"":"""",""note"":""probe complete""}","2","0.016667","60.000000","1"
"Sergio_G01_CNS-LLF5RV3D8","cpeeg02","ses02","20260511_130526","2026-05-11 13:05:45.839515","NaN","10","probe","TRIAL_END","21","2026-05-11 13:16:04.005736","618.166296","0.121606","","","","","","keyboard","","{}","2","0.016667","60.000000","1"
"Sergio_G01_CNS-LLF5RV3D8","cpeeg02","ses02","20260511_130526","2026-05-11 13:05:45.839515","NaN","10","probe","BLOCK_END","11","2026-05-11 13:16:04.127951","618.287902","0.266298","","","","","","keyboard","","{}","2","0.016667","60.000000","1"
"Sergio_G01_CNS-LLF5RV3D8","cpeeg02","ses02","20260511_130526","2026-05-11 13:05:45.839515","NaN","10","probe","SESSION_END","3","2026-05-11 13:16:04.394148","618.554200","NaN","","","","","","keyboard","","{}","2","0.016667","60.000000","1"
