file_version,subject,condition,session,task_start_time,block,trial,phase,event_name,event_code,wall_clock,t_rel_sec,duration_to_next,rt,value_shown,entered_value,correct,key_name,device,note,json,screen_index,ifi,refresh_hz,pd_used
Sergio_G01_CNS-LLF5RV3D8,cpeeg01,ses03,20260804_161104,11:19.3,NaN,NaN,,MIC_NOISEFLOOR,6,11:21.6,2.377549,4.136346,,,,,,keyboard,,{},2,NaN,NaN,1
Sergio_G01_CNS-LLF5RV3D8,cpeeg01,ses03,20260804_161104,11:19.3,NaN,NaN,,MIC_REC_SPEECH,7,11:25.8,6.513895,6.658144,,,,,,keyboard,,{},2,NaN,NaN,1
Sergio_G01_CNS-LLF5RV3D8,cpeeg01,ses03,20260804_161104,11:19.3,NaN,NaN,,SESSION_START,1,11:59.3,40.010317,0.001065,,,,,,keyboard,,{},2,0.016667,60,1
Sergio_G01_CNS-LLF5RV3D8,cpeeg01,ses03,20260804_161104,11:19.3,NaN,NaN,,BLOCK_START,10,11:59.3,40.011382,0.112037,,,,,,keyboard,,{},2,0.016667,60,1
Sergio_G01_CNS-LLF5RV3D8,cpeeg01,ses03,20260804_161104,11:19.3,NaN,0,reading,START_PAGE_ON,4,11:59.4,40.123419,0.050032,,,,,,keyboard,,"{""pd_used"":0}",2,0.016667,60,1
Sergio_G01_CNS-LLF5RV3D8,cpeeg01,ses03,20260804_161104,11:19.3,NaN,0,reading,START_PAGE_ON,4,11:59.4,40.123419,8.868948,,,,,,keyboard,,"{""pd_used"":0}",2,0.016667,60,1
Sergio_G01_CNS-LLF5RV3D8,cpeeg01,ses03,20260804_161104,11:19.3,NaN,0,reading,START_PAGE_ON,4,11:59.4,40.123419,9.303407,,,,,,keyboard,,"{""pd_used"":0}",2,0.016667,60,1
Sergio_G01_CNS-LLF5RV3D8,cpeeg01,ses03,20260804_161104,11:19.3,NaN,0,reading,READING_START,23,12:08.7,49.426826,0.129992,,,,,,keyboard,,{},2,0.016667,60,1
Sergio_G01_CNS-LLF5RV3D8,cpeeg01,ses03,20260804_161104,11:19.3,NaN,0,reading,DIGIT_READ1_ON,101,12:08.9,49.556818,1.631312,,5,,,,keyboard,digit#1 shown,"{""value"":5,""note"":""digit#1 shown"",""pd_used"":1}",2,0.016667,60,1
Sergio_G01_CNS-LLF5RV3D8,cpeeg01,ses03,20260804_161104,11:19.3,NaN,0,reading,PROBE_COUNT_OK_1,71,12:10.8,51.18813,0.368658,11.071786,slot#1,NaN,,,keyboard,probe_digit#1,"{""value"":""slot#1"",""entered"":null,""rt"":11.071786299929954,""note"":""probe_digit#1""}",2,0.016667,60,1
Sergio_G01_CNS-LLF5RV3D8,cpeeg01,ses03,20260804_161104,11:19.3,NaN,0,reading,DIGIT_READ1_OFF,116,12:10.9,51.556787,0,,5,,,,keyboard,digit#1 off,"{""value"":5,""note"":""digit#1 off"",""pd_used"":0}",2,0.016667,60,1
Sergio_G01_CNS-LLF5RV3D8,cpeeg01,ses03,20260804_161104,11:19.3,NaN,0,reading,POSTREAD_FIX1_ON,201,12:10.9,51.556787,1.766703,,,,,,keyboard,after digit#1,"{""note"":""after digit#1""}",2,0.016667,60,1
Sergio_G01_CNS-LLF5RV3D8,cpeeg01,ses03,20260804_161104,11:19.3,NaN,0,reading,POSTREAD_FIX1_OFF,216,12:12.6,53.323491,0.066643,,,,,,keyboard,after digit#1,"{""note"":""after digit#1"",""pd_used"":0}",2,0.016667,60,1
Sergio_G01_CNS-LLF5RV3D8,cpeeg01,ses03,20260804_161104,11:19.3,NaN,0,reading,DIGIT_READ2_ON,102,12:12.7,53.390134,9.32444,,8,,,,keyboard,digit#2 shown,"{""value"":8,""note"":""digit#2 shown"",""pd_used"":1}",2,0.016667,60,1
Sergio_G01_CNS-LLF5RV3D8,cpeeg01,ses03,20260804_161104,11:19.3,NaN,0,reading,PROBE_COUNT_OK_2,71,12:22.4,62.714574,0.442499,22.59823,slot#2,NaN,,,keyboard,probe_digit#2,"{""value"":""slot#2"",""entered"":null,""rt"":22.598230300005525,""note"":""probe_digit#2""}",2,0.016667,60,1
Sergio_G01_CNS-LLF5RV3D8,cpeeg01,ses03,20260804_161104,11:19.3,NaN,0,reading,DIGIT_READ2_OFF,117,12:22.5,63.157072,0,,8,,,,keyboard,digit#2 off,"{""value"":8,""note"":""digit#2 off"",""pd_used"":0}",2,0.016667,60,1
Sergio_G01_CNS-LLF5RV3D8,cpeeg01,ses03,20260804_161104,11:19.3,NaN,0,reading,POSTREAD_FIX2_ON,202,12:22.5,63.157072,2.016516,,,,,,keyboard,after digit#2,"{""note"":""after digit#2""}",2,0.016667,60,1
Sergio_G01_CNS-LLF5RV3D8,cpeeg01,ses03,20260804_161104,11:19.3,NaN,0,reading,POSTREAD_FIX2_OFF,217,12:24.5,65.173589,0.066649,,,,,,keyboard,after digit#2,"{""note"":""after digit#2"",""pd_used"":0}",2,0.016667,60,1
Sergio_G01_CNS-LLF5RV3D8,cpeeg01,ses03,20260804_161104,11:19.3,NaN,0,reading,DIGIT_READ3_ON,103,12:24.5,65.240238,3.429248,,1,,,,keyboard,digit#3 shown,"{""value"":1,""note"":""digit#3 shown"",""pd_used"":1}",2,0.016667,60,1
Sergio_G01_CNS-LLF5RV3D8,cpeeg01,ses03,20260804_161104,11:19.3,NaN,0,reading,PROBE_COUNT_OK_3,71,12:28.3,68.669485,0.404074,28.553142,slot#3,NaN,,,keyboard,probe_digit#3,"{""value"":""slot#3"",""entered"":null,""rt"":28.553142199991271,""note"":""probe_digit#3""}",2,0.016667,60,1
Sergio_G01_CNS-LLF5RV3D8,cpeeg01,ses03,20260804_161104,11:19.3,NaN,0,reading,DIGIT_READ3_OFF,118,12:28.4,69.073559,0,,1,,,,keyboard,digit#3 off,"{""value"":1,""note"":""digit#3 off"",""pd_used"":0}",2,0.016667,60,1
Sergio_G01_CNS-LLF5RV3D8,cpeeg01,ses03,20260804_161104,11:19.3,NaN,0,reading,POSTREAD_FIX3_ON,203,12:28.4,69.073559,1.583368,,,,,,keyboard,after digit#3,"{""note"":""after digit#3""}",2,0.016667,60,1
Sergio_G01_CNS-LLF5RV3D8,cpeeg01,ses03,20260804_161104,11:19.3,NaN,0,reading,POSTREAD_FIX3_OFF,218,12:30.0,70.656927,0.066678,,,,,,keyboard,after digit#3,"{""note"":""after digit#3"",""pd_used"":0}",2,0.016667,60,1
Sergio_G01_CNS-LLF5RV3D8,cpeeg01,ses03,20260804_161104,11:19.3,NaN,0,reading,DIGIT_READ4_ON,104,12:30.0,70.723605,3.913852,,9,,,,keyboard,digit#4 shown,"{""value"":9,""note"":""digit#4 shown"",""pd_used"":1}",2,0.016667,60,1
Sergio_G01_CNS-LLF5RV3D8,cpeeg01,ses03,20260804_161104,11:19.3,NaN,0,reading,PROBE_COUNT_OK_4,71,12:34.3,74.637457,0.436152,34.521113,slot#4,NaN,,,keyboard,probe_digit#4,"{""value"":""slot#4"",""entered"":null,""rt"":34.521113299997523,""note"":""probe_digit#4""}",2,0.016667,60,1
Sergio_G01_CNS-LLF5RV3D8,cpeeg01,ses03,20260804_161104,11:19.3,NaN,0,reading,DIGIT_READ4_OFF,119,12:34.4,75.073608,0,,9,,,,keyboard,digit#4 off,"{""value"":9,""note"":""digit#4 off"",""pd_used"":0}",2,0.016667,60,1
Sergio_G01_CNS-LLF5RV3D8,cpeeg01,ses03,20260804_161104,11:19.3,NaN,0,reading,POSTREAD_FIX4_ON,204,12:34.4,75.073608,1.683353,,,,,,keyboard,after digit#4,"{""note"":""after digit#4""}",2,0.016667,60,1
Sergio_G01_CNS-LLF5RV3D8,cpeeg01,ses03,20260804_161104,11:19.3,NaN,0,reading,POSTREAD_FIX4_OFF,219,12:36.1,76.756961,0.066666,,,,,,keyboard,after digit#4,"{""note"":""after digit#4"",""pd_used"":0}",2,0.016667,60,1
Sergio_G01_CNS-LLF5RV3D8,cpeeg01,ses03,20260804_161104,11:19.3,NaN,0,reading,DIGIT_READ5_ON,105,12:36.1,76.823627,1.643013,,4,,,,keyboard,digit#5 shown,"{""value"":4,""note"":""digit#5 shown"",""pd_used"":1}",2,0.016667,60,1
Sergio_G01_CNS-LLF5RV3D8,cpeeg01,ses03,20260804_161104,11:19.3,NaN,0,reading,PROBE_COUNT_OK_5,71,12:38.2,78.46664,0.490353,38.350297,slot#5,NaN,,,keyboard,probe_digit#5,"{""value"":""slot#5"",""entered"":null,""rt"":38.350296700024046,""note"":""probe_digit#5""}",2,0.016667,60,1
Sergio_G01_CNS-LLF5RV3D8,cpeeg01,ses03,20260804_161104,11:19.3,NaN,0,reading,DIGIT_READ5_OFF,120,12:38.3,78.956993,0,,4,,,,keyboard,digit#5 off,"{""value"":4,""note"":""digit#5 off"",""pd_used"":0}",2,0.016667,60,1
Sergio_G01_CNS-LLF5RV3D8,cpeeg01,ses03,20260804_161104,11:19.3,NaN,0,reading,POSTREAD_FIX5_ON,205,12:38.3,78.956993,1.983471,,,,,,keyboard,after digit#5,"{""note"":""after digit#5""}",2,0.016667,60,1
Sergio_G01_CNS-LLF5RV3D8,cpeeg01,ses03,20260804_161104,11:19.3,NaN,0,reading,POSTREAD_FIX5_OFF,220,12:40.2,80.940464,0.066513,,,,,,keyboard,after digit#5,"{""note"":""after digit#5"",""pd_used"":0}",2,0.016667,60,1
Sergio_G01_CNS-LLF5RV3D8,cpeeg01,ses03,20260804_161104,11:19.3,NaN,0,reading,DIGIT_READ6_ON,106,12:40.3,81.006978,1.233967,,6,,,,keyboard,digit#6 shown,"{""value"":6,""note"":""digit#6 shown"",""pd_used"":1}",2,0.016667,60,1
Sergio_G01_CNS-LLF5RV3D8,cpeeg01,ses03,20260804_161104,11:19.3,NaN,0,reading,PROBE_COUNT_OK_6,71,12:41.8,82.240945,0.399377,42.124601,slot#6,NaN,,,keyboard,probe_digit#6,"{""value"":""slot#6"",""entered"":null,""rt"":42.124601399991661,""note"":""probe_digit#6""}",2,0.016667,60,1
Sergio_G01_CNS-LLF5RV3D8,cpeeg01,ses03,20260804_161104,11:19.3,NaN,0,reading,DIGIT_READ6_OFF,121,12:41.9,82.640322,0,,6,,,,keyboard,digit#6 off,"{""value"":6,""note"":""digit#6 off"",""pd_used"":0}",2,0.016667,60,1
Sergio_G01_CNS-LLF5RV3D8,cpeeg01,ses03,20260804_161104,11:19.3,NaN,0,reading,POSTREAD_FIX6_ON,206,12:41.9,82.640322,1.983316,,,,,,keyboard,after digit#6,"{""note"":""after digit#6""}",2,0.016667,60,1
Sergio_G01_CNS-LLF5RV3D8,cpeeg01,ses03,20260804_161104,11:19.3,NaN,0,reading,POSTREAD_FIX6_OFF,221,12:43.9,84.623638,0.066727,,,,,,keyboard,after digit#6,"{""note"":""after digit#6"",""pd_used"":0}",2,0.016667,60,1
Sergio_G01_CNS-LLF5RV3D8,cpeeg01,ses03,20260804_161104,11:19.3,NaN,0,reading,DIGIT_READ7_ON,107,12:44.0,84.690365,1.048198,,4,,,,keyboard,digit#7 shown,"{""value"":4,""note"":""digit#7 shown"",""pd_used"":1}",2,0.016667,60,1
Sergio_G01_CNS-LLF5RV3D8,cpeeg01,ses03,20260804_161104,11:19.3,NaN,0,reading,PROBE_COUNT_OK_7,71,12:45.5,85.738563,0.503103,45.62222,slot#7,NaN,,,keyboard,probe_digit#7,"{""value"":""slot#7"",""entered"":null,""rt"":45.622219700017013,""note"":""probe_digit#7""}",2,0.016667,60,1
Sergio_G01_CNS-LLF5RV3D8,cpeeg01,ses03,20260804_161104,11:19.3,NaN,0,reading,DIGIT_READ7_OFF,122,12:45.5,86.241666,0,,4,,,,keyboard,digit#7 off,"{""value"":4,""note"":""digit#7 off"",""pd_used"":0}",2,0.016667,60,1
Sergio_G01_CNS-LLF5RV3D8,cpeeg01,ses03,20260804_161104,11:19.3,NaN,0,reading,POSTREAD_FIX7_ON,207,12:45.5,86.241666,1.932009,,,,,,keyboard,after digit#7,"{""note"":""after digit#7""}",2,0.016667,60,1
Sergio_G01_CNS-LLF5RV3D8,cpeeg01,ses03,20260804_161104,11:19.3,NaN,0,reading,POSTREAD_FIX7_OFF,222,12:47.5,88.173674,0.066683,,,,,,keyboard,after digit#7,"{""note"":""after digit#7"",""pd_used"":0}",2,0.016667,60,1
Sergio_G01_CNS-LLF5RV3D8,cpeeg01,ses03,20260804_161104,11:19.3,NaN,0,reading,DIGIT_READ8_ON,108,12:47.5,88.240357,1.232094,,1,,,,keyboard,digit#8 shown,"{""value"":1,""note"":""digit#8 shown"",""pd_used"":1}",2,0.016667,60,1
Sergio_G01_CNS-LLF5RV3D8,cpeeg01,ses03,20260804_161104,11:19.3,NaN,0,reading,PROBE_COUNT_OK_8,71,12:49.1,89.472451,0.417881,49.356108,slot#8,NaN,,,keyboard,probe_digit#8,"{""value"":""slot#8"",""entered"":null,""rt"":49.356107700034045,""note"":""probe_digit#8""}",2,0.016667,60,1
Sergio_G01_CNS-LLF5RV3D8,cpeeg01,ses03,20260804_161104,11:19.3,NaN,0,reading,DIGIT_READ8_OFF,123,12:49.2,89.890332,0,,1,,,,keyboard,digit#8 off,"{""value"":1,""note"":""digit#8 off"",""pd_used"":0}",2,0.016667,60,1
Sergio_G01_CNS-LLF5RV3D8,cpeeg01,ses03,20260804_161104,11:19.3,NaN,0,reading,POSTREAD_FIX8_ON,208,12:49.2,89.890332,1.850029,,,,,,keyboard,after digit#8,"{""note"":""after digit#8""}",2,0.016667,60,1
Sergio_G01_CNS-LLF5RV3D8,cpeeg01,ses03,20260804_161104,11:19.3,NaN,0,reading,POSTREAD_FIX8_OFF,223,12:51.0,91.740361,0.066662,,,,,,keyboard,after digit#8,"{""note"":""after digit#8"",""pd_used"":0}",2,0.016667,60,1
Sergio_G01_CNS-LLF5RV3D8,cpeeg01,ses03,20260804_161104,11:19.3,NaN,0,reading,DIGIT_READ9_ON,109,12:51.1,91.807023,12.863226,,9,,,,keyboard,digit#9 shown,"{""value"":9,""note"":""digit#9 shown"",""pd_used"":1}",2,0.016667,60,1
Sergio_G01_CNS-LLF5RV3D8,cpeeg01,ses03,20260804_161104,11:19.3,NaN,0,reading,PROBE_COUNT_OK_9,71,13:04.4,104.670249,0.520165,64.553906,slot#9,NaN,,,keyboard,probe_digit#9,"{""value"":""slot#9"",""entered"":null,""rt"":64.553905799984932,""note"":""probe_digit#9""}",2,0.016667,60,1
Sergio_G01_CNS-LLF5RV3D8,cpeeg01,ses03,20260804_161104,11:19.3,NaN,0,reading,DIGIT_READ9_OFF,124,13:04.5,105.190414,0,,9,,,,keyboard,digit#9 off,"{""value"":9,""note"":""digit#9 off"",""pd_used"":0}",2,0.016667,60,1
Sergio_G01_CNS-LLF5RV3D8,cpeeg01,ses03,20260804_161104,11:19.3,NaN,0,reading,POSTREAD_FIX9_ON,209,13:04.5,105.190414,1.866715,,,,,,keyboard,after digit#9,"{""note"":""after digit#9""}",2,0.016667,60,1
Sergio_G01_CNS-LLF5RV3D8,cpeeg01,ses03,20260804_161104,11:19.3,NaN,0,reading,POSTREAD_FIX9_OFF,224,13:06.4,107.05713,0.066654,,,,,,keyboard,after digit#9,"{""note"":""after digit#9"",""pd_used"":0}",2,0.016667,60,1
Sergio_G01_CNS-LLF5RV3D8,cpeeg01,ses03,20260804_161104,11:19.3,NaN,0,reading,DIGIT_READ10_ON,110,13:06.4,107.123783,1.338854,,4,,,,keyboard,digit#10 shown,"{""value"":4,""note"":""digit#10 shown"",""pd_used"":1}",2,0.016667,60,1
Sergio_G01_CNS-LLF5RV3D8,cpeeg01,ses03,20260804_161104,11:19.3,NaN,0,reading,PROBE_COUNT_OK_10,71,13:08.2,108.462637,0.561129,68.346294,slot#10,NaN,,,keyboard,probe_digit#10,"{""value"":""slot#10"",""entered"":null,""rt"":68.346294199931435,""note"":""probe_digit#10""}",2,0.016667,60,1
Sergio_G01_CNS-LLF5RV3D8,cpeeg01,ses03,20260804_161104,11:19.3,NaN,0,reading,DIGIT_READ10_OFF,125,13:08.3,109.023766,0,,4,,,,keyboard,digit#10 off,"{""value"":4,""note"":""digit#10 off"",""pd_used"":0}",2,0.016667,60,1
Sergio_G01_CNS-LLF5RV3D8,cpeeg01,ses03,20260804_161104,11:19.3,NaN,0,reading,POSTREAD_FIX10_ON,210,13:08.3,109.023766,1.983476,,,,,,keyboard,after digit#10,"{""note"":""after digit#10""}",2,0.016667,60,1
Sergio_G01_CNS-LLF5RV3D8,cpeeg01,ses03,20260804_161104,11:19.3,NaN,0,reading,POSTREAD_FIX10_OFF,225,13:10.3,111.007243,0.066525,,,,,,keyboard,after digit#10,"{""note"":""after digit#10"",""pd_used"":0}",2,0.016667,60,1
Sergio_G01_CNS-LLF5RV3D8,cpeeg01,ses03,20260804_161104,11:19.3,NaN,0,reading,DIGIT_READ11_ON,111,13:10.4,111.073767,1.621402,,2,,,,keyboard,digit#11 shown,"{""value"":2,""note"":""digit#11 shown"",""pd_used"":1}",2,0.016667,60,1
Sergio_G01_CNS-LLF5RV3D8,cpeeg01,ses03,20260804_161104,11:19.3,NaN,0,reading,PROBE_COUNT_OK_11,71,13:12.4,112.695169,0.495281,72.578826,slot#11,NaN,,,keyboard,probe_digit#11,"{""value"":""slot#11"",""entered"":null,""rt"":72.578826099983416,""note"":""probe_digit#11""}",2,0.016667,60,1
Sergio_G01_CNS-LLF5RV3D8,cpeeg01,ses03,20260804_161104,11:19.3,NaN,0,reading,DIGIT_READ11_OFF,126,13:12.5,113.19045,0,,2,,,,keyboard,digit#11 off,"{""value"":2,""note"":""digit#11 off"",""pd_used"":0}",2,0.016667,60,1
Sergio_G01_CNS-LLF5RV3D8,cpeeg01,ses03,20260804_161104,11:19.3,NaN,0,reading,POSTREAD_FIX11_ON,211,13:12.5,113.19045,1.716692,,,,,,keyboard,after digit#11,"{""note"":""after digit#11""}",2,0.016667,60,1
Sergio_G01_CNS-LLF5RV3D8,cpeeg01,ses03,20260804_161104,11:19.3,NaN,0,reading,POSTREAD_FIX11_OFF,226,13:14.2,114.907142,0.066634,,,,,,keyboard,after digit#11,"{""note"":""after digit#11"",""pd_used"":0}",2,0.016667,60,1
Sergio_G01_CNS-LLF5RV3D8,cpeeg01,ses03,20260804_161104,11:19.3,NaN,0,reading,DIGIT_READ12_ON,112,13:14.3,114.973776,5.065094,,9,,,,keyboard,digit#12 shown,"{""value"":9,""note"":""digit#12 shown"",""pd_used"":1}",2,0.016667,60,1
Sergio_G01_CNS-LLF5RV3D8,cpeeg01,ses03,20260804_161104,11:19.3,NaN,0,reading,PROBE_COUNT_OK_12,71,13:19.8,120.03887,0.601621,79.922526,slot#12,NaN,,,keyboard,probe_digit#12,"{""value"":""slot#12"",""entered"":null,""rt"":79.922526299953461,""note"":""probe_digit#12""}",2,0.016667,60,1
Sergio_G01_CNS-LLF5RV3D8,cpeeg01,ses03,20260804_161104,11:19.3,NaN,0,reading,DIGIT_READ12_OFF,127,13:19.9,120.64049,0,,9,,,,keyboard,digit#12 off,"{""value"":9,""note"":""digit#12 off"",""pd_used"":0}",2,0.016667,60,1
Sergio_G01_CNS-LLF5RV3D8,cpeeg01,ses03,20260804_161104,11:19.3,NaN,0,reading,POSTREAD_FIX12_ON,212,13:19.9,120.64049,2.016653,,,,,,keyboard,after digit#12,"{""note"":""after digit#12""}",2,0.016667,60,1
Sergio_G01_CNS-LLF5RV3D8,cpeeg01,ses03,20260804_161104,11:19.3,NaN,0,reading,POSTREAD_FIX12_OFF,227,13:22.0,122.657143,0.066704,,,,,,keyboard,after digit#12,"{""note"":""after digit#12"",""pd_used"":0}",2,0.016667,60,1
Sergio_G01_CNS-LLF5RV3D8,cpeeg01,ses03,20260804_161104,11:19.3,NaN,0,reading,DIGIT_READ13_ON,113,13:22.0,122.723847,2.769222,,8,,,,keyboard,digit#13 shown,"{""value"":8,""note"":""digit#13 shown"",""pd_used"":1}",2,0.016667,60,1
Sergio_G01_CNS-LLF5RV3D8,cpeeg01,ses03,20260804_161104,11:19.3,NaN,0,reading,PROBE_COUNT_OK_13,71,13:25.2,125.493069,0.500325,85.376726,slot#13,NaN,,,keyboard,probe_digit#13,"{""value"":""slot#13"",""entered"":null,""rt"":85.376725899986923,""note"":""probe_digit#13""}",2,0.016667,60,1
Sergio_G01_CNS-LLF5RV3D8,cpeeg01,ses03,20260804_161104,11:19.3,NaN,0,reading,DIGIT_READ13_OFF,128,13:25.3,125.993394,0,,8,,,,keyboard,digit#13 off,"{""value"":8,""note"":""digit#13 off"",""pd_used"":0}",2,0.016667,60,1
Sergio_G01_CNS-LLF5RV3D8,cpeeg01,ses03,20260804_161104,11:19.3,NaN,0,reading,POSTREAD_FIX13_ON,213,13:25.3,125.993394,1.863793,,,,,,keyboard,after digit#13,"{""note"":""after digit#13""}",2,0.016667,60,1
Sergio_G01_CNS-LLF5RV3D8,cpeeg01,ses03,20260804_161104,11:19.3,NaN,0,reading,POSTREAD_FIX13_OFF,228,13:27.2,127.857187,0.066696,,,,,,keyboard,after digit#13,"{""note"":""after digit#13"",""pd_used"":0}",2,0.016667,60,1
Sergio_G01_CNS-LLF5RV3D8,cpeeg01,ses03,20260804_161104,11:19.3,NaN,0,reading,DIGIT_READ14_ON,114,13:27.2,127.923883,1.553497,,3,,,,keyboard,digit#14 shown,"{""value"":3,""note"":""digit#14 shown"",""pd_used"":1}",2,0.016667,60,1
Sergio_G01_CNS-LLF5RV3D8,cpeeg01,ses03,20260804_161104,11:19.3,NaN,0,reading,PROBE_COUNT_OK_14,71,13:29.3,129.47738,0.563163,89.361037,slot#14,NaN,,,keyboard,probe_digit#14,"{""value"":""slot#14"",""entered"":null,""rt"":89.361037199967541,""note"":""probe_digit#14""}",2,0.016667,60,1
Sergio_G01_CNS-LLF5RV3D8,cpeeg01,ses03,20260804_161104,11:19.3,NaN,0,reading,DIGIT_READ14_OFF,129,13:29.3,130.040543,0,,3,,,,keyboard,digit#14 off,"{""value"":3,""note"":""digit#14 off"",""pd_used"":0}",2,0.016667,60,1
Sergio_G01_CNS-LLF5RV3D8,cpeeg01,ses03,20260804_161104,11:19.3,NaN,0,reading,POSTREAD_FIX14_ON,214,13:29.3,130.040543,1.683303,,,,,,keyboard,after digit#14,"{""note"":""after digit#14""}",2,0.016667,60,1
Sergio_G01_CNS-LLF5RV3D8,cpeeg01,ses03,20260804_161104,11:19.3,NaN,0,reading,POSTREAD_FIX14_OFF,229,13:31.0,131.723846,0.066701,,,,,,keyboard,after digit#14,"{""note"":""after digit#14"",""pd_used"":0}",2,0.016667,60,1
Sergio_G01_CNS-LLF5RV3D8,cpeeg01,ses03,20260804_161104,11:19.3,NaN,0,reading,DIGIT_READ15_ON,115,13:31.1,131.790547,1.310697,,3,,,,keyboard,digit#15 shown,"{""value"":3,""note"":""digit#15 shown"",""pd_used"":1}",2,0.016667,60,1
Sergio_G01_CNS-LLF5RV3D8,cpeeg01,ses03,20260804_161104,11:19.3,NaN,0,reading,PROBE_COUNT_OK_15,71,13:32.8,133.101245,0.522642,92.984902,slot#15,NaN,,,keyboard,probe_digit#15,"{""value"":""slot#15"",""entered"":null,""rt"":92.984901599935256,""note"":""probe_digit#15""}",2,0.016667,60,1
Sergio_G01_CNS-LLF5RV3D8,cpeeg01,ses03,20260804_161104,11:19.3,NaN,0,reading,DIGIT_READ15_OFF,130,13:32.9,133.623887,0,,3,,,,keyboard,digit#15 off,"{""value"":3,""note"":""digit#15 off"",""pd_used"":0}",2,0.016667,60,1
Sergio_G01_CNS-LLF5RV3D8,cpeeg01,ses03,20260804_161104,11:19.3,NaN,0,reading,POSTREAD_FIX15_ON,215,13:32.9,133.623887,3.150004,,,,,,keyboard,after digit#15,"{""note"":""after digit#15""}",2,0.016667,60,1
Sergio_G01_CNS-LLF5RV3D8,cpeeg01,ses03,20260804_161104,11:19.3,NaN,0,reading,POSTREAD_FIX15_OFF,230,13:36.1,136.773891,0.050143,,,,,,keyboard,after digit#15,"{""note"":""after digit#15"",""pd_used"":0}",2,0.016667,60,1
Sergio_G01_CNS-LLF5RV3D8,cpeeg01,ses03,20260804_161104,11:19.3,NaN,0,reading,READING_END,24,13:36.1,136.824034,0.049849,,,,,,keyboard,,{},2,0.016667,60,1
Sergio_G01_CNS-LLF5RV3D8,cpeeg01,ses03,20260804_161104,11:19.3,NaN,0,reading,START_PAGE_ON,4,13:36.2,136.873882,0.050047,,,,,,keyboard,,"{""pd_used"":0}",2,0.016667,60,1
Sergio_G01_CNS-LLF5RV3D8,cpeeg01,ses03,20260804_161104,11:19.3,NaN,0,reading,START_PAGE_ON,4,13:36.2,136.873882,7.45849,,,,,,keyboard,,"{""pd_used"":0}",2,0.016667,60,1
Sergio_G01_CNS-LLF5RV3D8,cpeeg01,ses03,20260804_161104,11:19.3,NaN,0,reading,START_PAGE_ON,4,13:36.2,136.873882,7.830188,,,,,,keyboard,,"{""pd_used"":0}",2,0.016667,60,1
Sergio_G01_CNS-LLF5RV3D8,cpeeg01,ses03,20260804_161104,11:19.3,NaN,1,reading,TRIAL_CHANGE,22,13:44.0,144.70407,0.001097,,,,,,keyboard,trial transition,"{""note"":""trial transition""}",2,0.016667,60,1
Sergio_G01_CNS-LLF5RV3D8,cpeeg01,ses03,20260804_161104,11:19.3,NaN,1,reading,TRIAL_START,20,13:44.0,144.705167,0.068763,,,,,,keyboard,,{},2,0.016667,60,1
Sergio_G01_CNS-LLF5RV3D8,cpeeg01,ses03,20260804_161104,11:19.3,NaN,1,fix1,FIX1_ON,30,13:44.1,144.77393,3.216824,,,,,,keyboard,,"{""pd_used"":0}",2,0.016667,60,1
Sergio_G01_CNS-LLF5RV3D8,cpeeg01,ses03,20260804_161104,11:19.3,NaN,1,fix1,FIX1_OFF,31,13:47.3,147.990754,0.049855,,,,,,keyboard,,"{""pd_used"":0}",2,0.016667,60,1
Sergio_G01_CNS-LLF5RV3D8,cpeeg01,ses03,20260804_161104,11:19.3,NaN,1,digit,DIGIT1_ON,141,13:47.3,148.040609,0.549989,,6,,,,keyboard,digit#1 shown,"{""value"":6,""note"":""digit#1 shown"",""pd_used"":1}",2,0.016667,60,1
Sergio_G01_CNS-LLF5RV3D8,cpeeg01,ses03,20260804_161104,11:19.3,NaN,1,digit,DIGIT1_OFF,146,13:47.9,148.590599,0,,6,,,,keyboard,digit#1 off,"{""value"":6,""note"":""digit#1 off"",""pd_used"":0}",2,0.016667,60,1
Sergio_G01_CNS-LLF5RV3D8,cpeeg01,ses03,20260804_161104,11:19.3,NaN,1,digit,POSTDIG_FIX1_ON,151,13:47.9,148.590599,1.866707,,,,,,keyboard,after digit#1,"{""note"":""after digit#1""}",2,0.016667,60,1
Sergio_G01_CNS-LLF5RV3D8,cpeeg01,ses03,20260804_161104,11:19.3,NaN,1,digit,POSTDIG_FIX1_OFF,156,13:49.8,150.457306,0.049996,,,,,,keyboard,after digit#1,"{""note"":""after digit#1"",""pd_used"":0}",2,0.016667,60,1
Sergio_G01_CNS-LLF5RV3D8,cpeeg01,ses03,20260804_161104,11:19.3,NaN,1,digit,DIGIT2_ON,142,13:49.8,150.507302,0.550031,,9,,,,keyboard,digit#2 shown,"{""value"":9,""note"":""digit#2 shown"",""pd_used"":1}",2,0.016667,60,1
Sergio_G01_CNS-LLF5RV3D8,cpeeg01,ses03,20260804_161104,11:19.3,NaN,1,digit,DIGIT2_OFF,147,13:50.4,151.057333,0,,9,,,,keyboard,digit#2 off,"{""value"":9,""note"":""digit#2 off"",""pd_used"":0}",2,0.016667,60,1
Sergio_G01_CNS-LLF5RV3D8,cpeeg01,ses03,20260804_161104,11:19.3,NaN,1,digit,POSTDIG_FIX2_ON,152,13:50.4,151.057333,1.699953,,,,,,keyboard,after digit#2,"{""note"":""after digit#2""}",2,0.016667,60,1
Sergio_G01_CNS-LLF5RV3D8,cpeeg01,ses03,20260804_161104,11:19.3,NaN,1,digit,POSTDIG_FIX2_OFF,157,13:52.1,152.757286,0.04999,,,,,,keyboard,after digit#2,"{""note"":""after digit#2"",""pd_used"":0}",2,0.016667,60,1
Sergio_G01_CNS-LLF5RV3D8,cpeeg01,ses03,20260804_161104,11:19.3,NaN,1,digit,DIGIT3_ON,143,13:52.1,152.807277,0.550023,,3,,,,keyboard,digit#3 shown,"{""value"":3,""note"":""digit#3 shown"",""pd_used"":1}",2,0.016667,60,1
Sergio_G01_CNS-LLF5RV3D8,cpeeg01,ses03,20260804_161104,11:19.3,NaN,1,digit,DIGIT3_OFF,148,13:52.7,153.3573,0,,3,,,,keyboard,digit#3 off,"{""value"":3,""note"":""digit#3 off"",""pd_used"":0}",2,0.016667,60,1
Sergio_G01_CNS-LLF5RV3D8,cpeeg01,ses03,20260804_161104,11:19.3,NaN,1,digit,POSTDIG_FIX3_ON,153,13:52.7,153.3573,2.033363,,,,,,keyboard,after digit#3,"{""note"":""after digit#3""}",2,0.016667,60,1
Sergio_G01_CNS-LLF5RV3D8,cpeeg01,ses03,20260804_161104,11:19.3,NaN,1,digit,POSTDIG_FIX3_OFF,158,13:54.7,155.390663,0.04997,,,,,,keyboard,after digit#3,"{""note"":""after digit#3"",""pd_used"":0}",2,0.016667,60,1
Sergio_G01_CNS-LLF5RV3D8,cpeeg01,ses03,20260804_161104,11:19.3,NaN,1,digit,DIGIT4_ON,144,13:54.7,155.440633,0.550022,,1,,,,keyboard,digit#4 shown,"{""value"":1,""note"":""digit#4 shown"",""pd_used"":1}",2,0.016667,60,1
Sergio_G01_CNS-LLF5RV3D8,cpeeg01,ses03,20260804_161104,11:19.3,NaN,1,digit,DIGIT4_OFF,149,13:55.3,155.990655,0,,1,,,,keyboard,digit#4 off,"{""value"":1,""note"":""digit#4 off"",""pd_used"":0}",2,0.016667,60,1
Sergio_G01_CNS-LLF5RV3D8,cpeeg01,ses03,20260804_161104,11:19.3,NaN,1,digit,POSTDIG_FIX4_ON,154,13:55.3,155.990655,1.833517,,,,,,keyboard,after digit#4,"{""note"":""after digit#4""}",2,0.016667,60,1
Sergio_G01_CNS-LLF5RV3D8,cpeeg01,ses03,20260804_161104,11:19.3,NaN,1,digit,POSTDIG_FIX4_OFF,159,13:57.1,157.824172,0.049837,,,,,,keyboard,after digit#4,"{""note"":""after digit#4"",""pd_used"":0}",2,0.016667,60,1
Sergio_G01_CNS-LLF5RV3D8,cpeeg01,ses03,20260804_161104,11:19.3,NaN,1,digit,DIGIT5_ON,145,13:57.2,157.874009,0.549992,,9,,,,keyboard,digit#5 shown,"{""value"":9,""note"":""digit#5 shown"",""pd_used"":1}",2,0.016667,60,1
Sergio_G01_CNS-LLF5RV3D8,cpeeg01,ses03,20260804_161104,11:19.3,NaN,1,digit,DIGIT5_OFF,150,13:57.7,158.424001,0,,9,,,,keyboard,digit#5 off,"{""value"":9,""note"":""digit#5 off"",""pd_used"":0}",2,0.016667,60,1
Sergio_G01_CNS-LLF5RV3D8,cpeeg01,ses03,20260804_161104,11:19.3,NaN,1,digit,POSTDIG_FIX5_ON,155,13:57.7,158.424001,3.116644,,,,,,keyboard,after digit#5,"{""note"":""after digit#5""}",2,0.016667,60,1
Sergio_G01_CNS-LLF5RV3D8,cpeeg01,ses03,20260804_161104,11:19.3,NaN,1,digit,POSTDIG_FIX5_OFF,160,14:00.8,161.540645,0.050052,,,,,,keyboard,after digit#5,"{""note"":""after digit#5"",""pd_used"":0}",2,0.016667,60,1
Sergio_G01_CNS-LLF5RV3D8,cpeeg01,ses03,20260804_161104,11:19.3,NaN,1,distractor,DISTRACTOR_ON,50,14:00.9,161.590697,11.329912,,4+2=6,,,,keyboard,,"{""value"":""4+2=6"",""isCorrectTruth"":true,""trueSum"":6,""pd_used"":1}",2,0.016667,60,1
Sergio_G01_CNS-LLF5RV3D8,cpeeg01,ses03,20260804_161104,11:19.3,NaN,1,distractor,DISTRACTOR_ANS,51,14:12.6,172.920609,0,11.329912,4+2=6,F,0,,keyboard,key= (False),"{""value"":""4+2=6"",""entered"":""F"",""rt"":11.329911500099115,""correct"":0,""note"":""key= (False)"",""truth"":true,""trueSum"":6,""shownSum"":6,""a"":4,""b"":2}",2,0.016667,60,1
Sergio_G01_CNS-LLF5RV3D8,cpeeg01,ses03,20260804_161104,11:19.3,NaN,1,distractor,ANS_WRONG,200,14:12.7,172.920609,0.486794,,,,,,keyboard,,{},2,0.016667,60,1
Sergio_G01_CNS-LLF5RV3D8,cpeeg01,ses03,20260804_161104,11:19.3,NaN,1,distractor,DISTRACTOR_OFF,52,14:12.7,173.407403,0,,,,,,keyboard,,"{""pd_used"":0}",2,0.016667,60,1
Sergio_G01_CNS-LLF5RV3D8,cpeeg01,ses03,20260804_161104,11:19.3,NaN,1,distractor,FIX2_ON,60,14:12.7,173.407403,3.550034,,,,,,keyboard,immediate after response,"{""note"":""immediate after response""}",2,0.016667,60,1
Sergio_G01_CNS-LLF5RV3D8,cpeeg01,ses03,20260804_161104,11:19.3,NaN,1,fix2,FIX2_OFF,61,14:16.3,176.957437,0.049944,,,,,,keyboard,,"{""pd_used"":0}",2,0.016667,60,1
Sergio_G01_CNS-LLF5RV3D8,cpeeg01,ses03,20260804_161104,11:19.3,NaN,1,probe,DIGIT_RECALL_LINE_1,161,14:16.3,177.007381,3.685207,,1,,,,keyboard,first recall question,"{""value"":1,""note"":""first recall question"",""pd_used"":1}",2,0.016667,60,1
Sergio_G01_CNS-LLF5RV3D8,cpeeg01,ses03,20260804_161104,11:19.3,NaN,1,probe,PROBE_DIGIT_OK_1,71,14:20.4,180.692588,0.581504,3.692009,slot#1,NaN,,,keyboard,probe_digit#1,"{""value"":""slot#1"",""entered"":null,""rt"":3.6920085999881849,""note"":""probe_digit#1""}",2,0.016667,60,1
Sergio_G01_CNS-LLF5RV3D8,cpeeg01,ses03,20260804_161104,11:19.3,NaN,1,probe,DIGIT1_OFF,146,14:20.6,181.274092,0,,9,,,,keyboard,digit#1 off,"{""value"":9,""note"":""digit#1 off"",""pd_used"":0}",2,0.016667,60,1
Sergio_G01_CNS-LLF5RV3D8,cpeeg01,ses03,20260804_161104,11:19.3,NaN,1,probe,POSTDIG_FIX1_ON,151,14:20.6,181.274092,1.966684,,,,,,keyboard,after digit#1,"{""note"":""after digit#1""}",2,0.016667,60,1
Sergio_G01_CNS-LLF5RV3D8,cpeeg01,ses03,20260804_161104,11:19.3,NaN,1,probe,POSTDIG_FIX1_OFF,156,14:22.5,183.240775,0.067627,,,,,,keyboard,after digit#1,"{""note"":""after digit#1"",""pd_used"":0}",2,0.016667,60,1
Sergio_G01_CNS-LLF5RV3D8,cpeeg01,ses03,20260804_161104,11:19.3,NaN,1,probe,DIGIT_RECALL_LINE_2,162,14:22.6,183.308402,4.371638,,2,,,,keyboard,next recall question,"{""value"":2,""note"":""next recall question"",""pd_used"":1}",2,0.016667,60,1
Sergio_G01_CNS-LLF5RV3D8,cpeeg01,ses03,20260804_161104,11:19.3,NaN,1,probe,PROBE_DIGIT_OK_2,71,14:27.6,187.680041,0.794091,10.679462,slot#2,NaN,,,keyboard,probe_digit#2,"{""value"":""slot#2"",""entered"":null,""rt"":10.679461600026116,""note"":""probe_digit#2""}",2,0.016667,60,1
Sergio_G01_CNS-LLF5RV3D8,cpeeg01,ses03,20260804_161104,11:19.3,NaN,1,probe,DIGIT2_OFF,147,14:27.8,188.474131,0,,9,,,,keyboard,digit#2 off,"{""value"":9,""note"":""digit#2 off"",""pd_used"":0}",2,0.016667,60,1
Sergio_G01_CNS-LLF5RV3D8,cpeeg01,ses03,20260804_161104,11:19.3,NaN,1,probe,POSTDIG_FIX2_ON,152,14:27.8,188.474131,1.916692,,,,,,keyboard,after digit#2,"{""note"":""after digit#2""}",2,0.016667,60,1
Sergio_G01_CNS-LLF5RV3D8,cpeeg01,ses03,20260804_161104,11:19.3,NaN,1,probe,POSTDIG_FIX2_OFF,157,14:29.7,190.390823,0.066631,,,,,,keyboard,after digit#2,"{""note"":""after digit#2"",""pd_used"":0}",2,0.016667,60,1
Sergio_G01_CNS-LLF5RV3D8,cpeeg01,ses03,20260804_161104,11:19.3,NaN,1,probe,DIGIT_RECALL_LINE_3,163,14:29.8,190.457454,7.484844,,3,,,,keyboard,next recall question,"{""value"":3,""note"":""next recall question"",""pd_used"":1}",2,0.016667,60,1
Sergio_G01_CNS-LLF5RV3D8,cpeeg01,ses03,20260804_161104,11:19.3,NaN,1,probe,PROBE_DIGIT_OK_3,71,14:37.7,197.942298,0.598543,20.941719,slot#3,NaN,,,keyboard,probe_digit#3,"{""value"":""slot#3"",""entered"":null,""rt"":20.94171909999568,""note"":""probe_digit#3""}",2,0.016667,60,1
Sergio_G01_CNS-LLF5RV3D8,cpeeg01,ses03,20260804_161104,11:19.3,NaN,1,probe,DIGIT3_OFF,148,14:37.8,198.540841,0,,9,,,,keyboard,digit#3 off,"{""value"":9,""note"":""digit#3 off"",""pd_used"":0}",2,0.016667,60,1
Sergio_G01_CNS-LLF5RV3D8,cpeeg01,ses03,20260804_161104,11:19.3,NaN,1,probe,POSTDIG_FIX3_ON,153,14:37.8,198.540841,1.916853,,,,,,keyboard,after digit#3,"{""note"":""after digit#3""}",2,0.016667,60,1
Sergio_G01_CNS-LLF5RV3D8,cpeeg01,ses03,20260804_161104,11:19.3,NaN,1,probe,POSTDIG_FIX3_OFF,158,14:39.8,200.457694,0.066464,,,,,,keyboard,after digit#3,"{""note"":""after digit#3"",""pd_used"":0}",2,0.016667,60,1
Sergio_G01_CNS-LLF5RV3D8,cpeeg01,ses03,20260804_161104,11:19.3,NaN,1,probe,DIGIT_RECALL_LINE_4,164,14:39.8,200.524158,1.298782,,4,,,,keyboard,next recall question,"{""value"":4,""note"":""next recall question"",""pd_used"":1}",2,0.016667,60,1
Sergio_G01_CNS-LLF5RV3D8,cpeeg01,ses03,20260804_161104,11:19.3,NaN,1,probe,PROBE_DIGIT_OK_4,71,14:41.6,201.82294,0.584581,24.822361,slot#4,NaN,,,keyboard,probe_digit#4,"{""value"":""slot#4"",""entered"":null,""rt"":24.822360999998637,""note"":""probe_digit#4""}",2,0.016667,60,1
Sergio_G01_CNS-LLF5RV3D8,cpeeg01,ses03,20260804_161104,11:19.3,NaN,1,probe,DIGIT4_OFF,149,14:41.7,202.407521,0,,9,,,,keyboard,digit#4 off,"{""value"":9,""note"":""digit#4 off"",""pd_used"":0}",2,0.016667,60,1
Sergio_G01_CNS-LLF5RV3D8,cpeeg01,ses03,20260804_161104,11:19.3,NaN,1,probe,POSTDIG_FIX4_ON,154,14:41.7,202.407521,1.833325,,,,,,keyboard,after digit#4,"{""note"":""after digit#4""}",2,0.016667,60,1
Sergio_G01_CNS-LLF5RV3D8,cpeeg01,ses03,20260804_161104,11:19.3,NaN,1,probe,POSTDIG_FIX4_OFF,159,14:43.5,204.240845,0.066689,,,,,,keyboard,after digit#4,"{""note"":""after digit#4"",""pd_used"":0}",2,0.016667,60,1
Sergio_G01_CNS-LLF5RV3D8,cpeeg01,ses03,20260804_161104,11:19.3,NaN,1,probe,DIGIT_RECALL_LINE_5,165,14:43.6,204.307534,2.550615,,5,,,,keyboard,next recall question,"{""value"":5,""note"":""next recall question"",""pd_used"":1}",2,0.016667,60,1
Sergio_G01_CNS-LLF5RV3D8,cpeeg01,ses03,20260804_161104,11:19.3,NaN,1,probe,PROBE_DIGIT_OK_5,71,14:46.6,206.858149,0.599415,29.85757,slot#5,NaN,,,keyboard,probe_digit#5,"{""value"":""slot#5"",""entered"":null,""rt"":29.85757019999437,""note"":""probe_digit#5""}",2,0.016667,60,1
Sergio_G01_CNS-LLF5RV3D8,cpeeg01,ses03,20260804_161104,11:19.3,NaN,1,probe,DIGIT5_OFF,150,14:46.8,207.457564,0,,9,,,,keyboard,digit#5 off,"{""value"":9,""note"":""digit#5 off"",""pd_used"":0}",2,0.016667,60,1
Sergio_G01_CNS-LLF5RV3D8,cpeeg01,ses03,20260804_161104,11:19.3,NaN,1,probe,POSTDIG_FIX5_ON,155,14:46.8,207.457564,3.066637,,,,,,keyboard,after digit#5,"{""note"":""after digit#5""}",2,0.016667,60,1
Sergio_G01_CNS-LLF5RV3D8,cpeeg01,ses03,20260804_161104,11:19.3,NaN,1,probe,POSTDIG_FIX5_OFF,160,14:49.8,210.524201,0.05036,,,,,,keyboard,after digit#5,"{""note"":""after digit#5"",""pd_used"":0}",2,0.016667,60,1
Sergio_G01_CNS-LLF5RV3D8,cpeeg01,ses03,20260804_161104,11:19.3,NaN,1,probe,PROBE_DONE,73,14:49.8,210.574561,0.00099,,,,,,keyboard,probe complete,"{""value"":"""",""note"":""probe complete""}",2,0.016667,60,1
Sergio_G01_CNS-LLF5RV3D8,cpeeg01,ses03,20260804_161104,11:19.3,NaN,1,probe,TRIAL_END,21,14:49.8,210.575551,0.101397,,,,,,keyboard,,{},2,0.016667,60,1
Sergio_G01_CNS-LLF5RV3D8,cpeeg01,ses03,20260804_161104,11:19.3,NaN,2,probe,TRIAL_CHANGE,22,14:49.9,210.676948,0.001071,,,,,,keyboard,trial transition,"{""note"":""trial transition""}",2,0.016667,60,1
Sergio_G01_CNS-LLF5RV3D8,cpeeg01,ses03,20260804_161104,11:19.3,NaN,2,probe,TRIAL_START,20,14:49.9,210.678019,0.046196,,,,,,keyboard,,{},2,0.016667,60,1
Sergio_G01_CNS-LLF5RV3D8,cpeeg01,ses03,20260804_161104,11:19.3,NaN,2,fix1,FIX1_ON,30,14:50.0,210.724215,3.26683,,,,,,keyboard,,"{""pd_used"":0}",2,0.016667,60,1
Sergio_G01_CNS-LLF5RV3D8,cpeeg01,ses03,20260804_161104,11:19.3,NaN,2,fix1,FIX1_OFF,31,14:53.3,213.991045,0.049855,,,,,,keyboard,,"{""pd_used"":0}",2,0.016667,60,1
Sergio_G01_CNS-LLF5RV3D8,cpeeg01,ses03,20260804_161104,11:19.3,NaN,2,digit,DIGIT1_ON,141,14:53.3,214.0409,0.550008,,6,,,,keyboard,digit#1 shown,"{""value"":6,""note"":""digit#1 shown"",""pd_used"":1}",2,0.016667,60,1
Sergio_G01_CNS-LLF5RV3D8,cpeeg01,ses03,20260804_161104,11:19.3,NaN,2,digit,DIGIT1_OFF,146,14:53.9,214.590908,0,,6,,,,keyboard,digit#1 off,"{""value"":6,""note"":""digit#1 off"",""pd_used"":0}",2,0.016667,60,1
Sergio_G01_CNS-LLF5RV3D8,cpeeg01,ses03,20260804_161104,11:19.3,NaN,2,digit,POSTDIG_FIX1_ON,151,14:53.9,214.590908,1.85002,,,,,,keyboard,after digit#1,"{""note"":""after digit#1""}",2,0.016667,60,1
Sergio_G01_CNS-LLF5RV3D8,cpeeg01,ses03,20260804_161104,11:19.3,NaN,2,digit,POSTDIG_FIX1_OFF,156,14:55.7,216.440928,0.049989,,,,,,keyboard,after digit#1,"{""note"":""after digit#1"",""pd_used"":0}",2,0.016667,60,1
Sergio_G01_CNS-LLF5RV3D8,cpeeg01,ses03,20260804_161104,11:19.3,NaN,2,digit,DIGIT2_ON,142,14:55.8,216.490916,0.549985,,9,,,,keyboard,digit#2 shown,"{""value"":9,""note"":""digit#2 shown"",""pd_used"":1}",2,0.016667,60,1
Sergio_G01_CNS-LLF5RV3D8,cpeeg01,ses03,20260804_161104,11:19.3,NaN,2,digit,DIGIT2_OFF,147,14:56.3,217.040902,0,,9,,,,keyboard,digit#2 off,"{""value"":9,""note"":""digit#2 off"",""pd_used"":0}",2,0.016667,60,1
Sergio_G01_CNS-LLF5RV3D8,cpeeg01,ses03,20260804_161104,11:19.3,NaN,2,digit,POSTDIG_FIX2_ON,152,14:56.3,217.040902,1.883404,,,,,,keyboard,after digit#2,"{""note"":""after digit#2""}",2,0.016667,60,1
Sergio_G01_CNS-LLF5RV3D8,cpeeg01,ses03,20260804_161104,11:19.3,NaN,2,digit,POSTDIG_FIX2_OFF,157,14:58.2,218.924306,0.049963,,,,,,keyboard,after digit#2,"{""note"":""after digit#2"",""pd_used"":0}",2,0.016667,60,1
Sergio_G01_CNS-LLF5RV3D8,cpeeg01,ses03,20260804_161104,11:19.3,NaN,2,digit,DIGIT3_ON,143,14:58.3,218.974268,0.549987,,4,,,,keyboard,digit#3 shown,"{""value"":4,""note"":""digit#3 shown"",""pd_used"":1}",2,0.016667,60,1
Sergio_G01_CNS-LLF5RV3D8,cpeeg01,ses03,20260804_161104,11:19.3,NaN,2,digit,DIGIT3_OFF,148,14:58.8,219.524255,0,,4,,,,keyboard,digit#3 off,"{""value"":4,""note"":""digit#3 off"",""pd_used"":0}",2,0.016667,60,1
Sergio_G01_CNS-LLF5RV3D8,cpeeg01,ses03,20260804_161104,11:19.3,NaN,2,digit,POSTDIG_FIX3_ON,153,14:58.8,219.524255,2.05001,,,,,,keyboard,after digit#3,"{""note"":""after digit#3""}",2,0.016667,60,1
Sergio_G01_CNS-LLF5RV3D8,cpeeg01,ses03,20260804_161104,11:19.3,NaN,2,digit,POSTDIG_FIX3_OFF,158,15:00.9,221.574266,0.049975,,,,,,keyboard,after digit#3,"{""note"":""after digit#3"",""pd_used"":0}",2,0.016667,60,1
Sergio_G01_CNS-LLF5RV3D8,cpeeg01,ses03,20260804_161104,11:19.3,NaN,2,digit,DIGIT4_ON,144,15:00.9,221.624241,0.550154,,9,,,,keyboard,digit#4 shown,"{""value"":9,""note"":""digit#4 shown"",""pd_used"":1}",2,0.016667,60,1
Sergio_G01_CNS-LLF5RV3D8,cpeeg01,ses03,20260804_161104,11:19.3,NaN,2,digit,DIGIT4_OFF,149,15:01.5,222.174395,0,,9,,,,keyboard,digit#4 off,"{""value"":9,""note"":""digit#4 off"",""pd_used"":0}",2,0.016667,60,1
Sergio_G01_CNS-LLF5RV3D8,cpeeg01,ses03,20260804_161104,11:19.3,NaN,2,digit,POSTDIG_FIX4_ON,154,15:01.5,222.174395,1.966554,,,,,,keyboard,after digit#4,"{""note"":""after digit#4""}",2,0.016667,60,1
Sergio_G01_CNS-LLF5RV3D8,cpeeg01,ses03,20260804_161104,11:19.3,NaN,2,digit,POSTDIG_FIX4_OFF,159,15:03.4,224.140949,0.050008,,,,,,keyboard,after digit#4,"{""note"":""after digit#4"",""pd_used"":0}",2,0.016667,60,1
Sergio_G01_CNS-LLF5RV3D8,cpeeg01,ses03,20260804_161104,11:19.3,NaN,2,digit,DIGIT5_ON,145,15:03.5,224.190957,0.549997,,2,,,,keyboard,digit#5 shown,"{""value"":2,""note"":""digit#5 shown"",""pd_used"":1}",2,0.016667,60,1
Sergio_G01_CNS-LLF5RV3D8,cpeeg01,ses03,20260804_161104,11:19.3,NaN,2,digit,DIGIT5_OFF,150,15:04.0,224.740953,0,,2,,,,keyboard,digit#5 off,"{""value"":2,""note"":""digit#5 off"",""pd_used"":0}",2,0.016667,60,1
Sergio_G01_CNS-LLF5RV3D8,cpeeg01,ses03,20260804_161104,11:19.3,NaN,2,digit,POSTDIG_FIX5_ON,155,15:04.0,224.740953,3.116699,,,,,,keyboard,after digit#5,"{""note"":""after digit#5""}",2,0.016667,60,1
Sergio_G01_CNS-LLF5RV3D8,cpeeg01,ses03,20260804_161104,11:19.3,NaN,2,digit,POSTDIG_FIX5_OFF,160,15:07.2,227.857652,0.04995,,,,,,keyboard,after digit#5,"{""note"":""after digit#5"",""pd_used"":0}",2,0.016667,60,1
Sergio_G01_CNS-LLF5RV3D8,cpeeg01,ses03,20260804_161104,11:19.3,NaN,2,distractor,DISTRACTOR_ON,50,15:07.2,227.907603,9.807382,,9+2=11,,,,keyboard,,"{""value"":""9+2=11"",""isCorrectTruth"":true,""trueSum"":11,""pd_used"":1}",2,0.016667,60,1
Sergio_G01_CNS-LLF5RV3D8,cpeeg01,ses03,20260804_161104,11:19.3,NaN,2,distractor,DISTRACTOR_ANS,51,15:17.6,237.714984,0,9.807382,9+2=11,F,0,,keyboard,key= (False),"{""value"":""9+2=11"",""entered"":""F"",""rt"":9.80738160002511,""correct"":0,""note"":""key= (False)"",""truth"":true,""trueSum"":11,""shownSum"":11,""a"":9,""b"":2}",2,0.016667,60,1
Sergio_G01_CNS-LLF5RV3D8,cpeeg01,ses03,20260804_161104,11:19.3,NaN,2,distractor,ANS_WRONG,200,15:17.6,237.714984,0.659383,,,,,,keyboard,,{},2,0.016667,60,1
Sergio_G01_CNS-LLF5RV3D8,cpeeg01,ses03,20260804_161104,11:19.3,NaN,2,distractor,DISTRACTOR_OFF,52,15:17.7,238.374367,0,,,,,,keyboard,,"{""pd_used"":0}",2,0.016667,60,1
Sergio_G01_CNS-LLF5RV3D8,cpeeg01,ses03,20260804_161104,11:19.3,NaN,2,distractor,FIX2_ON,60,15:17.7,238.374367,3.149994,,,,,,keyboard,immediate after response,"{""note"":""immediate after response""}",2,0.016667,60,1
Sergio_G01_CNS-LLF5RV3D8,cpeeg01,ses03,20260804_161104,11:19.3,NaN,2,fix2,FIX2_OFF,61,15:20.8,241.524362,0.049994,,,,,,keyboard,,"{""pd_used"":0}",2,0.016667,60,1
Sergio_G01_CNS-LLF5RV3D8,cpeeg01,ses03,20260804_161104,11:19.3,NaN,2,probe,DIGIT_RECALL_LINE_1,161,15:20.9,241.574356,3.119912,,1,,,,keyboard,first recall question,"{""value"":1,""note"":""first recall question"",""pd_used"":1}",2,0.016667,60,1
Sergio_G01_CNS-LLF5RV3D8,cpeeg01,ses03,20260804_161104,11:19.3,NaN,2,probe,PROBE_DIGIT_OK_1,71,15:24.4,244.694268,0.546767,3.127101,slot#1,NaN,,,keyboard,probe_digit#1,"{""value"":""slot#1"",""entered"":null,""rt"":3.1271012000506744,""note"":""probe_digit#1""}",2,0.016667,60,1
Sergio_G01_CNS-LLF5RV3D8,cpeeg01,ses03,20260804_161104,11:19.3,NaN,2,probe,DIGIT1_OFF,146,15:24.5,245.241034,0,,2,,,,keyboard,digit#1 off,"{""value"":2,""note"":""digit#1 off"",""pd_used"":0}",2,0.016667,60,1
Sergio_G01_CNS-LLF5RV3D8,cpeeg01,ses03,20260804_161104,11:19.3,NaN,2,probe,POSTDIG_FIX1_ON,151,15:24.5,245.241034,1.766702,,,,,,keyboard,after digit#1,"{""note"":""after digit#1""}",2,0.016667,60,1
Sergio_G01_CNS-LLF5RV3D8,cpeeg01,ses03,20260804_161104,11:19.3,NaN,2,probe,POSTDIG_FIX1_OFF,156,15:26.3,247.007736,0.066665,,,,,,keyboard,after digit#1,"{""note"":""after digit#1"",""pd_used"":0}",2,0.016667,60,1
Sergio_G01_CNS-LLF5RV3D8,cpeeg01,ses03,20260804_161104,11:19.3,NaN,2,probe,DIGIT_RECALL_LINE_2,162,15:26.4,247.074401,4.205983,,2,,,,keyboard,next recall question,"{""value"":2,""note"":""next recall question"",""pd_used"":1}",2,0.016667,60,1
Sergio_G01_CNS-LLF5RV3D8,cpeeg01,ses03,20260804_161104,11:19.3,NaN,2,probe,PROBE_DIGIT_OK_2,71,15:31.2,251.280384,0.744007,9.713217,slot#2,NaN,,,keyboard,probe_digit#2,"{""value"":""slot#2"",""entered"":null,""rt"":9.713217300013639,""note"":""probe_digit#2""}",2,0.016667,60,1
Sergio_G01_CNS-LLF5RV3D8,cpeeg01,ses03,20260804_161104,11:19.3,NaN,2,probe,DIGIT2_OFF,147,15:31.3,252.024391,0,,2,,,,keyboard,digit#2 off,"{""value"":2,""note"":""digit#2 off"",""pd_used"":0}",2,0.016667,60,1
Sergio_G01_CNS-LLF5RV3D8,cpeeg01,ses03,20260804_161104,11:19.3,NaN,2,probe,POSTDIG_FIX2_ON,152,15:31.3,252.024391,1.583365,,,,,,keyboard,after digit#2,"{""note"":""after digit#2""}",2,0.016667,60,1
Sergio_G01_CNS-LLF5RV3D8,cpeeg01,ses03,20260804_161104,11:19.3,NaN,2,probe,POSTDIG_FIX2_OFF,157,15:32.9,253.607756,0.066624,,,,,,keyboard,after digit#2,"{""note"":""after digit#2"",""pd_used"":0}",2,0.016667,60,1
Sergio_G01_CNS-LLF5RV3D8,cpeeg01,ses03,20260804_161104,11:19.3,NaN,2,probe,DIGIT_RECALL_LINE_3,163,15:33.0,253.674379,1.297894,,3,,,,keyboard,next recall question,"{""value"":3,""note"":""next recall question"",""pd_used"":1}",2,0.016667,60,1
Sergio_G01_CNS-LLF5RV3D8,cpeeg01,ses03,20260804_161104,11:19.3,NaN,2,probe,PROBE_DIGIT_OK_3,71,15:34.7,254.972273,0.568807,13.405107,slot#3,NaN,,,keyboard,probe_digit#3,"{""value"":""slot#3"",""entered"":null,""rt"":13.405106700025499,""note"":""probe_digit#3""}",2,0.016667,60,1
Sergio_G01_CNS-LLF5RV3D8,cpeeg01,ses03,20260804_161104,11:19.3,NaN,2,probe,DIGIT3_OFF,148,15:34.8,255.54108,0,,2,,,,keyboard,digit#3 off,"{""value"":2,""note"":""digit#3 off"",""pd_used"":0}",2,0.016667,60,1
Sergio_G01_CNS-LLF5RV3D8,cpeeg01,ses03,20260804_161104,11:19.3,NaN,2,probe,POSTDIG_FIX3_ON,153,15:34.8,255.54108,1.783336,,,,,,keyboard,after digit#3,"{""note"":""after digit#3""}",2,0.016667,60,1
Sergio_G01_CNS-LLF5RV3D8,cpeeg01,ses03,20260804_161104,11:19.3,NaN,2,probe,POSTDIG_FIX3_OFF,158,15:36.6,257.324416,0.066682,,,,,,keyboard,after digit#3,"{""note"":""after digit#3"",""pd_used"":0}",2,0.016667,60,1
Sergio_G01_CNS-LLF5RV3D8,cpeeg01,ses03,20260804_161104,11:19.3,NaN,2,probe,DIGIT_RECALL_LINE_4,164,15:36.7,257.391098,11.158125,,4,,,,keyboard,next recall question,"{""value"":4,""note"":""next recall question"",""pd_used"":1}",2,0.016667,60,1
Sergio_G01_CNS-LLF5RV3D8,cpeeg01,ses03,20260804_161104,11:19.3,NaN,2,probe,PROBE_DIGIT_OK_4,71,15:48.1,268.549223,0.441931,26.982057,slot#4,NaN,,,keyboard,probe_digit#4,"{""value"":""slot#4"",""entered"":null,""rt"":26.982057100045495,""note"":""probe_digit#4""}",2,0.016667,60,1
Sergio_G01_CNS-LLF5RV3D8,cpeeg01,ses03,20260804_161104,11:19.3,NaN,2,probe,DIGIT4_OFF,149,15:48.3,268.991155,0,,2,,,,keyboard,digit#4 off,"{""value"":2,""note"":""digit#4 off"",""pd_used"":0}",2,0.016667,60,1
Sergio_G01_CNS-LLF5RV3D8,cpeeg01,ses03,20260804_161104,11:19.3,NaN,2,probe,POSTDIG_FIX4_ON,154,15:48.3,268.991155,1.58351,,,,,,keyboard,after digit#4,"{""note"":""after digit#4""}",2,0.016667,60,1
Sergio_G01_CNS-LLF5RV3D8,cpeeg01,ses03,20260804_161104,11:19.3,NaN,2,probe,POSTDIG_FIX4_OFF,159,15:49.9,270.574665,0.066585,,,,,,keyboard,after digit#4,"{""note"":""after digit#4"",""pd_used"":0}",2,0.016667,60,1
Sergio_G01_CNS-LLF5RV3D8,cpeeg01,ses03,20260804_161104,11:19.3,NaN,2,probe,DIGIT_RECALL_LINE_5,165,15:49.9,270.64125,2.70244,,5,,,,keyboard,next recall question,"{""value"":5,""note"":""next recall question"",""pd_used"":1}",2,0.016667,60,1
Sergio_G01_CNS-LLF5RV3D8,cpeeg01,ses03,20260804_161104,11:19.3,NaN,2,probe,PROBE_DIGIT_OK_5,71,15:53.0,273.34369,0.464169,31.776524,slot#5,NaN,,,keyboard,probe_digit#5,"{""value"":""slot#5"",""entered"":null,""rt"":31.776523600099608,""note"":""probe_digit#5""}",2,0.016667,60,1
Sergio_G01_CNS-LLF5RV3D8,cpeeg01,ses03,20260804_161104,11:19.3,NaN,2,probe,DIGIT5_OFF,150,15:53.1,273.807859,0,,2,,,,keyboard,digit#5 off,"{""value"":2,""note"":""digit#5 off"",""pd_used"":0}",2,0.016667,60,1
Sergio_G01_CNS-LLF5RV3D8,cpeeg01,ses03,20260804_161104,11:19.3,NaN,2,probe,POSTDIG_FIX5_ON,155,15:53.1,273.807859,3.366669,,,,,,keyboard,after digit#5,"{""note"":""after digit#5""}",2,0.016667,60,1
Sergio_G01_CNS-LLF5RV3D8,cpeeg01,ses03,20260804_161104,11:19.3,NaN,2,probe,POSTDIG_FIX5_OFF,160,15:56.5,277.174528,0.050013,,,,,,keyboard,after digit#5,"{""note"":""after digit#5"",""pd_used"":0}",2,0.016667,60,1
Sergio_G01_CNS-LLF5RV3D8,cpeeg01,ses03,20260804_161104,11:19.3,NaN,2,probe,PROBE_DONE,73,15:56.5,277.224541,0.000697,,,,,,keyboard,probe complete,"{""value"":"""",""note"":""probe complete""}",2,0.016667,60,1
Sergio_G01_CNS-LLF5RV3D8,cpeeg01,ses03,20260804_161104,11:19.3,NaN,2,probe,TRIAL_END,21,15:56.5,277.225238,0.097605,,,,,,keyboard,,{},2,0.016667,60,1
Sergio_G01_CNS-LLF5RV3D8,cpeeg01,ses03,20260804_161104,11:19.3,NaN,3,probe,TRIAL_CHANGE,22,15:56.6,277.322843,0.001054,,,,,,keyboard,trial transition,"{""note"":""trial transition""}",2,0.016667,60,1
Sergio_G01_CNS-LLF5RV3D8,cpeeg01,ses03,20260804_161104,11:19.3,NaN,3,probe,TRIAL_START,20,15:56.6,277.323897,0.050643,,,,,,keyboard,,{},2,0.016667,60,1
Sergio_G01_CNS-LLF5RV3D8,cpeeg01,ses03,20260804_161104,11:19.3,NaN,3,fix1,FIX1_ON,30,15:56.7,277.37454,3.116668,,,,,,keyboard,,"{""pd_used"":0}",2,0.016667,60,1
Sergio_G01_CNS-LLF5RV3D8,cpeeg01,ses03,20260804_161104,11:19.3,NaN,3,fix1,FIX1_OFF,31,15:59.8,280.491209,0.049995,,,,,,keyboard,,"{""pd_used"":0}",2,0.016667,60,1
Sergio_G01_CNS-LLF5RV3D8,cpeeg01,ses03,20260804_161104,11:19.3,NaN,3,digit,DIGIT1_ON,141,15:59.8,280.541203,0.550015,,4,,,,keyboard,digit#1 shown,"{""value"":4,""note"":""digit#1 shown"",""pd_used"":1}",2,0.016667,60,1
Sergio_G01_CNS-LLF5RV3D8,cpeeg01,ses03,20260804_161104,11:19.3,NaN,3,digit,DIGIT1_OFF,146,16:00.4,281.091218,0,,4,,,,keyboard,digit#1 off,"{""value"":4,""note"":""digit#1 off"",""pd_used"":0}",2,0.016667,60,1
Sergio_G01_CNS-LLF5RV3D8,cpeeg01,ses03,20260804_161104,11:19.3,NaN,3,digit,POSTDIG_FIX1_ON,151,16:00.4,281.091218,1.899985,,,,,,keyboard,after digit#1,"{""note"":""after digit#1""}",2,0.016667,60,1
Sergio_G01_CNS-LLF5RV3D8,cpeeg01,ses03,20260804_161104,11:19.3,NaN,3,digit,POSTDIG_FIX1_OFF,156,16:02.3,282.991203,0.050018,,,,,,keyboard,after digit#1,"{""note"":""after digit#1"",""pd_used"":0}",2,0.016667,60,1
Sergio_G01_CNS-LLF5RV3D8,cpeeg01,ses03,20260804_161104,11:19.3,NaN,3,digit,DIGIT2_ON,142,16:02.3,283.04122,0.566658,,5,,,,keyboard,digit#2 shown,"{""value"":5,""note"":""digit#2 shown"",""pd_used"":1}",2,0.016667,60,1
Sergio_G01_CNS-LLF5RV3D8,cpeeg01,ses03,20260804_161104,11:19.3,NaN,3,digit,DIGIT2_OFF,147,16:02.9,283.607879,0,,5,,,,keyboard,digit#2 off,"{""value"":5,""note"":""digit#2 off"",""pd_used"":0}",2,0.016667,60,1
Sergio_G01_CNS-LLF5RV3D8,cpeeg01,ses03,20260804_161104,11:19.3,NaN,3,digit,POSTDIG_FIX2_ON,152,16:02.9,283.607879,2.0333,,,,,,keyboard,after digit#2,"{""note"":""after digit#2""}",2,0.016667,60,1
Sergio_G01_CNS-LLF5RV3D8,cpeeg01,ses03,20260804_161104,11:19.3,NaN,3,digit,POSTDIG_FIX2_OFF,157,16:04.9,285.641179,0.050052,,,,,,keyboard,after digit#2,"{""note"":""after digit#2"",""pd_used"":0}",2,0.016667,60,1
Sergio_G01_CNS-LLF5RV3D8,cpeeg01,ses03,20260804_161104,11:19.3,NaN,3,digit,DIGIT3_ON,143,16:05.0,285.691231,0.549971,,0,,,,keyboard,digit#3 shown,"{""value"":0,""note"":""digit#3 shown"",""pd_used"":1}",2,0.016667,60,1
Sergio_G01_CNS-LLF5RV3D8,cpeeg01,ses03,20260804_161104,11:19.3,NaN,3,digit,DIGIT3_OFF,148,16:05.5,286.241202,0,,0,,,,keyboard,digit#3 off,"{""value"":0,""note"":""digit#3 off"",""pd_used"":0}",2,0.016667,60,1
Sergio_G01_CNS-LLF5RV3D8,cpeeg01,ses03,20260804_161104,11:19.3,NaN,3,digit,POSTDIG_FIX3_ON,153,16:05.5,286.241202,1.866731,,,,,,keyboard,after digit#3,"{""note"":""after digit#3""}",2,0.016667,60,1
Sergio_G01_CNS-LLF5RV3D8,cpeeg01,ses03,20260804_161104,11:19.3,NaN,3,digit,POSTDIG_FIX3_OFF,158,16:07.4,288.107932,0.049961,,,,,,keyboard,after digit#3,"{""note"":""after digit#3"",""pd_used"":0}",2,0.016667,60,1
Sergio_G01_CNS-LLF5RV3D8,cpeeg01,ses03,20260804_161104,11:19.3,NaN,3,digit,DIGIT4_ON,144,16:07.5,288.157893,0.549993,,1,,,,keyboard,digit#4 shown,"{""value"":1,""note"":""digit#4 shown"",""pd_used"":1}",2,0.016667,60,1
Sergio_G01_CNS-LLF5RV3D8,cpeeg01,ses03,20260804_161104,11:19.3,NaN,3,digit,DIGIT4_OFF,149,16:08.0,288.707886,0,,1,,,,keyboard,digit#4 off,"{""value"":1,""note"":""digit#4 off"",""pd_used"":0}",2,0.016667,60,1
Sergio_G01_CNS-LLF5RV3D8,cpeeg01,ses03,20260804_161104,11:19.3,NaN,3,digit,POSTDIG_FIX4_ON,154,16:08.0,288.707886,2.016864,,,,,,keyboard,after digit#4,"{""note"":""after digit#4""}",2,0.016667,60,1
Sergio_G01_CNS-LLF5RV3D8,cpeeg01,ses03,20260804_161104,11:19.3,NaN,3,digit,POSTDIG_FIX4_OFF,159,16:10.0,290.72475,0.049827,,,,,,keyboard,after digit#4,"{""note"":""after digit#4"",""pd_used"":0}",2,0.016667,60,1
Sergio_G01_CNS-LLF5RV3D8,cpeeg01,ses03,20260804_161104,11:19.3,NaN,3,digit,DIGIT5_ON,145,16:10.1,290.774577,0.550162,,9,,,,keyboard,digit#5 shown,"{""value"":9,""note"":""digit#5 shown"",""pd_used"":1}",2,0.016667,60,1
Sergio_G01_CNS-LLF5RV3D8,cpeeg01,ses03,20260804_161104,11:19.3,NaN,3,digit,DIGIT5_OFF,150,16:10.6,291.324738,0,,9,,,,keyboard,digit#5 off,"{""value"":9,""note"":""digit#5 off"",""pd_used"":0}",2,0.016667,60,1
Sergio_G01_CNS-LLF5RV3D8,cpeeg01,ses03,20260804_161104,11:19.3,NaN,3,digit,POSTDIG_FIX5_ON,155,16:10.6,291.324738,3.249847,,,,,,keyboard,after digit#5,"{""note"":""after digit#5""}",2,0.016667,60,1
Sergio_G01_CNS-LLF5RV3D8,cpeeg01,ses03,20260804_161104,11:19.3,NaN,3,digit,POSTDIG_FIX5_OFF,160,16:13.9,294.574586,0.050003,,,,,,keyboard,after digit#5,"{""note"":""after digit#5"",""pd_used"":0}",2,0.016667,60,1
Sergio_G01_CNS-LLF5RV3D8,cpeeg01,ses03,20260804_161104,11:19.3,NaN,3,distractor,DISTRACTOR_ON,50,16:13.9,294.624588,6.998077,,1+9=10,,,,keyboard,,"{""value"":""1+9=10"",""isCorrectTruth"":true,""trueSum"":10,""pd_used"":1}",2,0.016667,60,1
Sergio_G01_CNS-LLF5RV3D8,cpeeg01,ses03,20260804_161104,11:19.3,NaN,3,distractor,DISTRACTOR_ANS,51,16:21.2,301.622666,0,6.998077,1+9=10,F,0,,keyboard,key= (False),"{""value"":""1+9=10"",""entered"":""F"",""rt"":6.9980774999130517,""correct"":0,""note"":""key= (False)"",""truth"":true,""trueSum"":10,""shownSum"":10,""a"":1,""b"":9}",2,0.016667,60,1
Sergio_G01_CNS-LLF5RV3D8,cpeeg01,ses03,20260804_161104,11:19.3,NaN,3,distractor,ANS_WRONG,200,16:21.2,301.622666,0.368642,,,,,,keyboard,,{},2,0.016667,60,1
Sergio_G01_CNS-LLF5RV3D8,cpeeg01,ses03,20260804_161104,11:19.3,NaN,3,distractor,DISTRACTOR_OFF,52,16:21.3,301.991307,0,,,,,,keyboard,,"{""pd_used"":0}",2,0.016667,60,1
Sergio_G01_CNS-LLF5RV3D8,cpeeg01,ses03,20260804_161104,11:19.3,NaN,3,distractor,FIX2_ON,60,16:21.3,301.991307,3.416625,,,,,,keyboard,immediate after response,"{""note"":""immediate after response""}",2,0.016667,60,1
Sergio_G01_CNS-LLF5RV3D8,cpeeg01,ses03,20260804_161104,11:19.3,NaN,3,fix2,FIX2_OFF,61,16:24.7,305.407932,0.050048,,,,,,keyboard,,"{""pd_used"":0}",2,0.016667,60,1
Sergio_G01_CNS-LLF5RV3D8,cpeeg01,ses03,20260804_161104,11:19.3,NaN,3,probe,DIGIT_RECALL_LINE_1,161,16:24.8,305.45798,3.94838,,1,,,,keyboard,first recall question,"{""value"":1,""note"":""first recall question"",""pd_used"":1}",2,0.016667,60,1
Sergio_G01_CNS-LLF5RV3D8,cpeeg01,ses03,20260804_161104,11:19.3,NaN,3,probe,PROBE_DIGIT_OK_1,71,16:29.0,309.40636,0.451634,3.955719,slot#1,NaN,,,keyboard,probe_digit#1,"{""value"":""slot#1"",""entered"":null,""rt"":3.9557190999621525,""note"":""probe_digit#1""}",2,0.016667,60,1
Sergio_G01_CNS-LLF5RV3D8,cpeeg01,ses03,20260804_161104,11:19.3,NaN,3,probe,DIGIT1_OFF,146,16:29.2,309.857994,0,,9,,,,keyboard,digit#1 off,"{""value"":9,""note"":""digit#1 off"",""pd_used"":0}",2,0.016667,60,1
Sergio_G01_CNS-LLF5RV3D8,cpeeg01,ses03,20260804_161104,11:19.3,NaN,3,probe,POSTDIG_FIX1_ON,151,16:29.2,309.857994,1.883376,,,,,,keyboard,after digit#1,"{""note"":""after digit#1""}",2,0.016667,60,1
Sergio_G01_CNS-LLF5RV3D8,cpeeg01,ses03,20260804_161104,11:19.3,NaN,3,probe,POSTDIG_FIX1_OFF,156,16:31.0,311.74137,0.066631,,,,,,keyboard,after digit#1,"{""note"":""after digit#1"",""pd_used"":0}",2,0.016667,60,1
Sergio_G01_CNS-LLF5RV3D8,cpeeg01,ses03,20260804_161104,11:19.3,NaN,3,probe,DIGIT_RECALL_LINE_2,162,16:31.1,311.808,15.212037,,2,,,,keyboard,next recall question,"{""value"":2,""note"":""next recall question"",""pd_used"":1}",2,0.016667,60,1
Sergio_G01_CNS-LLF5RV3D8,cpeeg01,ses03,20260804_161104,11:19.3,NaN,3,probe,PROBE_DIGIT_OK_2,71,16:46.8,327.020037,0.604726,21.569396,slot#2,NaN,,,keyboard,probe_digit#2,"{""value"":""slot#2"",""entered"":null,""rt"":21.56939630000852,""note"":""probe_digit#2""}",2,0.016667,60,1
Sergio_G01_CNS-LLF5RV3D8,cpeeg01,ses03,20260804_161104,11:19.3,NaN,3,probe,DIGIT2_OFF,147,16:46.9,327.624764,0,,9,,,,keyboard,digit#2 off,"{""value"":9,""note"":""digit#2 off"",""pd_used"":0}",2,0.016667,60,1
Sergio_G01_CNS-LLF5RV3D8,cpeeg01,ses03,20260804_161104,11:19.3,NaN,3,probe,POSTDIG_FIX2_ON,152,16:46.9,327.624764,1.60001,,,,,,keyboard,after digit#2,"{""note"":""after digit#2""}",2,0.016667,60,1
Sergio_G01_CNS-LLF5RV3D8,cpeeg01,ses03,20260804_161104,11:19.3,NaN,3,probe,POSTDIG_FIX2_OFF,157,16:48.5,329.224774,0.066622,,,,,,keyboard,after digit#2,"{""note"":""after digit#2"",""pd_used"":0}",2,0.016667,60,1
Sergio_G01_CNS-LLF5RV3D8,cpeeg01,ses03,20260804_161104,11:19.3,NaN,3,probe,DIGIT_RECALL_LINE_3,163,16:48.6,329.291396,3.93439,,3,,,,keyboard,next recall question,"{""value"":3,""note"":""next recall question"",""pd_used"":1}",2,0.016667,60,1
Sergio_G01_CNS-LLF5RV3D8,cpeeg01,ses03,20260804_161104,11:19.3,NaN,3,probe,PROBE_DIGIT_OK_3,71,16:52.8,333.225785,0.465663,27.775144,slot#3,NaN,,,keyboard,probe_digit#3,"{""value"":""slot#3"",""entered"":null,""rt"":27.775144000072032,""note"":""probe_digit#3""}",2,0.016667,60,1
Sergio_G01_CNS-LLF5RV3D8,cpeeg01,ses03,20260804_161104,11:19.3,NaN,3,probe,DIGIT3_OFF,148,16:53.0,333.691448,0,,9,,,,keyboard,digit#3 off,"{""value"":9,""note"":""digit#3 off"",""pd_used"":0}",2,0.016667,60,1
Sergio_G01_CNS-LLF5RV3D8,cpeeg01,ses03,20260804_161104,11:19.3,NaN,3,probe,POSTDIG_FIX3_ON,153,16:53.0,333.691448,1.683417,,,,,,keyboard,after digit#3,"{""note"":""after digit#3""}",2,0.016667,60,1
Sergio_G01_CNS-LLF5RV3D8,cpeeg01,ses03,20260804_161104,11:19.3,NaN,3,probe,POSTDIG_FIX3_OFF,158,16:54.7,335.374865,0.066557,,,,,,keyboard,after digit#3,"{""note"":""after digit#3"",""pd_used"":0}",2,0.016667,60,1
Sergio_G01_CNS-LLF5RV3D8,cpeeg01,ses03,20260804_161104,11:19.3,NaN,3,probe,DIGIT_RECALL_LINE_4,164,16:54.7,335.441421,3.721963,,4,,,,keyboard,next recall question,"{""value"":4,""note"":""next recall question"",""pd_used"":1}",2,0.016667,60,1
Sergio_G01_CNS-LLF5RV3D8,cpeeg01,ses03,20260804_161104,11:19.3,NaN,3,probe,PROBE_DIGIT_OK_4,71,16:58.9,339.163384,0.561591,33.712743,slot#4,NaN,,,keyboard,probe_digit#4,"{""value"":""slot#4"",""entered"":null,""rt"":33.712743300013244,""note"":""probe_digit#4""}",2,0.016667,60,1
Sergio_G01_CNS-LLF5RV3D8,cpeeg01,ses03,20260804_161104,11:19.3,NaN,3,probe,DIGIT4_OFF,149,16:59.0,339.724975,0,,9,,,,keyboard,digit#4 off,"{""value"":9,""note"":""digit#4 off"",""pd_used"":0}",2,0.016667,60,1
Sergio_G01_CNS-LLF5RV3D8,cpeeg01,ses03,20260804_161104,11:19.3,NaN,3,probe,POSTDIG_FIX4_ON,154,16:59.0,339.724975,1.866461,,,,,,keyboard,after digit#4,"{""note"":""after digit#4""}",2,0.016667,60,1
Sergio_G01_CNS-LLF5RV3D8,cpeeg01,ses03,20260804_161104,11:19.3,NaN,3,probe,POSTDIG_FIX4_OFF,159,17:00.9,341.591436,0.066678,,,,,,keyboard,after digit#4,"{""note"":""after digit#4"",""pd_used"":0}",2,0.016667,60,1
Sergio_G01_CNS-LLF5RV3D8,cpeeg01,ses03,20260804_161104,11:19.3,NaN,3,probe,DIGIT_RECALL_LINE_5,165,17:01.0,341.658114,5.051198,,5,,,,keyboard,next recall question,"{""value"":5,""note"":""next recall question"",""pd_used"":1}",2,0.016667,60,1
Sergio_G01_CNS-LLF5RV3D8,cpeeg01,ses03,20260804_161104,11:19.3,NaN,3,probe,PROBE_DIGIT_OK_5,71,17:06.6,346.709312,0.798821,41.258671,slot#5,NaN,,,keyboard,probe_digit#5,"{""value"":""slot#5"",""entered"":null,""rt"":41.2586707000155,""note"":""probe_digit#5""}",2,0.016667,60,1
Sergio_G01_CNS-LLF5RV3D8,cpeeg01,ses03,20260804_161104,11:19.3,NaN,3,probe,DIGIT5_OFF,150,17:06.8,347.508133,0,,9,,,,keyboard,digit#5 off,"{""value"":9,""note"":""digit#5 off"",""pd_used"":0}",2,0.016667,60,1
Sergio_G01_CNS-LLF5RV3D8,cpeeg01,ses03,20260804_161104,11:19.3,NaN,3,probe,POSTDIG_FIX5_ON,155,17:06.8,347.508133,3.433377,,,,,,keyboard,after digit#5,"{""note"":""after digit#5""}",2,0.016667,60,1
Sergio_G01_CNS-LLF5RV3D8,cpeeg01,ses03,20260804_161104,11:19.3,NaN,3,probe,POSTDIG_FIX5_OFF,160,17:10.2,350.94151,0.050023,,,,,,keyboard,after digit#5,"{""note"":""after digit#5"",""pd_used"":0}",2,0.016667,60,1
Sergio_G01_CNS-LLF5RV3D8,cpeeg01,ses03,20260804_161104,11:19.3,NaN,3,probe,PROBE_DONE,73,17:10.3,350.991533,0.000657,,,,,,keyboard,probe complete,"{""value"":"""",""note"":""probe complete""}",2,0.016667,60,1
Sergio_G01_CNS-LLF5RV3D8,cpeeg01,ses03,20260804_161104,11:19.3,NaN,3,probe,TRIAL_END,21,17:10.3,350.99219,0.097762,,,,,,keyboard,,{},2,0.016667,60,1
Sergio_G01_CNS-LLF5RV3D8,cpeeg01,ses03,20260804_161104,11:19.3,NaN,4,probe,TRIAL_CHANGE,22,17:10.4,351.089953,0.000946,,,,,,keyboard,trial transition,"{""note"":""trial transition""}",2,0.016667,60,1
Sergio_G01_CNS-LLF5RV3D8,cpeeg01,ses03,20260804_161104,11:19.3,NaN,4,probe,TRIAL_START,20,17:10.4,351.090898,0.050597,,,,,,keyboard,,{},2,0.016667,60,1
Sergio_G01_CNS-LLF5RV3D8,cpeeg01,ses03,20260804_161104,11:19.3,NaN,4,fix1,FIX1_ON,30,17:10.4,351.141495,3.516724,,,,,,keyboard,,"{""pd_used"":0}",2,0.016667,60,1
Sergio_G01_CNS-LLF5RV3D8,cpeeg01,ses03,20260804_161104,11:19.3,NaN,4,fix1,FIX1_OFF,31,17:14.0,354.65822,0.049955,,,,,,keyboard,,"{""pd_used"":0}",2,0.016667,60,1
Sergio_G01_CNS-LLF5RV3D8,cpeeg01,ses03,20260804_161104,11:19.3,NaN,4,digit,DIGIT1_ON,141,17:14.0,354.708174,0.550037,,7,,,,keyboard,digit#1 shown,"{""value"":7,""note"":""digit#1 shown"",""pd_used"":1}",2,0.016667,60,1
Sergio_G01_CNS-LLF5RV3D8,cpeeg01,ses03,20260804_161104,11:19.3,NaN,4,digit,DIGIT1_OFF,146,17:14.6,355.258212,0,,7,,,,keyboard,digit#1 off,"{""value"":7,""note"":""digit#1 off"",""pd_used"":0}",2,0.016667,60,1
Sergio_G01_CNS-LLF5RV3D8,cpeeg01,ses03,20260804_161104,11:19.3,NaN,4,digit,POSTDIG_FIX1_ON,151,17:14.6,355.258212,1.566658,,,,,,keyboard,after digit#1,"{""note"":""after digit#1""}",2,0.016667,60,1
Sergio_G01_CNS-LLF5RV3D8,cpeeg01,ses03,20260804_161104,11:19.3,NaN,4,digit,POSTDIG_FIX1_OFF,156,17:16.1,356.82487,0.05002,,,,,,keyboard,after digit#1,"{""note"":""after digit#1"",""pd_used"":0}",2,0.016667,60,1
Sergio_G01_CNS-LLF5RV3D8,cpeeg01,ses03,20260804_161104,11:19.3,NaN,4,digit,DIGIT2_ON,142,17:16.2,356.87489,0.549987,,3,,,,keyboard,digit#2 shown,"{""value"":3,""note"":""digit#2 shown"",""pd_used"":1}",2,0.016667,60,1
Sergio_G01_CNS-LLF5RV3D8,cpeeg01,ses03,20260804_161104,11:19.3,NaN,4,digit,DIGIT2_OFF,147,17:16.7,357.424876,0,,3,,,,keyboard,digit#2 off,"{""value"":3,""note"":""digit#2 off"",""pd_used"":0}",2,0.016667,60,1
Sergio_G01_CNS-LLF5RV3D8,cpeeg01,ses03,20260804_161104,11:19.3,NaN,4,digit,POSTDIG_FIX2_ON,152,17:16.7,357.424876,1.950011,,,,,,keyboard,after digit#2,"{""note"":""after digit#2""}",2,0.016667,60,1
Sergio_G01_CNS-LLF5RV3D8,cpeeg01,ses03,20260804_161104,11:19.3,NaN,4,digit,POSTDIG_FIX2_OFF,157,17:18.7,359.374887,0.050015,,,,,,keyboard,after digit#2,"{""note"":""after digit#2"",""pd_used"":0}",2,0.016667,60,1
Sergio_G01_CNS-LLF5RV3D8,cpeeg01,ses03,20260804_161104,11:19.3,NaN,4,digit,DIGIT3_ON,143,17:18.7,359.424902,0.550009,,2,,,,keyboard,digit#3 shown,"{""value"":2,""note"":""digit#3 shown"",""pd_used"":1}",2,0.016667,60,1
Sergio_G01_CNS-LLF5RV3D8,cpeeg01,ses03,20260804_161104,11:19.3,NaN,4,digit,DIGIT3_OFF,148,17:19.3,359.974911,0,,2,,,,keyboard,digit#3 off,"{""value"":2,""note"":""digit#3 off"",""pd_used"":0}",2,0.016667,60,1
Sergio_G01_CNS-LLF5RV3D8,cpeeg01,ses03,20260804_161104,11:19.3,NaN,4,digit,POSTDIG_FIX3_ON,153,17:19.3,359.974911,1.61664,,,,,,keyboard,after digit#3,"{""note"":""after digit#3""}",2,0.016667,60,1
Sergio_G01_CNS-LLF5RV3D8,cpeeg01,ses03,20260804_161104,11:19.3,NaN,4,digit,POSTDIG_FIX3_OFF,158,17:20.9,361.591551,0.05,,,,,,keyboard,after digit#3,"{""note"":""after digit#3"",""pd_used"":0}",2,0.016667,60,1
Sergio_G01_CNS-LLF5RV3D8,cpeeg01,ses03,20260804_161104,11:19.3,NaN,4,digit,DIGIT4_ON,144,17:20.9,361.64155,0.550003,,1,,,,keyboard,digit#4 shown,"{""value"":1,""note"":""digit#4 shown"",""pd_used"":1}",2,0.016667,60,1
Sergio_G01_CNS-LLF5RV3D8,cpeeg01,ses03,20260804_161104,11:19.3,NaN,4,digit,DIGIT4_OFF,149,17:21.5,362.191554,0,,1,,,,keyboard,digit#4 off,"{""value"":1,""note"":""digit#4 off"",""pd_used"":0}",2,0.016667,60,1
Sergio_G01_CNS-LLF5RV3D8,cpeeg01,ses03,20260804_161104,11:19.3,NaN,4,digit,POSTDIG_FIX4_ON,154,17:21.5,362.191554,2.016709,,,,,,keyboard,after digit#4,"{""note"":""after digit#4""}",2,0.016667,60,1
Sergio_G01_CNS-LLF5RV3D8,cpeeg01,ses03,20260804_161104,11:19.3,NaN,4,digit,POSTDIG_FIX4_OFF,159,17:23.5,364.208263,0.049997,,,,,,keyboard,after digit#4,"{""note"":""after digit#4"",""pd_used"":0}",2,0.016667,60,1
Sergio_G01_CNS-LLF5RV3D8,cpeeg01,ses03,20260804_161104,11:19.3,NaN,4,digit,DIGIT5_ON,145,17:23.6,364.258259,0.54998,,4,,,,keyboard,digit#5 shown,"{""value"":4,""note"":""digit#5 shown"",""pd_used"":1}",2,0.016667,60,1
Sergio_G01_CNS-LLF5RV3D8,cpeeg01,ses03,20260804_161104,11:19.3,NaN,4,digit,DIGIT5_OFF,150,17:24.1,364.80824,0,,4,,,,keyboard,digit#5 off,"{""value"":4,""note"":""digit#5 off"",""pd_used"":0}",2,0.016667,60,1
Sergio_G01_CNS-LLF5RV3D8,cpeeg01,ses03,20260804_161104,11:19.3,NaN,4,digit,POSTDIG_FIX5_ON,155,17:24.1,364.80824,3.066682,,,,,,keyboard,after digit#5,"{""note"":""after digit#5""}",2,0.016667,60,1
Sergio_G01_CNS-LLF5RV3D8,cpeeg01,ses03,20260804_161104,11:19.3,NaN,4,digit,POSTDIG_FIX5_OFF,160,17:27.2,367.874921,0.049988,,,,,,keyboard,after digit#5,"{""note"":""after digit#5"",""pd_used"":0}",2,0.016667,60,1
Sergio_G01_CNS-LLF5RV3D8,cpeeg01,ses03,20260804_161104,11:19.3,NaN,4,distractor,DISTRACTOR_ON,50,17:27.2,367.924909,14.609169,,9+9=18,,,,keyboard,,"{""value"":""9+9=18"",""isCorrectTruth"":true,""trueSum"":18,""pd_used"":1}",2,0.016667,60,1
Sergio_G01_CNS-LLF5RV3D8,cpeeg01,ses03,20260804_161104,11:19.3,NaN,4,distractor,DISTRACTOR_ANS,51,17:42.2,382.534079,0,14.609169,9+9=18,F,0,,keyboard,key= (False),"{""value"":""9+9=18"",""entered"":""F"",""rt"":14.609169200062752,""correct"":0,""note"":""key= (False)"",""truth"":true,""trueSum"":18,""shownSum"":18,""a"":9,""b"":9}",2,0.016667,60,1
Sergio_G01_CNS-LLF5RV3D8,cpeeg01,ses03,20260804_161104,11:19.3,NaN,4,distractor,ANS_WRONG,200,17:42.2,382.534079,0.424245,,,,,,keyboard,,{},2,0.016667,60,1
Sergio_G01_CNS-LLF5RV3D8,cpeeg01,ses03,20260804_161104,11:19.3,NaN,4,distractor,DISTRACTOR_OFF,52,17:42.3,382.958324,0,,,,,,keyboard,,"{""pd_used"":0}",2,0.016667,60,1
Sergio_G01_CNS-LLF5RV3D8,cpeeg01,ses03,20260804_161104,11:19.3,NaN,4,distractor,FIX2_ON,60,17:42.3,382.958324,3.316679,,,,,,keyboard,immediate after response,"{""note"":""immediate after response""}",2,0.016667,60,1
Sergio_G01_CNS-LLF5RV3D8,cpeeg01,ses03,20260804_161104,11:19.3,NaN,4,fix2,FIX2_OFF,61,17:45.6,386.275002,0.049979,,,,,,keyboard,,"{""pd_used"":0}",2,0.016667,60,1
Sergio_G01_CNS-LLF5RV3D8,cpeeg01,ses03,20260804_161104,11:19.3,NaN,4,probe,DIGIT_RECALL_LINE_1,161,17:45.6,386.324981,4.37803,,1,,,,keyboard,first recall question,"{""value"":1,""note"":""first recall question"",""pd_used"":1}",2,0.016667,60,1
Sergio_G01_CNS-LLF5RV3D8,cpeeg01,ses03,20260804_161104,11:19.3,NaN,4,probe,PROBE_DIGIT_OK_1,71,17:50.7,390.703011,0.822003,4.3852,slot#1,NaN,,,keyboard,probe_digit#1,"{""value"":""slot#1"",""entered"":null,""rt"":4.38519980001729,""note"":""probe_digit#1""}",2,0.016667,60,1
Sergio_G01_CNS-LLF5RV3D8,cpeeg01,ses03,20260804_161104,11:19.3,NaN,4,probe,DIGIT1_OFF,146,17:50.8,391.525013,0,,4,,,,keyboard,digit#1 off,"{""value"":4,""note"":""digit#1 off"",""pd_used"":0}",2,0.016667,60,1
Sergio_G01_CNS-LLF5RV3D8,cpeeg01,ses03,20260804_161104,11:19.3,NaN,4,probe,POSTDIG_FIX1_ON,151,17:50.8,391.525013,1.633325,,,,,,keyboard,after digit#1,"{""note"":""after digit#1""}",2,0.016667,60,1
Sergio_G01_CNS-LLF5RV3D8,cpeeg01,ses03,20260804_161104,11:19.3,NaN,4,probe,POSTDIG_FIX1_OFF,156,17:52.5,393.158338,0.066815,,,,,,keyboard,after digit#1,"{""note"":""after digit#1"",""pd_used"":0}",2,0.016667,60,1
Sergio_G01_CNS-LLF5RV3D8,cpeeg01,ses03,20260804_161104,11:19.3,NaN,4,probe,DIGIT_RECALL_LINE_2,162,17:52.5,393.225153,4.385971,,2,,,,keyboard,next recall question,"{""value"":2,""note"":""next recall question"",""pd_used"":1}",2,0.016667,60,1
Sergio_G01_CNS-LLF5RV3D8,cpeeg01,ses03,20260804_161104,11:19.3,NaN,4,probe,PROBE_DIGIT_OK_2,71,17:57.2,397.611124,0.463887,11.293313,slot#2,NaN,,,keyboard,probe_digit#2,"{""value"":""slot#2"",""entered"":null,""rt"":11.29331340000499,""note"":""probe_digit#2""}",2,0.016667,60,1
Sergio_G01_CNS-LLF5RV3D8,cpeeg01,ses03,20260804_161104,11:19.3,NaN,4,probe,DIGIT2_OFF,147,17:57.4,398.075012,0,,4,,,,keyboard,digit#2 off,"{""value"":4,""note"":""digit#2 off"",""pd_used"":0}",2,0.016667,60,1
Sergio_G01_CNS-LLF5RV3D8,cpeeg01,ses03,20260804_161104,11:19.3,NaN,4,probe,POSTDIG_FIX2_ON,152,17:57.4,398.075012,1.750042,,,,,,keyboard,after digit#2,"{""note"":""after digit#2""}",2,0.016667,60,1
Sergio_G01_CNS-LLF5RV3D8,cpeeg01,ses03,20260804_161104,11:19.3,NaN,4,probe,POSTDIG_FIX2_OFF,157,17:59.1,399.825054,0.066633,,,,,,keyboard,after digit#2,"{""note"":""after digit#2"",""pd_used"":0}",2,0.016667,60,1
Sergio_G01_CNS-LLF5RV3D8,cpeeg01,ses03,20260804_161104,11:19.3,NaN,4,probe,DIGIT_RECALL_LINE_3,163,17:59.2,399.891687,2.008293,,3,,,,keyboard,next recall question,"{""value"":3,""note"":""next recall question"",""pd_used"":1}",2,0.016667,60,1
Sergio_G01_CNS-LLF5RV3D8,cpeeg01,ses03,20260804_161104,11:19.3,NaN,4,probe,PROBE_DIGIT_OK_3,71,18:01.9,401.89998,0.841736,15.582169,slot#3,NaN,,,keyboard,probe_digit#3,"{""value"":""slot#3"",""entered"":null,""rt"":15.582169000059366,""note"":""probe_digit#3""}",2,0.016667,60,1
Sergio_G01_CNS-LLF5RV3D8,cpeeg01,ses03,20260804_161104,11:19.3,NaN,4,probe,DIGIT3_OFF,148,18:02.0,402.741716,0,,4,,,,keyboard,digit#3 off,"{""value"":4,""note"":""digit#3 off"",""pd_used"":0}",2,0.016667,60,1
Sergio_G01_CNS-LLF5RV3D8,cpeeg01,ses03,20260804_161104,11:19.3,NaN,4,probe,POSTDIG_FIX3_ON,153,18:02.0,402.741716,1.733336,,,,,,keyboard,after digit#3,"{""note"":""after digit#3""}",2,0.016667,60,1
Sergio_G01_CNS-LLF5RV3D8,cpeeg01,ses03,20260804_161104,11:19.3,NaN,4,probe,POSTDIG_FIX3_OFF,158,18:03.8,404.475053,0.066693,,,,,,keyboard,after digit#3,"{""note"":""after digit#3"",""pd_used"":0}",2,0.016667,60,1
Sergio_G01_CNS-LLF5RV3D8,cpeeg01,ses03,20260804_161104,11:19.3,NaN,4,probe,DIGIT_RECALL_LINE_4,164,18:03.8,404.541745,5.86749,,4,,,,keyboard,next recall question,"{""value"":4,""note"":""next recall question"",""pd_used"":1}",2,0.016667,60,1
Sergio_G01_CNS-LLF5RV3D8,cpeeg01,ses03,20260804_161104,11:19.3,NaN,4,probe,PROBE_DIGIT_OK_4,71,18:10.0,410.409236,0.465861,24.091425,slot#4,NaN,,,keyboard,probe_digit#4,"{""value"":""slot#4"",""entered"":null,""rt"":24.091424999991432,""note"":""probe_digit#4""}",2,0.016667,60,1
Sergio_G01_CNS-LLF5RV3D8,cpeeg01,ses03,20260804_161104,11:19.3,NaN,4,probe,DIGIT4_OFF,149,18:10.2,410.875097,0,,4,,,,keyboard,digit#4 off,"{""value"":4,""note"":""digit#4 off"",""pd_used"":0}",2,0.016667,60,1
Sergio_G01_CNS-LLF5RV3D8,cpeeg01,ses03,20260804_161104,11:19.3,NaN,4,probe,POSTDIG_FIX4_ON,154,18:10.2,410.875097,1.750021,,,,,,keyboard,after digit#4,"{""note"":""after digit#4""}",2,0.016667,60,1
Sergio_G01_CNS-LLF5RV3D8,cpeeg01,ses03,20260804_161104,11:19.3,NaN,4,probe,POSTDIG_FIX4_OFF,159,18:11.9,412.625117,0.066637,,,,,,keyboard,after digit#4,"{""note"":""after digit#4"",""pd_used"":0}",2,0.016667,60,1
Sergio_G01_CNS-LLF5RV3D8,cpeeg01,ses03,20260804_161104,11:19.3,NaN,4,probe,DIGIT_RECALL_LINE_5,165,18:12.0,412.691755,4.664325,,5,,,,keyboard,next recall question,"{""value"":5,""note"":""next recall question"",""pd_used"":1}",2,0.016667,60,1
Sergio_G01_CNS-LLF5RV3D8,cpeeg01,ses03,20260804_161104,11:19.3,NaN,4,probe,PROBE_DIGIT_OK_5,71,18:17.3,417.35608,0.752382,31.038269,slot#5,NaN,,,keyboard,probe_digit#5,"{""value"":""slot#5"",""entered"":null,""rt"":31.038268800009973,""note"":""probe_digit#5""}",2,0.016667,60,1
Sergio_G01_CNS-LLF5RV3D8,cpeeg01,ses03,20260804_161104,11:19.3,NaN,4,probe,DIGIT5_OFF,150,18:17.4,418.108462,0,,4,,,,keyboard,digit#5 off,"{""value"":4,""note"":""digit#5 off"",""pd_used"":0}",2,0.016667,60,1
Sergio_G01_CNS-LLF5RV3D8,cpeeg01,ses03,20260804_161104,11:19.3,NaN,4,probe,POSTDIG_FIX5_ON,155,18:17.4,418.108462,3.266859,,,,,,keyboard,after digit#5,"{""note"":""after digit#5""}",2,0.016667,60,1
Sergio_G01_CNS-LLF5RV3D8,cpeeg01,ses03,20260804_161104,11:19.3,NaN,4,probe,POSTDIG_FIX5_OFF,160,18:20.7,421.375321,0.049881,,,,,,keyboard,after digit#5,"{""note"":""after digit#5"",""pd_used"":0}",2,0.016667,60,1
Sergio_G01_CNS-LLF5RV3D8,cpeeg01,ses03,20260804_161104,11:19.3,NaN,4,probe,PROBE_DONE,73,18:20.7,421.425202,0.000689,,,,,,keyboard,probe complete,"{""value"":"""",""note"":""probe complete""}",2,0.016667,60,1
Sergio_G01_CNS-LLF5RV3D8,cpeeg01,ses03,20260804_161104,11:19.3,NaN,4,probe,TRIAL_END,21,18:20.7,421.425891,0.109262,,,,,,keyboard,,{},2,0.016667,60,1
Sergio_G01_CNS-LLF5RV3D8,cpeeg01,ses03,20260804_161104,11:19.3,NaN,5,probe,TRIAL_CHANGE,22,18:20.8,421.535153,0.001162,,,,,,keyboard,trial transition,"{""note"":""trial transition""}",2,0.016667,60,1
Sergio_G01_CNS-LLF5RV3D8,cpeeg01,ses03,20260804_161104,11:19.3,NaN,5,probe,TRIAL_START,20,18:20.8,421.536316,0.055515,,,,,,keyboard,,{},2,0.016667,60,1
Sergio_G01_CNS-LLF5RV3D8,cpeeg01,ses03,20260804_161104,11:19.3,NaN,5,fix1,FIX1_ON,30,18:20.9,421.591831,3.399965,,,,,,keyboard,,"{""pd_used"":0}",2,0.016667,60,1
Sergio_G01_CNS-LLF5RV3D8,cpeeg01,ses03,20260804_161104,11:19.3,NaN,5,fix1,FIX1_OFF,31,18:24.3,424.991795,0.050044,,,,,,keyboard,,"{""pd_used"":0}",2,0.016667,60,1
Sergio_G01_CNS-LLF5RV3D8,cpeeg01,ses03,20260804_161104,11:19.3,NaN,5,digit,DIGIT1_ON,141,18:24.3,425.041839,0.549974,,8,,,,keyboard,digit#1 shown,"{""value"":8,""note"":""digit#1 shown"",""pd_used"":1}",2,0.016667,60,1
Sergio_G01_CNS-LLF5RV3D8,cpeeg01,ses03,20260804_161104,11:19.3,NaN,5,digit,DIGIT1_OFF,146,18:24.9,425.591813,0,,8,,,,keyboard,digit#1 off,"{""value"":8,""note"":""digit#1 off"",""pd_used"":0}",2,0.016667,60,1
Sergio_G01_CNS-LLF5RV3D8,cpeeg01,ses03,20260804_161104,11:19.3,NaN,5,digit,POSTDIG_FIX1_ON,151,18:24.9,425.591813,1.850062,,,,,,keyboard,after digit#1,"{""note"":""after digit#1""}",2,0.016667,60,1
Sergio_G01_CNS-LLF5RV3D8,cpeeg01,ses03,20260804_161104,11:19.3,NaN,5,digit,POSTDIG_FIX1_OFF,156,18:26.7,427.441875,0.049972,,,,,,keyboard,after digit#1,"{""note"":""after digit#1"",""pd_used"":0}",2,0.016667,60,1
Sergio_G01_CNS-LLF5RV3D8,cpeeg01,ses03,20260804_161104,11:19.3,NaN,5,digit,DIGIT2_ON,142,18:26.8,427.491847,0.549971,,8,,,,keyboard,digit#2 shown,"{""value"":8,""note"":""digit#2 shown"",""pd_used"":1}",2,0.016667,60,1
Sergio_G01_CNS-LLF5RV3D8,cpeeg01,ses03,20260804_161104,11:19.3,NaN,5,digit,DIGIT2_OFF,147,18:27.3,428.041818,0,,8,,,,keyboard,digit#2 off,"{""value"":8,""note"":""digit#2 off"",""pd_used"":0}",2,0.016667,60,1
Sergio_G01_CNS-LLF5RV3D8,cpeeg01,ses03,20260804_161104,11:19.3,NaN,5,digit,POSTDIG_FIX2_ON,152,18:27.3,428.041818,2.03332,,,,,,keyboard,after digit#2,"{""note"":""after digit#2""}",2,0.016667,60,1
Sergio_G01_CNS-LLF5RV3D8,cpeeg01,ses03,20260804_161104,11:19.3,NaN,5,digit,POSTDIG_FIX2_OFF,157,18:29.4,430.075138,0.050032,,,,,,keyboard,after digit#2,"{""note"":""after digit#2"",""pd_used"":0}",2,0.016667,60,1
Sergio_G01_CNS-LLF5RV3D8,cpeeg01,ses03,20260804_161104,11:19.3,NaN,5,digit,DIGIT3_ON,143,18:29.4,430.12517,0.550014,,7,,,,keyboard,digit#3 shown,"{""value"":7,""note"":""digit#3 shown"",""pd_used"":1}",2,0.016667,60,1
Sergio_G01_CNS-LLF5RV3D8,cpeeg01,ses03,20260804_161104,11:19.3,NaN,5,digit,DIGIT3_OFF,148,18:30.0,430.675184,0,,7,,,,keyboard,digit#3 off,"{""value"":7,""note"":""digit#3 off"",""pd_used"":0}",2,0.016667,60,1
Sergio_G01_CNS-LLF5RV3D8,cpeeg01,ses03,20260804_161104,11:19.3,NaN,5,digit,POSTDIG_FIX3_ON,153,18:30.0,430.675184,1.633371,,,,,,keyboard,after digit#3,"{""note"":""after digit#3""}",2,0.016667,60,1
Sergio_G01_CNS-LLF5RV3D8,cpeeg01,ses03,20260804_161104,11:19.3,NaN,5,digit,POSTDIG_FIX3_OFF,158,18:31.6,432.308555,0.049974,,,,,,keyboard,after digit#3,"{""note"":""after digit#3"",""pd_used"":0}",2,0.016667,60,1
Sergio_G01_CNS-LLF5RV3D8,cpeeg01,ses03,20260804_161104,11:19.3,NaN,5,digit,DIGIT4_ON,144,18:31.7,432.358529,0.549974,,3,,,,keyboard,digit#4 shown,"{""value"":3,""note"":""digit#4 shown"",""pd_used"":1}",2,0.016667,60,1
Sergio_G01_CNS-LLF5RV3D8,cpeeg01,ses03,20260804_161104,11:19.3,NaN,5,digit,DIGIT4_OFF,149,18:32.2,432.908503,0,,3,,,,keyboard,digit#4 off,"{""value"":3,""note"":""digit#4 off"",""pd_used"":0}",2,0.016667,60,1
Sergio_G01_CNS-LLF5RV3D8,cpeeg01,ses03,20260804_161104,11:19.3,NaN,5,digit,POSTDIG_FIX4_ON,154,18:32.2,432.908503,1.983415,,,,,,keyboard,after digit#4,"{""note"":""after digit#4""}",2,0.016667,60,1
Sergio_G01_CNS-LLF5RV3D8,cpeeg01,ses03,20260804_161104,11:19.3,NaN,5,digit,POSTDIG_FIX4_OFF,159,18:34.2,434.891918,0.049962,,,,,,keyboard,after digit#4,"{""note"":""after digit#4"",""pd_used"":0}",2,0.016667,60,1
Sergio_G01_CNS-LLF5RV3D8,cpeeg01,ses03,20260804_161104,11:19.3,NaN,5,digit,DIGIT5_ON,145,18:34.2,434.94188,0.549958,,4,,,,keyboard,digit#5 shown,"{""value"":4,""note"":""digit#5 shown"",""pd_used"":1}",2,0.016667,60,1
Sergio_G01_CNS-LLF5RV3D8,cpeeg01,ses03,20260804_161104,11:19.3,NaN,5,digit,DIGIT5_OFF,150,18:34.8,435.491839,0,,4,,,,keyboard,digit#5 off,"{""value"":4,""note"":""digit#5 off"",""pd_used"":0}",2,0.016667,60,1
Sergio_G01_CNS-LLF5RV3D8,cpeeg01,ses03,20260804_161104,11:19.3,NaN,5,digit,POSTDIG_FIX5_ON,155,18:34.8,435.491839,3.433339,,,,,,keyboard,after digit#5,"{""note"":""after digit#5""}",2,0.016667,60,1
Sergio_G01_CNS-LLF5RV3D8,cpeeg01,ses03,20260804_161104,11:19.3,NaN,5,digit,POSTDIG_FIX5_OFF,160,18:38.2,438.925178,0.050056,,,,,,keyboard,after digit#5,"{""note"":""after digit#5"",""pd_used"":0}",2,0.016667,60,1
Sergio_G01_CNS-LLF5RV3D8,cpeeg01,ses03,20260804_161104,11:19.3,NaN,5,distractor,DISTRACTOR_ON,50,18:38.3,438.975233,11.407799,,5+2=5,,,,keyboard,,"{""value"":""5+2=5"",""isCorrectTruth"":false,""trueSum"":7,""pd_used"":1}",2,0.016667,60,1
Sergio_G01_CNS-LLF5RV3D8,cpeeg01,ses03,20260804_161104,11:19.3,NaN,5,distractor,DISTRACTOR_ANS,51,18:50.1,450.383032,0,11.407799,5+2=5,F,1,,keyboard,key= (False),"{""value"":""5+2=5"",""entered"":""F"",""rt"":11.407798699918203,""correct"":1,""note"":""key= (False)"",""truth"":false,""trueSum"":7,""shownSum"":5,""a"":5,""b"":2}",2,0.016667,60,1
Sergio_G01_CNS-LLF5RV3D8,cpeeg01,ses03,20260804_161104,11:19.3,NaN,5,distractor,ANS_CORRECT,100,18:50.2,450.383032,0.542253,,,,,,keyboard,,{},2,0.016667,60,1
Sergio_G01_CNS-LLF5RV3D8,cpeeg01,ses03,20260804_161104,11:19.3,NaN,5,distractor,DISTRACTOR_OFF,52,18:50.2,450.925285,0,,,,,,keyboard,,"{""pd_used"":0}",2,0.016667,60,1
Sergio_G01_CNS-LLF5RV3D8,cpeeg01,ses03,20260804_161104,11:19.3,NaN,5,distractor,FIX2_ON,60,18:50.2,450.925285,3.433359,,,,,,keyboard,immediate after response,"{""note"":""immediate after response""}",2,0.016667,60,1
Sergio_G01_CNS-LLF5RV3D8,cpeeg01,ses03,20260804_161104,11:19.3,NaN,5,fix2,FIX2_OFF,61,18:53.7,454.358643,0.049993,,,,,,keyboard,,"{""pd_used"":0}",2,0.016667,60,1
Sergio_G01_CNS-LLF5RV3D8,cpeeg01,ses03,20260804_161104,11:19.3,NaN,5,probe,DIGIT_RECALL_LINE_1,161,18:53.7,454.408636,2.782767,,1,,,,keyboard,first recall question,"{""value"":1,""note"":""first recall question"",""pd_used"":1}",2,0.016667,60,1
Sergio_G01_CNS-LLF5RV3D8,cpeeg01,ses03,20260804_161104,11:19.3,NaN,5,probe,PROBE_DIGIT_OK_1,71,18:57.0,457.191403,0.633877,2.789641,slot#1,NaN,,,keyboard,probe_digit#1,"{""value"":""slot#1"",""entered"":null,""rt"":2.789641399984248,""note"":""probe_digit#1""}",2,0.016667,60,1
Sergio_G01_CNS-LLF5RV3D8,cpeeg01,ses03,20260804_161104,11:19.3,NaN,5,probe,DIGIT1_OFF,146,18:57.1,457.82528,0,,4,,,,keyboard,digit#1 off,"{""value"":4,""note"":""digit#1 off"",""pd_used"":0}",2,0.016667,60,1
Sergio_G01_CNS-LLF5RV3D8,cpeeg01,ses03,20260804_161104,11:19.3,NaN,5,probe,POSTDIG_FIX1_ON,151,18:57.1,457.82528,1.950035,,,,,,keyboard,after digit#1,"{""note"":""after digit#1""}",2,0.016667,60,1
Sergio_G01_CNS-LLF5RV3D8,cpeeg01,ses03,20260804_161104,11:19.3,NaN,5,probe,POSTDIG_FIX1_OFF,156,18:59.1,459.775315,0.066673,,,,,,keyboard,after digit#1,"{""note"":""after digit#1"",""pd_used"":0}",2,0.016667,60,1
Sergio_G01_CNS-LLF5RV3D8,cpeeg01,ses03,20260804_161104,11:19.3,NaN,5,probe,DIGIT_RECALL_LINE_2,162,18:59.1,459.841988,2.041453,,2,,,,keyboard,next recall question,"{""value"":2,""note"":""next recall question"",""pd_used"":1}",2,0.016667,60,1
Sergio_G01_CNS-LLF5RV3D8,cpeeg01,ses03,20260804_161104,11:19.3,NaN,5,probe,PROBE_DIGIT_OK_2,71,19:01.7,461.883441,0.658565,7.48168,slot#2,NaN,,,keyboard,probe_digit#2,"{""value"":""slot#2"",""entered"":null,""rt"":7.4816795000806451,""note"":""probe_digit#2""}",2,0.016667,60,1
Sergio_G01_CNS-LLF5RV3D8,cpeeg01,ses03,20260804_161104,11:19.3,NaN,5,probe,DIGIT2_OFF,147,19:01.8,462.542007,0,,4,,,,keyboard,digit#2 off,"{""value"":4,""note"":""digit#2 off"",""pd_used"":0}",2,0.016667,60,1
Sergio_G01_CNS-LLF5RV3D8,cpeeg01,ses03,20260804_161104,11:19.3,NaN,5,probe,POSTDIG_FIX2_ON,152,19:01.8,462.542007,1.700022,,,,,,keyboard,after digit#2,"{""note"":""after digit#2""}",2,0.016667,60,1
Sergio_G01_CNS-LLF5RV3D8,cpeeg01,ses03,20260804_161104,11:19.3,NaN,5,probe,POSTDIG_FIX2_OFF,157,19:03.5,464.242028,0.066649,,,,,,keyboard,after digit#2,"{""note"":""after digit#2"",""pd_used"":0}",2,0.016667,60,1
Sergio_G01_CNS-LLF5RV3D8,cpeeg01,ses03,20260804_161104,11:19.3,NaN,5,probe,DIGIT_RECALL_LINE_3,163,19:03.6,464.308678,2.862816,,3,,,,keyboard,next recall question,"{""value"":3,""note"":""next recall question"",""pd_used"":1}",2,0.016667,60,1
Sergio_G01_CNS-LLF5RV3D8,cpeeg01,ses03,20260804_161104,11:19.3,NaN,5,probe,PROBE_DIGIT_OK_3,71,19:07.0,467.171494,0.73719,12.769732,slot#3,NaN,,,keyboard,probe_digit#3,"{""value"":""slot#3"",""entered"":null,""rt"":12.769732000073418,""note"":""probe_digit#3""}",2,0.016667,60,1
Sergio_G01_CNS-LLF5RV3D8,cpeeg01,ses03,20260804_161104,11:19.3,NaN,5,probe,DIGIT3_OFF,148,19:07.2,467.908683,0,,4,,,,keyboard,digit#3 off,"{""value"":4,""note"":""digit#3 off"",""pd_used"":0}",2,0.016667,60,1
Sergio_G01_CNS-LLF5RV3D8,cpeeg01,ses03,20260804_161104,11:19.3,NaN,5,probe,POSTDIG_FIX3_ON,153,19:07.2,467.908683,1.650004,,,,,,keyboard,after digit#3,"{""note"":""after digit#3""}",2,0.016667,60,1
Sergio_G01_CNS-LLF5RV3D8,cpeeg01,ses03,20260804_161104,11:19.3,NaN,5,probe,POSTDIG_FIX3_OFF,158,19:08.9,469.558687,0.066649,,,,,,keyboard,after digit#3,"{""note"":""after digit#3"",""pd_used"":0}",2,0.016667,60,1
Sergio_G01_CNS-LLF5RV3D8,cpeeg01,ses03,20260804_161104,11:19.3,NaN,5,probe,DIGIT_RECALL_LINE_4,164,19:08.9,469.625336,1.368936,,4,,,,keyboard,next recall question,"{""value"":4,""note"":""next recall question"",""pd_used"":1}",2,0.016667,60,1
Sergio_G01_CNS-LLF5RV3D8,cpeeg01,ses03,20260804_161104,11:19.3,NaN,5,probe,PROBE_DIGIT_OK_4,71,19:10.7,470.994272,0.597774,16.592511,slot#4,NaN,,,keyboard,probe_digit#4,"{""value"":""slot#4"",""entered"":null,""rt"":16.592510799993761,""note"":""probe_digit#4""}",2,0.016667,60,1
Sergio_G01_CNS-LLF5RV3D8,cpeeg01,ses03,20260804_161104,11:19.3,NaN,5,probe,DIGIT4_OFF,149,19:10.9,471.592047,0,,4,,,,keyboard,digit#4 off,"{""value"":4,""note"":""digit#4 off"",""pd_used"":0}",2,0.016667,60,1
Sergio_G01_CNS-LLF5RV3D8,cpeeg01,ses03,20260804_161104,11:19.3,NaN,5,probe,POSTDIG_FIX4_ON,154,19:10.9,471.592047,1.650008,,,,,,keyboard,after digit#4,"{""note"":""after digit#4""}",2,0.016667,60,1
Sergio_G01_CNS-LLF5RV3D8,cpeeg01,ses03,20260804_161104,11:19.3,NaN,5,probe,POSTDIG_FIX4_OFF,159,19:12.5,473.242055,0.066688,,,,,,keyboard,after digit#4,"{""note"":""after digit#4"",""pd_used"":0}",2,0.016667,60,1
Sergio_G01_CNS-LLF5RV3D8,cpeeg01,ses03,20260804_161104,11:19.3,NaN,5,probe,DIGIT_RECALL_LINE_5,165,19:12.6,473.308744,1.283454,,5,,,,keyboard,next recall question,"{""value"":5,""note"":""next recall question"",""pd_used"":1}",2,0.016667,60,1
Sergio_G01_CNS-LLF5RV3D8,cpeeg01,ses03,20260804_161104,11:19.3,NaN,5,probe,PROBE_DIGIT_OK_5,71,19:14.3,474.592198,0.516515,20.190436,slot#5,NaN,,,keyboard,probe_digit#5,"{""value"":""slot#5"",""entered"":null,""rt"":20.190436200005934,""note"":""probe_digit#5""}",2,0.016667,60,1
Sergio_G01_CNS-LLF5RV3D8,cpeeg01,ses03,20260804_161104,11:19.3,NaN,5,probe,DIGIT5_OFF,150,19:14.4,475.108712,0,,4,,,,keyboard,digit#5 off,"{""value"":4,""note"":""digit#5 off"",""pd_used"":0}",2,0.016667,60,1
Sergio_G01_CNS-LLF5RV3D8,cpeeg01,ses03,20260804_161104,11:19.3,NaN,5,probe,POSTDIG_FIX5_ON,155,19:14.4,475.108712,3.366657,,,,,,keyboard,after digit#5,"{""note"":""after digit#5""}",2,0.016667,60,1
Sergio_G01_CNS-LLF5RV3D8,cpeeg01,ses03,20260804_161104,11:19.3,NaN,5,probe,POSTDIG_FIX5_OFF,160,19:17.8,478.475369,0.050049,,,,,,keyboard,after digit#5,"{""note"":""after digit#5"",""pd_used"":0}",2,0.016667,60,1
Sergio_G01_CNS-LLF5RV3D8,cpeeg01,ses03,20260804_161104,11:19.3,NaN,5,probe,PROBE_DONE,73,19:17.8,478.525418,0.000684,,,,,,keyboard,probe complete,"{""value"":"""",""note"":""probe complete""}",2,0.016667,60,1
Sergio_G01_CNS-LLF5RV3D8,cpeeg01,ses03,20260804_161104,11:19.3,NaN,5,probe,TRIAL_END,21,19:17.8,478.526102,0.098765,,,,,,keyboard,,{},2,0.016667,60,1
Sergio_G01_CNS-LLF5RV3D8,cpeeg01,ses03,20260804_161104,11:19.3,NaN,6,probe,TRIAL_CHANGE,22,19:17.9,478.624868,0.00101,,,,,,keyboard,trial transition,"{""note"":""trial transition""}",2,0.016667,60,1
Sergio_G01_CNS-LLF5RV3D8,cpeeg01,ses03,20260804_161104,11:19.3,NaN,6,probe,TRIAL_START,20,19:17.9,478.625878,0.049495,,,,,,keyboard,,{},2,0.016667,60,1
Sergio_G01_CNS-LLF5RV3D8,cpeeg01,ses03,20260804_161104,11:19.3,NaN,6,fix1,FIX1_ON,30,19:18.0,478.675373,3.350037,,,,,,keyboard,,"{""pd_used"":0}",2,0.016667,60,1
Sergio_G01_CNS-LLF5RV3D8,cpeeg01,ses03,20260804_161104,11:19.3,NaN,6,fix1,FIX1_OFF,31,19:21.3,482.02541,0.049984,,,,,,keyboard,,"{""pd_used"":0}",2,0.016667,60,1
Sergio_G01_CNS-LLF5RV3D8,cpeeg01,ses03,20260804_161104,11:19.3,NaN,6,digit,DIGIT1_ON,141,19:21.4,482.075394,0.550016,,9,,,,keyboard,digit#1 shown,"{""value"":9,""note"":""digit#1 shown"",""pd_used"":1}",2,0.016667,60,1
Sergio_G01_CNS-LLF5RV3D8,cpeeg01,ses03,20260804_161104,11:19.3,NaN,6,digit,DIGIT1_OFF,146,19:21.9,482.625411,0,,9,,,,keyboard,digit#1 off,"{""value"":9,""note"":""digit#1 off"",""pd_used"":0}",2,0.016667,60,1
Sergio_G01_CNS-LLF5RV3D8,cpeeg01,ses03,20260804_161104,11:19.3,NaN,6,digit,POSTDIG_FIX1_ON,151,19:21.9,482.625411,1.833392,,,,,,keyboard,after digit#1,"{""note"":""after digit#1""}",2,0.016667,60,1
Sergio_G01_CNS-LLF5RV3D8,cpeeg01,ses03,20260804_161104,11:19.3,NaN,6,digit,POSTDIG_FIX1_OFF,156,19:23.8,484.458803,0.049975,,,,,,keyboard,after digit#1,"{""note"":""after digit#1"",""pd_used"":0}",2,0.016667,60,1
Sergio_G01_CNS-LLF5RV3D8,cpeeg01,ses03,20260804_161104,11:19.3,NaN,6,digit,DIGIT2_ON,142,19:23.8,484.508778,0.549962,,8,,,,keyboard,digit#2 shown,"{""value"":8,""note"":""digit#2 shown"",""pd_used"":1}",2,0.016667,60,1
Sergio_G01_CNS-LLF5RV3D8,cpeeg01,ses03,20260804_161104,11:19.3,NaN,6,digit,DIGIT2_OFF,147,19:24.4,485.05874,0,,8,,,,keyboard,digit#2 off,"{""value"":8,""note"":""digit#2 off"",""pd_used"":0}",2,0.016667,60,1
Sergio_G01_CNS-LLF5RV3D8,cpeeg01,ses03,20260804_161104,11:19.3,NaN,6,digit,POSTDIG_FIX2_ON,152,19:24.4,485.05874,1.916917,,,,,,keyboard,after digit#2,"{""note"":""after digit#2""}",2,0.016667,60,1
Sergio_G01_CNS-LLF5RV3D8,cpeeg01,ses03,20260804_161104,11:19.3,NaN,6,digit,POSTDIG_FIX2_OFF,157,19:26.3,486.975657,0.049772,,,,,,keyboard,after digit#2,"{""note"":""after digit#2"",""pd_used"":0}",2,0.016667,60,1
Sergio_G01_CNS-LLF5RV3D8,cpeeg01,ses03,20260804_161104,11:19.3,NaN,6,digit,DIGIT3_ON,143,19:26.3,487.02543,0.550028,,8,,,,keyboard,digit#3 shown,"{""value"":8,""note"":""digit#3 shown"",""pd_used"":1}",2,0.016667,60,1
Sergio_G01_CNS-LLF5RV3D8,cpeeg01,ses03,20260804_161104,11:19.3,NaN,6,digit,DIGIT3_OFF,148,19:26.9,487.575458,0,,8,,,,keyboard,digit#3 off,"{""value"":8,""note"":""digit#3 off"",""pd_used"":0}",2,0.016667,60,1
Sergio_G01_CNS-LLF5RV3D8,cpeeg01,ses03,20260804_161104,11:19.3,NaN,6,digit,POSTDIG_FIX3_ON,153,19:26.9,487.575458,2.049983,,,,,,keyboard,after digit#3,"{""note"":""after digit#3""}",2,0.016667,60,1
Sergio_G01_CNS-LLF5RV3D8,cpeeg01,ses03,20260804_161104,11:19.3,NaN,6,digit,POSTDIG_FIX3_OFF,158,19:28.9,489.625441,0.049954,,,,,,keyboard,after digit#3,"{""note"":""after digit#3"",""pd_used"":0}",2,0.016667,60,1
Sergio_G01_CNS-LLF5RV3D8,cpeeg01,ses03,20260804_161104,11:19.3,NaN,6,digit,DIGIT4_ON,144,19:29.0,489.675395,0.550191,,5,,,,keyboard,digit#4 shown,"{""value"":5,""note"":""digit#4 shown"",""pd_used"":1}",2,0.016667,60,1
Sergio_G01_CNS-LLF5RV3D8,cpeeg01,ses03,20260804_161104,11:19.3,NaN,6,digit,DIGIT4_OFF,149,19:29.5,490.225587,0,,5,,,,keyboard,digit#4 off,"{""value"":5,""note"":""digit#4 off"",""pd_used"":0}",2,0.016667,60,1
Sergio_G01_CNS-LLF5RV3D8,cpeeg01,ses03,20260804_161104,11:19.3,NaN,6,digit,POSTDIG_FIX4_ON,154,19:29.5,490.225587,1.849863,,,,,,keyboard,after digit#4,"{""note"":""after digit#4""}",2,0.016667,60,1
Sergio_G01_CNS-LLF5RV3D8,cpeeg01,ses03,20260804_161104,11:19.3,NaN,6,digit,POSTDIG_FIX4_OFF,159,19:31.4,492.07545,0.049985,,,,,,keyboard,after digit#4,"{""note"":""after digit#4"",""pd_used"":0}",2,0.016667,60,1
Sergio_G01_CNS-LLF5RV3D8,cpeeg01,ses03,20260804_161104,11:19.3,NaN,6,digit,DIGIT5_ON,145,19:31.4,492.125435,0.550007,,9,,,,keyboard,digit#5 shown,"{""value"":9,""note"":""digit#5 shown"",""pd_used"":1}",2,0.016667,60,1
Sergio_G01_CNS-LLF5RV3D8,cpeeg01,ses03,20260804_161104,11:19.3,NaN,6,digit,DIGIT5_OFF,150,19:32.0,492.675442,0,,9,,,,keyboard,digit#5 off,"{""value"":9,""note"":""digit#5 off"",""pd_used"":0}",2,0.016667,60,1
Sergio_G01_CNS-LLF5RV3D8,cpeeg01,ses03,20260804_161104,11:19.3,NaN,6,digit,POSTDIG_FIX5_ON,155,19:32.0,492.675442,3.316675,,,,,,keyboard,after digit#5,"{""note"":""after digit#5""}",2,0.016667,60,1
Sergio_G01_CNS-LLF5RV3D8,cpeeg01,ses03,20260804_161104,11:19.3,NaN,6,digit,POSTDIG_FIX5_OFF,160,19:35.3,495.992117,0.050048,,,,,,keyboard,after digit#5,"{""note"":""after digit#5"",""pd_used"":0}",2,0.016667,60,1
Sergio_G01_CNS-LLF5RV3D8,cpeeg01,ses03,20260804_161104,11:19.3,NaN,6,distractor,DISTRACTOR_ON,50,19:35.3,496.042165,12.022911,,5+6=13,,,,keyboard,,"{""value"":""5+6=13"",""isCorrectTruth"":false,""trueSum"":11,""pd_used"":1}",2,0.016667,60,1
Sergio_G01_CNS-LLF5RV3D8,cpeeg01,ses03,20260804_161104,11:19.3,NaN,6,distractor,DISTRACTOR_ANS,51,19:47.8,508.065076,0,12.022911,5+6=13,F,1,,keyboard,key= (False),"{""value"":""5+6=13"",""entered"":""F"",""rt"":12.022911099949852,""correct"":1,""note"":""key= (False)"",""truth"":false,""trueSum"":11,""shownSum"":13,""a"":5,""b"":6}",2,0.016667,60,1
Sergio_G01_CNS-LLF5RV3D8,cpeeg01,ses03,20260804_161104,11:19.3,NaN,6,distractor,ANS_CORRECT,100,19:47.8,508.065076,0.527123,,,,,,keyboard,,{},2,0.016667,60,1
Sergio_G01_CNS-LLF5RV3D8,cpeeg01,ses03,20260804_161104,11:19.3,NaN,6,distractor,DISTRACTOR_OFF,52,19:47.9,508.5922,0,,,,,,keyboard,,"{""pd_used"":0}",2,0.016667,60,1
Sergio_G01_CNS-LLF5RV3D8,cpeeg01,ses03,20260804_161104,11:19.3,NaN,6,distractor,FIX2_ON,60,19:47.9,508.5922,3.383358,,,,,,keyboard,immediate after response,"{""note"":""immediate after response""}",2,0.016667,60,1
Sergio_G01_CNS-LLF5RV3D8,cpeeg01,ses03,20260804_161104,11:19.3,NaN,6,fix2,FIX2_OFF,61,19:51.3,511.975558,0.049959,,,,,,keyboard,,"{""pd_used"":0}",2,0.016667,60,1
Sergio_G01_CNS-LLF5RV3D8,cpeeg01,ses03,20260804_161104,11:19.3,NaN,6,probe,DIGIT_RECALL_LINE_1,161,19:51.3,512.025516,4.660593,,1,,,,keyboard,first recall question,"{""value"":1,""note"":""first recall question"",""pd_used"":1}",2,0.016667,60,1
Sergio_G01_CNS-LLF5RV3D8,cpeeg01,ses03,20260804_161104,11:19.3,NaN,6,probe,PROBE_DIGIT_OK_1,71,19:56.5,516.68611,0.65613,4.667829,slot#1,NaN,,,keyboard,probe_digit#1,"{""value"":""slot#1"",""entered"":null,""rt"":4.6678294000448659,""note"":""probe_digit#1""}",2,0.016667,60,1
Sergio_G01_CNS-LLF5RV3D8,cpeeg01,ses03,20260804_161104,11:19.3,NaN,6,probe,DIGIT1_OFF,146,19:56.6,517.34224,0,,9,,,,keyboard,digit#1 off,"{""value"":9,""note"":""digit#1 off"",""pd_used"":0}",2,0.016667,60,1
Sergio_G01_CNS-LLF5RV3D8,cpeeg01,ses03,20260804_161104,11:19.3,NaN,6,probe,POSTDIG_FIX1_ON,151,19:56.6,517.34224,2.016659,,,,,,keyboard,after digit#1,"{""note"":""after digit#1""}",2,0.016667,60,1
Sergio_G01_CNS-LLF5RV3D8,cpeeg01,ses03,20260804_161104,11:19.3,NaN,6,probe,POSTDIG_FIX1_OFF,156,19:58.7,519.358899,0.066654,,,,,,keyboard,after digit#1,"{""note"":""after digit#1"",""pd_used"":0}",2,0.016667,60,1
Sergio_G01_CNS-LLF5RV3D8,cpeeg01,ses03,20260804_161104,11:19.3,NaN,6,probe,DIGIT_RECALL_LINE_2,162,19:58.7,519.425553,6.554653,,2,,,,keyboard,next recall question,"{""value"":2,""note"":""next recall question"",""pd_used"":1}",2,0.016667,60,1
Sergio_G01_CNS-LLF5RV3D8,cpeeg01,ses03,20260804_161104,11:19.3,NaN,6,probe,PROBE_DIGIT_OK_2,71,20:05.8,525.980206,0.645405,13.961926,slot#2,NaN,,,keyboard,probe_digit#2,"{""value"":""slot#2"",""entered"":null,""rt"":13.961926199961454,""note"":""probe_digit#2""}",2,0.016667,60,1
Sergio_G01_CNS-LLF5RV3D8,cpeeg01,ses03,20260804_161104,11:19.3,NaN,6,probe,DIGIT2_OFF,147,20:05.9,526.625611,0,,9,,,,keyboard,digit#2 off,"{""value"":9,""note"":""digit#2 off"",""pd_used"":0}",2,0.016667,60,1
Sergio_G01_CNS-LLF5RV3D8,cpeeg01,ses03,20260804_161104,11:19.3,NaN,6,probe,POSTDIG_FIX2_ON,152,20:05.9,526.625611,2.016698,,,,,,keyboard,after digit#2,"{""note"":""after digit#2""}",2,0.016667,60,1
Sergio_G01_CNS-LLF5RV3D8,cpeeg01,ses03,20260804_161104,11:19.3,NaN,6,probe,POSTDIG_FIX2_OFF,157,20:07.9,528.642309,0.06674,,,,,,keyboard,after digit#2,"{""note"":""after digit#2"",""pd_used"":0}",2,0.016667,60,1
Sergio_G01_CNS-LLF5RV3D8,cpeeg01,ses03,20260804_161104,11:19.3,NaN,6,probe,DIGIT_RECALL_LINE_3,163,20:08.0,528.709049,7.512314,,3,,,,keyboard,next recall question,"{""value"":3,""note"":""next recall question"",""pd_used"":1}",2,0.016667,60,1
Sergio_G01_CNS-LLF5RV3D8,cpeeg01,ses03,20260804_161104,11:19.3,NaN,6,probe,PROBE_DIGIT_OK_3,71,20:15.9,536.221363,0.554309,24.203083,slot#3,NaN,,,keyboard,probe_digit#3,"{""value"":""slot#3"",""entered"":null,""rt"":24.203082800027914,""note"":""probe_digit#3""}",2,0.016667,60,1
Sergio_G01_CNS-LLF5RV3D8,cpeeg01,ses03,20260804_161104,11:19.3,NaN,6,probe,DIGIT3_OFF,148,20:16.1,536.775672,0,,9,,,,keyboard,digit#3 off,"{""value"":9,""note"":""digit#3 off"",""pd_used"":0}",2,0.016667,60,1
Sergio_G01_CNS-LLF5RV3D8,cpeeg01,ses03,20260804_161104,11:19.3,NaN,6,probe,POSTDIG_FIX3_ON,153,20:16.1,536.775672,1.966651,,,,,,keyboard,after digit#3,"{""note"":""after digit#3""}",2,0.016667,60,1
Sergio_G01_CNS-LLF5RV3D8,cpeeg01,ses03,20260804_161104,11:19.3,NaN,6,probe,POSTDIG_FIX3_OFF,158,20:18.0,538.742323,0.066653,,,,,,keyboard,after digit#3,"{""note"":""after digit#3"",""pd_used"":0}",2,0.016667,60,1
Sergio_G01_CNS-LLF5RV3D8,cpeeg01,ses03,20260804_161104,11:19.3,NaN,6,probe,DIGIT_RECALL_LINE_4,164,20:18.1,538.808976,2.801123,,4,,,,keyboard,next recall question,"{""value"":4,""note"":""next recall question"",""pd_used"":1}",2,0.016667,60,1
Sergio_G01_CNS-LLF5RV3D8,cpeeg01,ses03,20260804_161104,11:19.3,NaN,6,probe,PROBE_DIGIT_OK_4,71,20:21.6,541.610099,0.882249,29.591819,slot#4,NaN,,,keyboard,probe_digit#4,"{""value"":""slot#4"",""entered"":null,""rt"":29.591818799963221,""note"":""probe_digit#4""}",2,0.016667,60,1
Sergio_G01_CNS-LLF5RV3D8,cpeeg01,ses03,20260804_161104,11:19.3,NaN,6,probe,DIGIT4_OFF,149,20:21.8,542.492348,0,,9,,,,keyboard,digit#4 off,"{""value"":9,""note"":""digit#4 off"",""pd_used"":0}",2,0.016667,60,1
Sergio_G01_CNS-LLF5RV3D8,cpeeg01,ses03,20260804_161104,11:19.3,NaN,6,probe,POSTDIG_FIX4_ON,154,20:21.8,542.492348,1.683486,,,,,,keyboard,after digit#4,"{""note"":""after digit#4""}",2,0.016667,60,1
Sergio_G01_CNS-LLF5RV3D8,cpeeg01,ses03,20260804_161104,11:19.3,NaN,6,probe,POSTDIG_FIX4_OFF,159,20:23.5,544.175834,0.066516,,,,,,keyboard,after digit#4,"{""note"":""after digit#4"",""pd_used"":0}",2,0.016667,60,1
Sergio_G01_CNS-LLF5RV3D8,cpeeg01,ses03,20260804_161104,11:19.3,NaN,6,probe,DIGIT_RECALL_LINE_5,165,20:23.5,544.24235,2.781017,,5,,,,keyboard,next recall question,"{""value"":5,""note"":""next recall question"",""pd_used"":1}",2,0.016667,60,1
Sergio_G01_CNS-LLF5RV3D8,cpeeg01,ses03,20260804_161104,11:19.3,NaN,6,probe,PROBE_DIGIT_OK_5,71,20:26.8,547.023368,0.668986,35.005087,slot#5,NaN,,,keyboard,probe_digit#5,"{""value"":""slot#5"",""entered"":null,""rt"":35.005087499972433,""note"":""probe_digit#5""}",2,0.016667,60,1
Sergio_G01_CNS-LLF5RV3D8,cpeeg01,ses03,20260804_161104,11:19.3,NaN,6,probe,DIGIT5_OFF,150,20:27.0,547.692353,0,,9,,,,keyboard,digit#5 off,"{""value"":9,""note"":""digit#5 off"",""pd_used"":0}",2,0.016667,60,1
Sergio_G01_CNS-LLF5RV3D8,cpeeg01,ses03,20260804_161104,11:19.3,NaN,6,probe,POSTDIG_FIX5_ON,155,20:27.0,547.692353,3.333382,,,,,,keyboard,after digit#5,"{""note"":""after digit#5""}",2,0.016667,60,1
Sergio_G01_CNS-LLF5RV3D8,cpeeg01,ses03,20260804_161104,11:19.3,NaN,6,probe,POSTDIG_FIX5_OFF,160,20:30.3,551.025736,0.050042,,,,,,keyboard,after digit#5,"{""note"":""after digit#5"",""pd_used"":0}",2,0.016667,60,1
Sergio_G01_CNS-LLF5RV3D8,cpeeg01,ses03,20260804_161104,11:19.3,NaN,6,probe,PROBE_DONE,73,20:30.3,551.075778,0.000786,,,,,,keyboard,probe complete,"{""value"":"""",""note"":""probe complete""}",2,0.016667,60,1
Sergio_G01_CNS-LLF5RV3D8,cpeeg01,ses03,20260804_161104,11:19.3,NaN,6,probe,TRIAL_END,21,20:30.3,551.076564,0.09721,,,,,,keyboard,,{},2,0.016667,60,1
Sergio_G01_CNS-LLF5RV3D8,cpeeg01,ses03,20260804_161104,11:19.3,NaN,7,probe,TRIAL_CHANGE,22,20:30.4,551.173774,0.00087,,,,,,keyboard,trial transition,"{""note"":""trial transition""}",2,0.016667,60,1
Sergio_G01_CNS-LLF5RV3D8,cpeeg01,ses03,20260804_161104,11:19.3,NaN,7,probe,TRIAL_START,20,20:30.4,551.174644,0.05108,,,,,,keyboard,,{},2,0.016667,60,1
Sergio_G01_CNS-LLF5RV3D8,cpeeg01,ses03,20260804_161104,11:19.3,NaN,7,fix1,FIX1_ON,30,20:30.5,551.225724,3.133323,,,,,,keyboard,,"{""pd_used"":0}",2,0.016667,60,1
Sergio_G01_CNS-LLF5RV3D8,cpeeg01,ses03,20260804_161104,11:19.3,NaN,7,fix1,FIX1_OFF,31,20:33.7,554.359046,0.049981,,,,,,keyboard,,"{""pd_used"":0}",2,0.016667,60,1
Sergio_G01_CNS-LLF5RV3D8,cpeeg01,ses03,20260804_161104,11:19.3,NaN,7,digit,DIGIT1_ON,141,20:33.7,554.409028,0.550036,,2,,,,keyboard,digit#1 shown,"{""value"":2,""note"":""digit#1 shown"",""pd_used"":1}",2,0.016667,60,1
Sergio_G01_CNS-LLF5RV3D8,cpeeg01,ses03,20260804_161104,11:19.3,NaN,7,digit,DIGIT1_OFF,146,20:34.3,554.959064,0,,2,,,,keyboard,digit#1 off,"{""value"":2,""note"":""digit#1 off"",""pd_used"":0}",2,0.016667,60,1
Sergio_G01_CNS-LLF5RV3D8,cpeeg01,ses03,20260804_161104,11:19.3,NaN,7,digit,POSTDIG_FIX1_ON,151,20:34.3,554.959064,1.933344,,,,,,keyboard,after digit#1,"{""note"":""after digit#1""}",2,0.016667,60,1
Sergio_G01_CNS-LLF5RV3D8,cpeeg01,ses03,20260804_161104,11:19.3,NaN,7,digit,POSTDIG_FIX1_OFF,156,20:36.2,556.892408,0.049975,,,,,,keyboard,after digit#1,"{""note"":""after digit#1"",""pd_used"":0}",2,0.016667,60,1
Sergio_G01_CNS-LLF5RV3D8,cpeeg01,ses03,20260804_161104,11:19.3,NaN,7,digit,DIGIT2_ON,142,20:36.2,556.942383,0.550022,,7,,,,keyboard,digit#2 shown,"{""value"":7,""note"":""digit#2 shown"",""pd_used"":1}",2,0.016667,60,1
Sergio_G01_CNS-LLF5RV3D8,cpeeg01,ses03,20260804_161104,11:19.3,NaN,7,digit,DIGIT2_OFF,147,20:36.8,557.492405,0,,7,,,,keyboard,digit#2 off,"{""value"":7,""note"":""digit#2 off"",""pd_used"":0}",2,0.016667,60,1
Sergio_G01_CNS-LLF5RV3D8,cpeeg01,ses03,20260804_161104,11:19.3,NaN,7,digit,POSTDIG_FIX2_ON,152,20:36.8,557.492405,1.766695,,,,,,keyboard,after digit#2,"{""note"":""after digit#2""}",2,0.016667,60,1
Sergio_G01_CNS-LLF5RV3D8,cpeeg01,ses03,20260804_161104,11:19.3,NaN,7,digit,POSTDIG_FIX2_OFF,157,20:38.6,559.2591,0.049963,,,,,,keyboard,after digit#2,"{""note"":""after digit#2"",""pd_used"":0}",2,0.016667,60,1
Sergio_G01_CNS-LLF5RV3D8,cpeeg01,ses03,20260804_161104,11:19.3,NaN,7,digit,DIGIT3_ON,143,20:38.6,559.309063,0.550031,,2,,,,keyboard,digit#3 shown,"{""value"":2,""note"":""digit#3 shown"",""pd_used"":1}",2,0.016667,60,1
Sergio_G01_CNS-LLF5RV3D8,cpeeg01,ses03,20260804_161104,11:19.3,NaN,7,digit,DIGIT3_OFF,148,20:39.2,559.859094,0,,2,,,,keyboard,digit#3 off,"{""value"":2,""note"":""digit#3 off"",""pd_used"":0}",2,0.016667,60,1
Sergio_G01_CNS-LLF5RV3D8,cpeeg01,ses03,20260804_161104,11:19.3,NaN,7,digit,POSTDIG_FIX3_ON,153,20:39.2,559.859094,1.866643,,,,,,keyboard,after digit#3,"{""note"":""after digit#3""}",2,0.016667,60,1
Sergio_G01_CNS-LLF5RV3D8,cpeeg01,ses03,20260804_161104,11:19.3,NaN,7,digit,POSTDIG_FIX3_OFF,158,20:41.0,561.725736,0.050028,,,,,,keyboard,after digit#3,"{""note"":""after digit#3"",""pd_used"":0}",2,0.016667,60,1
Sergio_G01_CNS-LLF5RV3D8,cpeeg01,ses03,20260804_161104,11:19.3,NaN,7,digit,DIGIT4_ON,144,20:41.1,561.775764,0.549996,,6,,,,keyboard,digit#4 shown,"{""value"":6,""note"":""digit#4 shown"",""pd_used"":1}",2,0.016667,60,1
Sergio_G01_CNS-LLF5RV3D8,cpeeg01,ses03,20260804_161104,11:19.3,NaN,7,digit,DIGIT4_OFF,149,20:41.6,562.32576,0,,6,,,,keyboard,digit#4 off,"{""value"":6,""note"":""digit#4 off"",""pd_used"":0}",2,0.016667,60,1
Sergio_G01_CNS-LLF5RV3D8,cpeeg01,ses03,20260804_161104,11:19.3,NaN,7,digit,POSTDIG_FIX4_ON,154,20:41.6,562.32576,1.99998,,,,,,keyboard,after digit#4,"{""note"":""after digit#4""}",2,0.016667,60,1
Sergio_G01_CNS-LLF5RV3D8,cpeeg01,ses03,20260804_161104,11:19.3,NaN,7,digit,POSTDIG_FIX4_OFF,159,20:43.6,564.32574,0.049999,,,,,,keyboard,after digit#4,"{""note"":""after digit#4"",""pd_used"":0}",2,0.016667,60,1
Sergio_G01_CNS-LLF5RV3D8,cpeeg01,ses03,20260804_161104,11:19.3,NaN,7,digit,DIGIT5_ON,145,20:43.7,564.375739,0.550019,,1,,,,keyboard,digit#5 shown,"{""value"":1,""note"":""digit#5 shown"",""pd_used"":1}",2,0.016667,60,1
Sergio_G01_CNS-LLF5RV3D8,cpeeg01,ses03,20260804_161104,11:19.3,NaN,7,digit,DIGIT5_OFF,150,20:44.2,564.925757,0,,1,,,,keyboard,digit#5 off,"{""value"":1,""note"":""digit#5 off"",""pd_used"":0}",2,0.016667,60,1
Sergio_G01_CNS-LLF5RV3D8,cpeeg01,ses03,20260804_161104,11:19.3,NaN,7,digit,POSTDIG_FIX5_ON,155,20:44.2,564.925757,3.516696,,,,,,keyboard,after digit#5,"{""note"":""after digit#5""}",2,0.016667,60,1
Sergio_G01_CNS-LLF5RV3D8,cpeeg01,ses03,20260804_161104,11:19.3,NaN,7,digit,POSTDIG_FIX5_OFF,160,20:47.7,568.442453,0.049983,,,,,,keyboard,after digit#5,"{""note"":""after digit#5"",""pd_used"":0}",2,0.016667,60,1
Sergio_G01_CNS-LLF5RV3D8,cpeeg01,ses03,20260804_161104,11:19.3,NaN,7,distractor,DISTRACTOR_ON,50,20:47.8,568.492437,11.037309,,2+5=5,,,,keyboard,,"{""value"":""2+5=5"",""isCorrectTruth"":false,""trueSum"":7,""pd_used"":1}",2,0.016667,60,1
Sergio_G01_CNS-LLF5RV3D8,cpeeg01,ses03,20260804_161104,11:19.3,NaN,7,distractor,DISTRACTOR_ANS,51,20:59.3,579.529746,0,11.037309,2+5=5,F,1,,keyboard,key= (False),"{""value"":""2+5=5"",""entered"":""F"",""rt"":11.037309000035748,""correct"":1,""note"":""key= (False)"",""truth"":false,""trueSum"":7,""shownSum"":5,""a"":2,""b"":5}",2,0.016667,60,1
Sergio_G01_CNS-LLF5RV3D8,cpeeg01,ses03,20260804_161104,11:19.3,NaN,7,distractor,ANS_CORRECT,100,20:59.3,579.529746,0.512748,,,,,,keyboard,,{},2,0.016667,60,1
Sergio_G01_CNS-LLF5RV3D8,cpeeg01,ses03,20260804_161104,11:19.3,NaN,7,distractor,DISTRACTOR_OFF,52,20:59.3,580.042494,0,,,,,,keyboard,,"{""pd_used"":0}",2,0.016667,60,1
Sergio_G01_CNS-LLF5RV3D8,cpeeg01,ses03,20260804_161104,11:19.3,NaN,7,distractor,FIX2_ON,60,20:59.3,580.042494,3.45002,,,,,,keyboard,immediate after response,"{""note"":""immediate after response""}",2,0.016667,60,1
Sergio_G01_CNS-LLF5RV3D8,cpeeg01,ses03,20260804_161104,11:19.3,NaN,7,fix2,FIX2_OFF,61,21:02.8,583.492514,0.049999,,,,,,keyboard,,"{""pd_used"":0}",2,0.016667,60,1
Sergio_G01_CNS-LLF5RV3D8,cpeeg01,ses03,20260804_161104,11:19.3,NaN,7,probe,DIGIT_RECALL_LINE_1,161,21:02.8,583.542513,2.62728,,1,,,,keyboard,first recall question,"{""value"":1,""note"":""first recall question"",""pd_used"":1}",2,0.016667,60,1
Sergio_G01_CNS-LLF5RV3D8,cpeeg01,ses03,20260804_161104,11:19.3,NaN,7,probe,PROBE_DIGIT_OK_1,71,21:06.1,586.169793,0.789404,2.634555,slot#1,NaN,,,keyboard,probe_digit#1,"{""value"":""slot#1"",""entered"":null,""rt"":2.6345551999984309,""note"":""probe_digit#1""}",2,0.016667,60,1
Sergio_G01_CNS-LLF5RV3D8,cpeeg01,ses03,20260804_161104,11:19.3,NaN,7,probe,DIGIT1_OFF,146,21:06.3,586.959198,0,,1,,,,keyboard,digit#1 off,"{""value"":1,""note"":""digit#1 off"",""pd_used"":0}",2,0.016667,60,1
Sergio_G01_CNS-LLF5RV3D8,cpeeg01,ses03,20260804_161104,11:19.3,NaN,7,probe,POSTDIG_FIX1_ON,151,21:06.3,586.959198,1.883375,,,,,,keyboard,after digit#1,"{""note"":""after digit#1""}",2,0.016667,60,1
Sergio_G01_CNS-LLF5RV3D8,cpeeg01,ses03,20260804_161104,11:19.3,NaN,7,probe,POSTDIG_FIX1_OFF,156,21:08.1,588.842573,0.066608,,,,,,keyboard,after digit#1,"{""note"":""after digit#1"",""pd_used"":0}",2,0.016667,60,1
Sergio_G01_CNS-LLF5RV3D8,cpeeg01,ses03,20260804_161104,11:19.3,NaN,7,probe,DIGIT_RECALL_LINE_2,162,21:08.2,588.909181,1.586796,,2,,,,keyboard,next recall question,"{""value"":2,""note"":""next recall question"",""pd_used"":1}",2,0.016667,60,1
Sergio_G01_CNS-LLF5RV3D8,cpeeg01,ses03,20260804_161104,11:19.3,NaN,7,probe,PROBE_DIGIT_OK_2,71,21:10.2,590.495977,0.546562,6.960738,slot#2,NaN,,,keyboard,probe_digit#2,"{""value"":""slot#2"",""entered"":null,""rt"":6.960738499998115,""note"":""probe_digit#2""}",2,0.016667,60,1
Sergio_G01_CNS-LLF5RV3D8,cpeeg01,ses03,20260804_161104,11:19.3,NaN,7,probe,DIGIT2_OFF,147,21:10.3,591.042539,0,,1,,,,keyboard,digit#2 off,"{""value"":1,""note"":""digit#2 off"",""pd_used"":0}",2,0.016667,60,1
Sergio_G01_CNS-LLF5RV3D8,cpeeg01,ses03,20260804_161104,11:19.3,NaN,7,probe,POSTDIG_FIX2_ON,152,21:10.3,591.042539,1.966689,,,,,,keyboard,after digit#2,"{""note"":""after digit#2""}",2,0.016667,60,1
Sergio_G01_CNS-LLF5RV3D8,cpeeg01,ses03,20260804_161104,11:19.3,NaN,7,probe,POSTDIG_FIX2_OFF,157,21:12.3,593.009228,0.066655,,,,,,keyboard,after digit#2,"{""note"":""after digit#2"",""pd_used"":0}",2,0.016667,60,1
Sergio_G01_CNS-LLF5RV3D8,cpeeg01,ses03,20260804_161104,11:19.3,NaN,7,probe,DIGIT_RECALL_LINE_3,163,21:12.4,593.075883,0.93214,,3,,,,keyboard,next recall question,"{""value"":3,""note"":""next recall question"",""pd_used"":1}",2,0.016667,60,1
Sergio_G01_CNS-LLF5RV3D8,cpeeg01,ses03,20260804_161104,11:19.3,NaN,7,probe,PROBE_DIGIT_OK_3,71,21:13.9,594.008023,0.701184,10.472784,slot#3,NaN,,,keyboard,probe_digit#3,"{""value"":""slot#3"",""entered"":null,""rt"":10.472784399986267,""note"":""probe_digit#3""}",2,0.016667,60,1
Sergio_G01_CNS-LLF5RV3D8,cpeeg01,ses03,20260804_161104,11:19.3,NaN,7,probe,DIGIT3_OFF,148,21:14.0,594.709206,0,,1,,,,keyboard,digit#3 off,"{""value"":1,""note"":""digit#3 off"",""pd_used"":0}",2,0.016667,60,1
Sergio_G01_CNS-LLF5RV3D8,cpeeg01,ses03,20260804_161104,11:19.3,NaN,7,probe,POSTDIG_FIX3_ON,153,21:14.0,594.709206,2.016716,,,,,,keyboard,after digit#3,"{""note"":""after digit#3""}",2,0.016667,60,1
Sergio_G01_CNS-LLF5RV3D8,cpeeg01,ses03,20260804_161104,11:19.3,NaN,7,probe,POSTDIG_FIX3_OFF,158,21:16.0,596.725922,0.066655,,,,,,keyboard,after digit#3,"{""note"":""after digit#3"",""pd_used"":0}",2,0.016667,60,1
Sergio_G01_CNS-LLF5RV3D8,cpeeg01,ses03,20260804_161104,11:19.3,NaN,7,probe,DIGIT_RECALL_LINE_4,164,21:16.1,596.792577,3.913662,,4,,,,keyboard,next recall question,"{""value"":4,""note"":""next recall question"",""pd_used"":1}",2,0.016667,60,1
Sergio_G01_CNS-LLF5RV3D8,cpeeg01,ses03,20260804_161104,11:19.3,NaN,7,probe,PROBE_DIGIT_OK_4,71,21:20.3,600.706239,0.436362,17.171001,slot#4,NaN,,,keyboard,probe_digit#4,"{""value"":""slot#4"",""entered"":null,""rt"":17.171001199982129,""note"":""probe_digit#4""}",2,0.016667,60,1
Sergio_G01_CNS-LLF5RV3D8,cpeeg01,ses03,20260804_161104,11:19.3,NaN,7,probe,DIGIT4_OFF,149,21:20.4,601.142601,0,,1,,,,keyboard,digit#4 off,"{""value"":1,""note"":""digit#4 off"",""pd_used"":0}",2,0.016667,60,1
Sergio_G01_CNS-LLF5RV3D8,cpeeg01,ses03,20260804_161104,11:19.3,NaN,7,probe,POSTDIG_FIX4_ON,154,21:20.4,601.142601,2.016805,,,,,,keyboard,after digit#4,"{""note"":""after digit#4""}",2,0.016667,60,1
Sergio_G01_CNS-LLF5RV3D8,cpeeg01,ses03,20260804_161104,11:19.3,NaN,7,probe,POSTDIG_FIX4_OFF,159,21:22.5,603.159406,0.066514,,,,,,keyboard,after digit#4,"{""note"":""after digit#4"",""pd_used"":0}",2,0.016667,60,1
Sergio_G01_CNS-LLF5RV3D8,cpeeg01,ses03,20260804_161104,11:19.3,NaN,7,probe,DIGIT_RECALL_LINE_5,165,21:22.5,603.22592,2.80675,,5,,,,keyboard,next recall question,"{""value"":5,""note"":""next recall question"",""pd_used"":1}",2,0.016667,60,1
Sergio_G01_CNS-LLF5RV3D8,cpeeg01,ses03,20260804_161104,11:19.3,NaN,7,probe,PROBE_DIGIT_OK_5,71,21:25.8,606.03267,0.593265,22.497431,slot#5,NaN,,,keyboard,probe_digit#5,"{""value"":""slot#5"",""entered"":null,""rt"":22.497431499999948,""note"":""probe_digit#5""}",2,0.016667,60,1
Sergio_G01_CNS-LLF5RV3D8,cpeeg01,ses03,20260804_161104,11:19.3,NaN,7,probe,DIGIT5_OFF,150,21:25.9,606.625934,0,,1,,,,keyboard,digit#5 off,"{""value"":1,""note"":""digit#5 off"",""pd_used"":0}",2,0.016667,60,1
Sergio_G01_CNS-LLF5RV3D8,cpeeg01,ses03,20260804_161104,11:19.3,NaN,7,probe,POSTDIG_FIX5_ON,155,21:25.9,606.625934,3.483331,,,,,,keyboard,after digit#5,"{""note"":""after digit#5""}",2,0.016667,60,1
Sergio_G01_CNS-LLF5RV3D8,cpeeg01,ses03,20260804_161104,11:19.3,NaN,7,probe,POSTDIG_FIX5_OFF,160,21:29.4,610.109266,0.050084,,,,,,keyboard,after digit#5,"{""note"":""after digit#5"",""pd_used"":0}",2,0.016667,60,1
Sergio_G01_CNS-LLF5RV3D8,cpeeg01,ses03,20260804_161104,11:19.3,NaN,7,probe,PROBE_DONE,73,21:29.4,610.15935,0.000709,,,,,,keyboard,probe complete,"{""value"":"""",""note"":""probe complete""}",2,0.016667,60,1
Sergio_G01_CNS-LLF5RV3D8,cpeeg01,ses03,20260804_161104,11:19.3,NaN,7,probe,TRIAL_END,21,21:29.4,610.160059,0.094779,,,,,,keyboard,,{},2,0.016667,60,1
Sergio_G01_CNS-LLF5RV3D8,cpeeg01,ses03,20260804_161104,11:19.3,NaN,8,probe,TRIAL_CHANGE,22,21:29.5,610.254838,0.001156,,,,,,keyboard,trial transition,"{""note"":""trial transition""}",2,0.016667,60,1
Sergio_G01_CNS-LLF5RV3D8,cpeeg01,ses03,20260804_161104,11:19.3,NaN,8,probe,TRIAL_START,20,21:29.5,610.255994,0.053308,,,,,,keyboard,,{},2,0.016667,60,1
Sergio_G01_CNS-LLF5RV3D8,cpeeg01,ses03,20260804_161104,11:19.3,NaN,8,fix1,FIX1_ON,30,21:29.6,610.309302,3.200031,,,,,,keyboard,,"{""pd_used"":0}",2,0.016667,60,1
Sergio_G01_CNS-LLF5RV3D8,cpeeg01,ses03,20260804_161104,11:19.3,NaN,8,fix1,FIX1_OFF,31,21:32.8,613.509334,0.049971,,,,,,keyboard,,"{""pd_used"":0}",2,0.016667,60,1
Sergio_G01_CNS-LLF5RV3D8,cpeeg01,ses03,20260804_161104,11:19.3,NaN,8,digit,DIGIT1_ON,141,21:32.9,613.559305,0.550017,,1,,,,keyboard,digit#1 shown,"{""value"":1,""note"":""digit#1 shown"",""pd_used"":1}",2,0.016667,60,1
Sergio_G01_CNS-LLF5RV3D8,cpeeg01,ses03,20260804_161104,11:19.3,NaN,8,digit,DIGIT1_OFF,146,21:33.4,614.109322,0,,1,,,,keyboard,digit#1 off,"{""value"":1,""note"":""digit#1 off"",""pd_used"":0}",2,0.016667,60,1
Sergio_G01_CNS-LLF5RV3D8,cpeeg01,ses03,20260804_161104,11:19.3,NaN,8,digit,POSTDIG_FIX1_ON,151,21:33.4,614.109322,1.816654,,,,,,keyboard,after digit#1,"{""note"":""after digit#1""}",2,0.016667,60,1
Sergio_G01_CNS-LLF5RV3D8,cpeeg01,ses03,20260804_161104,11:19.3,NaN,8,digit,POSTDIG_FIX1_OFF,156,21:35.2,615.925976,0.050024,,,,,,keyboard,after digit#1,"{""note"":""after digit#1"",""pd_used"":0}",2,0.016667,60,1
Sergio_G01_CNS-LLF5RV3D8,cpeeg01,ses03,20260804_161104,11:19.3,NaN,8,digit,DIGIT2_ON,142,21:35.3,615.975999,0.549976,,0,,,,keyboard,digit#2 shown,"{""value"":0,""note"":""digit#2 shown"",""pd_used"":1}",2,0.016667,60,1
Sergio_G01_CNS-LLF5RV3D8,cpeeg01,ses03,20260804_161104,11:19.3,NaN,8,digit,DIGIT2_OFF,147,21:35.8,616.525975,0,,0,,,,keyboard,digit#2 off,"{""value"":0,""note"":""digit#2 off"",""pd_used"":0}",2,0.016667,60,1
Sergio_G01_CNS-LLF5RV3D8,cpeeg01,ses03,20260804_161104,11:19.3,NaN,8,digit,POSTDIG_FIX2_ON,152,21:35.8,616.525975,1.616704,,,,,,keyboard,after digit#2,"{""note"":""after digit#2""}",2,0.016667,60,1
Sergio_G01_CNS-LLF5RV3D8,cpeeg01,ses03,20260804_161104,11:19.3,NaN,8,digit,POSTDIG_FIX2_OFF,157,21:37.4,618.142679,0.049981,,,,,,keyboard,after digit#2,"{""note"":""after digit#2"",""pd_used"":0}",2,0.016667,60,1
Sergio_G01_CNS-LLF5RV3D8,cpeeg01,ses03,20260804_161104,11:19.3,NaN,8,digit,DIGIT3_ON,143,21:37.5,618.19266,0.549997,,2,,,,keyboard,digit#3 shown,"{""value"":2,""note"":""digit#3 shown"",""pd_used"":1}",2,0.016667,60,1
Sergio_G01_CNS-LLF5RV3D8,cpeeg01,ses03,20260804_161104,11:19.3,NaN,8,digit,DIGIT3_OFF,148,21:38.0,618.742657,0,,2,,,,keyboard,digit#3 off,"{""value"":2,""note"":""digit#3 off"",""pd_used"":0}",2,0.016667,60,1
Sergio_G01_CNS-LLF5RV3D8,cpeeg01,ses03,20260804_161104,11:19.3,NaN,8,digit,POSTDIG_FIX3_ON,153,21:38.0,618.742657,1.850457,,,,,,keyboard,after digit#3,"{""note"":""after digit#3""}",2,0.016667,60,1
Sergio_G01_CNS-LLF5RV3D8,cpeeg01,ses03,20260804_161104,11:19.3,NaN,8,digit,POSTDIG_FIX3_OFF,158,21:39.9,620.593114,0.049572,,,,,,keyboard,after digit#3,"{""note"":""after digit#3"",""pd_used"":0}",2,0.016667,60,1
Sergio_G01_CNS-LLF5RV3D8,cpeeg01,ses03,20260804_161104,11:19.3,NaN,8,digit,DIGIT4_ON,144,21:39.9,620.642686,0.550466,,8,,,,keyboard,digit#4 shown,"{""value"":8,""note"":""digit#4 shown"",""pd_used"":1}",2,0.016667,60,1
Sergio_G01_CNS-LLF5RV3D8,cpeeg01,ses03,20260804_161104,11:19.3,NaN,8,digit,DIGIT4_OFF,149,21:40.5,621.193152,0,,8,,,,keyboard,digit#4 off,"{""value"":8,""note"":""digit#4 off"",""pd_used"":0}",2,0.016667,60,1
Sergio_G01_CNS-LLF5RV3D8,cpeeg01,ses03,20260804_161104,11:19.3,NaN,8,digit,POSTDIG_FIX4_ON,154,21:40.5,621.193152,1.699516,,,,,,keyboard,after digit#4,"{""note"":""after digit#4""}",2,0.016667,60,1
Sergio_G01_CNS-LLF5RV3D8,cpeeg01,ses03,20260804_161104,11:19.3,NaN,8,digit,POSTDIG_FIX4_OFF,159,21:42.2,622.892668,0.049997,,,,,,keyboard,after digit#4,"{""note"":""after digit#4"",""pd_used"":0}",2,0.016667,60,1
Sergio_G01_CNS-LLF5RV3D8,cpeeg01,ses03,20260804_161104,11:19.3,NaN,8,digit,DIGIT5_ON,145,21:42.2,622.942665,0.550039,,5,,,,keyboard,digit#5 shown,"{""value"":5,""note"":""digit#5 shown"",""pd_used"":1}",2,0.016667,60,1
Sergio_G01_CNS-LLF5RV3D8,cpeeg01,ses03,20260804_161104,11:19.3,NaN,8,digit,DIGIT5_OFF,150,21:42.8,623.492705,0,,5,,,,keyboard,digit#5 off,"{""value"":5,""note"":""digit#5 off"",""pd_used"":0}",2,0.016667,60,1
Sergio_G01_CNS-LLF5RV3D8,cpeeg01,ses03,20260804_161104,11:19.3,NaN,8,digit,POSTDIG_FIX5_ON,155,21:42.8,623.492705,3.200015,,,,,,keyboard,after digit#5,"{""note"":""after digit#5""}",2,0.016667,60,1
Sergio_G01_CNS-LLF5RV3D8,cpeeg01,ses03,20260804_161104,11:19.3,NaN,8,digit,POSTDIG_FIX5_OFF,160,21:46.0,626.69272,0.049947,,,,,,keyboard,after digit#5,"{""note"":""after digit#5"",""pd_used"":0}",2,0.016667,60,1
Sergio_G01_CNS-LLF5RV3D8,cpeeg01,ses03,20260804_161104,11:19.3,NaN,8,distractor,DISTRACTOR_ON,50,21:46.0,626.742668,13.558928,,6+4=12,,,,keyboard,,"{""value"":""6+4=12"",""isCorrectTruth"":false,""trueSum"":10,""pd_used"":1}",2,0.016667,60,1
Sergio_G01_CNS-LLF5RV3D8,cpeeg01,ses03,20260804_161104,11:19.3,NaN,8,distractor,DISTRACTOR_ANS,51,22:00.1,640.301596,0,13.558928,6+4=12,F,1,,keyboard,key= (False),"{""value"":""6+4=12"",""entered"":""F"",""rt"":13.5589283000445,""correct"":1,""note"":""key= (False)"",""truth"":false,""trueSum"":10,""shownSum"":12,""a"":6,""b"":4}",2,0.016667,60,1
Sergio_G01_CNS-LLF5RV3D8,cpeeg01,ses03,20260804_161104,11:19.3,NaN,8,distractor,ANS_CORRECT,100,22:00.1,640.301596,0.557836,,,,,,keyboard,,{},2,0.016667,60,1
Sergio_G01_CNS-LLF5RV3D8,cpeeg01,ses03,20260804_161104,11:19.3,NaN,8,distractor,DISTRACTOR_OFF,52,22:00.2,640.859432,0,,,,,,keyboard,,"{""pd_used"":0}",2,0.016667,60,1
Sergio_G01_CNS-LLF5RV3D8,cpeeg01,ses03,20260804_161104,11:19.3,NaN,8,distractor,FIX2_ON,60,22:00.2,640.859432,3.250035,,,,,,keyboard,immediate after response,"{""note"":""immediate after response""}",2,0.016667,60,1
Sergio_G01_CNS-LLF5RV3D8,cpeeg01,ses03,20260804_161104,11:19.3,NaN,8,fix2,FIX2_OFF,61,22:03.4,644.109467,0.049973,,,,,,keyboard,,"{""pd_used"":0}",2,0.016667,60,1
Sergio_G01_CNS-LLF5RV3D8,cpeeg01,ses03,20260804_161104,11:19.3,NaN,8,probe,DIGIT_RECALL_LINE_1,161,22:03.5,644.159439,9.830435,,1,,,,keyboard,first recall question,"{""value"":1,""note"":""first recall question"",""pd_used"":1}",2,0.016667,60,1
Sergio_G01_CNS-LLF5RV3D8,cpeeg01,ses03,20260804_161104,11:19.3,NaN,8,probe,PROBE_DIGIT_OK_1,71,22:13.6,653.989874,0.436273,9.837799,slot#1,NaN,,,keyboard,probe_digit#1,"{""value"":""slot#1"",""entered"":null,""rt"":9.8377985999686643,""note"":""probe_digit#1""}",2,0.016667,60,1
Sergio_G01_CNS-LLF5RV3D8,cpeeg01,ses03,20260804_161104,11:19.3,NaN,8,probe,DIGIT1_OFF,146,22:13.7,654.426147,0,,5,,,,keyboard,digit#1 off,"{""value"":5,""note"":""digit#1 off"",""pd_used"":0}",2,0.016667,60,1
Sergio_G01_CNS-LLF5RV3D8,cpeeg01,ses03,20260804_161104,11:19.3,NaN,8,probe,POSTDIG_FIX1_ON,151,22:13.7,654.426147,1.633339,,,,,,keyboard,after digit#1,"{""note"":""after digit#1""}",2,0.016667,60,1
Sergio_G01_CNS-LLF5RV3D8,cpeeg01,ses03,20260804_161104,11:19.3,NaN,8,probe,POSTDIG_FIX1_OFF,156,22:15.4,656.059486,0.066674,,,,,,keyboard,after digit#1,"{""note"":""after digit#1"",""pd_used"":0}",2,0.016667,60,1
Sergio_G01_CNS-LLF5RV3D8,cpeeg01,ses03,20260804_161104,11:19.3,NaN,8,probe,DIGIT_RECALL_LINE_2,162,22:15.4,656.12616,1.092263,,2,,,,keyboard,next recall question,"{""value"":2,""note"":""next recall question"",""pd_used"":1}",2,0.016667,60,1
Sergio_G01_CNS-LLF5RV3D8,cpeeg01,ses03,20260804_161104,11:19.3,NaN,8,probe,PROBE_DIGIT_OK_2,71,22:17.3,657.218423,0.941103,13.066348,slot#2,NaN,,,keyboard,probe_digit#2,"{""value"":""slot#2"",""entered"":null,""rt"":13.066347699961625,""note"":""probe_digit#2""}",2,0.016667,60,1
Sergio_G01_CNS-LLF5RV3D8,cpeeg01,ses03,20260804_161104,11:19.3,NaN,8,probe,DIGIT2_OFF,147,22:17.5,658.159526,0,,5,,,,keyboard,digit#2 off,"{""value"":5,""note"":""digit#2 off"",""pd_used"":0}",2,0.016667,60,1
Sergio_G01_CNS-LLF5RV3D8,cpeeg01,ses03,20260804_161104,11:19.3,NaN,8,probe,POSTDIG_FIX2_ON,152,22:17.5,658.159526,1.833326,,,,,,keyboard,after digit#2,"{""note"":""after digit#2""}",2,0.016667,60,1
Sergio_G01_CNS-LLF5RV3D8,cpeeg01,ses03,20260804_161104,11:19.3,NaN,8,probe,POSTDIG_FIX2_OFF,157,22:19.3,659.992852,0.06667,,,,,,keyboard,after digit#2,"{""note"":""after digit#2"",""pd_used"":0}",2,0.016667,60,1
Sergio_G01_CNS-LLF5RV3D8,cpeeg01,ses03,20260804_161104,11:19.3,NaN,8,probe,DIGIT_RECALL_LINE_3,163,22:19.4,660.059522,1.484445,,3,,,,keyboard,next recall question,"{""value"":3,""note"":""next recall question"",""pd_used"":1}",2,0.016667,60,1
Sergio_G01_CNS-LLF5RV3D8,cpeeg01,ses03,20260804_161104,11:19.3,NaN,8,probe,PROBE_DIGIT_OK_3,71,22:21.3,661.543967,0.598914,17.391892,slot#3,NaN,,,keyboard,probe_digit#3,"{""value"":""slot#3"",""entered"":null,""rt"":17.391891599982046,""note"":""probe_digit#3""}",2,0.016667,60,1
Sergio_G01_CNS-LLF5RV3D8,cpeeg01,ses03,20260804_161104,11:19.3,NaN,8,probe,DIGIT3_OFF,148,22:21.4,662.142881,0,,5,,,,keyboard,digit#3 off,"{""value"":5,""note"":""digit#3 off"",""pd_used"":0}",2,0.016667,60,1
Sergio_G01_CNS-LLF5RV3D8,cpeeg01,ses03,20260804_161104,11:19.3,NaN,8,probe,POSTDIG_FIX3_ON,153,22:21.4,662.142881,1.633308,,,,,,keyboard,after digit#3,"{""note"":""after digit#3""}",2,0.016667,60,1
Sergio_G01_CNS-LLF5RV3D8,cpeeg01,ses03,20260804_161104,11:19.3,NaN,8,probe,POSTDIG_FIX3_OFF,158,22:23.1,663.776189,0.066667,,,,,,keyboard,after digit#3,"{""note"":""after digit#3"",""pd_used"":0}",2,0.016667,60,1
Sergio_G01_CNS-LLF5RV3D8,cpeeg01,ses03,20260804_161104,11:19.3,NaN,8,probe,DIGIT_RECALL_LINE_4,164,22:23.1,663.842857,9.412809,,4,,,,keyboard,next recall question,"{""value"":4,""note"":""next recall question"",""pd_used"":1}",2,0.016667,60,1
Sergio_G01_CNS-LLF5RV3D8,cpeeg01,ses03,20260804_161104,11:19.3,NaN,8,probe,PROBE_DIGIT_OK_4,71,22:33.0,673.255666,0.603844,29.10359,slot#4,NaN,,,keyboard,probe_digit#4,"{""value"":""slot#4"",""entered"":null,""rt"":29.103590499958955,""note"":""probe_digit#4""}",2,0.016667,60,1
Sergio_G01_CNS-LLF5RV3D8,cpeeg01,ses03,20260804_161104,11:19.3,NaN,8,probe,DIGIT4_OFF,149,22:33.2,673.85951,0,,5,,,,keyboard,digit#4 off,"{""value"":5,""note"":""digit#4 off"",""pd_used"":0}",2,0.016667,60,1
Sergio_G01_CNS-LLF5RV3D8,cpeeg01,ses03,20260804_161104,11:19.3,NaN,8,probe,POSTDIG_FIX4_ON,154,22:33.2,673.85951,1.716715,,,,,,keyboard,after digit#4,"{""note"":""after digit#4""}",2,0.016667,60,1
Sergio_G01_CNS-LLF5RV3D8,cpeeg01,ses03,20260804_161104,11:19.3,NaN,8,probe,POSTDIG_FIX4_OFF,159,22:34.9,675.576225,0.06671,,,,,,keyboard,after digit#4,"{""note"":""after digit#4"",""pd_used"":0}",2,0.016667,60,1
Sergio_G01_CNS-LLF5RV3D8,cpeeg01,ses03,20260804_161104,11:19.3,NaN,8,probe,DIGIT_RECALL_LINE_5,165,22:34.9,675.642935,4.641314,,5,,,,keyboard,next recall question,"{""value"":5,""note"":""next recall question"",""pd_used"":1}",2,0.016667,60,1
Sergio_G01_CNS-LLF5RV3D8,cpeeg01,ses03,20260804_161104,11:19.3,NaN,8,probe,PROBE_DIGIT_OK_5,71,22:40.0,680.284249,0.608681,36.132174,slot#5,NaN,,,keyboard,probe_digit#5,"{""value"":""slot#5"",""entered"":null,""rt"":36.132173500023782,""note"":""probe_digit#5""}",2,0.016667,60,1
Sergio_G01_CNS-LLF5RV3D8,cpeeg01,ses03,20260804_161104,11:19.3,NaN,8,probe,DIGIT5_OFF,150,22:40.2,680.89293,0,,5,,,,keyboard,digit#5 off,"{""value"":5,""note"":""digit#5 off"",""pd_used"":0}",2,0.016667,60,1
Sergio_G01_CNS-LLF5RV3D8,cpeeg01,ses03,20260804_161104,11:19.3,NaN,8,probe,POSTDIG_FIX5_ON,155,22:40.2,680.89293,3.466721,,,,,,keyboard,after digit#5,"{""note"":""after digit#5""}",2,0.016667,60,1
Sergio_G01_CNS-LLF5RV3D8,cpeeg01,ses03,20260804_161104,11:19.3,NaN,8,probe,POSTDIG_FIX5_OFF,160,22:43.7,684.359651,0.049996,,,,,,keyboard,after digit#5,"{""note"":""after digit#5"",""pd_used"":0}",2,0.016667,60,1
Sergio_G01_CNS-LLF5RV3D8,cpeeg01,ses03,20260804_161104,11:19.3,NaN,8,probe,PROBE_DONE,73,22:43.7,684.409646,0.000674,,,,,,keyboard,probe complete,"{""value"":"""",""note"":""probe complete""}",2,0.016667,60,1
Sergio_G01_CNS-LLF5RV3D8,cpeeg01,ses03,20260804_161104,11:19.3,NaN,8,probe,TRIAL_END,21,22:43.7,684.410321,0.102826,,,,,,keyboard,,{},2,0.016667,60,1
Sergio_G01_CNS-LLF5RV3D8,cpeeg01,ses03,20260804_161104,11:19.3,NaN,9,probe,TRIAL_CHANGE,22,22:43.8,684.513147,0.001098,,,,,,keyboard,trial transition,"{""note"":""trial transition""}",2,0.016667,60,1
Sergio_G01_CNS-LLF5RV3D8,cpeeg01,ses03,20260804_161104,11:19.3,NaN,9,probe,TRIAL_START,20,22:43.8,684.514245,0.045328,,,,,,keyboard,,{},2,0.016667,60,1
Sergio_G01_CNS-LLF5RV3D8,cpeeg01,ses03,20260804_161104,11:19.3,NaN,9,fix1,FIX1_ON,30,22:43.9,684.559573,3.116747,,,,,,keyboard,,"{""pd_used"":0}",2,0.016667,60,1
Sergio_G01_CNS-LLF5RV3D8,cpeeg01,ses03,20260804_161104,11:19.3,NaN,9,fix1,FIX1_OFF,31,22:47.0,687.67632,0.049965,,,,,,keyboard,,"{""pd_used"":0}",2,0.016667,60,1
Sergio_G01_CNS-LLF5RV3D8,cpeeg01,ses03,20260804_161104,11:19.3,NaN,9,digit,DIGIT1_ON,141,22:47.0,687.726284,0.550021,,7,,,,keyboard,digit#1 shown,"{""value"":7,""note"":""digit#1 shown"",""pd_used"":1}",2,0.016667,60,1
Sergio_G01_CNS-LLF5RV3D8,cpeeg01,ses03,20260804_161104,11:19.3,NaN,9,digit,DIGIT1_OFF,146,22:47.6,688.276306,0,,7,,,,keyboard,digit#1 off,"{""value"":7,""note"":""digit#1 off"",""pd_used"":0}",2,0.016667,60,1
Sergio_G01_CNS-LLF5RV3D8,cpeeg01,ses03,20260804_161104,11:19.3,NaN,9,digit,POSTDIG_FIX1_ON,151,22:47.6,688.276306,1.883348,,,,,,keyboard,after digit#1,"{""note"":""after digit#1""}",2,0.016667,60,1
Sergio_G01_CNS-LLF5RV3D8,cpeeg01,ses03,20260804_161104,11:19.3,NaN,9,digit,POSTDIG_FIX1_OFF,156,22:49.5,690.159654,0.049994,,,,,,keyboard,after digit#1,"{""note"":""after digit#1"",""pd_used"":0}",2,0.016667,60,1
Sergio_G01_CNS-LLF5RV3D8,cpeeg01,ses03,20260804_161104,11:19.3,NaN,9,digit,DIGIT2_ON,142,22:49.5,690.209648,0.550025,,9,,,,keyboard,digit#2 shown,"{""value"":9,""note"":""digit#2 shown"",""pd_used"":1}",2,0.016667,60,1
Sergio_G01_CNS-LLF5RV3D8,cpeeg01,ses03,20260804_161104,11:19.3,NaN,9,digit,DIGIT2_OFF,147,22:50.1,690.759673,0,,9,,,,keyboard,digit#2 off,"{""value"":9,""note"":""digit#2 off"",""pd_used"":0}",2,0.016667,60,1
Sergio_G01_CNS-LLF5RV3D8,cpeeg01,ses03,20260804_161104,11:19.3,NaN,9,digit,POSTDIG_FIX2_ON,152,22:50.1,690.759673,1.76665,,,,,,keyboard,after digit#2,"{""note"":""after digit#2""}",2,0.016667,60,1
Sergio_G01_CNS-LLF5RV3D8,cpeeg01,ses03,20260804_161104,11:19.3,NaN,9,digit,POSTDIG_FIX2_OFF,157,22:51.8,692.526323,0.049966,,,,,,keyboard,after digit#2,"{""note"":""after digit#2"",""pd_used"":0}",2,0.016667,60,1
Sergio_G01_CNS-LLF5RV3D8,cpeeg01,ses03,20260804_161104,11:19.3,NaN,9,digit,DIGIT3_ON,143,22:51.9,692.576289,0.550037,,5,,,,keyboard,digit#3 shown,"{""value"":5,""note"":""digit#3 shown"",""pd_used"":1}",2,0.016667,60,1
Sergio_G01_CNS-LLF5RV3D8,cpeeg01,ses03,20260804_161104,11:19.3,NaN,9,digit,DIGIT3_OFF,148,22:52.4,693.126326,0,,5,,,,keyboard,digit#3 off,"{""value"":5,""note"":""digit#3 off"",""pd_used"":0}",2,0.016667,60,1
Sergio_G01_CNS-LLF5RV3D8,cpeeg01,ses03,20260804_161104,11:19.3,NaN,9,digit,POSTDIG_FIX3_ON,153,22:52.4,693.126326,1.733337,,,,,,keyboard,after digit#3,"{""note"":""after digit#3""}",2,0.016667,60,1
Sergio_G01_CNS-LLF5RV3D8,cpeeg01,ses03,20260804_161104,11:19.3,NaN,9,digit,POSTDIG_FIX3_OFF,158,22:54.2,694.859662,0.049985,,,,,,keyboard,after digit#3,"{""note"":""after digit#3"",""pd_used"":0}",2,0.016667,60,1
Sergio_G01_CNS-LLF5RV3D8,cpeeg01,ses03,20260804_161104,11:19.3,NaN,9,digit,DIGIT4_ON,144,22:54.2,694.909647,0.550009,,1,,,,keyboard,digit#4 shown,"{""value"":1,""note"":""digit#4 shown"",""pd_used"":1}",2,0.016667,60,1
Sergio_G01_CNS-LLF5RV3D8,cpeeg01,ses03,20260804_161104,11:19.3,NaN,9,digit,DIGIT4_OFF,149,22:54.8,695.459656,0,,1,,,,keyboard,digit#4 off,"{""value"":1,""note"":""digit#4 off"",""pd_used"":0}",2,0.016667,60,1
Sergio_G01_CNS-LLF5RV3D8,cpeeg01,ses03,20260804_161104,11:19.3,NaN,9,digit,POSTDIG_FIX4_ON,154,22:54.8,695.459656,1.850029,,,,,,keyboard,after digit#4,"{""note"":""after digit#4""}",2,0.016667,60,1
Sergio_G01_CNS-LLF5RV3D8,cpeeg01,ses03,20260804_161104,11:19.3,NaN,9,digit,POSTDIG_FIX4_OFF,159,22:56.6,697.309686,0.049984,,,,,,keyboard,after digit#4,"{""note"":""after digit#4"",""pd_used"":0}",2,0.016667,60,1
Sergio_G01_CNS-LLF5RV3D8,cpeeg01,ses03,20260804_161104,11:19.3,NaN,9,digit,DIGIT5_ON,145,22:56.7,697.35967,0.550002,,8,,,,keyboard,digit#5 shown,"{""value"":8,""note"":""digit#5 shown"",""pd_used"":1}",2,0.016667,60,1
Sergio_G01_CNS-LLF5RV3D8,cpeeg01,ses03,20260804_161104,11:19.3,NaN,9,digit,DIGIT5_OFF,150,22:57.2,697.909671,0,,8,,,,keyboard,digit#5 off,"{""value"":8,""note"":""digit#5 off"",""pd_used"":0}",2,0.016667,60,1
Sergio_G01_CNS-LLF5RV3D8,cpeeg01,ses03,20260804_161104,11:19.3,NaN,9,digit,POSTDIG_FIX5_ON,155,22:57.2,697.909671,3.067244,,,,,,keyboard,after digit#5,"{""note"":""after digit#5""}",2,0.016667,60,1
Sergio_G01_CNS-LLF5RV3D8,cpeeg01,ses03,20260804_161104,11:19.3,NaN,9,digit,POSTDIG_FIX5_OFF,160,23:00.3,700.976915,0.049446,,,,,,keyboard,after digit#5,"{""note"":""after digit#5"",""pd_used"":0}",2,0.016667,60,1
Sergio_G01_CNS-LLF5RV3D8,cpeeg01,ses03,20260804_161104,11:19.3,NaN,9,distractor,DISTRACTOR_ON,50,23:00.3,701.026361,11.252637,,9+5=14,,,,keyboard,,"{""value"":""9+5=14"",""isCorrectTruth"":true,""trueSum"":14,""pd_used"":1}",2,0.016667,60,1
Sergio_G01_CNS-LLF5RV3D8,cpeeg01,ses03,20260804_161104,11:19.3,NaN,9,distractor,DISTRACTOR_ANS,51,23:11.9,712.278999,0,11.252637,9+5=14,F,0,,keyboard,key= (False),"{""value"":""9+5=14"",""entered"":""F"",""rt"":11.252637200057507,""correct"":0,""note"":""key= (False)"",""truth"":true,""trueSum"":14,""shownSum"":14,""a"":9,""b"":5}",2,0.016667,60,1
Sergio_G01_CNS-LLF5RV3D8,cpeeg01,ses03,20260804_161104,11:19.3,NaN,9,distractor,ANS_WRONG,200,23:12.0,712.278999,0.447727,,,,,,keyboard,,{},2,0.016667,60,1
Sergio_G01_CNS-LLF5RV3D8,cpeeg01,ses03,20260804_161104,11:19.3,NaN,9,distractor,DISTRACTOR_OFF,52,23:12.0,712.726726,0,,,,,,keyboard,,"{""pd_used"":0}",2,0.016667,60,1
Sergio_G01_CNS-LLF5RV3D8,cpeeg01,ses03,20260804_161104,11:19.3,NaN,9,distractor,FIX2_ON,60,23:12.0,712.726726,3.283043,,,,,,keyboard,immediate after response,"{""note"":""immediate after response""}",2,0.016667,60,1
Sergio_G01_CNS-LLF5RV3D8,cpeeg01,ses03,20260804_161104,11:19.3,NaN,9,fix2,FIX2_OFF,61,23:15.3,716.009768,0.050004,,,,,,keyboard,,"{""pd_used"":0}",2,0.016667,60,1
Sergio_G01_CNS-LLF5RV3D8,cpeeg01,ses03,20260804_161104,11:19.3,NaN,9,probe,DIGIT_RECALL_LINE_1,161,23:15.4,716.059772,3.044556,,1,,,,keyboard,first recall question,"{""value"":1,""note"":""first recall question"",""pd_used"":1}",2,0.016667,60,1
Sergio_G01_CNS-LLF5RV3D8,cpeeg01,ses03,20260804_161104,11:19.3,NaN,9,probe,PROBE_DIGIT_OK_1,71,23:18.7,719.104328,0.472125,3.051923,slot#1,NaN,,,keyboard,probe_digit#1,"{""value"":""slot#1"",""entered"":null,""rt"":3.0519228000193834,""note"":""probe_digit#1""}",2,0.016667,60,1
Sergio_G01_CNS-LLF5RV3D8,cpeeg01,ses03,20260804_161104,11:19.3,NaN,9,probe,DIGIT1_OFF,146,23:18.9,719.576453,0,,8,,,,keyboard,digit#1 off,"{""value"":8,""note"":""digit#1 off"",""pd_used"":0}",2,0.016667,60,1
Sergio_G01_CNS-LLF5RV3D8,cpeeg01,ses03,20260804_161104,11:19.3,NaN,9,probe,POSTDIG_FIX1_ON,151,23:18.9,719.576453,1.816673,,,,,,keyboard,after digit#1,"{""note"":""after digit#1""}",2,0.016667,60,1
Sergio_G01_CNS-LLF5RV3D8,cpeeg01,ses03,20260804_161104,11:19.3,NaN,9,probe,POSTDIG_FIX1_OFF,156,23:20.7,721.393127,0.066635,,,,,,keyboard,after digit#1,"{""note"":""after digit#1"",""pd_used"":0}",2,0.016667,60,1
Sergio_G01_CNS-LLF5RV3D8,cpeeg01,ses03,20260804_161104,11:19.3,NaN,9,probe,DIGIT_RECALL_LINE_2,162,23:20.8,721.459762,4.341299,,2,,,,keyboard,next recall question,"{""value"":2,""note"":""next recall question"",""pd_used"":1}",2,0.016667,60,1
Sergio_G01_CNS-LLF5RV3D8,cpeeg01,ses03,20260804_161104,11:19.3,NaN,9,probe,PROBE_DIGIT_OK_2,71,23:25.6,725.801061,0.642095,9.748656,slot#2,NaN,,,keyboard,probe_digit#2,"{""value"":""slot#2"",""entered"":null,""rt"":9.7486557000083849,""note"":""probe_digit#2""}",2,0.016667,60,1
Sergio_G01_CNS-LLF5RV3D8,cpeeg01,ses03,20260804_161104,11:19.3,NaN,9,probe,DIGIT2_OFF,147,23:25.7,726.443156,0,,8,,,,keyboard,digit#2 off,"{""value"":8,""note"":""digit#2 off"",""pd_used"":0}",2,0.016667,60,1
Sergio_G01_CNS-LLF5RV3D8,cpeeg01,ses03,20260804_161104,11:19.3,NaN,9,probe,POSTDIG_FIX2_ON,152,23:25.7,726.443156,1.983304,,,,,,keyboard,after digit#2,"{""note"":""after digit#2""}",2,0.016667,60,1
Sergio_G01_CNS-LLF5RV3D8,cpeeg01,ses03,20260804_161104,11:19.3,NaN,9,probe,POSTDIG_FIX2_OFF,157,23:27.7,728.42646,0.066657,,,,,,keyboard,after digit#2,"{""note"":""after digit#2"",""pd_used"":0}",2,0.016667,60,1
Sergio_G01_CNS-LLF5RV3D8,cpeeg01,ses03,20260804_161104,11:19.3,NaN,9,probe,DIGIT_RECALL_LINE_3,163,23:27.8,728.493117,4.157117,,3,,,,keyboard,next recall question,"{""value"":3,""note"":""next recall question"",""pd_used"":1}",2,0.016667,60,1
Sergio_G01_CNS-LLF5RV3D8,cpeeg01,ses03,20260804_161104,11:19.3,NaN,9,probe,PROBE_DIGIT_OK_3,71,23:32.6,732.650233,0.809631,16.597828,slot#3,NaN,,,keyboard,probe_digit#3,"{""value"":""slot#3"",""entered"":null,""rt"":16.597828099969774,""note"":""probe_digit#3""}",2,0.016667,60,1
Sergio_G01_CNS-LLF5RV3D8,cpeeg01,ses03,20260804_161104,11:19.3,NaN,9,probe,DIGIT3_OFF,148,23:32.8,733.459865,0,,8,,,,keyboard,digit#3 off,"{""value"":8,""note"":""digit#3 off"",""pd_used"":0}",2,0.016667,60,1
Sergio_G01_CNS-LLF5RV3D8,cpeeg01,ses03,20260804_161104,11:19.3,NaN,9,probe,POSTDIG_FIX3_ON,153,23:32.8,733.459865,1.733324,,,,,,keyboard,after digit#3,"{""note"":""after digit#3""}",2,0.016667,60,1
Sergio_G01_CNS-LLF5RV3D8,cpeeg01,ses03,20260804_161104,11:19.3,NaN,9,probe,POSTDIG_FIX3_OFF,158,23:34.5,735.193189,0.066638,,,,,,keyboard,after digit#3,"{""note"":""after digit#3"",""pd_used"":0}",2,0.016667,60,1
Sergio_G01_CNS-LLF5RV3D8,cpeeg01,ses03,20260804_161104,11:19.3,NaN,9,probe,DIGIT_RECALL_LINE_4,164,23:34.6,735.259827,1.140512,,4,,,,keyboard,next recall question,"{""value"":4,""note"":""next recall question"",""pd_used"":1}",2,0.016667,60,1
Sergio_G01_CNS-LLF5RV3D8,cpeeg01,ses03,20260804_161104,11:19.3,NaN,9,probe,PROBE_DIGIT_OK_4,71,23:36.0,736.400339,0.426169,20.347934,slot#4,NaN,,,keyboard,probe_digit#4,"{""value"":""slot#4"",""entered"":null,""rt"":20.347933599958196,""note"":""probe_digit#4""}",2,0.016667,60,1
Sergio_G01_CNS-LLF5RV3D8,cpeeg01,ses03,20260804_161104,11:19.3,NaN,9,probe,DIGIT4_OFF,149,23:36.1,736.826508,0,,8,,,,keyboard,digit#4 off,"{""value"":8,""note"":""digit#4 off"",""pd_used"":0}",2,0.016667,60,1
Sergio_G01_CNS-LLF5RV3D8,cpeeg01,ses03,20260804_161104,11:19.3,NaN,9,probe,POSTDIG_FIX4_ON,154,23:36.1,736.826508,1.616669,,,,,,keyboard,after digit#4,"{""note"":""after digit#4""}",2,0.016667,60,1
Sergio_G01_CNS-LLF5RV3D8,cpeeg01,ses03,20260804_161104,11:19.3,NaN,9,probe,POSTDIG_FIX4_OFF,159,23:37.7,738.443177,0.066655,,,,,,keyboard,after digit#4,"{""note"":""after digit#4"",""pd_used"":0}",2,0.016667,60,1
Sergio_G01_CNS-LLF5RV3D8,cpeeg01,ses03,20260804_161104,11:19.3,NaN,9,probe,DIGIT_RECALL_LINE_5,165,23:37.8,738.509833,0.126686,,5,,,,keyboard,next recall question,"{""value"":5,""note"":""next recall question"",""pd_used"":1}",2,0.016667,60,1
Sergio_G01_CNS-LLF5RV3D8,cpeeg01,ses03,20260804_161104,11:19.3,NaN,9,probe,PROBE_DIGIT_OK_5,71,23:38.3,738.636518,0.473357,22.584113,slot#5,NaN,,,keyboard,probe_digit#5,"{""value"":""slot#5"",""entered"":null,""rt"":22.584112899960019,""note"":""probe_digit#5""}",2,0.016667,60,1
Sergio_G01_CNS-LLF5RV3D8,cpeeg01,ses03,20260804_161104,11:19.3,NaN,9,probe,DIGIT5_OFF,150,23:38.4,739.109875,0,,8,,,,keyboard,digit#5 off,"{""value"":8,""note"":""digit#5 off"",""pd_used"":0}",2,0.016667,60,1
Sergio_G01_CNS-LLF5RV3D8,cpeeg01,ses03,20260804_161104,11:19.3,NaN,9,probe,POSTDIG_FIX5_ON,155,23:38.4,739.109875,3.466634,,,,,,keyboard,after digit#5,"{""note"":""after digit#5""}",2,0.016667,60,1
Sergio_G01_CNS-LLF5RV3D8,cpeeg01,ses03,20260804_161104,11:19.3,NaN,9,probe,POSTDIG_FIX5_OFF,160,23:41.9,742.576509,0.050027,,,,,,keyboard,after digit#5,"{""note"":""after digit#5"",""pd_used"":0}",2,0.016667,60,1
Sergio_G01_CNS-LLF5RV3D8,cpeeg01,ses03,20260804_161104,11:19.3,NaN,9,probe,PROBE_DONE,73,23:41.9,742.626536,0.000636,,,,,,keyboard,probe complete,"{""value"":"""",""note"":""probe complete""}",2,0.016667,60,1
Sergio_G01_CNS-LLF5RV3D8,cpeeg01,ses03,20260804_161104,11:19.3,NaN,9,probe,TRIAL_END,21,23:41.9,742.627171,0.101333,,,,,,keyboard,,{},2,0.016667,60,1
Sergio_G01_CNS-LLF5RV3D8,cpeeg01,ses03,20260804_161104,11:19.3,NaN,10,probe,TRIAL_CHANGE,22,23:42.0,742.728504,0.001144,,,,,,keyboard,trial transition,"{""note"":""trial transition""}",2,0.016667,60,1
Sergio_G01_CNS-LLF5RV3D8,cpeeg01,ses03,20260804_161104,11:19.3,NaN,10,probe,TRIAL_START,20,23:42.0,742.729648,0.046874,,,,,,keyboard,,{},2,0.016667,60,1
Sergio_G01_CNS-LLF5RV3D8,cpeeg01,ses03,20260804_161104,11:19.3,NaN,10,fix1,FIX1_ON,30,23:42.1,742.776522,3.216692,,,,,,keyboard,,"{""pd_used"":0}",2,0.016667,60,1
Sergio_G01_CNS-LLF5RV3D8,cpeeg01,ses03,20260804_161104,11:19.3,NaN,10,fix1,FIX1_OFF,31,23:45.3,745.993215,0.050031,,,,,,keyboard,,"{""pd_used"":0}",2,0.016667,60,1
Sergio_G01_CNS-LLF5RV3D8,cpeeg01,ses03,20260804_161104,11:19.3,NaN,10,digit,DIGIT1_ON,141,23:45.3,746.043246,0.549989,,0,,,,keyboard,digit#1 shown,"{""value"":0,""note"":""digit#1 shown"",""pd_used"":1}",2,0.016667,60,1
Sergio_G01_CNS-LLF5RV3D8,cpeeg01,ses03,20260804_161104,11:19.3,NaN,10,digit,DIGIT1_OFF,146,23:45.9,746.593234,0,,0,,,,keyboard,digit#1 off,"{""value"":0,""note"":""digit#1 off"",""pd_used"":0}",2,0.016667,60,1
Sergio_G01_CNS-LLF5RV3D8,cpeeg01,ses03,20260804_161104,11:19.3,NaN,10,digit,POSTDIG_FIX1_ON,151,23:45.9,746.593234,1.933315,,,,,,keyboard,after digit#1,"{""note"":""after digit#1""}",2,0.016667,60,1
Sergio_G01_CNS-LLF5RV3D8,cpeeg01,ses03,20260804_161104,11:19.3,NaN,10,digit,POSTDIG_FIX1_OFF,156,23:47.8,748.526549,0.050019,,,,,,keyboard,after digit#1,"{""note"":""after digit#1"",""pd_used"":0}",2,0.016667,60,1
Sergio_G01_CNS-LLF5RV3D8,cpeeg01,ses03,20260804_161104,11:19.3,NaN,10,digit,DIGIT2_ON,142,23:47.9,748.576568,0.550015,,0,,,,keyboard,digit#2 shown,"{""value"":0,""note"":""digit#2 shown"",""pd_used"":1}",2,0.016667,60,1
Sergio_G01_CNS-LLF5RV3D8,cpeeg01,ses03,20260804_161104,11:19.3,NaN,10,digit,DIGIT2_OFF,147,23:48.4,749.126583,0,,0,,,,keyboard,digit#2 off,"{""value"":0,""note"":""digit#2 off"",""pd_used"":0}",2,0.016667,60,1
Sergio_G01_CNS-LLF5RV3D8,cpeeg01,ses03,20260804_161104,11:19.3,NaN,10,digit,POSTDIG_FIX2_ON,152,23:48.4,749.126583,1.616669,,,,,,keyboard,after digit#2,"{""note"":""after digit#2""}",2,0.016667,60,1
Sergio_G01_CNS-LLF5RV3D8,cpeeg01,ses03,20260804_161104,11:19.3,NaN,10,digit,POSTDIG_FIX2_OFF,157,23:50.0,750.743251,0.050002,,,,,,keyboard,after digit#2,"{""note"":""after digit#2"",""pd_used"":0}",2,0.016667,60,1
Sergio_G01_CNS-LLF5RV3D8,cpeeg01,ses03,20260804_161104,11:19.3,NaN,10,digit,DIGIT3_ON,143,23:50.1,750.793254,0.549994,,5,,,,keyboard,digit#3 shown,"{""value"":5,""note"":""digit#3 shown"",""pd_used"":1}",2,0.016667,60,1
Sergio_G01_CNS-LLF5RV3D8,cpeeg01,ses03,20260804_161104,11:19.3,NaN,10,digit,DIGIT3_OFF,148,23:50.6,751.343248,0,,5,,,,keyboard,digit#3 off,"{""value"":5,""note"":""digit#3 off"",""pd_used"":0}",2,0.016667,60,1
Sergio_G01_CNS-LLF5RV3D8,cpeeg01,ses03,20260804_161104,11:19.3,NaN,10,digit,POSTDIG_FIX3_ON,153,23:50.6,751.343248,1.833335,,,,,,keyboard,after digit#3,"{""note"":""after digit#3""}",2,0.016667,60,1
Sergio_G01_CNS-LLF5RV3D8,cpeeg01,ses03,20260804_161104,11:19.3,NaN,10,digit,POSTDIG_FIX3_OFF,158,23:52.5,753.176583,0.049979,,,,,,keyboard,after digit#3,"{""note"":""after digit#3"",""pd_used"":0}",2,0.016667,60,1
Sergio_G01_CNS-LLF5RV3D8,cpeeg01,ses03,20260804_161104,11:19.3,NaN,10,digit,DIGIT4_ON,144,23:52.5,753.226562,0.550017,,3,,,,keyboard,digit#4 shown,"{""value"":3,""note"":""digit#4 shown"",""pd_used"":1}",2,0.016667,60,1
Sergio_G01_CNS-LLF5RV3D8,cpeeg01,ses03,20260804_161104,11:19.3,NaN,10,digit,DIGIT4_OFF,149,23:53.1,753.77658,0,,3,,,,keyboard,digit#4 off,"{""value"":3,""note"":""digit#4 off"",""pd_used"":0}",2,0.016667,60,1
Sergio_G01_CNS-LLF5RV3D8,cpeeg01,ses03,20260804_161104,11:19.3,NaN,10,digit,POSTDIG_FIX4_ON,154,23:53.1,753.77658,1.650001,,,,,,keyboard,after digit#4,"{""note"":""after digit#4""}",2,0.016667,60,1
Sergio_G01_CNS-LLF5RV3D8,cpeeg01,ses03,20260804_161104,11:19.3,NaN,10,digit,POSTDIG_FIX4_OFF,159,23:54.7,755.426581,0.050016,,,,,,keyboard,after digit#4,"{""note"":""after digit#4"",""pd_used"":0}",2,0.016667,60,1
Sergio_G01_CNS-LLF5RV3D8,cpeeg01,ses03,20260804_161104,11:19.3,NaN,10,digit,DIGIT5_ON,145,23:54.8,755.476597,0.550073,,0,,,,keyboard,digit#5 shown,"{""value"":0,""note"":""digit#5 shown"",""pd_used"":1}",2,0.016667,60,1
Sergio_G01_CNS-LLF5RV3D8,cpeeg01,ses03,20260804_161104,11:19.3,NaN,10,digit,DIGIT5_OFF,150,23:55.3,756.02667,0,,0,,,,keyboard,digit#5 off,"{""value"":0,""note"":""digit#5 off"",""pd_used"":0}",2,0.016667,60,1
Sergio_G01_CNS-LLF5RV3D8,cpeeg01,ses03,20260804_161104,11:19.3,NaN,10,digit,POSTDIG_FIX5_ON,155,23:55.3,756.02667,3.249976,,,,,,keyboard,after digit#5,"{""note"":""after digit#5""}",2,0.016667,60,1
Sergio_G01_CNS-LLF5RV3D8,cpeeg01,ses03,20260804_161104,11:19.3,NaN,10,digit,POSTDIG_FIX5_OFF,160,23:58.6,759.276645,0.049974,,,,,,keyboard,after digit#5,"{""note"":""after digit#5"",""pd_used"":0}",2,0.016667,60,1
Sergio_G01_CNS-LLF5RV3D8,cpeeg01,ses03,20260804_161104,11:19.3,NaN,10,distractor,DISTRACTOR_ON,50,23:58.6,759.326619,12.890594,,7+9=17,,,,keyboard,,"{""value"":""7+9=17"",""isCorrectTruth"":false,""trueSum"":16,""pd_used"":1}",2,0.016667,60,1
Sergio_G01_CNS-LLF5RV3D8,cpeeg01,ses03,20260804_161104,11:19.3,NaN,10,distractor,DISTRACTOR_ANS,51,24:12.1,772.217214,0,12.890594,7+9=17,F,1,,keyboard,key= (False),"{""value"":""7+9=17"",""entered"":""F"",""rt"":12.890594299999066,""correct"":1,""note"":""key= (False)"",""truth"":false,""trueSum"":16,""shownSum"":17,""a"":7,""b"":9}",2,0.016667,60,1
Sergio_G01_CNS-LLF5RV3D8,cpeeg01,ses03,20260804_161104,11:19.3,NaN,10,distractor,ANS_CORRECT,100,24:12.1,772.217214,0.642772,,,,,,keyboard,,{},2,0.016667,60,1
Sergio_G01_CNS-LLF5RV3D8,cpeeg01,ses03,20260804_161104,11:19.3,NaN,10,distractor,DISTRACTOR_OFF,52,24:12.2,772.859986,0,,,,,,keyboard,,"{""pd_used"":0}",2,0.016667,60,1
Sergio_G01_CNS-LLF5RV3D8,cpeeg01,ses03,20260804_161104,11:19.3,NaN,10,distractor,FIX2_ON,60,24:12.2,772.859986,3.133461,,,,,,keyboard,immediate after response,"{""note"":""immediate after response""}",2,0.016667,60,1
Sergio_G01_CNS-LLF5RV3D8,cpeeg01,ses03,20260804_161104,11:19.3,NaN,10,fix2,FIX2_OFF,61,24:15.3,775.993447,0.04991,,,,,,keyboard,,"{""pd_used"":0}",2,0.016667,60,1
Sergio_G01_CNS-LLF5RV3D8,cpeeg01,ses03,20260804_161104,11:19.3,NaN,10,probe,DIGIT_RECALL_LINE_1,161,24:15.3,776.043357,6.642543,,1,,,,keyboard,first recall question,"{""value"":1,""note"":""first recall question"",""pd_used"":1}",2,0.016667,60,1
Sergio_G01_CNS-LLF5RV3D8,cpeeg01,ses03,20260804_161104,11:19.3,NaN,10,probe,PROBE_DIGIT_OK_1,71,24:22.7,782.6859,0.824138,6.649571,slot#1,NaN,,,keyboard,probe_digit#1,"{""value"":""slot#1"",""entered"":null,""rt"":6.6495711000170559,""note"":""probe_digit#1""}",2,0.016667,60,1
Sergio_G01_CNS-LLF5RV3D8,cpeeg01,ses03,20260804_161104,11:19.3,NaN,10,probe,DIGIT1_OFF,146,24:22.8,783.510038,0,,0,,,,keyboard,digit#1 off,"{""value"":0,""note"":""digit#1 off"",""pd_used"":0}",2,0.016667,60,1
Sergio_G01_CNS-LLF5RV3D8,cpeeg01,ses03,20260804_161104,11:19.3,NaN,10,probe,POSTDIG_FIX1_ON,151,24:22.8,783.510038,1.949998,,,,,,keyboard,after digit#1,"{""note"":""after digit#1""}",2,0.016667,60,1
Sergio_G01_CNS-LLF5RV3D8,cpeeg01,ses03,20260804_161104,11:19.3,NaN,10,probe,POSTDIG_FIX1_OFF,156,24:24.8,785.460036,0.06672,,,,,,keyboard,after digit#1,"{""note"":""after digit#1"",""pd_used"":0}",2,0.016667,60,1
Sergio_G01_CNS-LLF5RV3D8,cpeeg01,ses03,20260804_161104,11:19.3,NaN,10,probe,DIGIT_RECALL_LINE_2,162,24:24.8,785.526756,2.861672,,2,,,,keyboard,next recall question,"{""value"":2,""note"":""next recall question"",""pd_used"":1}",2,0.016667,60,1
Sergio_G01_CNS-LLF5RV3D8,cpeeg01,ses03,20260804_161104,11:19.3,NaN,10,probe,PROBE_DIGIT_OK_2,71,24:28.3,788.388428,0.788258,12.352099,slot#2,NaN,,,keyboard,probe_digit#2,"{""value"":""slot#2"",""entered"":null,""rt"":12.352098600007594,""note"":""probe_digit#2""}",2,0.016667,60,1
Sergio_G01_CNS-LLF5RV3D8,cpeeg01,ses03,20260804_161104,11:19.3,NaN,10,probe,DIGIT2_OFF,147,24:28.5,789.176686,0,,0,,,,keyboard,digit#2 off,"{""value"":0,""note"":""digit#2 off"",""pd_used"":0}",2,0.016667,60,1
Sergio_G01_CNS-LLF5RV3D8,cpeeg01,ses03,20260804_161104,11:19.3,NaN,10,probe,POSTDIG_FIX2_ON,152,24:28.5,789.176686,1.966724,,,,,,keyboard,after digit#2,"{""note"":""after digit#2""}",2,0.016667,60,1
Sergio_G01_CNS-LLF5RV3D8,cpeeg01,ses03,20260804_161104,11:19.3,NaN,10,probe,POSTDIG_FIX2_OFF,157,24:30.4,791.14341,0.066672,,,,,,keyboard,after digit#2,"{""note"":""after digit#2"",""pd_used"":0}",2,0.016667,60,1
Sergio_G01_CNS-LLF5RV3D8,cpeeg01,ses03,20260804_161104,11:19.3,NaN,10,probe,DIGIT_RECALL_LINE_3,163,24:30.5,791.210082,1.221613,,3,,,,keyboard,next recall question,"{""value"":3,""note"":""next recall question"",""pd_used"":1}",2,0.016667,60,1
Sergio_G01_CNS-LLF5RV3D8,cpeeg01,ses03,20260804_161104,11:19.3,NaN,10,probe,PROBE_DIGIT_OK_3,71,24:32.0,792.431695,0.445059,16.395366,slot#3,NaN,,,keyboard,probe_digit#3,"{""value"":""slot#3"",""entered"":null,""rt"":16.395365900010802,""note"":""probe_digit#3""}",2,0.016667,60,1
Sergio_G01_CNS-LLF5RV3D8,cpeeg01,ses03,20260804_161104,11:19.3,NaN,10,probe,DIGIT3_OFF,148,24:32.2,792.876754,0,,0,,,,keyboard,digit#3 off,"{""value"":0,""note"":""digit#3 off"",""pd_used"":0}",2,0.016667,60,1
Sergio_G01_CNS-LLF5RV3D8,cpeeg01,ses03,20260804_161104,11:19.3,NaN,10,probe,POSTDIG_FIX3_ON,153,24:32.2,792.876754,1.56701,,,,,,keyboard,after digit#3,"{""note"":""after digit#3""}",2,0.016667,60,1
Sergio_G01_CNS-LLF5RV3D8,cpeeg01,ses03,20260804_161104,11:19.3,NaN,10,probe,POSTDIG_FIX3_OFF,158,24:33.7,794.443764,0.066308,,,,,,keyboard,after digit#3,"{""note"":""after digit#3"",""pd_used"":0}",2,0.016667,60,1
Sergio_G01_CNS-LLF5RV3D8,cpeeg01,ses03,20260804_161104,11:19.3,NaN,10,probe,DIGIT_RECALL_LINE_4,164,24:33.8,794.510072,7.118406,,4,,,,keyboard,next recall question,"{""value"":4,""note"":""next recall question"",""pd_used"":1}",2,0.016667,60,1
Sergio_G01_CNS-LLF5RV3D8,cpeeg01,ses03,20260804_161104,11:19.3,NaN,10,probe,PROBE_DIGIT_OK_4,71,24:41.5,801.628477,0.748595,25.592148,slot#4,NaN,,,keyboard,probe_digit#4,"{""value"":""slot#4"",""entered"":null,""rt"":25.592148300027475,""note"":""probe_digit#4""}",2,0.016667,60,1
Sergio_G01_CNS-LLF5RV3D8,cpeeg01,ses03,20260804_161104,11:19.3,NaN,10,probe,DIGIT4_OFF,149,24:41.7,802.377073,0,,0,,,,keyboard,digit#4 off,"{""value"":0,""note"":""digit#4 off"",""pd_used"":0}",2,0.016667,60,1
Sergio_G01_CNS-LLF5RV3D8,cpeeg01,ses03,20260804_161104,11:19.3,NaN,10,probe,POSTDIG_FIX4_ON,154,24:41.7,802.377073,1.966532,,,,,,keyboard,after digit#4,"{""note"":""after digit#4""}",2,0.016667,60,1
Sergio_G01_CNS-LLF5RV3D8,cpeeg01,ses03,20260804_161104,11:19.3,NaN,10,probe,POSTDIG_FIX4_OFF,159,24:43.6,804.343604,0.066524,,,,,,keyboard,after digit#4,"{""note"":""after digit#4"",""pd_used"":0}",2,0.016667,60,1
Sergio_G01_CNS-LLF5RV3D8,cpeeg01,ses03,20260804_161104,11:19.3,NaN,10,probe,DIGIT_RECALL_LINE_5,165,24:43.7,804.410128,3.32687,,5,,,,keyboard,next recall question,"{""value"":5,""note"":""next recall question"",""pd_used"":1}",2,0.016667,60,1
Sergio_G01_CNS-LLF5RV3D8,cpeeg01,ses03,20260804_161104,11:19.3,NaN,10,probe,PROBE_DIGIT_OK_5,71,24:47.5,807.736998,0.656513,31.700669,slot#5,NaN,,,keyboard,probe_digit#5,"{""value"":""slot#5"",""entered"":null,""rt"":31.700669200043194,""note"":""probe_digit#5""}",2,0.016667,60,1
Sergio_G01_CNS-LLF5RV3D8,cpeeg01,ses03,20260804_161104,11:19.3,NaN,10,probe,DIGIT5_OFF,150,24:47.7,808.393512,0,,0,,,,keyboard,digit#5 off,"{""value"":0,""note"":""digit#5 off"",""pd_used"":0}",2,0.016667,60,1
Sergio_G01_CNS-LLF5RV3D8,cpeeg01,ses03,20260804_161104,11:19.3,NaN,10,probe,POSTDIG_FIX5_ON,155,24:47.7,808.393512,3.34999,,,,,,keyboard,after digit#5,"{""note"":""after digit#5""}",2,0.016667,60,1
Sergio_G01_CNS-LLF5RV3D8,cpeeg01,ses03,20260804_161104,11:19.3,NaN,10,probe,POSTDIG_FIX5_OFF,160,24:51.0,811.743502,0.050105,,,,,,keyboard,after digit#5,"{""note"":""after digit#5"",""pd_used"":0}",2,0.016667,60,1
Sergio_G01_CNS-LLF5RV3D8,cpeeg01,ses03,20260804_161104,11:19.3,NaN,10,probe,PROBE_DONE,73,24:51.1,811.793607,0.000861,,,,,,keyboard,probe complete,"{""value"":"""",""note"":""probe complete""}",2,0.016667,60,1
Sergio_G01_CNS-LLF5RV3D8,cpeeg01,ses03,20260804_161104,11:19.3,NaN,10,probe,TRIAL_END,21,24:51.1,811.794467,0.099206,,,,,,keyboard,,{},2,0.016667,60,1
Sergio_G01_CNS-LLF5RV3D8,cpeeg01,ses03,20260804_161104,11:19.3,NaN,10,probe,BLOCK_END,11,24:51.2,811.893673,0.282218,,,,,,keyboard,,{},2,0.016667,60,1
Sergio_G01_CNS-LLF5RV3D8,cpeeg01,ses03,20260804_161104,11:19.3,NaN,10,probe,SESSION_END,3,24:51.4,812.175892,NaN,,,,,,keyboard,,{},2,0.016667,60,1
