file_version,subject,condition,session,task_start_time,block,trial,phase,event_name,event_code,wall_clock,t_rel_sec,duration_to_next,rt,value_shown,entered_value,correct,key_name,device,note,json,screen_index,ifi,refresh_hz,pd_used,rt_from_audio,remembered
"Sergio_G01_CNS-LLF5RV3D8","cpeeg01","ses02","20260512_123954","2026-05-12 12:41:21.035802","NaN","NaN","","MIC_NOISEFLOOR","6","2026-05-12 12:41:25.801109","4.765112","4.096483","","","","","","keyboard","","{}","2","NaN","NaN","1","",""
"Sergio_G01_CNS-LLF5RV3D8","cpeeg01","ses02","20260512_123954","2026-05-12 12:41:21.035802","NaN","NaN","","MIC_REC_SPEECH","7","2026-05-12 12:41:29.897380","8.861596","6.590555","","","","","","keyboard","","{}","2","NaN","NaN","1","",""
"Sergio_G01_CNS-LLF5RV3D8","cpeeg01","ses02","20260512_123954","2026-05-12 12:41:21.035802","NaN","NaN","","SESSION_START","1","2026-05-12 12:42:01.402578","40.366400","0.001360","","","","","","keyboard","","{}","2","0.016667","60.000000","1","",""
"Sergio_G01_CNS-LLF5RV3D8","cpeeg01","ses02","20260512_123954","2026-05-12 12:41:21.035802","NaN","NaN","","BLOCK_START","10","2026-05-12 12:42:01.403288","40.367759","0.066150","","","","","","keyboard","","{}","2","0.016667","60.000000","1","",""
"Sergio_G01_CNS-LLF5RV3D8","cpeeg01","ses02","20260512_123954","2026-05-12 12:41:21.035802","NaN","0","reading","START_PAGE_ON","4","2026-05-12 12:42:01.470186","40.433910","0.004042","","","","","","keyboard","","{""pd_used"":0}","2","0.016667","60.000000","1","",""
"Sergio_G01_CNS-LLF5RV3D8","cpeeg01","ses02","20260512_123954","2026-05-12 12:41:21.035802","NaN","0","reading","START_PAGE_ON","4","2026-05-12 12:42:01.470186","40.433910","7.309796","","","","","","keyboard","","{""pd_used"":0}","2","0.016667","60.000000","1","",""
"Sergio_G01_CNS-LLF5RV3D8","cpeeg01","ses02","20260512_123954","2026-05-12 12:41:21.035802","NaN","0","reading","START_PAGE_ON","4","2026-05-12 12:42:01.470186","40.433910","7.693682","","","","","","keyboard","","{""pd_used"":0}","2","0.016667","60.000000","1","",""
"Sergio_G01_CNS-LLF5RV3D8","cpeeg01","ses02","20260512_123954","2026-05-12 12:41:21.035802","NaN","0","reading","READING_START","23","2026-05-12 12:42:09.163310","48.127592","0.066826","","","","","","keyboard","","{}","2","0.016667","60.000000","1","",""
"Sergio_G01_CNS-LLF5RV3D8","cpeeg01","ses02","20260512_123954","2026-05-12 12:41:21.035802","NaN","0","reading","DIGIT_READ1_ON","101","2026-05-12 12:42:09.230226","48.194418","2.027363","","0","","","","keyboard","digit#1 shown","{""value"":0,""note"":""digit#1 shown"",""pd_used"":1}","2","0.016667","60.000000","1","",""
"Sergio_G01_CNS-LLF5RV3D8","cpeeg01","ses02","20260512_123954","2026-05-12 12:41:21.035802","NaN","0","reading","PROBE_COUNT_OK_1","71","2026-05-12 12:42:11.897303","50.221781","0.642545","9.790864","slot#1","0","1","","keyboard","probe_digit#1","{""value"":""slot#1"",""entered"":0,""rt"":9.7908635000057984,""note"":""probe_digit#1""}","2","0.016667","60.000000","1","1.9968",""
"Sergio_G01_CNS-LLF5RV3D8","cpeeg01","ses02","20260512_123954","2026-05-12 12:41:21.035802","NaN","0","reading","DIGIT_READ1_OFF","116","2026-05-12 12:42:11.899954","50.864326","0.000000","","0","","","","keyboard","digit#1 off","{""value"":0,""note"":""digit#1 off"",""pd_used"":0}","2","0.016667","60.000000","1","",""
"Sergio_G01_CNS-LLF5RV3D8","cpeeg01","ses02","20260512_123954","2026-05-12 12:41:21.035802","NaN","0","reading","POSTREAD_FIX1_ON","201","2026-05-12 12:42:11.900730","50.864326","1.976231","","","","","","keyboard","after digit#1","{""note"":""after digit#1""}","2","0.016667","60.000000","1","",""
"Sergio_G01_CNS-LLF5RV3D8","cpeeg01","ses02","20260512_123954","2026-05-12 12:41:21.035802","NaN","0","reading","POSTREAD_FIX1_OFF","216","2026-05-12 12:42:13.876439","52.840557","0.005229","","","","","","keyboard","after digit#1","{""note"":""after digit#1"",""pd_used"":0}","2","0.016667","60.000000","1","",""
"Sergio_G01_CNS-LLF5RV3D8","cpeeg01","ses02","20260512_123954","2026-05-12 12:41:21.035802","NaN","0","reading","DIGIT_READ2_ON","102","2026-05-12 12:42:13.881409","52.845786","1.116651","","0","","","","keyboard","digit#2 shown","{""value"":0,""note"":""digit#2 shown"",""pd_used"":1}","2","0.016667","60.000000","1","",""
"Sergio_G01_CNS-LLF5RV3D8","cpeeg01","ses02","20260512_123954","2026-05-12 12:41:21.035802","NaN","0","reading","PROBE_COUNT_OK_2","71","2026-05-12 12:42:15.606751","53.962437","0.610958","13.531520","slot#2","0","1","","keyboard","probe_digit#2","{""value"":""slot#2"",""entered"":0,""rt"":13.531519500014838,""note"":""probe_digit#2""}","2","0.016667","60.000000","1","1.1167",""
"Sergio_G01_CNS-LLF5RV3D8","cpeeg01","ses02","20260512_123954","2026-05-12 12:41:21.035802","NaN","0","reading","DIGIT_READ2_OFF","117","2026-05-12 12:42:15.609009","54.573394","0.000000","","0","","","","keyboard","digit#2 off","{""value"":0,""note"":""digit#2 off"",""pd_used"":0}","2","0.016667","60.000000","1","",""
"Sergio_G01_CNS-LLF5RV3D8","cpeeg01","ses02","20260512_123954","2026-05-12 12:41:21.035802","NaN","0","reading","POSTREAD_FIX2_ON","202","2026-05-12 12:42:15.609626","54.573394","1.540563","","","","","","keyboard","after digit#2","{""note"":""after digit#2""}","2","0.016667","60.000000","1","",""
"Sergio_G01_CNS-LLF5RV3D8","cpeeg01","ses02","20260512_123954","2026-05-12 12:41:21.035802","NaN","0","reading","POSTREAD_FIX2_OFF","217","2026-05-12 12:42:17.149868","56.113958","0.005384","","","","","","keyboard","after digit#2","{""note"":""after digit#2"",""pd_used"":0}","2","0.016667","60.000000","1","",""
"Sergio_G01_CNS-LLF5RV3D8","cpeeg01","ses02","20260512_123954","2026-05-12 12:41:21.035802","NaN","0","reading","DIGIT_READ3_ON","103","2026-05-12 12:42:17.154960","56.119342","1.262980","","0","","","","keyboard","digit#3 shown","{""value"":0,""note"":""digit#3 shown"",""pd_used"":1}","2","0.016667","60.000000","1","",""
"Sergio_G01_CNS-LLF5RV3D8","cpeeg01","ses02","20260512_123954","2026-05-12 12:41:21.035802","NaN","0","reading","PROBE_COUNT_OK_3","71","2026-05-12 12:42:18.875969","57.382323","0.462028","16.951405","slot#3","0","1","","keyboard","probe_digit#3","{""value"":""slot#3"",""entered"":0,""rt"":16.951405200001318,""note"":""probe_digit#3""}","2","0.016667","60.000000","1","1.2562",""
"Sergio_G01_CNS-LLF5RV3D8","cpeeg01","ses02","20260512_123954","2026-05-12 12:41:21.035802","NaN","0","reading","DIGIT_READ3_OFF","118","2026-05-12 12:42:18.880012","57.844351","0.000000","","0","","","","keyboard","digit#3 off","{""value"":0,""note"":""digit#3 off"",""pd_used"":0}","2","0.016667","60.000000","1","",""
"Sergio_G01_CNS-LLF5RV3D8","cpeeg01","ses02","20260512_123954","2026-05-12 12:41:21.035802","NaN","0","reading","POSTREAD_FIX3_ON","203","2026-05-12 12:42:18.880668","57.844351","1.762588","","","","","","keyboard","after digit#3","{""note"":""after digit#3""}","2","0.016667","60.000000","1","",""
"Sergio_G01_CNS-LLF5RV3D8","cpeeg01","ses02","20260512_123954","2026-05-12 12:41:21.035802","NaN","0","reading","POSTREAD_FIX3_OFF","218","2026-05-12 12:42:20.642843","59.606939","0.005082","","","","","","keyboard","after digit#3","{""note"":""after digit#3"",""pd_used"":0}","2","0.016667","60.000000","1","",""
"Sergio_G01_CNS-LLF5RV3D8","cpeeg01","ses02","20260512_123954","2026-05-12 12:41:21.035802","NaN","0","reading","DIGIT_READ4_ON","104","2026-05-12 12:42:20.647608","59.612021","1.230674","","0","","","","keyboard","digit#4 shown","{""value"":0,""note"":""digit#4 shown"",""pd_used"":1}","2","0.016667","60.000000","1","",""
"Sergio_G01_CNS-LLF5RV3D8","cpeeg01","ses02","20260512_123954","2026-05-12 12:41:21.035802","NaN","0","reading","PROBE_COUNT_OK_4","71","2026-05-12 12:42:22.486987","60.842695","0.610828","20.411777","slot#4","0","1","","keyboard","probe_digit#4","{""value"":""slot#4"",""entered"":0,""rt"":20.411777400004212,""note"":""probe_digit#4""}","2","0.016667","60.000000","1","1.1901",""
"Sergio_G01_CNS-LLF5RV3D8","cpeeg01","ses02","20260512_123954","2026-05-12 12:41:21.035802","NaN","0","reading","DIGIT_READ4_OFF","119","2026-05-12 12:42:22.489157","61.453522","0.000000","","0","","","","keyboard","digit#4 off","{""value"":0,""note"":""digit#4 off"",""pd_used"":0}","2","0.016667","60.000000","1","",""
"Sergio_G01_CNS-LLF5RV3D8","cpeeg01","ses02","20260512_123954","2026-05-12 12:41:21.035802","NaN","0","reading","POSTREAD_FIX4_ON","204","2026-05-12 12:42:22.489773","61.453522","1.695438","","","","","","keyboard","after digit#4","{""note"":""after digit#4""}","2","0.016667","60.000000","1","",""
"Sergio_G01_CNS-LLF5RV3D8","cpeeg01","ses02","20260512_123954","2026-05-12 12:41:21.035802","NaN","0","reading","POSTREAD_FIX4_OFF","219","2026-05-12 12:42:24.184927","63.148960","0.005173","","","","","","keyboard","after digit#4","{""note"":""after digit#4"",""pd_used"":0}","2","0.016667","60.000000","1","",""
"Sergio_G01_CNS-LLF5RV3D8","cpeeg01","ses02","20260512_123954","2026-05-12 12:41:21.035802","NaN","0","reading","DIGIT_READ5_ON","105","2026-05-12 12:42:24.189781","63.154134","1.105812","","6","","","","keyboard","digit#5 shown","{""value"":6,""note"":""digit#5 shown"",""pd_used"":1}","2","0.016667","60.000000","1","",""
"Sergio_G01_CNS-LLF5RV3D8","cpeeg01","ses02","20260512_123954","2026-05-12 12:41:21.035802","NaN","0","reading","PROBE_COUNT_OK_5","71","2026-05-12 12:42:25.738059","64.259946","0.444388","23.829029","slot#5","6","1","","keyboard","probe_digit#5","{""value"":""slot#5"",""entered"":6,""rt"":23.829028500011191,""note"":""probe_digit#5""}","2","0.016667","60.000000","1","1.1078",""
"Sergio_G01_CNS-LLF5RV3D8","cpeeg01","ses02","20260512_123954","2026-05-12 12:41:21.035802","NaN","0","reading","DIGIT_READ5_OFF","120","2026-05-12 12:42:25.739913","64.704334","0.000000","","6","","","","keyboard","digit#5 off","{""value"":6,""note"":""digit#5 off"",""pd_used"":0}","2","0.016667","60.000000","1","",""
"Sergio_G01_CNS-LLF5RV3D8","cpeeg01","ses02","20260512_123954","2026-05-12 12:41:21.035802","NaN","0","reading","POSTREAD_FIX5_ON","205","2026-05-12 12:42:25.740538","64.704334","1.750354","","","","","","keyboard","after digit#5","{""note"":""after digit#5""}","2","0.016667","60.000000","1","",""
"Sergio_G01_CNS-LLF5RV3D8","cpeeg01","ses02","20260512_123954","2026-05-12 12:41:21.035802","NaN","0","reading","POSTREAD_FIX5_OFF","220","2026-05-12 12:42:27.490604","66.454689","0.005142","","","","","","keyboard","after digit#5","{""note"":""after digit#5"",""pd_used"":0}","2","0.016667","60.000000","1","",""
"Sergio_G01_CNS-LLF5RV3D8","cpeeg01","ses02","20260512_123954","2026-05-12 12:41:21.035802","NaN","0","reading","DIGIT_READ6_ON","106","2026-05-12 12:42:27.495476","66.459830","2.135403","","0","","","","keyboard","digit#6 shown","{""value"":0,""note"":""digit#6 shown"",""pd_used"":1}","2","0.016667","60.000000","1","",""
"Sergio_G01_CNS-LLF5RV3D8","cpeeg01","ses02","20260512_123954","2026-05-12 12:41:21.035802","NaN","0","reading","PROBE_COUNT_OK_6","71","2026-05-12 12:42:30.098986","68.595233","0.470397","28.164316","slot#6","0","1","","keyboard","probe_digit#6","{""value"":""slot#6"",""entered"":0,""rt"":28.164315600006375,""note"":""probe_digit#6""}","2","0.016667","60.000000","1","2.1104",""
"Sergio_G01_CNS-LLF5RV3D8","cpeeg01","ses02","20260512_123954","2026-05-12 12:41:21.035802","NaN","0","reading","DIGIT_READ6_OFF","121","2026-05-12 12:42:30.101302","69.065630","0.000000","","0","","","","keyboard","digit#6 off","{""value"":0,""note"":""digit#6 off"",""pd_used"":0}","2","0.016667","60.000000","1","",""
"Sergio_G01_CNS-LLF5RV3D8","cpeeg01","ses02","20260512_123954","2026-05-12 12:41:21.035802","NaN","0","reading","POSTREAD_FIX6_ON","206","2026-05-12 12:42:30.101902","69.065630","1.654150","","","","","","keyboard","after digit#6","{""note"":""after digit#6""}","2","0.016667","60.000000","1","",""
"Sergio_G01_CNS-LLF5RV3D8","cpeeg01","ses02","20260512_123954","2026-05-12 12:41:21.035802","NaN","0","reading","POSTREAD_FIX6_OFF","221","2026-05-12 12:42:31.755670","70.719780","0.005118","","","","","","keyboard","after digit#6","{""note"":""after digit#6"",""pd_used"":0}","2","0.016667","60.000000","1","",""
"Sergio_G01_CNS-LLF5RV3D8","cpeeg01","ses02","20260512_123954","2026-05-12 12:41:21.035802","NaN","0","reading","DIGIT_READ7_ON","107","2026-05-12 12:42:31.760479","70.724898","1.634267","","2","","","","keyboard","digit#7 shown","{""value"":2,""note"":""digit#7 shown"",""pd_used"":1}","2","0.016667","60.000000","1","",""
"Sergio_G01_CNS-LLF5RV3D8","cpeeg01","ses02","20260512_123954","2026-05-12 12:41:21.035802","NaN","0","reading","PROBE_COUNT_OK_7","71","2026-05-12 12:42:33.716649","72.359165","0.325252","31.928248","slot#7","2","1","","keyboard","probe_digit#7","{""value"":""slot#7"",""entered"":2,""rt"":31.928247500007274,""note"":""probe_digit#7""}","2","0.016667","60.000000","1","1.4546",""
"Sergio_G01_CNS-LLF5RV3D8","cpeeg01","ses02","20260512_123954","2026-05-12 12:41:21.035802","NaN","0","reading","DIGIT_READ7_OFF","122","2026-05-12 12:42:33.720145","72.684417","0.000000","","2","","","","keyboard","digit#7 off","{""value"":2,""note"":""digit#7 off"",""pd_used"":0}","2","0.016667","60.000000","1","",""
"Sergio_G01_CNS-LLF5RV3D8","cpeeg01","ses02","20260512_123954","2026-05-12 12:41:21.035802","NaN","0","reading","POSTREAD_FIX7_ON","207","2026-05-12 12:42:33.720803","72.684417","1.763879","","","","","","keyboard","after digit#7","{""note"":""after digit#7""}","2","0.016667","60.000000","1","",""
"Sergio_G01_CNS-LLF5RV3D8","cpeeg01","ses02","20260512_123954","2026-05-12 12:41:21.035802","NaN","0","reading","POSTREAD_FIX7_OFF","222","2026-05-12 12:42:35.484173","74.448297","0.005063","","","","","","keyboard","after digit#7","{""note"":""after digit#7"",""pd_used"":0}","2","0.016667","60.000000","1","",""
"Sergio_G01_CNS-LLF5RV3D8","cpeeg01","ses02","20260512_123954","2026-05-12 12:41:21.035802","NaN","0","reading","DIGIT_READ8_ON","108","2026-05-12 12:42:35.488972","74.453360","1.352039","","5","","","","keyboard","digit#8 shown","{""value"":5,""note"":""digit#8 shown"",""pd_used"":1}","2","0.016667","60.000000","1","",""
"Sergio_G01_CNS-LLF5RV3D8","cpeeg01","ses02","20260512_123954","2026-05-12 12:41:21.035802","NaN","0","reading","PROBE_COUNT_OK_8","71","2026-05-12 12:42:37.305950","75.805399","0.466879","35.374481","slot#8","5","1","","keyboard","probe_digit#8","{""value"":""slot#8"",""entered"":5,""rt"":35.37448110000696,""note"":""probe_digit#8""}","2","0.016667","60.000000","1","1.3186",""
"Sergio_G01_CNS-LLF5RV3D8","cpeeg01","ses02","20260512_123954","2026-05-12 12:41:21.035802","NaN","0","reading","DIGIT_READ8_OFF","123","2026-05-12 12:42:37.307917","76.272277","0.000000","","5","","","","keyboard","digit#8 off","{""value"":5,""note"":""digit#8 off"",""pd_used"":0}","2","0.016667","60.000000","1","",""
"Sergio_G01_CNS-LLF5RV3D8","cpeeg01","ses02","20260512_123954","2026-05-12 12:41:21.035802","NaN","0","reading","POSTREAD_FIX8_ON","208","2026-05-12 12:42:37.308532","76.272277","1.666850","","","","","","keyboard","after digit#8","{""note"":""after digit#8""}","2","0.016667","60.000000","1","",""
"Sergio_G01_CNS-LLF5RV3D8","cpeeg01","ses02","20260512_123954","2026-05-12 12:41:21.035802","NaN","0","reading","POSTREAD_FIX8_OFF","223","2026-05-12 12:42:38.975023","77.939127","0.005311","","","","","","keyboard","after digit#8","{""note"":""after digit#8"",""pd_used"":0}","2","0.016667","60.000000","1","",""
"Sergio_G01_CNS-LLF5RV3D8","cpeeg01","ses02","20260512_123954","2026-05-12 12:41:21.035802","NaN","0","reading","DIGIT_READ9_ON","109","2026-05-12 12:42:38.980034","77.944438","2.505221","","8","","","","keyboard","digit#9 shown","{""value"":8,""note"":""digit#9 shown"",""pd_used"":1}","2","0.016667","60.000000","1","",""
"Sergio_G01_CNS-LLF5RV3D8","cpeeg01","ses02","20260512_123954","2026-05-12 12:41:21.035802","NaN","0","reading","PROBE_COUNT_OK_9","71","2026-05-12 12:42:41.907873","80.449660","0.424790","40.018742","slot#9","8","1","","keyboard","probe_digit#9","{""value"":""slot#9"",""entered"":8,""rt"":40.018742299987935,""note"":""probe_digit#9""}","2","0.016667","60.000000","1","2.481",""
"Sergio_G01_CNS-LLF5RV3D8","cpeeg01","ses02","20260512_123954","2026-05-12 12:41:21.035802","NaN","0","reading","DIGIT_READ9_OFF","124","2026-05-12 12:42:41.910148","80.874450","0.000000","","8","","","","keyboard","digit#9 off","{""value"":8,""note"":""digit#9 off"",""pd_used"":0}","2","0.016667","60.000000","1","",""
"Sergio_G01_CNS-LLF5RV3D8","cpeeg01","ses02","20260512_123954","2026-05-12 12:41:21.035802","NaN","0","reading","POSTREAD_FIX9_ON","209","2026-05-12 12:42:41.910776","80.874450","1.859981","","","","","","keyboard","after digit#9","{""note"":""after digit#9""}","2","0.016667","60.000000","1","",""
"Sergio_G01_CNS-LLF5RV3D8","cpeeg01","ses02","20260512_123954","2026-05-12 12:41:21.035802","NaN","0","reading","POSTREAD_FIX9_OFF","224","2026-05-12 12:42:43.770310","82.734431","0.005107","","","","","","keyboard","after digit#9","{""note"":""after digit#9"",""pd_used"":0}","2","0.016667","60.000000","1","",""
"Sergio_G01_CNS-LLF5RV3D8","cpeeg01","ses02","20260512_123954","2026-05-12 12:41:21.035802","NaN","0","reading","DIGIT_READ10_ON","110","2026-05-12 12:42:43.775156","82.739538","1.123665","","4","","","","keyboard","digit#10 shown","{""value"":4,""note"":""digit#10 shown"",""pd_used"":1}","2","0.016667","60.000000","1","",""
"Sergio_G01_CNS-LLF5RV3D8","cpeeg01","ses02","20260512_123954","2026-05-12 12:41:21.035802","NaN","0","reading","PROBE_COUNT_OK_10","71","2026-05-12 12:42:45.318740","83.863204","0.421897","43.432286","slot#10","4","1","","keyboard","probe_digit#10","{""value"":""slot#10"",""entered"":4,""rt"":43.432286299997941,""note"":""probe_digit#10""}","2","0.016667","60.000000","1","1.0646",""
"Sergio_G01_CNS-LLF5RV3D8","cpeeg01","ses02","20260512_123954","2026-05-12 12:41:21.035802","NaN","0","reading","DIGIT_READ10_OFF","125","2026-05-12 12:42:45.320715","84.285101","0.000000","","4","","","","keyboard","digit#10 off","{""value"":4,""note"":""digit#10 off"",""pd_used"":0}","2","0.016667","60.000000","1","",""
"Sergio_G01_CNS-LLF5RV3D8","cpeeg01","ses02","20260512_123954","2026-05-12 12:41:21.035802","NaN","0","reading","POSTREAD_FIX10_ON","210","2026-05-12 12:42:45.321350","84.285101","1.574084","","","","","","keyboard","after digit#10","{""note"":""after digit#10""}","2","0.016667","60.000000","1","",""
"Sergio_G01_CNS-LLF5RV3D8","cpeeg01","ses02","20260512_123954","2026-05-12 12:41:21.035802","NaN","0","reading","POSTREAD_FIX10_OFF","225","2026-05-12 12:42:46.895093","85.859185","0.005241","","","","","","keyboard","after digit#10","{""note"":""after digit#10"",""pd_used"":0}","2","0.016667","60.000000","1","",""
"Sergio_G01_CNS-LLF5RV3D8","cpeeg01","ses02","20260512_123954","2026-05-12 12:41:21.035802","NaN","0","reading","DIGIT_READ11_ON","111","2026-05-12 12:42:46.900028","85.864426","1.259540","","3","","","","keyboard","digit#11 shown","{""value"":3,""note"":""digit#11 shown"",""pd_used"":1}","2","0.016667","60.000000","1","",""
"Sergio_G01_CNS-LLF5RV3D8","cpeeg01","ses02","20260512_123954","2026-05-12 12:41:21.035802","NaN","0","reading","PROBE_COUNT_OK_11","71","2026-05-12 12:42:48.626053","87.123966","0.468569","46.693049","slot#11","3","1","","keyboard","probe_digit#11","{""value"":""slot#11"",""entered"":3,""rt"":46.693048599991016,""note"":""probe_digit#11""}","2","0.016667","60.000000","1","0.8475",""
"Sergio_G01_CNS-LLF5RV3D8","cpeeg01","ses02","20260512_123954","2026-05-12 12:41:21.035802","NaN","0","reading","DIGIT_READ11_OFF","126","2026-05-12 12:42:48.628218","87.592535","0.000000","","3","","","","keyboard","digit#11 off","{""value"":3,""note"":""digit#11 off"",""pd_used"":0}","2","0.016667","60.000000","1","",""
"Sergio_G01_CNS-LLF5RV3D8","cpeeg01","ses02","20260512_123954","2026-05-12 12:41:21.035802","NaN","0","reading","POSTREAD_FIX11_ON","211","2026-05-12 12:42:48.628825","87.592535","1.700777","","","","","","keyboard","after digit#11","{""note"":""after digit#11""}","2","0.016667","60.000000","1","",""
"Sergio_G01_CNS-LLF5RV3D8","cpeeg01","ses02","20260512_123954","2026-05-12 12:41:21.035802","NaN","0","reading","POSTREAD_FIX11_OFF","226","2026-05-12 12:42:50.329278","89.293313","0.004965","","","","","","keyboard","after digit#11","{""note"":""after digit#11"",""pd_used"":0}","2","0.016667","60.000000","1","",""
"Sergio_G01_CNS-LLF5RV3D8","cpeeg01","ses02","20260512_123954","2026-05-12 12:41:21.035802","NaN","0","reading","DIGIT_READ12_ON","112","2026-05-12 12:42:50.333939","89.298277","1.763038","","3","","","","keyboard","digit#12 shown","{""value"":3,""note"":""digit#12 shown"",""pd_used"":1}","2","0.016667","60.000000","1","",""
"Sergio_G01_CNS-LLF5RV3D8","cpeeg01","ses02","20260512_123954","2026-05-12 12:41:21.035802","NaN","0","reading","PROBE_COUNT_OK_12","71","2026-05-12 12:42:52.416762","91.061315","0.321848","50.630398","slot#12","3","1","","keyboard","probe_digit#12","{""value"":""slot#12"",""entered"":3,""rt"":50.630398000008427,""note"":""probe_digit#12""}","2","0.016667","60.000000","1","0.67625",""
"Sergio_G01_CNS-LLF5RV3D8","cpeeg01","ses02","20260512_123954","2026-05-12 12:41:21.035802","NaN","0","reading","DIGIT_READ12_OFF","127","2026-05-12 12:42:52.419017","91.383163","0.000000","","3","","","","keyboard","digit#12 off","{""value"":3,""note"":""digit#12 off"",""pd_used"":0}","2","0.016667","60.000000","1","",""
"Sergio_G01_CNS-LLF5RV3D8","cpeeg01","ses02","20260512_123954","2026-05-12 12:41:21.035802","NaN","0","reading","POSTREAD_FIX12_ON","212","2026-05-12 12:42:52.419640","91.383163","1.770567","","","","","","keyboard","after digit#12","{""note"":""after digit#12""}","2","0.016667","60.000000","1","",""
"Sergio_G01_CNS-LLF5RV3D8","cpeeg01","ses02","20260512_123954","2026-05-12 12:41:21.035802","NaN","0","reading","POSTREAD_FIX12_OFF","227","2026-05-12 12:42:54.189614","93.153730","0.005145","","","","","","keyboard","after digit#12","{""note"":""after digit#12"",""pd_used"":0}","2","0.016667","60.000000","1","",""
"Sergio_G01_CNS-LLF5RV3D8","cpeeg01","ses02","20260512_123954","2026-05-12 12:41:21.035802","NaN","0","reading","DIGIT_READ13_ON","113","2026-05-12 12:42:54.194526","93.158875","2.267592","","3","","","","keyboard","digit#13 shown","{""value"":3,""note"":""digit#13 shown"",""pd_used"":1}","2","0.016667","60.000000","1","",""
"Sergio_G01_CNS-LLF5RV3D8","cpeeg01","ses02","20260512_123954","2026-05-12 12:41:21.035802","NaN","0","reading","PROBE_COUNT_OK_13","71","2026-05-12 12:42:56.807532","95.426466","0.347622","54.995549","slot#13","3","1","","keyboard","probe_digit#13","{""value"":""slot#13"",""entered"":3,""rt"":54.995549000013852,""note"":""probe_digit#13""}","2","0.016667","60.000000","1","0.81556",""
"Sergio_G01_CNS-LLF5RV3D8","cpeeg01","ses02","20260512_123954","2026-05-12 12:41:21.035802","NaN","0","reading","DIGIT_READ13_OFF","128","2026-05-12 12:42:56.809711","95.774089","0.000000","","3","","","","keyboard","digit#13 off","{""value"":3,""note"":""digit#13 off"",""pd_used"":0}","2","0.016667","60.000000","1","",""
"Sergio_G01_CNS-LLF5RV3D8","cpeeg01","ses02","20260512_123954","2026-05-12 12:41:21.035802","NaN","0","reading","POSTREAD_FIX13_ON","213","2026-05-12 12:42:56.810326","95.774089","1.706791","","","","","","keyboard","after digit#13","{""note"":""after digit#13""}","2","0.016667","60.000000","1","",""
"Sergio_G01_CNS-LLF5RV3D8","cpeeg01","ses02","20260512_123954","2026-05-12 12:41:21.035802","NaN","0","reading","POSTREAD_FIX13_OFF","228","2026-05-12 12:42:58.516777","97.480879","0.005059","","","","","","keyboard","after digit#13","{""note"":""after digit#13"",""pd_used"":0}","2","0.016667","60.000000","1","",""
"Sergio_G01_CNS-LLF5RV3D8","cpeeg01","ses02","20260512_123954","2026-05-12 12:41:21.035802","NaN","0","reading","DIGIT_READ14_ON","114","2026-05-12 12:42:58.521570","97.485939","1.115780","","2","","","","keyboard","digit#14 shown","{""value"":2,""note"":""digit#14 shown"",""pd_used"":1}","2","0.016667","60.000000","1","",""
"Sergio_G01_CNS-LLF5RV3D8","cpeeg01","ses02","20260512_123954","2026-05-12 12:41:21.035802","NaN","0","reading","PROBE_COUNT_OK_14","71","2026-05-12 12:43:00.055980","98.601719","0.420452","58.170802","slot#14","2","1","","keyboard","probe_digit#14","{""value"":""slot#14"",""entered"":2,""rt"":58.170801500004018,""note"":""probe_digit#14""}","2","0.016667","60.000000","1","1.1081",""
"Sergio_G01_CNS-LLF5RV3D8","cpeeg01","ses02","20260512_123954","2026-05-12 12:41:21.035802","NaN","0","reading","DIGIT_READ14_OFF","129","2026-05-12 12:43:00.057760","99.022171","0.000000","","2","","","","keyboard","digit#14 off","{""value"":2,""note"":""digit#14 off"",""pd_used"":0}","2","0.016667","60.000000","1","",""
"Sergio_G01_CNS-LLF5RV3D8","cpeeg01","ses02","20260512_123954","2026-05-12 12:41:21.035802","NaN","0","reading","POSTREAD_FIX14_ON","214","2026-05-12 12:43:00.058369","99.022171","1.745286","","","","","","keyboard","after digit#14","{""note"":""after digit#14""}","2","0.016667","60.000000","1","",""
"Sergio_G01_CNS-LLF5RV3D8","cpeeg01","ses02","20260512_123954","2026-05-12 12:41:21.035802","NaN","0","reading","POSTREAD_FIX14_OFF","229","2026-05-12 12:43:01.803461","100.767457","0.005023","","","","","","keyboard","after digit#14","{""note"":""after digit#14"",""pd_used"":0}","2","0.016667","60.000000","1","",""
"Sergio_G01_CNS-LLF5RV3D8","cpeeg01","ses02","20260512_123954","2026-05-12 12:41:21.035802","NaN","0","reading","DIGIT_READ15_ON","115","2026-05-12 12:43:01.808115","100.772480","0.925411","","0","","","","keyboard","digit#15 shown","{""value"":0,""note"":""digit#15 shown"",""pd_used"":1}","2","0.016667","60.000000","1","",""
"Sergio_G01_CNS-LLF5RV3D8","cpeeg01","ses02","20260512_123954","2026-05-12 12:41:21.035802","NaN","0","reading","PROBE_COUNT_OK_15","71","2026-05-12 12:43:03.347515","101.697890","0.615704","61.266973","slot#15","0","1","","keyboard","probe_digit#15","{""value"":""slot#15"",""entered"":0,""rt"":61.266973099991446,""note"":""probe_digit#15""}","2","0.016667","60.000000","1","0.92544",""
"Sergio_G01_CNS-LLF5RV3D8","cpeeg01","ses02","20260512_123954","2026-05-12 12:41:21.035802","NaN","0","reading","DIGIT_READ15_OFF","130","2026-05-12 12:43:03.349188","102.313594","0.000000","","0","","","","keyboard","digit#15 off","{""value"":0,""note"":""digit#15 off"",""pd_used"":0}","2","0.016667","60.000000","1","",""
"Sergio_G01_CNS-LLF5RV3D8","cpeeg01","ses02","20260512_123954","2026-05-12 12:41:21.035802","NaN","0","reading","POSTREAD_FIX15_ON","215","2026-05-12 12:43:03.349792","102.313594","3.109521","","","","","","keyboard","after digit#15","{""note"":""after digit#15""}","2","0.016667","60.000000","1","",""
"Sergio_G01_CNS-LLF5RV3D8","cpeeg01","ses02","20260512_123954","2026-05-12 12:41:21.035802","NaN","0","reading","POSTREAD_FIX15_OFF","230","2026-05-12 12:43:06.458991","105.423115","0.002460","","","","","","keyboard","after digit#15","{""note"":""after digit#15"",""pd_used"":0}","2","0.016667","60.000000","1","",""
"Sergio_G01_CNS-LLF5RV3D8","cpeeg01","ses02","20260512_123954","2026-05-12 12:41:21.035802","NaN","0","reading","READING_END","24","2026-05-12 12:43:06.461171","105.425574","0.002469","","","","","","keyboard","","{}","2","0.016667","60.000000","1","",""
"Sergio_G01_CNS-LLF5RV3D8","cpeeg01","ses02","20260512_123954","2026-05-12 12:41:21.035802","NaN","0","reading","START_PAGE_ON","4","2026-05-12 12:43:06.463579","105.428043","0.002840","","","","","","keyboard","","{""pd_used"":0}","2","0.016667","60.000000","1","",""
"Sergio_G01_CNS-LLF5RV3D8","cpeeg01","ses02","20260512_123954","2026-05-12 12:41:21.035802","NaN","0","reading","START_PAGE_ON","4","2026-05-12 12:43:06.463579","105.428043","4.813584","","","","","","keyboard","","{""pd_used"":0}","2","0.016667","60.000000","1","",""
"Sergio_G01_CNS-LLF5RV3D8","cpeeg01","ses02","20260512_123954","2026-05-12 12:41:21.035802","NaN","0","reading","START_PAGE_ON","4","2026-05-12 12:43:06.463579","105.428043","5.116964","","","","","","keyboard","","{""pd_used"":0}","2","0.016667","60.000000","1","",""
"Sergio_G01_CNS-LLF5RV3D8","cpeeg01","ses02","20260512_123954","2026-05-12 12:41:21.035802","NaN","1","reading","TRIAL_CHANGE","22","2026-05-12 12:43:11.580938","110.545008","0.001167","","","","","","keyboard","trial transition","{""note"":""trial transition""}","2","0.016667","60.000000","1","",""
"Sergio_G01_CNS-LLF5RV3D8","cpeeg01","ses02","20260512_123954","2026-05-12 12:41:21.035802","NaN","1","reading","TRIAL_START","20","2026-05-12 12:43:11.582107","110.546175","0.002811","","","","","","keyboard","","{}","2","0.016667","60.000000","1","",""
"Sergio_G01_CNS-LLF5RV3D8","cpeeg01","ses02","20260512_123954","2026-05-12 12:41:21.035802","NaN","1","fix1","FIX1_ON","30","2026-05-12 12:43:11.584574","110.548986","3.484956","","","","","","keyboard","","{""pd_used"":0}","2","0.016667","60.000000","1","",""
"Sergio_G01_CNS-LLF5RV3D8","cpeeg01","ses02","20260512_123954","2026-05-12 12:41:21.035802","NaN","1","fix1","FIX1_OFF","31","2026-05-12 12:43:15.069828","114.033941","0.002617","","","","","","keyboard","","{""pd_used"":0}","2","0.016667","60.000000","1","",""
"Sergio_G01_CNS-LLF5RV3D8","cpeeg01","ses02","20260512_123954","2026-05-12 12:41:21.035802","NaN","1","digit","DIGIT1_ON","141","2026-05-12 12:43:15.072188","114.036559","0.502448","","6","","","","keyboard","digit#1 shown","{""value"":6,""note"":""digit#1 shown"",""pd_used"":1}","2","0.016667","60.000000","1","","1"
"Sergio_G01_CNS-LLF5RV3D8","cpeeg01","ses02","20260512_123954","2026-05-12 12:41:21.035802","NaN","1","digit","DIGIT1_OFF","146","2026-05-12 12:43:15.574964","114.539007","0.000000","","6","","","","keyboard","digit#1 off","{""value"":6,""note"":""digit#1 off"",""pd_used"":0}","2","0.016667","60.000000","1","",""
"Sergio_G01_CNS-LLF5RV3D8","cpeeg01","ses02","20260512_123954","2026-05-12 12:41:21.035802","NaN","1","digit","POSTDIG_FIX1_ON","151","2026-05-12 12:43:15.575902","114.539007","1.527471","","","","","","keyboard","after digit#1","{""note"":""after digit#1""}","2","0.016667","60.000000","1","",""
"Sergio_G01_CNS-LLF5RV3D8","cpeeg01","ses02","20260512_123954","2026-05-12 12:41:21.035802","NaN","1","digit","POSTDIG_FIX1_OFF","156","2026-05-12 12:43:17.102344","116.066478","0.002420","","","","","","keyboard","after digit#1","{""note"":""after digit#1"",""pd_used"":0}","2","0.016667","60.000000","1","",""
"Sergio_G01_CNS-LLF5RV3D8","cpeeg01","ses02","20260512_123954","2026-05-12 12:41:21.035802","NaN","1","digit","DIGIT2_ON","142","2026-05-12 12:43:17.104450","116.068898","0.502083","","1","","","","keyboard","digit#2 shown","{""value"":1,""note"":""digit#2 shown"",""pd_used"":1}","2","0.016667","60.000000","1","","0"
"Sergio_G01_CNS-LLF5RV3D8","cpeeg01","ses02","20260512_123954","2026-05-12 12:41:21.035802","NaN","1","digit","DIGIT2_OFF","147","2026-05-12 12:43:17.606865","116.570981","0.000000","","1","","","","keyboard","digit#2 off","{""value"":1,""note"":""digit#2 off"",""pd_used"":0}","2","0.016667","60.000000","1","",""
"Sergio_G01_CNS-LLF5RV3D8","cpeeg01","ses02","20260512_123954","2026-05-12 12:41:21.035802","NaN","1","digit","POSTDIG_FIX2_ON","152","2026-05-12 12:43:17.607601","116.570981","1.629584","","","","","","keyboard","after digit#2","{""note"":""after digit#2""}","2","0.016667","60.000000","1","",""
"Sergio_G01_CNS-LLF5RV3D8","cpeeg01","ses02","20260512_123954","2026-05-12 12:41:21.035802","NaN","1","digit","POSTDIG_FIX2_OFF","157","2026-05-12 12:43:19.236442","118.200564","0.002529","","","","","","keyboard","after digit#2","{""note"":""after digit#2"",""pd_used"":0}","2","0.016667","60.000000","1","",""
"Sergio_G01_CNS-LLF5RV3D8","cpeeg01","ses02","20260512_123954","2026-05-12 12:41:21.035802","NaN","1","digit","DIGIT3_ON","143","2026-05-12 12:43:19.238851","118.203093","0.502206","","3","","","","keyboard","digit#3 shown","{""value"":3,""note"":""digit#3 shown"",""pd_used"":1}","2","0.016667","60.000000","1","","1"
"Sergio_G01_CNS-LLF5RV3D8","cpeeg01","ses02","20260512_123954","2026-05-12 12:41:21.035802","NaN","1","digit","DIGIT3_OFF","148","2026-05-12 12:43:19.741193","118.705299","0.000000","","3","","","","keyboard","digit#3 off","{""value"":3,""note"":""digit#3 off"",""pd_used"":0}","2","0.016667","60.000000","1","",""
"Sergio_G01_CNS-LLF5RV3D8","cpeeg01","ses02","20260512_123954","2026-05-12 12:41:21.035802","NaN","1","digit","POSTDIG_FIX3_ON","153","2026-05-12 12:43:19.742265","118.705299","1.619143","","","","","","keyboard","after digit#3","{""note"":""after digit#3""}","2","0.016667","60.000000","1","",""
"Sergio_G01_CNS-LLF5RV3D8","cpeeg01","ses02","20260512_123954","2026-05-12 12:41:21.035802","NaN","1","digit","POSTDIG_FIX3_OFF","158","2026-05-12 12:43:21.360324","120.324442","0.002494","","","","","","keyboard","after digit#3","{""note"":""after digit#3"",""pd_used"":0}","2","0.016667","60.000000","1","",""
"Sergio_G01_CNS-LLF5RV3D8","cpeeg01","ses02","20260512_123954","2026-05-12 12:41:21.035802","NaN","1","digit","DIGIT4_ON","144","2026-05-12 12:43:21.362494","120.326936","0.501866","","6","","","","keyboard","digit#4 shown","{""value"":6,""note"":""digit#4 shown"",""pd_used"":1}","2","0.016667","60.000000","1","","1"
"Sergio_G01_CNS-LLF5RV3D8","cpeeg01","ses02","20260512_123954","2026-05-12 12:41:21.035802","NaN","1","digit","DIGIT4_OFF","149","2026-05-12 12:43:21.864689","120.828802","0.000000","","6","","","","keyboard","digit#4 off","{""value"":6,""note"":""digit#4 off"",""pd_used"":0}","2","0.016667","60.000000","1","",""
"Sergio_G01_CNS-LLF5RV3D8","cpeeg01","ses02","20260512_123954","2026-05-12 12:41:21.035802","NaN","1","digit","POSTDIG_FIX4_ON","154","2026-05-12 12:43:21.865476","120.828802","1.858470","","","","","","keyboard","after digit#4","{""note"":""after digit#4""}","2","0.016667","60.000000","1","",""
"Sergio_G01_CNS-LLF5RV3D8","cpeeg01","ses02","20260512_123954","2026-05-12 12:41:21.035802","NaN","1","digit","POSTDIG_FIX4_OFF","159","2026-05-12 12:43:23.723184","122.687272","0.002518","","","","","","keyboard","after digit#4","{""note"":""after digit#4"",""pd_used"":0}","2","0.016667","60.000000","1","",""
"Sergio_G01_CNS-LLF5RV3D8","cpeeg01","ses02","20260512_123954","2026-05-12 12:41:21.035802","NaN","1","digit","DIGIT5_ON","145","2026-05-12 12:43:23.725347","122.689790","0.501837","","7","","","","keyboard","digit#5 shown","{""value"":7,""note"":""digit#5 shown"",""pd_used"":1}","2","0.016667","60.000000","1","","1"
"Sergio_G01_CNS-LLF5RV3D8","cpeeg01","ses02","20260512_123954","2026-05-12 12:41:21.035802","NaN","1","digit","DIGIT5_OFF","150","2026-05-12 12:43:24.227552","123.191627","0.000000","","7","","","","keyboard","digit#5 off","{""value"":7,""note"":""digit#5 off"",""pd_used"":0}","2","0.016667","60.000000","1","",""
"Sergio_G01_CNS-LLF5RV3D8","cpeeg01","ses02","20260512_123954","2026-05-12 12:41:21.035802","NaN","1","digit","POSTDIG_FIX5_ON","155","2026-05-12 12:43:24.228285","123.191627","3.211854","","","","","","keyboard","after digit#5","{""note"":""after digit#5""}","2","0.016667","60.000000","1","",""
"Sergio_G01_CNS-LLF5RV3D8","cpeeg01","ses02","20260512_123954","2026-05-12 12:41:21.035802","NaN","1","digit","POSTDIG_FIX5_OFF","160","2026-05-12 12:43:27.439387","126.403481","0.003049","","","","","","keyboard","after digit#5","{""note"":""after digit#5"",""pd_used"":0}","2","0.016667","60.000000","1","",""
"Sergio_G01_CNS-LLF5RV3D8","cpeeg01","ses02","20260512_123954","2026-05-12 12:41:21.035802","NaN","1","distractor","DISTRACTOR_ON","50","2026-05-12 12:43:27.442092","126.406531","3.715800","","7+7=17","","","","keyboard","","{""value"":""7+7=17"",""isCorrectTruth"":false,""trueSum"":14,""pd_used"":1}","2","0.016667","60.000000","1","",""
"Sergio_G01_CNS-LLF5RV3D8","cpeeg01","ses02","20260512_123954","2026-05-12 12:41:21.035802","NaN","1","distractor","DISTRACTOR_ANS","51","2026-05-12 12:43:31.620057","130.122331","0.000000","3.715800","7+7=17","F","1","","keyboard","key= (False)","{""value"":""7+7=17"",""entered"":""F"",""rt"":3.715800300007686,""correct"":1,""note"":""key= (False)"",""truth"":false,""trueSum"":14,""shownSum"":17,""a"":7,""b"":7}","2","0.016667","60.000000","1","3.6094",""
"Sergio_G01_CNS-LLF5RV3D8","cpeeg01","ses02","20260512_123954","2026-05-12 12:41:21.035802","NaN","1","distractor","ANS_CORRECT","100","2026-05-12 12:43:31.620990","130.122331","0.465037","","","","","","keyboard","","{}","2","0.016667","60.000000","1","",""
"Sergio_G01_CNS-LLF5RV3D8","cpeeg01","ses02","20260512_123954","2026-05-12 12:41:21.035802","NaN","1","distractor","DISTRACTOR_OFF","52","2026-05-12 12:43:31.622958","130.587369","0.000000","","","","","","keyboard","","{""pd_used"":0}","2","0.016667","60.000000","1","",""
"Sergio_G01_CNS-LLF5RV3D8","cpeeg01","ses02","20260512_123954","2026-05-12 12:41:21.035802","NaN","1","distractor","FIX2_ON","60","2026-05-12 12:43:31.623815","130.587369","3.279968","","","","","","keyboard","immediate after response","{""note"":""immediate after response""}","2","0.016667","60.000000","1","",""
"Sergio_G01_CNS-LLF5RV3D8","cpeeg01","ses02","20260512_123954","2026-05-12 12:41:21.035802","NaN","1","fix2","FIX2_OFF","61","2026-05-12 12:43:34.903240","133.867336","0.002696","","","","","","keyboard","","{""pd_used"":0}","2","0.016667","60.000000","1","",""
"Sergio_G01_CNS-LLF5RV3D8","cpeeg01","ses02","20260512_123954","2026-05-12 12:41:21.035802","NaN","1","probe","DIGIT_RECALL_LINE_1","161","2026-05-12 12:43:34.905597","133.870032","3.206990","","1","","","","keyboard","first recall question","{""value"":1,""note"":""first recall question"",""pd_used"":1}","2","0.016667","60.000000","1","",""
"Sergio_G01_CNS-LLF5RV3D8","cpeeg01","ses02","20260512_123954","2026-05-12 12:41:21.035802","NaN","1","probe","PROBE_DIGIT_OK_1","71","2026-05-12 12:43:38.657480","137.077022","0.613370","3.208355","slot#1","6","1","","keyboard","probe_digit#1","{""value"":""slot#1"",""entered"":6,""rt"":3.2083553999837022,""note"":""probe_digit#1""}","2","0.016667","60.000000","1","3.1166",""
"Sergio_G01_CNS-LLF5RV3D8","cpeeg01","ses02","20260512_123954","2026-05-12 12:41:21.035802","NaN","1","probe","DIGIT1_OFF","146","2026-05-12 12:43:38.726211","137.690392","0.000000","","7","","","","keyboard","digit#1 off","{""value"":7,""note"":""digit#1 off"",""pd_used"":0}","2","0.016667","60.000000","1","",""
"Sergio_G01_CNS-LLF5RV3D8","cpeeg01","ses02","20260512_123954","2026-05-12 12:41:21.035802","NaN","1","probe","POSTDIG_FIX1_ON","151","2026-05-12 12:43:38.727177","137.690392","1.955846","","","","","","keyboard","after digit#1","{""note"":""after digit#1""}","2","0.016667","60.000000","1","",""
"Sergio_G01_CNS-LLF5RV3D8","cpeeg01","ses02","20260512_123954","2026-05-12 12:41:21.035802","NaN","1","probe","POSTDIG_FIX1_OFF","156","2026-05-12 12:43:40.682190","139.646237","0.004948","","","","","","keyboard","after digit#1","{""note"":""after digit#1"",""pd_used"":0}","2","0.016667","60.000000","1","",""
"Sergio_G01_CNS-LLF5RV3D8","cpeeg01","ses02","20260512_123954","2026-05-12 12:41:21.035802","NaN","1","probe","DIGIT_RECALL_LINE_2","162","2026-05-12 12:43:40.686836","139.651185","1.465853","","2","","","","keyboard","next recall question","{""value"":2,""note"":""next recall question"",""pd_used"":1}","2","0.016667","60.000000","1","",""
"Sergio_G01_CNS-LLF5RV3D8","cpeeg01","ses02","20260512_123954","2026-05-12 12:41:21.035802","NaN","1","probe","PROBE_DIGIT_OK_2","71","2026-05-12 12:43:42.495295","141.117038","0.406627","7.248372","slot#2","3","0","","keyboard","probe_digit#2","{""value"":""slot#2"",""entered"":3,""rt"":7.2483716999995522,""note"":""probe_digit#2""}","2","0.016667","60.000000","1","0.74844",""
"Sergio_G01_CNS-LLF5RV3D8","cpeeg01","ses02","20260512_123954","2026-05-12 12:41:21.035802","NaN","1","probe","DIGIT2_OFF","147","2026-05-12 12:43:42.559473","141.523665","0.000000","","7","","","","keyboard","digit#2 off","{""value"":7,""note"":""digit#2 off"",""pd_used"":0}","2","0.016667","60.000000","1","",""
"Sergio_G01_CNS-LLF5RV3D8","cpeeg01","ses02","20260512_123954","2026-05-12 12:41:21.035802","NaN","1","probe","POSTDIG_FIX2_ON","152","2026-05-12 12:43:42.560287","141.523665","1.582087","","","","","","keyboard","after digit#2","{""note"":""after digit#2""}","2","0.016667","60.000000","1","",""
"Sergio_G01_CNS-LLF5RV3D8","cpeeg01","ses02","20260512_123954","2026-05-12 12:41:21.035802","NaN","1","probe","POSTDIG_FIX2_OFF","157","2026-05-12 12:43:44.141670","143.105752","0.004946","","","","","","keyboard","after digit#2","{""note"":""after digit#2"",""pd_used"":0}","2","0.016667","60.000000","1","",""
"Sergio_G01_CNS-LLF5RV3D8","cpeeg01","ses02","20260512_123954","2026-05-12 12:41:21.035802","NaN","1","probe","DIGIT_RECALL_LINE_3","163","2026-05-12 12:43:44.146380","143.110698","2.447110","","3","","","","keyboard","next recall question","{""value"":3,""note"":""next recall question"",""pd_used"":1}","2","0.016667","60.000000","1","",""
"Sergio_G01_CNS-LLF5RV3D8","cpeeg01","ses02","20260512_123954","2026-05-12 12:41:21.035802","NaN","1","probe","PROBE_DIGIT_OK_3","71","2026-05-12 12:43:47.118156","145.557808","0.584364","11.689141","slot#3","3","1","","keyboard","probe_digit#3","{""value"":""slot#3"",""entered"":3,""rt"":11.689141399983782,""note"":""probe_digit#3""}","2","0.016667","60.000000","1","2.3596",""
"Sergio_G01_CNS-LLF5RV3D8","cpeeg01","ses02","20260512_123954","2026-05-12 12:41:21.035802","NaN","1","probe","DIGIT3_OFF","148","2026-05-12 12:43:47.178057","146.142171","0.000000","","7","","","","keyboard","digit#3 off","{""value"":7,""note"":""digit#3 off"",""pd_used"":0}","2","0.016667","60.000000","1","",""
"Sergio_G01_CNS-LLF5RV3D8","cpeeg01","ses02","20260512_123954","2026-05-12 12:41:21.035802","NaN","1","probe","POSTDIG_FIX3_ON","153","2026-05-12 12:43:47.178802","146.142171","1.737329","","","","","","keyboard","after digit#3","{""note"":""after digit#3""}","2","0.016667","60.000000","1","",""
"Sergio_G01_CNS-LLF5RV3D8","cpeeg01","ses02","20260512_123954","2026-05-12 12:41:21.035802","NaN","1","probe","POSTDIG_FIX3_OFF","158","2026-05-12 12:43:48.915364","147.879501","0.005205","","","","","","keyboard","after digit#3","{""note"":""after digit#3"",""pd_used"":0}","2","0.016667","60.000000","1","",""
"Sergio_G01_CNS-LLF5RV3D8","cpeeg01","ses02","20260512_123954","2026-05-12 12:41:21.035802","NaN","1","probe","DIGIT_RECALL_LINE_4","164","2026-05-12 12:43:48.920269","147.884705","4.924946","","4","","","","keyboard","next recall question","{""value"":4,""note"":""next recall question"",""pd_used"":1}","2","0.016667","60.000000","1","",""
"Sergio_G01_CNS-LLF5RV3D8","cpeeg01","ses02","20260512_123954","2026-05-12 12:41:21.035802","NaN","1","probe","PROBE_DIGIT_OK_4","71","2026-05-12 12:43:54.286774","152.809652","0.509556","18.940985","slot#4","6","1","","keyboard","probe_digit#4","{""value"":""slot#4"",""entered"":6,""rt"":18.940985099994577,""note"":""probe_digit#4""}","2","0.016667","60.000000","1","0.58206",""
"Sergio_G01_CNS-LLF5RV3D8","cpeeg01","ses02","20260512_123954","2026-05-12 12:41:21.035802","NaN","1","probe","DIGIT4_OFF","149","2026-05-12 12:43:54.355031","153.319208","0.000000","","7","","","","keyboard","digit#4 off","{""value"":7,""note"":""digit#4 off"",""pd_used"":0}","2","0.016667","60.000000","1","",""
"Sergio_G01_CNS-LLF5RV3D8","cpeeg01","ses02","20260512_123954","2026-05-12 12:41:21.035802","NaN","1","probe","POSTDIG_FIX4_ON","154","2026-05-12 12:43:54.355747","153.319208","1.690788","","","","","","keyboard","after digit#4","{""note"":""after digit#4""}","2","0.016667","60.000000","1","",""
"Sergio_G01_CNS-LLF5RV3D8","cpeeg01","ses02","20260512_123954","2026-05-12 12:41:21.035802","NaN","1","probe","POSTDIG_FIX4_OFF","159","2026-05-12 12:43:56.045869","155.009996","0.005058","","","","","","keyboard","after digit#4","{""note"":""after digit#4"",""pd_used"":0}","2","0.016667","60.000000","1","",""
"Sergio_G01_CNS-LLF5RV3D8","cpeeg01","ses02","20260512_123954","2026-05-12 12:41:21.035802","NaN","1","probe","DIGIT_RECALL_LINE_5","165","2026-05-12 12:43:56.050704","155.015054","1.298971","","5","","","","keyboard","next recall question","{""value"":5,""note"":""next recall question"",""pd_used"":1}","2","0.016667","60.000000","1","",""
"Sergio_G01_CNS-LLF5RV3D8","cpeeg01","ses02","20260512_123954","2026-05-12 12:41:21.035802","NaN","1","probe","PROBE_DIGIT_OK_5","71","2026-05-12 12:43:57.796487","156.314025","0.509281","22.445358","slot#5","7","1","","keyboard","probe_digit#5","{""value"":""slot#5"",""entered"":7,""rt"":22.445358199998736,""note"":""probe_digit#5""}","2","0.016667","60.000000","1","1.2015",""
"Sergio_G01_CNS-LLF5RV3D8","cpeeg01","ses02","20260512_123954","2026-05-12 12:41:21.035802","NaN","1","probe","DIGIT5_OFF","150","2026-05-12 12:43:57.859189","156.823306","0.000000","","7","","","","keyboard","digit#5 off","{""value"":7,""note"":""digit#5 off"",""pd_used"":0}","2","0.016667","60.000000","1","",""
"Sergio_G01_CNS-LLF5RV3D8","cpeeg01","ses02","20260512_123954","2026-05-12 12:41:21.035802","NaN","1","probe","POSTDIG_FIX5_ON","155","2026-05-12 12:43:57.860016","156.823306","3.259058","","","","","","keyboard","after digit#5","{""note"":""after digit#5""}","2","0.016667","60.000000","1","",""
"Sergio_G01_CNS-LLF5RV3D8","cpeeg01","ses02","20260512_123954","2026-05-12 12:41:21.035802","NaN","1","probe","POSTDIG_FIX5_OFF","160","2026-05-12 12:44:01.118239","160.082364","0.002754","","","","","","keyboard","after digit#5","{""note"":""after digit#5"",""pd_used"":0}","2","0.016667","60.000000","1","",""
"Sergio_G01_CNS-LLF5RV3D8","cpeeg01","ses02","20260512_123954","2026-05-12 12:41:21.035802","NaN","1","probe","PROBE_DONE","73","2026-05-12 12:44:01.120760","160.085118","0.000729","","","","","","keyboard","probe complete","{""value"":"""",""note"":""probe complete""}","2","0.016667","60.000000","1","",""
"Sergio_G01_CNS-LLF5RV3D8","cpeeg01","ses02","20260512_123954","2026-05-12 12:41:21.035802","NaN","1","probe","TRIAL_END","21","2026-05-12 12:44:01.121434","160.085847","0.070938","","","","","","keyboard","","{}","2","0.016667","60.000000","1","",""
"Sergio_G01_CNS-LLF5RV3D8","cpeeg01","ses02","20260512_123954","2026-05-12 12:41:21.035802","NaN","2","probe","TRIAL_CHANGE","22","2026-05-12 12:44:01.192479","160.156785","0.001052","","","","","","keyboard","trial transition","{""note"":""trial transition""}","2","0.016667","60.000000","1","",""
"Sergio_G01_CNS-LLF5RV3D8","cpeeg01","ses02","20260512_123954","2026-05-12 12:41:21.035802","NaN","2","probe","TRIAL_START","20","2026-05-12 12:44:01.193570","160.157837","0.002035","","","","","","keyboard","","{}","2","0.016667","60.000000","1","",""
"Sergio_G01_CNS-LLF5RV3D8","cpeeg01","ses02","20260512_123954","2026-05-12 12:41:21.035802","NaN","2","fix1","FIX1_ON","30","2026-05-12 12:44:01.195438","160.159872","3.461466","","","","","","keyboard","","{""pd_used"":0}","2","0.016667","60.000000","1","",""
"Sergio_G01_CNS-LLF5RV3D8","cpeeg01","ses02","20260512_123954","2026-05-12 12:41:21.035802","NaN","2","fix1","FIX1_OFF","31","2026-05-12 12:44:04.657310","163.621338","0.002554","","","","","","keyboard","","{""pd_used"":0}","2","0.016667","60.000000","1","",""
"Sergio_G01_CNS-LLF5RV3D8","cpeeg01","ses02","20260512_123954","2026-05-12 12:41:21.035802","NaN","2","digit","DIGIT1_ON","141","2026-05-12 12:44:04.659462","163.623892","0.501882","","1","","","","keyboard","digit#1 shown","{""value"":1,""note"":""digit#1 shown"",""pd_used"":1}","2","0.016667","60.000000","1","","1"
"Sergio_G01_CNS-LLF5RV3D8","cpeeg01","ses02","20260512_123954","2026-05-12 12:41:21.035802","NaN","2","digit","DIGIT1_OFF","146","2026-05-12 12:44:05.161677","164.125775","0.000000","","1","","","","keyboard","digit#1 off","{""value"":1,""note"":""digit#1 off"",""pd_used"":0}","2","0.016667","60.000000","1","",""
"Sergio_G01_CNS-LLF5RV3D8","cpeeg01","ses02","20260512_123954","2026-05-12 12:41:21.035802","NaN","2","digit","POSTDIG_FIX1_ON","151","2026-05-12 12:44:05.162438","164.125775","1.819740","","","","","","keyboard","after digit#1","{""note"":""after digit#1""}","2","0.016667","60.000000","1","",""
"Sergio_G01_CNS-LLF5RV3D8","cpeeg01","ses02","20260512_123954","2026-05-12 12:41:21.035802","NaN","2","digit","POSTDIG_FIX1_OFF","156","2026-05-12 12:44:06.981429","165.945515","0.002516","","","","","","keyboard","after digit#1","{""note"":""after digit#1"",""pd_used"":0}","2","0.016667","60.000000","1","",""
"Sergio_G01_CNS-LLF5RV3D8","cpeeg01","ses02","20260512_123954","2026-05-12 12:41:21.035802","NaN","2","digit","DIGIT2_ON","142","2026-05-12 12:44:06.983619","165.948031","0.502089","","4","","","","keyboard","digit#2 shown","{""value"":4,""note"":""digit#2 shown"",""pd_used"":1}","2","0.016667","60.000000","1","","1"
"Sergio_G01_CNS-LLF5RV3D8","cpeeg01","ses02","20260512_123954","2026-05-12 12:41:21.035802","NaN","2","digit","DIGIT2_OFF","147","2026-05-12 12:44:07.486152","166.450120","0.000000","","4","","","","keyboard","digit#2 off","{""value"":4,""note"":""digit#2 off"",""pd_used"":0}","2","0.016667","60.000000","1","",""
"Sergio_G01_CNS-LLF5RV3D8","cpeeg01","ses02","20260512_123954","2026-05-12 12:41:21.035802","NaN","2","digit","POSTDIG_FIX2_ON","152","2026-05-12 12:44:07.486956","166.450120","1.791854","","","","","","keyboard","after digit#2","{""note"":""after digit#2""}","2","0.016667","60.000000","1","",""
"Sergio_G01_CNS-LLF5RV3D8","cpeeg01","ses02","20260512_123954","2026-05-12 12:41:21.035802","NaN","2","digit","POSTDIG_FIX2_OFF","157","2026-05-12 12:44:09.278123","168.241974","0.002498","","","","","","keyboard","after digit#2","{""note"":""after digit#2"",""pd_used"":0}","2","0.016667","60.000000","1","",""
"Sergio_G01_CNS-LLF5RV3D8","cpeeg01","ses02","20260512_123954","2026-05-12 12:41:21.035802","NaN","2","digit","DIGIT3_ON","143","2026-05-12 12:44:09.280059","168.244472","0.501826","","5","","","","keyboard","digit#3 shown","{""value"":5,""note"":""digit#3 shown"",""pd_used"":1}","2","0.016667","60.000000","1","","1"
"Sergio_G01_CNS-LLF5RV3D8","cpeeg01","ses02","20260512_123954","2026-05-12 12:41:21.035802","NaN","2","digit","DIGIT3_OFF","148","2026-05-12 12:44:09.782303","168.746299","0.000000","","5","","","","keyboard","digit#3 off","{""value"":5,""note"":""digit#3 off"",""pd_used"":0}","2","0.016667","60.000000","1","",""
"Sergio_G01_CNS-LLF5RV3D8","cpeeg01","ses02","20260512_123954","2026-05-12 12:41:21.035802","NaN","2","digit","POSTDIG_FIX3_ON","153","2026-05-12 12:44:09.783203","168.746299","1.939788","","","","","","keyboard","after digit#3","{""note"":""after digit#3""}","2","0.016667","60.000000","1","",""
"Sergio_G01_CNS-LLF5RV3D8","cpeeg01","ses02","20260512_123954","2026-05-12 12:41:21.035802","NaN","2","digit","POSTDIG_FIX3_OFF","158","2026-05-12 12:44:11.722024","170.686087","0.002441","","","","","","keyboard","after digit#3","{""note"":""after digit#3"",""pd_used"":0}","2","0.016667","60.000000","1","",""
"Sergio_G01_CNS-LLF5RV3D8","cpeeg01","ses02","20260512_123954","2026-05-12 12:41:21.035802","NaN","2","digit","DIGIT4_ON","144","2026-05-12 12:44:11.724123","170.688528","0.502251","","5","","","","keyboard","digit#4 shown","{""value"":5,""note"":""digit#4 shown"",""pd_used"":1}","2","0.016667","60.000000","1","","1"
"Sergio_G01_CNS-LLF5RV3D8","cpeeg01","ses02","20260512_123954","2026-05-12 12:41:21.035802","NaN","2","digit","DIGIT4_OFF","149","2026-05-12 12:44:12.226938","171.190779","0.000000","","5","","","","keyboard","digit#4 off","{""value"":5,""note"":""digit#4 off"",""pd_used"":0}","2","0.016667","60.000000","1","",""
"Sergio_G01_CNS-LLF5RV3D8","cpeeg01","ses02","20260512_123954","2026-05-12 12:41:21.035802","NaN","2","digit","POSTDIG_FIX4_ON","154","2026-05-12 12:44:12.227781","171.190779","1.873894","","","","","","keyboard","after digit#4","{""note"":""after digit#4""}","2","0.016667","60.000000","1","",""
"Sergio_G01_CNS-LLF5RV3D8","cpeeg01","ses02","20260512_123954","2026-05-12 12:41:21.035802","NaN","2","digit","POSTDIG_FIX4_OFF","159","2026-05-12 12:44:14.100564","173.064673","0.002515","","","","","","keyboard","after digit#4","{""note"":""after digit#4"",""pd_used"":0}","2","0.016667","60.000000","1","",""
"Sergio_G01_CNS-LLF5RV3D8","cpeeg01","ses02","20260512_123954","2026-05-12 12:41:21.035802","NaN","2","digit","DIGIT5_ON","145","2026-05-12 12:44:14.102734","173.067188","0.501976","","2","","","","keyboard","digit#5 shown","{""value"":2,""note"":""digit#5 shown"",""pd_used"":1}","2","0.016667","60.000000","1","","1"
"Sergio_G01_CNS-LLF5RV3D8","cpeeg01","ses02","20260512_123954","2026-05-12 12:41:21.035802","NaN","2","digit","DIGIT5_OFF","150","2026-05-12 12:44:14.605049","173.569164","0.000000","","2","","","","keyboard","digit#5 off","{""value"":2,""note"":""digit#5 off"",""pd_used"":0}","2","0.016667","60.000000","1","",""
"Sergio_G01_CNS-LLF5RV3D8","cpeeg01","ses02","20260512_123954","2026-05-12 12:41:21.035802","NaN","2","digit","POSTDIG_FIX5_ON","155","2026-05-12 12:44:14.605870","173.569164","3.126645","","","","","","keyboard","after digit#5","{""note"":""after digit#5""}","2","0.016667","60.000000","1","",""
"Sergio_G01_CNS-LLF5RV3D8","cpeeg01","ses02","20260512_123954","2026-05-12 12:41:21.035802","NaN","2","digit","POSTDIG_FIX5_OFF","160","2026-05-12 12:44:17.731678","176.695809","0.002487","","","","","","keyboard","after digit#5","{""note"":""after digit#5"",""pd_used"":0}","2","0.016667","60.000000","1","",""
"Sergio_G01_CNS-LLF5RV3D8","cpeeg01","ses02","20260512_123954","2026-05-12 12:41:21.035802","NaN","2","distractor","DISTRACTOR_ON","50","2026-05-12 12:44:17.733902","176.698296","2.820549","","4+3=4","","","","keyboard","","{""value"":""4+3=4"",""isCorrectTruth"":false,""trueSum"":7,""pd_used"":1}","2","0.016667","60.000000","1","",""
"Sergio_G01_CNS-LLF5RV3D8","cpeeg01","ses02","20260512_123954","2026-05-12 12:41:21.035802","NaN","2","distractor","DISTRACTOR_ANS","51","2026-05-12 12:44:21.017020","179.518845","0.000000","2.820549","4+3=4","F","1","","keyboard","key= (False)","{""value"":""4+3=4"",""entered"":""F"",""rt"":2.8205491999979131,""correct"":1,""note"":""key= (False)"",""truth"":false,""trueSum"":7,""shownSum"":4,""a"":4,""b"":3}","2","0.016667","60.000000","1","2.7064",""
"Sergio_G01_CNS-LLF5RV3D8","cpeeg01","ses02","20260512_123954","2026-05-12 12:41:21.035802","NaN","2","distractor","ANS_CORRECT","100","2026-05-12 12:44:21.017733","179.518845","0.465594","","","","","","keyboard","","{}","2","0.016667","60.000000","1","",""
"Sergio_G01_CNS-LLF5RV3D8","cpeeg01","ses02","20260512_123954","2026-05-12 12:41:21.035802","NaN","2","distractor","DISTRACTOR_OFF","52","2026-05-12 12:44:21.020053","179.984439","0.000000","","","","","","keyboard","","{""pd_used"":0}","2","0.016667","60.000000","1","",""
"Sergio_G01_CNS-LLF5RV3D8","cpeeg01","ses02","20260512_123954","2026-05-12 12:41:21.035802","NaN","2","distractor","FIX2_ON","60","2026-05-12 12:44:21.020626","179.984439","3.293043","","","","","","keyboard","immediate after response","{""note"":""immediate after response""}","2","0.016667","60.000000","1","",""
"Sergio_G01_CNS-LLF5RV3D8","cpeeg01","ses02","20260512_123954","2026-05-12 12:41:21.035802","NaN","2","fix2","FIX2_OFF","61","2026-05-12 12:44:24.313373","183.277483","0.002565","","","","","","keyboard","","{""pd_used"":0}","2","0.016667","60.000000","1","",""
"Sergio_G01_CNS-LLF5RV3D8","cpeeg01","ses02","20260512_123954","2026-05-12 12:41:21.035802","NaN","2","probe","DIGIT_RECALL_LINE_1","161","2026-05-12 12:44:24.315630","183.280048","2.054432","","1","","","","keyboard","first recall question","{""value"":1,""note"":""first recall question"",""pd_used"":1}","2","0.016667","60.000000","1","",""
"Sergio_G01_CNS-LLF5RV3D8","cpeeg01","ses02","20260512_123954","2026-05-12 12:41:21.035802","NaN","2","probe","PROBE_DIGIT_OK_1","71","2026-05-12 12:44:26.976159","185.334480","0.667276","2.055764","slot#1","1","1","","keyboard","probe_digit#1","{""value"":""slot#1"",""entered"":1,""rt"":2.055763799988199,""note"":""probe_digit#1""}","2","0.016667","60.000000","1","1.8986",""
"Sergio_G01_CNS-LLF5RV3D8","cpeeg01","ses02","20260512_123954","2026-05-12 12:41:21.035802","NaN","2","probe","DIGIT1_OFF","146","2026-05-12 12:44:27.037582","186.001755","0.000000","","2","","","","keyboard","digit#1 off","{""value"":2,""note"":""digit#1 off"",""pd_used"":0}","2","0.016667","60.000000","1","",""
"Sergio_G01_CNS-LLF5RV3D8","cpeeg01","ses02","20260512_123954","2026-05-12 12:41:21.035802","NaN","2","probe","POSTDIG_FIX1_ON","151","2026-05-12 12:44:27.038494","186.001755","1.844111","","","","","","keyboard","after digit#1","{""note"":""after digit#1""}","2","0.016667","60.000000","1","",""
"Sergio_G01_CNS-LLF5RV3D8","cpeeg01","ses02","20260512_123954","2026-05-12 12:41:21.035802","NaN","2","probe","POSTDIG_FIX1_OFF","156","2026-05-12 12:44:28.881740","187.845866","0.004877","","","","","","keyboard","after digit#1","{""note"":""after digit#1"",""pd_used"":0}","2","0.016667","60.000000","1","",""
"Sergio_G01_CNS-LLF5RV3D8","cpeeg01","ses02","20260512_123954","2026-05-12 12:41:21.035802","NaN","2","probe","DIGIT_RECALL_LINE_2","162","2026-05-12 12:44:28.886355","187.850744","2.155102","","2","","","","keyboard","next recall question","{""value"":2,""note"":""next recall question"",""pd_used"":1}","2","0.016667","60.000000","1","",""
"Sergio_G01_CNS-LLF5RV3D8","cpeeg01","ses02","20260512_123954","2026-05-12 12:41:21.035802","NaN","2","probe","PROBE_DIGIT_OK_2","71","2026-05-12 12:44:31.466778","190.005846","0.484407","6.727130","slot#2","4","1","","keyboard","probe_digit#2","{""value"":""slot#2"",""entered"":4,""rt"":6.72712969998247,""note"":""probe_digit#2""}","2","0.016667","60.000000","1","2.0545",""
"Sergio_G01_CNS-LLF5RV3D8","cpeeg01","ses02","20260512_123954","2026-05-12 12:41:21.035802","NaN","2","probe","DIGIT2_OFF","147","2026-05-12 12:44:31.526049","190.490252","0.000000","","2","","","","keyboard","digit#2 off","{""value"":2,""note"":""digit#2 off"",""pd_used"":0}","2","0.016667","60.000000","1","",""
"Sergio_G01_CNS-LLF5RV3D8","cpeeg01","ses02","20260512_123954","2026-05-12 12:41:21.035802","NaN","2","probe","POSTDIG_FIX2_ON","152","2026-05-12 12:44:31.526848","190.490252","1.804093","","","","","","keyboard","after digit#2","{""note"":""after digit#2""}","2","0.016667","60.000000","1","",""
"Sergio_G01_CNS-LLF5RV3D8","cpeeg01","ses02","20260512_123954","2026-05-12 12:41:21.035802","NaN","2","probe","POSTDIG_FIX2_OFF","157","2026-05-12 12:44:33.330468","192.294346","0.004936","","","","","","keyboard","after digit#2","{""note"":""after digit#2"",""pd_used"":0}","2","0.016667","60.000000","1","",""
"Sergio_G01_CNS-LLF5RV3D8","cpeeg01","ses02","20260512_123954","2026-05-12 12:41:21.035802","NaN","2","probe","DIGIT_RECALL_LINE_3","163","2026-05-12 12:44:33.334961","192.299282","3.471947","","3","","","","keyboard","next recall question","{""value"":3,""note"":""next recall question"",""pd_used"":1}","2","0.016667","60.000000","1","",""
"Sergio_G01_CNS-LLF5RV3D8","cpeeg01","ses02","20260512_123954","2026-05-12 12:41:21.035802","NaN","2","probe","PROBE_DIGIT_OK_3","71","2026-05-12 12:44:37.318181","195.771229","0.568654","12.492513","slot#3","5","1","","keyboard","probe_digit#3","{""value"":""slot#3"",""entered"":5,""rt"":12.492512700002408,""note"":""probe_digit#3""}","2","0.016667","60.000000","1","1.0735",""
"Sergio_G01_CNS-LLF5RV3D8","cpeeg01","ses02","20260512_123954","2026-05-12 12:41:21.035802","NaN","2","probe","DIGIT3_OFF","148","2026-05-12 12:44:37.375913","196.339882","0.000000","","2","","","","keyboard","digit#3 off","{""value"":2,""note"":""digit#3 off"",""pd_used"":0}","2","0.016667","60.000000","1","",""
"Sergio_G01_CNS-LLF5RV3D8","cpeeg01","ses02","20260512_123954","2026-05-12 12:41:21.035802","NaN","2","probe","POSTDIG_FIX3_ON","153","2026-05-12 12:44:37.376714","196.339882","1.668810","","","","","","keyboard","after digit#3","{""note"":""after digit#3""}","2","0.016667","60.000000","1","",""
"Sergio_G01_CNS-LLF5RV3D8","cpeeg01","ses02","20260512_123954","2026-05-12 12:41:21.035802","NaN","2","probe","POSTDIG_FIX3_OFF","158","2026-05-12 12:44:39.044832","198.008693","0.005076","","","","","","keyboard","after digit#3","{""note"":""after digit#3"",""pd_used"":0}","2","0.016667","60.000000","1","",""
"Sergio_G01_CNS-LLF5RV3D8","cpeeg01","ses02","20260512_123954","2026-05-12 12:41:21.035802","NaN","2","probe","DIGIT_RECALL_LINE_4","164","2026-05-12 12:44:39.049557","198.013768","1.391574","","4","","","","keyboard","next recall question","{""value"":4,""note"":""next recall question"",""pd_used"":1}","2","0.016667","60.000000","1","",""
"Sergio_G01_CNS-LLF5RV3D8","cpeeg01","ses02","20260512_123954","2026-05-12 12:41:21.035802","NaN","2","probe","PROBE_DIGIT_OK_4","71","2026-05-12 12:44:40.937582","199.405342","0.563229","16.126626","slot#4","5","1","","keyboard","probe_digit#4","{""value"":""slot#4"",""entered"":5,""rt"":16.126625899982173,""note"":""probe_digit#4""}","2","0.016667","60.000000","1","0.80319",""
"Sergio_G01_CNS-LLF5RV3D8","cpeeg01","ses02","20260512_123954","2026-05-12 12:41:21.035802","NaN","2","probe","DIGIT4_OFF","149","2026-05-12 12:44:41.004431","199.968571","0.000000","","2","","","","keyboard","digit#4 off","{""value"":2,""note"":""digit#4 off"",""pd_used"":0}","2","0.016667","60.000000","1","",""
"Sergio_G01_CNS-LLF5RV3D8","cpeeg01","ses02","20260512_123954","2026-05-12 12:41:21.035802","NaN","2","probe","POSTDIG_FIX4_ON","154","2026-05-12 12:44:41.005310","199.968571","1.882396","","","","","","keyboard","after digit#4","{""note"":""after digit#4""}","2","0.016667","60.000000","1","",""
"Sergio_G01_CNS-LLF5RV3D8","cpeeg01","ses02","20260512_123954","2026-05-12 12:41:21.035802","NaN","2","probe","POSTDIG_FIX4_OFF","159","2026-05-12 12:44:42.886932","201.850967","0.005742","","","","","","keyboard","after digit#4","{""note"":""after digit#4"",""pd_used"":0}","2","0.016667","60.000000","1","",""
"Sergio_G01_CNS-LLF5RV3D8","cpeeg01","ses02","20260512_123954","2026-05-12 12:41:21.035802","NaN","2","probe","DIGIT_RECALL_LINE_5","165","2026-05-12 12:44:42.892428","201.856708","0.751039","","5","","","","keyboard","next recall question","{""value"":5,""note"":""next recall question"",""pd_used"":1}","2","0.016667","60.000000","1","",""
"Sergio_G01_CNS-LLF5RV3D8","cpeeg01","ses02","20260512_123954","2026-05-12 12:41:21.035802","NaN","2","probe","PROBE_DIGIT_OK_5","71","2026-05-12 12:44:44.095818","202.607748","0.523103","19.329032","slot#5","2","1","","keyboard","probe_digit#5","{""value"":""slot#5"",""entered"":2,""rt"":19.329031900007976,""note"":""probe_digit#5""}","2","0.016667","60.000000","1","0.73119",""
"Sergio_G01_CNS-LLF5RV3D8","cpeeg01","ses02","20260512_123954","2026-05-12 12:41:21.035802","NaN","2","probe","DIGIT5_OFF","150","2026-05-12 12:44:44.166862","203.130851","0.000000","","2","","","","keyboard","digit#5 off","{""value"":2,""note"":""digit#5 off"",""pd_used"":0}","2","0.016667","60.000000","1","",""
"Sergio_G01_CNS-LLF5RV3D8","cpeeg01","ses02","20260512_123954","2026-05-12 12:41:21.035802","NaN","2","probe","POSTDIG_FIX5_ON","155","2026-05-12 12:44:44.167623","203.130851","3.228782","","","","","","keyboard","after digit#5","{""note"":""after digit#5""}","2","0.016667","60.000000","1","",""
"Sergio_G01_CNS-LLF5RV3D8","cpeeg01","ses02","20260512_123954","2026-05-12 12:41:21.035802","NaN","2","probe","POSTDIG_FIX5_OFF","160","2026-05-12 12:44:47.395542","206.359633","0.002438","","","","","","keyboard","after digit#5","{""note"":""after digit#5"",""pd_used"":0}","2","0.016667","60.000000","1","",""
"Sergio_G01_CNS-LLF5RV3D8","cpeeg01","ses02","20260512_123954","2026-05-12 12:41:21.035802","NaN","2","probe","PROBE_DONE","73","2026-05-12 12:44:47.397579","206.362071","0.000695","","","","","","keyboard","probe complete","{""value"":"""",""note"":""probe complete""}","2","0.016667","60.000000","1","",""
"Sergio_G01_CNS-LLF5RV3D8","cpeeg01","ses02","20260512_123954","2026-05-12 12:41:21.035802","NaN","2","probe","TRIAL_END","21","2026-05-12 12:44:47.398222","206.362766","0.072661","","","","","","keyboard","","{}","2","0.016667","60.000000","1","",""
"Sergio_G01_CNS-LLF5RV3D8","cpeeg01","ses02","20260512_123954","2026-05-12 12:41:21.035802","NaN","3","probe","TRIAL_CHANGE","22","2026-05-12 12:44:47.471130","206.435427","0.001008","","","","","","keyboard","trial transition","{""note"":""trial transition""}","2","0.016667","60.000000","1","",""
"Sergio_G01_CNS-LLF5RV3D8","cpeeg01","ses02","20260512_123954","2026-05-12 12:41:21.035802","NaN","3","probe","TRIAL_START","20","2026-05-12 12:44:47.471901","206.436435","0.001810","","","","","","keyboard","","{}","2","0.016667","60.000000","1","",""
"Sergio_G01_CNS-LLF5RV3D8","cpeeg01","ses02","20260512_123954","2026-05-12 12:41:21.035802","NaN","3","fix1","FIX1_ON","30","2026-05-12 12:44:47.473942","206.438245","3.258238","","","","","","keyboard","","{""pd_used"":0}","2","0.016667","60.000000","1","",""
"Sergio_G01_CNS-LLF5RV3D8","cpeeg01","ses02","20260512_123954","2026-05-12 12:41:21.035802","NaN","3","fix1","FIX1_OFF","31","2026-05-12 12:44:50.732739","209.696483","0.002708","","","","","","keyboard","","{""pd_used"":0}","2","0.016667","60.000000","1","",""
"Sergio_G01_CNS-LLF5RV3D8","cpeeg01","ses02","20260512_123954","2026-05-12 12:41:21.035802","NaN","3","digit","DIGIT1_ON","141","2026-05-12 12:44:50.734773","209.699191","0.501836","","0","","","","keyboard","digit#1 shown","{""value"":0,""note"":""digit#1 shown"",""pd_used"":1}","2","0.016667","60.000000","1","","1"
"Sergio_G01_CNS-LLF5RV3D8","cpeeg01","ses02","20260512_123954","2026-05-12 12:41:21.035802","NaN","3","digit","DIGIT1_OFF","146","2026-05-12 12:44:51.236899","210.201027","0.000000","","0","","","","keyboard","digit#1 off","{""value"":0,""note"":""digit#1 off"",""pd_used"":0}","2","0.016667","60.000000","1","",""
"Sergio_G01_CNS-LLF5RV3D8","cpeeg01","ses02","20260512_123954","2026-05-12 12:41:21.035802","NaN","3","digit","POSTDIG_FIX1_ON","151","2026-05-12 12:44:51.237714","210.201027","1.505379","","","","","","keyboard","after digit#1","{""note"":""after digit#1""}","2","0.016667","60.000000","1","",""
"Sergio_G01_CNS-LLF5RV3D8","cpeeg01","ses02","20260512_123954","2026-05-12 12:41:21.035802","NaN","3","digit","POSTDIG_FIX1_OFF","156","2026-05-12 12:44:52.742288","211.706406","0.002616","","","","","","keyboard","after digit#1","{""note"":""after digit#1"",""pd_used"":0}","2","0.016667","60.000000","1","",""
"Sergio_G01_CNS-LLF5RV3D8","cpeeg01","ses02","20260512_123954","2026-05-12 12:41:21.035802","NaN","3","digit","DIGIT2_ON","142","2026-05-12 12:44:52.744637","211.709022","0.501902","","8","","","","keyboard","digit#2 shown","{""value"":8,""note"":""digit#2 shown"",""pd_used"":1}","2","0.016667","60.000000","1","","1"
"Sergio_G01_CNS-LLF5RV3D8","cpeeg01","ses02","20260512_123954","2026-05-12 12:41:21.035802","NaN","3","digit","DIGIT2_OFF","147","2026-05-12 12:44:53.246777","212.210924","0.000000","","8","","","","keyboard","digit#2 off","{""value"":8,""note"":""digit#2 off"",""pd_used"":0}","2","0.016667","60.000000","1","",""
"Sergio_G01_CNS-LLF5RV3D8","cpeeg01","ses02","20260512_123954","2026-05-12 12:41:21.035802","NaN","3","digit","POSTDIG_FIX2_ON","152","2026-05-12 12:44:53.247505","212.210924","1.745205","","","","","","keyboard","after digit#2","{""note"":""after digit#2""}","2","0.016667","60.000000","1","",""
"Sergio_G01_CNS-LLF5RV3D8","cpeeg01","ses02","20260512_123954","2026-05-12 12:41:21.035802","NaN","3","digit","POSTDIG_FIX2_OFF","157","2026-05-12 12:44:54.991998","213.956129","0.002498","","","","","","keyboard","after digit#2","{""note"":""after digit#2"",""pd_used"":0}","2","0.016667","60.000000","1","",""
"Sergio_G01_CNS-LLF5RV3D8","cpeeg01","ses02","20260512_123954","2026-05-12 12:41:21.035802","NaN","3","digit","DIGIT3_ON","143","2026-05-12 12:44:54.994196","213.958627","0.502157","","8","","","","keyboard","digit#3 shown","{""value"":8,""note"":""digit#3 shown"",""pd_used"":1}","2","0.016667","60.000000","1","","1"
"Sergio_G01_CNS-LLF5RV3D8","cpeeg01","ses02","20260512_123954","2026-05-12 12:41:21.035802","NaN","3","digit","DIGIT3_OFF","148","2026-05-12 12:44:55.496655","214.460783","0.000000","","8","","","","keyboard","digit#3 off","{""value"":8,""note"":""digit#3 off"",""pd_used"":0}","2","0.016667","60.000000","1","",""
"Sergio_G01_CNS-LLF5RV3D8","cpeeg01","ses02","20260512_123954","2026-05-12 12:41:21.035802","NaN","3","digit","POSTDIG_FIX3_ON","153","2026-05-12 12:44:55.497355","214.460783","1.535891","","","","","","keyboard","after digit#3","{""note"":""after digit#3""}","2","0.016667","60.000000","1","",""
"Sergio_G01_CNS-LLF5RV3D8","cpeeg01","ses02","20260512_123954","2026-05-12 12:41:21.035802","NaN","3","digit","POSTDIG_FIX3_OFF","158","2026-05-12 12:44:57.032581","215.996675","0.002449","","","","","","keyboard","after digit#3","{""note"":""after digit#3"",""pd_used"":0}","2","0.016667","60.000000","1","",""
"Sergio_G01_CNS-LLF5RV3D8","cpeeg01","ses02","20260512_123954","2026-05-12 12:41:21.035802","NaN","3","digit","DIGIT4_ON","144","2026-05-12 12:44:57.034714","215.999123","0.502159","","2","","","","keyboard","digit#4 shown","{""value"":2,""note"":""digit#4 shown"",""pd_used"":1}","2","0.016667","60.000000","1","","1"
"Sergio_G01_CNS-LLF5RV3D8","cpeeg01","ses02","20260512_123954","2026-05-12 12:41:21.035802","NaN","3","digit","DIGIT4_OFF","149","2026-05-12 12:44:57.537174","216.501283","0.000000","","2","","","","keyboard","digit#4 off","{""value"":2,""note"":""digit#4 off"",""pd_used"":0}","2","0.016667","60.000000","1","",""
"Sergio_G01_CNS-LLF5RV3D8","cpeeg01","ses02","20260512_123954","2026-05-12 12:41:21.035802","NaN","3","digit","POSTDIG_FIX4_ON","154","2026-05-12 12:44:57.537954","216.501283","1.785638","","","","","","keyboard","after digit#4","{""note"":""after digit#4""}","2","0.016667","60.000000","1","",""
"Sergio_G01_CNS-LLF5RV3D8","cpeeg01","ses02","20260512_123954","2026-05-12 12:41:21.035802","NaN","3","digit","POSTDIG_FIX4_OFF","159","2026-05-12 12:44:59.322807","218.286921","0.002600","","","","","","keyboard","after digit#4","{""note"":""after digit#4"",""pd_used"":0}","2","0.016667","60.000000","1","",""
"Sergio_G01_CNS-LLF5RV3D8","cpeeg01","ses02","20260512_123954","2026-05-12 12:41:21.035802","NaN","3","digit","DIGIT5_ON","145","2026-05-12 12:44:59.325137","218.289520","0.501897","","3","","","","keyboard","digit#5 shown","{""value"":3,""note"":""digit#5 shown"",""pd_used"":1}","2","0.016667","60.000000","1","","1"
"Sergio_G01_CNS-LLF5RV3D8","cpeeg01","ses02","20260512_123954","2026-05-12 12:41:21.035802","NaN","3","digit","DIGIT5_OFF","150","2026-05-12 12:44:59.827298","218.791418","0.000000","","3","","","","keyboard","digit#5 off","{""value"":3,""note"":""digit#5 off"",""pd_used"":0}","2","0.016667","60.000000","1","",""
"Sergio_G01_CNS-LLF5RV3D8","cpeeg01","ses02","20260512_123954","2026-05-12 12:41:21.035802","NaN","3","digit","POSTDIG_FIX5_ON","155","2026-05-12 12:44:59.828049","218.791418","3.126486","","","","","","keyboard","after digit#5","{""note"":""after digit#5""}","2","0.016667","60.000000","1","",""
"Sergio_G01_CNS-LLF5RV3D8","cpeeg01","ses02","20260512_123954","2026-05-12 12:41:21.035802","NaN","3","digit","POSTDIG_FIX5_OFF","160","2026-05-12 12:45:02.953795","221.917904","0.002430","","","","","","keyboard","after digit#5","{""note"":""after digit#5"",""pd_used"":0}","2","0.016667","60.000000","1","",""
"Sergio_G01_CNS-LLF5RV3D8","cpeeg01","ses02","20260512_123954","2026-05-12 12:41:21.035802","NaN","3","distractor","DISTRACTOR_ON","50","2026-05-12 12:45:02.955958","221.920334","3.138661","","2+1=3","","","","keyboard","","{""value"":""2+1=3"",""isCorrectTruth"":true,""trueSum"":3,""pd_used"":1}","2","0.016667","60.000000","1","",""
"Sergio_G01_CNS-LLF5RV3D8","cpeeg01","ses02","20260512_123954","2026-05-12 12:41:21.035802","NaN","3","distractor","DISTRACTOR_ANS","51","2026-05-12 12:45:06.502513","225.058996","0.000000","3.138661","2+1=3","F","0","","keyboard","key= (False)","{""value"":""2+1=3"",""entered"":""F"",""rt"":3.1386611000052653,""correct"":0,""note"":""key= (False)"",""truth"":true,""trueSum"":3,""shownSum"":3,""a"":2,""b"":1}","2","0.016667","60.000000","1","3.0802",""
"Sergio_G01_CNS-LLF5RV3D8","cpeeg01","ses02","20260512_123954","2026-05-12 12:41:21.035802","NaN","3","distractor","ANS_WRONG","200","2026-05-12 12:45:06.503311","225.058996","0.410562","","","","","","keyboard","","{}","2","0.016667","60.000000","1","",""
"Sergio_G01_CNS-LLF5RV3D8","cpeeg01","ses02","20260512_123954","2026-05-12 12:41:21.035802","NaN","3","distractor","DISTRACTOR_OFF","52","2026-05-12 12:45:06.505167","225.469558","0.000000","","","","","","keyboard","","{""pd_used"":0}","2","0.016667","60.000000","1","",""
"Sergio_G01_CNS-LLF5RV3D8","cpeeg01","ses02","20260512_123954","2026-05-12 12:41:21.035802","NaN","3","distractor","FIX2_ON","60","2026-05-12 12:45:06.505696","225.469558","3.020309","","","","","","keyboard","immediate after response","{""note"":""immediate after response""}","2","0.016667","60.000000","1","",""
"Sergio_G01_CNS-LLF5RV3D8","cpeeg01","ses02","20260512_123954","2026-05-12 12:41:21.035802","NaN","3","fix2","FIX2_OFF","61","2026-05-12 12:45:09.525737","228.489867","0.002530","","","","","","keyboard","","{""pd_used"":0}","2","0.016667","60.000000","1","",""
"Sergio_G01_CNS-LLF5RV3D8","cpeeg01","ses02","20260512_123954","2026-05-12 12:41:21.035802","NaN","3","probe","DIGIT_RECALL_LINE_1","161","2026-05-12 12:45:09.527965","228.492397","1.523597","","1","","","","keyboard","first recall question","{""value"":1,""note"":""first recall question"",""pd_used"":1}","2","0.016667","60.000000","1","",""
"Sergio_G01_CNS-LLF5RV3D8","cpeeg01","ses02","20260512_123954","2026-05-12 12:41:21.035802","NaN","3","probe","PROBE_DIGIT_OK_1","71","2026-05-12 12:45:11.576855","230.015994","0.587009","1.524983","slot#1","0","1","","keyboard","probe_digit#1","{""value"":""slot#1"",""entered"":0,""rt"":1.5249827999796253,""note"":""probe_digit#1""}","2","0.016667","60.000000","1","1.4584",""
"Sergio_G01_CNS-LLF5RV3D8","cpeeg01","ses02","20260512_123954","2026-05-12 12:41:21.035802","NaN","3","probe","DIGIT1_OFF","146","2026-05-12 12:45:11.638789","230.603003","0.000000","","3","","","","keyboard","digit#1 off","{""value"":3,""note"":""digit#1 off"",""pd_used"":0}","2","0.016667","60.000000","1","",""
"Sergio_G01_CNS-LLF5RV3D8","cpeeg01","ses02","20260512_123954","2026-05-12 12:41:21.035802","NaN","3","probe","POSTDIG_FIX1_ON","151","2026-05-12 12:45:11.639553","230.603003","1.782014","","","","","","keyboard","after digit#1","{""note"":""after digit#1""}","2","0.016667","60.000000","1","",""
"Sergio_G01_CNS-LLF5RV3D8","cpeeg01","ses02","20260512_123954","2026-05-12 12:41:21.035802","NaN","3","probe","POSTDIG_FIX1_OFF","156","2026-05-12 12:45:13.420979","232.385017","0.005146","","","","","","keyboard","after digit#1","{""note"":""after digit#1"",""pd_used"":0}","2","0.016667","60.000000","1","",""
"Sergio_G01_CNS-LLF5RV3D8","cpeeg01","ses02","20260512_123954","2026-05-12 12:41:21.035802","NaN","3","probe","DIGIT_RECALL_LINE_2","162","2026-05-12 12:45:13.425755","232.390163","4.990143","","2","","","","keyboard","next recall question","{""value"":2,""note"":""next recall question"",""pd_used"":1}","2","0.016667","60.000000","1","",""
"Sergio_G01_CNS-LLF5RV3D8","cpeeg01","ses02","20260512_123954","2026-05-12 12:41:21.035802","NaN","3","probe","PROBE_DIGIT_OK_2","71","2026-05-12 12:45:18.739748","237.380306","0.384599","8.889294","slot#2","8","1","","keyboard","probe_digit#2","{""value"":""slot#2"",""entered"":8,""rt"":8.8892942999955267,""note"":""probe_digit#2""}","2","0.016667","60.000000","1","4.9386",""
"Sergio_G01_CNS-LLF5RV3D8","cpeeg01","ses02","20260512_123954","2026-05-12 12:41:21.035802","NaN","3","probe","DIGIT2_OFF","147","2026-05-12 12:45:18.800685","237.764905","0.000000","","3","","","","keyboard","digit#2 off","{""value"":3,""note"":""digit#2 off"",""pd_used"":0}","2","0.016667","60.000000","1","",""
"Sergio_G01_CNS-LLF5RV3D8","cpeeg01","ses02","20260512_123954","2026-05-12 12:41:21.035802","NaN","3","probe","POSTDIG_FIX2_ON","152","2026-05-12 12:45:18.801416","237.764905","1.909581","","","","","","keyboard","after digit#2","{""note"":""after digit#2""}","2","0.016667","60.000000","1","",""
"Sergio_G01_CNS-LLF5RV3D8","cpeeg01","ses02","20260512_123954","2026-05-12 12:41:21.035802","NaN","3","probe","POSTDIG_FIX2_OFF","157","2026-05-12 12:45:20.710376","239.674486","0.004902","","","","","","keyboard","after digit#2","{""note"":""after digit#2"",""pd_used"":0}","2","0.016667","60.000000","1","",""
"Sergio_G01_CNS-LLF5RV3D8","cpeeg01","ses02","20260512_123954","2026-05-12 12:41:21.035802","NaN","3","probe","DIGIT_RECALL_LINE_3","163","2026-05-12 12:45:20.715013","239.679388","1.678303","","3","","","","keyboard","next recall question","{""value"":3,""note"":""next recall question"",""pd_used"":1}","2","0.016667","60.000000","1","",""
"Sergio_G01_CNS-LLF5RV3D8","cpeeg01","ses02","20260512_123954","2026-05-12 12:41:21.035802","NaN","3","probe","PROBE_DIGIT_OK_3","71","2026-05-12 12:45:22.790050","241.357691","0.466529","12.866679","slot#3","8","1","","keyboard","probe_digit#3","{""value"":""slot#3"",""entered"":8,""rt"":12.866679200000362,""note"":""probe_digit#3""}","2","0.016667","60.000000","1","1.6486",""
"Sergio_G01_CNS-LLF5RV3D8","cpeeg01","ses02","20260512_123954","2026-05-12 12:41:21.035802","NaN","3","probe","DIGIT3_OFF","148","2026-05-12 12:45:22.860156","241.824220","0.000000","","3","","","","keyboard","digit#3 off","{""value"":3,""note"":""digit#3 off"",""pd_used"":0}","2","0.016667","60.000000","1","",""
"Sergio_G01_CNS-LLF5RV3D8","cpeeg01","ses02","20260512_123954","2026-05-12 12:41:21.035802","NaN","3","probe","POSTDIG_FIX3_ON","153","2026-05-12 12:45:22.860945","241.824220","1.807752","","","","","","keyboard","after digit#3","{""note"":""after digit#3""}","2","0.016667","60.000000","1","",""
"Sergio_G01_CNS-LLF5RV3D8","cpeeg01","ses02","20260512_123954","2026-05-12 12:41:21.035802","NaN","3","probe","POSTDIG_FIX3_OFF","158","2026-05-12 12:45:24.667854","243.631972","0.004976","","","","","","keyboard","after digit#3","{""note"":""after digit#3"",""pd_used"":0}","2","0.016667","60.000000","1","",""
"Sergio_G01_CNS-LLF5RV3D8","cpeeg01","ses02","20260512_123954","2026-05-12 12:41:21.035802","NaN","3","probe","DIGIT_RECALL_LINE_4","164","2026-05-12 12:45:24.672516","243.636948","1.206915","","4","","","","keyboard","next recall question","{""value"":4,""note"":""next recall question"",""pd_used"":1}","2","0.016667","60.000000","1","",""
"Sergio_G01_CNS-LLF5RV3D8","cpeeg01","ses02","20260512_123954","2026-05-12 12:41:21.035802","NaN","3","probe","PROBE_DIGIT_OK_4","71","2026-05-12 12:45:26.199928","244.843863","0.383237","16.352851","slot#4","2","1","","keyboard","probe_digit#4","{""value"":""slot#4"",""entered"":2,""rt"":16.352851099974941,""note"":""probe_digit#4""}","2","0.016667","60.000000","1","1.1476",""
"Sergio_G01_CNS-LLF5RV3D8","cpeeg01","ses02","20260512_123954","2026-05-12 12:41:21.035802","NaN","3","probe","DIGIT4_OFF","149","2026-05-12 12:45:26.262864","245.227100","0.000000","","3","","","","keyboard","digit#4 off","{""value"":3,""note"":""digit#4 off"",""pd_used"":0}","2","0.016667","60.000000","1","",""
"Sergio_G01_CNS-LLF5RV3D8","cpeeg01","ses02","20260512_123954","2026-05-12 12:41:21.035802","NaN","3","probe","POSTDIG_FIX4_ON","154","2026-05-12 12:45:26.263538","245.227100","1.894319","","","","","","keyboard","after digit#4","{""note"":""after digit#4""}","2","0.016667","60.000000","1","",""
"Sergio_G01_CNS-LLF5RV3D8","cpeeg01","ses02","20260512_123954","2026-05-12 12:41:21.035802","NaN","3","probe","POSTDIG_FIX4_OFF","159","2026-05-12 12:45:28.157292","247.121419","0.004871","","","","","","keyboard","after digit#4","{""note"":""after digit#4"",""pd_used"":0}","2","0.016667","60.000000","1","",""
"Sergio_G01_CNS-LLF5RV3D8","cpeeg01","ses02","20260512_123954","2026-05-12 12:41:21.035802","NaN","3","probe","DIGIT_RECALL_LINE_5","165","2026-05-12 12:45:28.161850","247.126290","1.084691","","5","","","","keyboard","next recall question","{""value"":5,""note"":""next recall question"",""pd_used"":1}","2","0.016667","60.000000","1","",""
"Sergio_G01_CNS-LLF5RV3D8","cpeeg01","ses02","20260512_123954","2026-05-12 12:41:21.035802","NaN","3","probe","PROBE_DIGIT_OK_5","71","2026-05-12 12:45:29.597260","248.210981","0.424108","19.719970","slot#5","3","1","","keyboard","probe_digit#5","{""value"":""slot#5"",""entered"":3,""rt"":19.719969699974172,""note"":""probe_digit#5""}","2","0.016667","60.000000","1","0.71713",""
"Sergio_G01_CNS-LLF5RV3D8","cpeeg01","ses02","20260512_123954","2026-05-12 12:41:21.035802","NaN","3","probe","DIGIT5_OFF","150","2026-05-12 12:45:29.671045","248.635089","0.000000","","3","","","","keyboard","digit#5 off","{""value"":3,""note"":""digit#5 off"",""pd_used"":0}","2","0.016667","60.000000","1","",""
"Sergio_G01_CNS-LLF5RV3D8","cpeeg01","ses02","20260512_123954","2026-05-12 12:41:21.035802","NaN","3","probe","POSTDIG_FIX5_ON","155","2026-05-12 12:45:29.671777","248.635089","3.180141","","","","","","keyboard","after digit#5","{""note"":""after digit#5""}","2","0.016667","60.000000","1","",""
"Sergio_G01_CNS-LLF5RV3D8","cpeeg01","ses02","20260512_123954","2026-05-12 12:41:21.035802","NaN","3","probe","POSTDIG_FIX5_OFF","160","2026-05-12 12:45:32.851174","251.815230","0.002512","","","","","","keyboard","after digit#5","{""note"":""after digit#5"",""pd_used"":0}","2","0.016667","60.000000","1","",""
"Sergio_G01_CNS-LLF5RV3D8","cpeeg01","ses02","20260512_123954","2026-05-12 12:41:21.035802","NaN","3","probe","PROBE_DONE","73","2026-05-12 12:45:32.853502","251.817741","0.000921","","","","","","keyboard","probe complete","{""value"":"""",""note"":""probe complete""}","2","0.016667","60.000000","1","",""
"Sergio_G01_CNS-LLF5RV3D8","cpeeg01","ses02","20260512_123954","2026-05-12 12:41:21.035802","NaN","3","probe","TRIAL_END","21","2026-05-12 12:45:32.854101","251.818663","0.068233","","","","","","keyboard","","{}","2","0.016667","60.000000","1","",""
"Sergio_G01_CNS-LLF5RV3D8","cpeeg01","ses02","20260512_123954","2026-05-12 12:41:21.035802","NaN","4","probe","TRIAL_CHANGE","22","2026-05-12 12:45:32.922549","251.886896","0.000852","","","","","","keyboard","trial transition","{""note"":""trial transition""}","2","0.016667","60.000000","1","",""
"Sergio_G01_CNS-LLF5RV3D8","cpeeg01","ses02","20260512_123954","2026-05-12 12:41:21.035802","NaN","4","probe","TRIAL_START","20","2026-05-12 12:45:32.923181","251.887748","0.005244","","","","","","keyboard","","{}","2","0.016667","60.000000","1","",""
"Sergio_G01_CNS-LLF5RV3D8","cpeeg01","ses02","20260512_123954","2026-05-12 12:41:21.035802","NaN","4","fix1","FIX1_ON","30","2026-05-12 12:45:32.928604","251.892992","3.164086","","","","","","keyboard","","{""pd_used"":0}","2","0.016667","60.000000","1","",""
"Sergio_G01_CNS-LLF5RV3D8","cpeeg01","ses02","20260512_123954","2026-05-12 12:41:21.035802","NaN","4","fix1","FIX1_OFF","31","2026-05-12 12:45:36.092961","255.057078","0.002609","","","","","","keyboard","","{""pd_used"":0}","2","0.016667","60.000000","1","",""
"Sergio_G01_CNS-LLF5RV3D8","cpeeg01","ses02","20260512_123954","2026-05-12 12:41:21.035802","NaN","4","digit","DIGIT1_ON","141","2026-05-12 12:45:36.095348","255.059687","0.501995","","1","","","","keyboard","digit#1 shown","{""value"":1,""note"":""digit#1 shown"",""pd_used"":1}","2","0.016667","60.000000","1","","1"
"Sergio_G01_CNS-LLF5RV3D8","cpeeg01","ses02","20260512_123954","2026-05-12 12:41:21.035802","NaN","4","digit","DIGIT1_OFF","146","2026-05-12 12:45:36.597564","255.561682","0.000000","","1","","","","keyboard","digit#1 off","{""value"":1,""note"":""digit#1 off"",""pd_used"":0}","2","0.016667","60.000000","1","",""
"Sergio_G01_CNS-LLF5RV3D8","cpeeg01","ses02","20260512_123954","2026-05-12 12:41:21.035802","NaN","4","digit","POSTDIG_FIX1_ON","151","2026-05-12 12:45:36.598329","255.561682","1.570788","","","","","","keyboard","after digit#1","{""note"":""after digit#1""}","2","0.016667","60.000000","1","",""
"Sergio_G01_CNS-LLF5RV3D8","cpeeg01","ses02","20260512_123954","2026-05-12 12:41:21.035802","NaN","4","digit","POSTDIG_FIX1_OFF","156","2026-05-12 12:45:38.168329","257.132469","0.002424","","","","","","keyboard","after digit#1","{""note"":""after digit#1"",""pd_used"":0}","2","0.016667","60.000000","1","",""
"Sergio_G01_CNS-LLF5RV3D8","cpeeg01","ses02","20260512_123954","2026-05-12 12:41:21.035802","NaN","4","digit","DIGIT2_ON","142","2026-05-12 12:45:38.170443","257.134894","0.501810","","4","","","","keyboard","digit#2 shown","{""value"":4,""note"":""digit#2 shown"",""pd_used"":1}","2","0.016667","60.000000","1","","0"
"Sergio_G01_CNS-LLF5RV3D8","cpeeg01","ses02","20260512_123954","2026-05-12 12:41:21.035802","NaN","4","digit","DIGIT2_OFF","147","2026-05-12 12:45:38.672612","257.636703","0.000000","","4","","","","keyboard","digit#2 off","{""value"":4,""note"":""digit#2 off"",""pd_used"":0}","2","0.016667","60.000000","1","",""
"Sergio_G01_CNS-LLF5RV3D8","cpeeg01","ses02","20260512_123954","2026-05-12 12:41:21.035802","NaN","4","digit","POSTDIG_FIX2_ON","152","2026-05-12 12:45:38.673453","257.636703","1.691091","","","","","","keyboard","after digit#2","{""note"":""after digit#2""}","2","0.016667","60.000000","1","",""
"Sergio_G01_CNS-LLF5RV3D8","cpeeg01","ses02","20260512_123954","2026-05-12 12:41:21.035802","NaN","4","digit","POSTDIG_FIX2_OFF","157","2026-05-12 12:45:40.363711","259.327794","0.002540","","","","","","keyboard","after digit#2","{""note"":""after digit#2"",""pd_used"":0}","2","0.016667","60.000000","1","",""
"Sergio_G01_CNS-LLF5RV3D8","cpeeg01","ses02","20260512_123954","2026-05-12 12:41:21.035802","NaN","4","digit","DIGIT3_ON","143","2026-05-12 12:45:40.365946","259.330334","0.501997","","2","","","","keyboard","digit#3 shown","{""value"":2,""note"":""digit#3 shown"",""pd_used"":1}","2","0.016667","60.000000","1","","1"
"Sergio_G01_CNS-LLF5RV3D8","cpeeg01","ses02","20260512_123954","2026-05-12 12:41:21.035802","NaN","4","digit","DIGIT3_OFF","148","2026-05-12 12:45:40.868229","259.832331","0.000000","","2","","","","keyboard","digit#3 off","{""value"":2,""note"":""digit#3 off"",""pd_used"":0}","2","0.016667","60.000000","1","",""
"Sergio_G01_CNS-LLF5RV3D8","cpeeg01","ses02","20260512_123954","2026-05-12 12:41:21.035802","NaN","4","digit","POSTDIG_FIX3_ON","153","2026-05-12 12:45:40.868954","259.832331","1.770430","","","","","","keyboard","after digit#3","{""note"":""after digit#3""}","2","0.016667","60.000000","1","",""
"Sergio_G01_CNS-LLF5RV3D8","cpeeg01","ses02","20260512_123954","2026-05-12 12:41:21.035802","NaN","4","digit","POSTDIG_FIX3_OFF","158","2026-05-12 12:45:42.638652","261.602761","0.002474","","","","","","keyboard","after digit#3","{""note"":""after digit#3"",""pd_used"":0}","2","0.016667","60.000000","1","",""
"Sergio_G01_CNS-LLF5RV3D8","cpeeg01","ses02","20260512_123954","2026-05-12 12:41:21.035802","NaN","4","digit","DIGIT4_ON","144","2026-05-12 12:45:42.640870","261.605235","0.502203","","4","","","","keyboard","digit#4 shown","{""value"":4,""note"":""digit#4 shown"",""pd_used"":1}","2","0.016667","60.000000","1","","1"
"Sergio_G01_CNS-LLF5RV3D8","cpeeg01","ses02","20260512_123954","2026-05-12 12:41:21.035802","NaN","4","digit","DIGIT4_OFF","149","2026-05-12 12:45:43.143329","262.107438","0.000000","","4","","","","keyboard","digit#4 off","{""value"":4,""note"":""digit#4 off"",""pd_used"":0}","2","0.016667","60.000000","1","",""
"Sergio_G01_CNS-LLF5RV3D8","cpeeg01","ses02","20260512_123954","2026-05-12 12:41:21.035802","NaN","4","digit","POSTDIG_FIX4_ON","154","2026-05-12 12:45:43.144123","262.107438","1.793769","","","","","","keyboard","after digit#4","{""note"":""after digit#4""}","2","0.016667","60.000000","1","",""
"Sergio_G01_CNS-LLF5RV3D8","cpeeg01","ses02","20260512_123954","2026-05-12 12:41:21.035802","NaN","4","digit","POSTDIG_FIX4_OFF","159","2026-05-12 12:45:44.937149","263.901207","0.002485","","","","","","keyboard","after digit#4","{""note"":""after digit#4"",""pd_used"":0}","2","0.016667","60.000000","1","",""
"Sergio_G01_CNS-LLF5RV3D8","cpeeg01","ses02","20260512_123954","2026-05-12 12:41:21.035802","NaN","4","digit","DIGIT5_ON","145","2026-05-12 12:45:44.939245","263.903691","0.501795","","1","","","","keyboard","digit#5 shown","{""value"":1,""note"":""digit#5 shown"",""pd_used"":1}","2","0.016667","60.000000","1","","1"
"Sergio_G01_CNS-LLF5RV3D8","cpeeg01","ses02","20260512_123954","2026-05-12 12:41:21.035802","NaN","4","digit","DIGIT5_OFF","150","2026-05-12 12:45:45.441358","264.405486","0.000000","","1","","","","keyboard","digit#5 off","{""value"":1,""note"":""digit#5 off"",""pd_used"":0}","2","0.016667","60.000000","1","",""
"Sergio_G01_CNS-LLF5RV3D8","cpeeg01","ses02","20260512_123954","2026-05-12 12:41:21.035802","NaN","4","digit","POSTDIG_FIX5_ON","155","2026-05-12 12:45:45.442079","264.405486","3.019444","","","","","","keyboard","after digit#5","{""note"":""after digit#5""}","2","0.016667","60.000000","1","",""
"Sergio_G01_CNS-LLF5RV3D8","cpeeg01","ses02","20260512_123954","2026-05-12 12:41:21.035802","NaN","4","digit","POSTDIG_FIX5_OFF","160","2026-05-12 12:45:48.460807","267.424931","0.002670","","","","","","keyboard","after digit#5","{""note"":""after digit#5"",""pd_used"":0}","2","0.016667","60.000000","1","",""
"Sergio_G01_CNS-LLF5RV3D8","cpeeg01","ses02","20260512_123954","2026-05-12 12:41:21.035802","NaN","4","distractor","DISTRACTOR_ON","50","2026-05-12 12:45:48.463164","267.427601","9.303751","","6+8=14","","","","keyboard","","{""value"":""6+8=14"",""isCorrectTruth"":true,""trueSum"":14,""pd_used"":1}","2","0.016667","60.000000","1","",""
"Sergio_G01_CNS-LLF5RV3D8","cpeeg01","ses02","20260512_123954","2026-05-12 12:41:21.035802","NaN","4","distractor","DISTRACTOR_ANS","51","2026-05-12 12:45:58.168215","276.731352","0.000000","9.303751","6+8=14","F","0","","keyboard","key= (False)","{""value"":""6+8=14"",""entered"":""F"",""rt"":9.30375130000175,""correct"":0,""note"":""key= (False)"",""truth"":true,""trueSum"":14,""shownSum"":14,""a"":6,""b"":8}","2","0.016667","60.000000","1","7.6009",""
"Sergio_G01_CNS-LLF5RV3D8","cpeeg01","ses02","20260512_123954","2026-05-12 12:41:21.035802","NaN","4","distractor","ANS_WRONG","200","2026-05-12 12:45:58.169280","276.731352","0.404357","","","","","","keyboard","","{}","2","0.016667","60.000000","1","",""
"Sergio_G01_CNS-LLF5RV3D8","cpeeg01","ses02","20260512_123954","2026-05-12 12:41:21.035802","NaN","4","distractor","DISTRACTOR_OFF","52","2026-05-12 12:45:58.171300","277.135709","0.000000","","","","","","keyboard","","{""pd_used"":0}","2","0.016667","60.000000","1","",""
"Sergio_G01_CNS-LLF5RV3D8","cpeeg01","ses02","20260512_123954","2026-05-12 12:41:21.035802","NaN","4","distractor","FIX2_ON","60","2026-05-12 12:45:58.171887","277.135709","3.440664","","","","","","keyboard","immediate after response","{""note"":""immediate after response""}","2","0.016667","60.000000","1","",""
"Sergio_G01_CNS-LLF5RV3D8","cpeeg01","ses02","20260512_123954","2026-05-12 12:41:21.035802","NaN","4","fix2","FIX2_OFF","61","2026-05-12 12:46:01.612292","280.576374","0.002483","","","","","","keyboard","","{""pd_used"":0}","2","0.016667","60.000000","1","",""
"Sergio_G01_CNS-LLF5RV3D8","cpeeg01","ses02","20260512_123954","2026-05-12 12:41:21.035802","NaN","4","probe","DIGIT_RECALL_LINE_1","161","2026-05-12 12:46:01.614486","280.578857","1.011973","","1","","","","keyboard","first recall question","{""value"":1,""note"":""first recall question"",""pd_used"":1}","2","0.016667","60.000000","1","",""
"Sergio_G01_CNS-LLF5RV3D8","cpeeg01","ses02","20260512_123954","2026-05-12 12:41:21.035802","NaN","4","probe","PROBE_DIGIT_OK_1","71","2026-05-12 12:46:03.318984","281.590830","0.754238","1.013246","slot#1","1","1","","keyboard","probe_digit#1","{""value"":""slot#1"",""entered"":1,""rt"":1.0132460000168066,""note"":""probe_digit#1""}","2","0.016667","60.000000","1","NaN",""
"Sergio_G01_CNS-LLF5RV3D8","cpeeg01","ses02","20260512_123954","2026-05-12 12:41:21.035802","NaN","4","probe","DIGIT1_OFF","146","2026-05-12 12:46:03.380957","282.345068","0.000000","","1","","","","keyboard","digit#1 off","{""value"":1,""note"":""digit#1 off"",""pd_used"":0}","2","0.016667","60.000000","1","",""
"Sergio_G01_CNS-LLF5RV3D8","cpeeg01","ses02","20260512_123954","2026-05-12 12:41:21.035802","NaN","4","probe","POSTDIG_FIX1_ON","151","2026-05-12 12:46:03.381670","282.345068","1.666079","","","","","","keyboard","after digit#1","{""note"":""after digit#1""}","2","0.016667","60.000000","1","",""
"Sergio_G01_CNS-LLF5RV3D8","cpeeg01","ses02","20260512_123954","2026-05-12 12:41:21.035802","NaN","4","probe","POSTDIG_FIX1_OFF","156","2026-05-12 12:46:05.046989","284.011147","0.004853","","","","","","keyboard","after digit#1","{""note"":""after digit#1"",""pd_used"":0}","2","0.016667","60.000000","1","",""
"Sergio_G01_CNS-LLF5RV3D8","cpeeg01","ses02","20260512_123954","2026-05-12 12:41:21.035802","NaN","4","probe","DIGIT_RECALL_LINE_2","162","2026-05-12 12:46:05.051549","284.016000","2.290637","","2","","","","keyboard","next recall question","{""value"":2,""note"":""next recall question"",""pd_used"":1}","2","0.016667","60.000000","1","",""
"Sergio_G01_CNS-LLF5RV3D8","cpeeg01","ses02","20260512_123954","2026-05-12 12:41:21.035802","NaN","4","probe","PROBE_DIGIT_OK_2","71","2026-05-12 12:46:07.836681","286.306637","0.555076","5.729053","slot#2","2","0","","keyboard","probe_digit#2","{""value"":""slot#2"",""entered"":2,""rt"":5.7290530000173021,""note"":""probe_digit#2""}","2","0.016667","60.000000","1","2.2921",""
"Sergio_G01_CNS-LLF5RV3D8","cpeeg01","ses02","20260512_123954","2026-05-12 12:41:21.035802","NaN","4","probe","DIGIT2_OFF","147","2026-05-12 12:46:07.897475","286.861713","0.000000","","1","","","","keyboard","digit#2 off","{""value"":1,""note"":""digit#2 off"",""pd_used"":0}","2","0.016667","60.000000","1","",""
"Sergio_G01_CNS-LLF5RV3D8","cpeeg01","ses02","20260512_123954","2026-05-12 12:41:21.035802","NaN","4","probe","POSTDIG_FIX2_ON","152","2026-05-12 12:46:07.898237","286.861713","1.592167","","","","","","keyboard","after digit#2","{""note"":""after digit#2""}","2","0.016667","60.000000","1","",""
"Sergio_G01_CNS-LLF5RV3D8","cpeeg01","ses02","20260512_123954","2026-05-12 12:41:21.035802","NaN","4","probe","POSTDIG_FIX2_OFF","157","2026-05-12 12:46:09.489837","288.453880","0.005091","","","","","","keyboard","after digit#2","{""note"":""after digit#2"",""pd_used"":0}","2","0.016667","60.000000","1","",""
"Sergio_G01_CNS-LLF5RV3D8","cpeeg01","ses02","20260512_123954","2026-05-12 12:41:21.035802","NaN","4","probe","DIGIT_RECALL_LINE_3","163","2026-05-12 12:46:09.494553","288.458971","1.498534","","3","","","","keyboard","next recall question","{""value"":3,""note"":""next recall question"",""pd_used"":1}","2","0.016667","60.000000","1","",""
"Sergio_G01_CNS-LLF5RV3D8","cpeeg01","ses02","20260512_123954","2026-05-12 12:41:21.035802","NaN","4","probe","PROBE_DIGIT_OK_3","71","2026-05-12 12:46:11.336780","289.957505","0.408352","9.379921","slot#3","2","1","","keyboard","probe_digit#3","{""value"":""slot#3"",""entered"":2,""rt"":9.3799213000165764,""note"":""probe_digit#3""}","2","0.016667","60.000000","1","1.3747",""
"Sergio_G01_CNS-LLF5RV3D8","cpeeg01","ses02","20260512_123954","2026-05-12 12:41:21.035802","NaN","4","probe","DIGIT3_OFF","148","2026-05-12 12:46:11.401744","290.365858","0.000000","","1","","","","keyboard","digit#3 off","{""value"":1,""note"":""digit#3 off"",""pd_used"":0}","2","0.016667","60.000000","1","",""
"Sergio_G01_CNS-LLF5RV3D8","cpeeg01","ses02","20260512_123954","2026-05-12 12:41:21.035802","NaN","4","probe","POSTDIG_FIX3_ON","153","2026-05-12 12:46:11.402451","290.365858","1.950565","","","","","","keyboard","after digit#3","{""note"":""after digit#3""}","2","0.016667","60.000000","1","",""
"Sergio_G01_CNS-LLF5RV3D8","cpeeg01","ses02","20260512_123954","2026-05-12 12:41:21.035802","NaN","4","probe","POSTDIG_FIX3_OFF","158","2026-05-12 12:46:13.352310","292.316423","0.005051","","","","","","keyboard","after digit#3","{""note"":""after digit#3"",""pd_used"":0}","2","0.016667","60.000000","1","",""
"Sergio_G01_CNS-LLF5RV3D8","cpeeg01","ses02","20260512_123954","2026-05-12 12:41:21.035802","NaN","4","probe","DIGIT_RECALL_LINE_4","164","2026-05-12 12:46:13.357038","292.321474","1.039846","","4","","","","keyboard","next recall question","{""value"":4,""note"":""next recall question"",""pd_used"":1}","2","0.016667","60.000000","1","",""
"Sergio_G01_CNS-LLF5RV3D8","cpeeg01","ses02","20260512_123954","2026-05-12 12:41:21.035802","NaN","4","probe","PROBE_DIGIT_OK_4","71","2026-05-12 12:46:14.875967","293.361320","0.550585","12.783736","slot#4","4","1","","keyboard","probe_digit#4","{""value"":""slot#4"",""entered"":4,""rt"":12.783735900011379,""note"":""probe_digit#4""}","2","0.016667","60.000000","1","1.0031",""
"Sergio_G01_CNS-LLF5RV3D8","cpeeg01","ses02","20260512_123954","2026-05-12 12:41:21.035802","NaN","4","probe","DIGIT4_OFF","149","2026-05-12 12:46:14.947726","293.911905","0.000000","","1","","","","keyboard","digit#4 off","{""value"":1,""note"":""digit#4 off"",""pd_used"":0}","2","0.016667","60.000000","1","",""
"Sergio_G01_CNS-LLF5RV3D8","cpeeg01","ses02","20260512_123954","2026-05-12 12:41:21.035802","NaN","4","probe","POSTDIG_FIX4_ON","154","2026-05-12 12:46:14.948462","293.911905","1.530999","","","","","","keyboard","after digit#4","{""note"":""after digit#4""}","2","0.016667","60.000000","1","",""
"Sergio_G01_CNS-LLF5RV3D8","cpeeg01","ses02","20260512_123954","2026-05-12 12:41:21.035802","NaN","4","probe","POSTDIG_FIX4_OFF","159","2026-05-12 12:46:16.478799","295.442903","0.005023","","","","","","keyboard","after digit#4","{""note"":""after digit#4"",""pd_used"":0}","2","0.016667","60.000000","1","",""
"Sergio_G01_CNS-LLF5RV3D8","cpeeg01","ses02","20260512_123954","2026-05-12 12:41:21.035802","NaN","4","probe","DIGIT_RECALL_LINE_5","165","2026-05-12 12:46:16.483545","295.447926","0.982711","","5","","","","keyboard","next recall question","{""value"":5,""note"":""next recall question"",""pd_used"":1}","2","0.016667","60.000000","1","",""
"Sergio_G01_CNS-LLF5RV3D8","cpeeg01","ses02","20260512_123954","2026-05-12 12:41:21.035802","NaN","4","probe","PROBE_DIGIT_OK_5","71","2026-05-12 12:46:17.858682","296.430637","0.455738","15.853053","slot#5","1","1","","keyboard","probe_digit#5","{""value"":""slot#5"",""entered"":1,""rt"":15.853052999998908,""note"":""probe_digit#5""}","2","0.016667","60.000000","1","0.73262",""
"Sergio_G01_CNS-LLF5RV3D8","cpeeg01","ses02","20260512_123954","2026-05-12 12:41:21.035802","NaN","4","probe","DIGIT5_OFF","150","2026-05-12 12:46:17.922232","296.886375","0.000000","","1","","","","keyboard","digit#5 off","{""value"":1,""note"":""digit#5 off"",""pd_used"":0}","2","0.016667","60.000000","1","",""
"Sergio_G01_CNS-LLF5RV3D8","cpeeg01","ses02","20260512_123954","2026-05-12 12:41:21.035802","NaN","4","probe","POSTDIG_FIX5_ON","155","2026-05-12 12:46:17.922965","296.886375","3.473164","","","","","","keyboard","after digit#5","{""note"":""after digit#5""}","2","0.016667","60.000000","1","",""
"Sergio_G01_CNS-LLF5RV3D8","cpeeg01","ses02","20260512_123954","2026-05-12 12:41:21.035802","NaN","4","probe","POSTDIG_FIX5_OFF","160","2026-05-12 12:46:21.395409","300.359538","0.002587","","","","","","keyboard","after digit#5","{""note"":""after digit#5"",""pd_used"":0}","2","0.016667","60.000000","1","",""
"Sergio_G01_CNS-LLF5RV3D8","cpeeg01","ses02","20260512_123954","2026-05-12 12:41:21.035802","NaN","4","probe","PROBE_DONE","73","2026-05-12 12:46:21.397627","300.362125","0.000590","","","","","","keyboard","probe complete","{""value"":"""",""note"":""probe complete""}","2","0.016667","60.000000","1","",""
"Sergio_G01_CNS-LLF5RV3D8","cpeeg01","ses02","20260512_123954","2026-05-12 12:41:21.035802","NaN","4","probe","TRIAL_END","21","2026-05-12 12:46:21.398130","300.362715","0.069378","","","","","","keyboard","","{}","2","0.016667","60.000000","1","",""
"Sergio_G01_CNS-LLF5RV3D8","cpeeg01","ses02","20260512_123954","2026-05-12 12:41:21.035802","NaN","5","probe","TRIAL_CHANGE","22","2026-05-12 12:46:21.467770","300.432093","0.001047","","","","","","keyboard","trial transition","{""note"":""trial transition""}","2","0.016667","60.000000","1","",""
"Sergio_G01_CNS-LLF5RV3D8","cpeeg01","ses02","20260512_123954","2026-05-12 12:41:21.035802","NaN","5","probe","TRIAL_START","20","2026-05-12 12:46:21.468843","300.433140","0.002053","","","","","","keyboard","","{}","2","0.016667","60.000000","1","",""
"Sergio_G01_CNS-LLF5RV3D8","cpeeg01","ses02","20260512_123954","2026-05-12 12:41:21.035802","NaN","5","fix1","FIX1_ON","30","2026-05-12 12:46:21.470859","300.435193","3.359169","","","","","","keyboard","","{""pd_used"":0}","2","0.016667","60.000000","1","",""
"Sergio_G01_CNS-LLF5RV3D8","cpeeg01","ses02","20260512_123954","2026-05-12 12:41:21.035802","NaN","5","fix1","FIX1_OFF","31","2026-05-12 12:46:24.830280","303.794362","0.002518","","","","","","keyboard","","{""pd_used"":0}","2","0.016667","60.000000","1","",""
"Sergio_G01_CNS-LLF5RV3D8","cpeeg01","ses02","20260512_123954","2026-05-12 12:41:21.035802","NaN","5","digit","DIGIT1_ON","141","2026-05-12 12:46:24.832479","303.796880","0.502069","","1","","","","keyboard","digit#1 shown","{""value"":1,""note"":""digit#1 shown"",""pd_used"":1}","2","0.016667","60.000000","1","","1"
"Sergio_G01_CNS-LLF5RV3D8","cpeeg01","ses02","20260512_123954","2026-05-12 12:41:21.035802","NaN","5","digit","DIGIT1_OFF","146","2026-05-12 12:46:25.334836","304.298949","0.000000","","1","","","","keyboard","digit#1 off","{""value"":1,""note"":""digit#1 off"",""pd_used"":0}","2","0.016667","60.000000","1","",""
"Sergio_G01_CNS-LLF5RV3D8","cpeeg01","ses02","20260512_123954","2026-05-12 12:41:21.035802","NaN","5","digit","POSTDIG_FIX1_ON","151","2026-05-12 12:46:25.335542","304.298949","1.806282","","","","","","keyboard","after digit#1","{""note"":""after digit#1""}","2","0.016667","60.000000","1","",""
"Sergio_G01_CNS-LLF5RV3D8","cpeeg01","ses02","20260512_123954","2026-05-12 12:41:21.035802","NaN","5","digit","POSTDIG_FIX1_OFF","156","2026-05-12 12:46:27.141215","306.105231","0.002540","","","","","","keyboard","after digit#1","{""note"":""after digit#1"",""pd_used"":0}","2","0.016667","60.000000","1","",""
"Sergio_G01_CNS-LLF5RV3D8","cpeeg01","ses02","20260512_123954","2026-05-12 12:41:21.035802","NaN","5","digit","DIGIT2_ON","142","2026-05-12 12:46:27.143340","306.107771","0.501820","","3","","","","keyboard","digit#2 shown","{""value"":3,""note"":""digit#2 shown"",""pd_used"":1}","2","0.016667","60.000000","1","","1"
"Sergio_G01_CNS-LLF5RV3D8","cpeeg01","ses02","20260512_123954","2026-05-12 12:41:21.035802","NaN","5","digit","DIGIT2_OFF","147","2026-05-12 12:46:27.645461","306.609591","0.000000","","3","","","","keyboard","digit#2 off","{""value"":3,""note"":""digit#2 off"",""pd_used"":0}","2","0.016667","60.000000","1","",""
"Sergio_G01_CNS-LLF5RV3D8","cpeeg01","ses02","20260512_123954","2026-05-12 12:41:21.035802","NaN","5","digit","POSTDIG_FIX2_ON","152","2026-05-12 12:46:27.646237","306.609591","1.517003","","","","","","keyboard","after digit#2","{""note"":""after digit#2""}","2","0.016667","60.000000","1","",""
"Sergio_G01_CNS-LLF5RV3D8","cpeeg01","ses02","20260512_123954","2026-05-12 12:41:21.035802","NaN","5","digit","POSTDIG_FIX2_OFF","157","2026-05-12 12:46:29.162524","308.126593","0.002612","","","","","","keyboard","after digit#2","{""note"":""after digit#2"",""pd_used"":0}","2","0.016667","60.000000","1","",""
"Sergio_G01_CNS-LLF5RV3D8","cpeeg01","ses02","20260512_123954","2026-05-12 12:41:21.035802","NaN","5","digit","DIGIT3_ON","143","2026-05-12 12:46:29.164788","308.129206","0.501972","","0","","","","keyboard","digit#3 shown","{""value"":0,""note"":""digit#3 shown"",""pd_used"":1}","2","0.016667","60.000000","1","","1"
"Sergio_G01_CNS-LLF5RV3D8","cpeeg01","ses02","20260512_123954","2026-05-12 12:41:21.035802","NaN","5","digit","DIGIT3_OFF","148","2026-05-12 12:46:29.667086","308.631178","0.000000","","0","","","","keyboard","digit#3 off","{""value"":0,""note"":""digit#3 off"",""pd_used"":0}","2","0.016667","60.000000","1","",""
"Sergio_G01_CNS-LLF5RV3D8","cpeeg01","ses02","20260512_123954","2026-05-12 12:41:21.035802","NaN","5","digit","POSTDIG_FIX3_ON","153","2026-05-12 12:46:29.667815","308.631178","1.653907","","","","","","keyboard","after digit#3","{""note"":""after digit#3""}","2","0.016667","60.000000","1","",""
"Sergio_G01_CNS-LLF5RV3D8","cpeeg01","ses02","20260512_123954","2026-05-12 12:41:21.035802","NaN","5","digit","POSTDIG_FIX3_OFF","158","2026-05-12 12:46:31.320994","310.285085","0.002514","","","","","","keyboard","after digit#3","{""note"":""after digit#3"",""pd_used"":0}","2","0.016667","60.000000","1","",""
"Sergio_G01_CNS-LLF5RV3D8","cpeeg01","ses02","20260512_123954","2026-05-12 12:41:21.035802","NaN","5","digit","DIGIT4_ON","144","2026-05-12 12:46:31.323173","310.287598","0.501760","","9","","","","keyboard","digit#4 shown","{""value"":9,""note"":""digit#4 shown"",""pd_used"":1}","2","0.016667","60.000000","1","","1"
"Sergio_G01_CNS-LLF5RV3D8","cpeeg01","ses02","20260512_123954","2026-05-12 12:41:21.035802","NaN","5","digit","DIGIT4_OFF","149","2026-05-12 12:46:31.825223","310.789358","0.000000","","9","","","","keyboard","digit#4 off","{""value"":9,""note"":""digit#4 off"",""pd_used"":0}","2","0.016667","60.000000","1","",""
"Sergio_G01_CNS-LLF5RV3D8","cpeeg01","ses02","20260512_123954","2026-05-12 12:41:21.035802","NaN","5","digit","POSTDIG_FIX4_ON","154","2026-05-12 12:46:31.826006","310.789358","1.609597","","","","","","keyboard","after digit#4","{""note"":""after digit#4""}","2","0.016667","60.000000","1","",""
"Sergio_G01_CNS-LLF5RV3D8","cpeeg01","ses02","20260512_123954","2026-05-12 12:41:21.035802","NaN","5","digit","POSTDIG_FIX4_OFF","159","2026-05-12 12:46:33.434829","312.398956","0.002470","","","","","","keyboard","after digit#4","{""note"":""after digit#4"",""pd_used"":0}","2","0.016667","60.000000","1","",""
"Sergio_G01_CNS-LLF5RV3D8","cpeeg01","ses02","20260512_123954","2026-05-12 12:41:21.035802","NaN","5","digit","DIGIT5_ON","145","2026-05-12 12:46:33.436969","312.401425","0.501779","","4","","","","keyboard","digit#5 shown","{""value"":4,""note"":""digit#5 shown"",""pd_used"":1}","2","0.016667","60.000000","1","","0"
"Sergio_G01_CNS-LLF5RV3D8","cpeeg01","ses02","20260512_123954","2026-05-12 12:41:21.035802","NaN","5","digit","DIGIT5_OFF","150","2026-05-12 12:46:33.939060","312.903204","0.000000","","4","","","","keyboard","digit#5 off","{""value"":4,""note"":""digit#5 off"",""pd_used"":0}","2","0.016667","60.000000","1","",""
"Sergio_G01_CNS-LLF5RV3D8","cpeeg01","ses02","20260512_123954","2026-05-12 12:41:21.035802","NaN","5","digit","POSTDIG_FIX5_ON","155","2026-05-12 12:46:33.940008","312.903204","3.410373","","","","","","keyboard","after digit#5","{""note"":""after digit#5""}","2","0.016667","60.000000","1","",""
"Sergio_G01_CNS-LLF5RV3D8","cpeeg01","ses02","20260512_123954","2026-05-12 12:41:21.035802","NaN","5","digit","POSTDIG_FIX5_OFF","160","2026-05-12 12:46:37.349428","316.313578","0.002565","","","","","","keyboard","after digit#5","{""note"":""after digit#5"",""pd_used"":0}","2","0.016667","60.000000","1","",""
"Sergio_G01_CNS-LLF5RV3D8","cpeeg01","ses02","20260512_123954","2026-05-12 12:41:21.035802","NaN","5","distractor","DISTRACTOR_ON","50","2026-05-12 12:46:37.351718","316.316143","4.018101","","6+9=12","","","","keyboard","","{""value"":""6+9=12"",""isCorrectTruth"":false,""trueSum"":15,""pd_used"":1}","2","0.016667","60.000000","1","",""
"Sergio_G01_CNS-LLF5RV3D8","cpeeg01","ses02","20260512_123954","2026-05-12 12:41:21.035802","NaN","5","distractor","DISTRACTOR_ANS","51","2026-05-12 12:46:41.958355","320.334243","0.000000","4.018101","6+9=12","F","1","","keyboard","key= (False)","{""value"":""6+9=12"",""entered"":""F"",""rt"":4.0181005999911577,""correct"":1,""note"":""key= (False)"",""truth"":false,""trueSum"":15,""shownSum"":12,""a"":6,""b"":9}","2","0.016667","60.000000","1","2.32",""
"Sergio_G01_CNS-LLF5RV3D8","cpeeg01","ses02","20260512_123954","2026-05-12 12:41:21.035802","NaN","5","distractor","ANS_CORRECT","100","2026-05-12 12:46:41.959094","320.334243","0.591033","","","","","","keyboard","","{}","2","0.016667","60.000000","1","",""
"Sergio_G01_CNS-LLF5RV3D8","cpeeg01","ses02","20260512_123954","2026-05-12 12:41:21.035802","NaN","5","distractor","DISTRACTOR_OFF","52","2026-05-12 12:46:41.960906","320.925277","0.000000","","","","","","keyboard","","{""pd_used"":0}","2","0.016667","60.000000","1","",""
"Sergio_G01_CNS-LLF5RV3D8","cpeeg01","ses02","20260512_123954","2026-05-12 12:41:21.035802","NaN","5","distractor","FIX2_ON","60","2026-05-12 12:46:41.961420","320.925277","3.458005","","","","","","keyboard","immediate after response","{""note"":""immediate after response""}","2","0.016667","60.000000","1","",""
"Sergio_G01_CNS-LLF5RV3D8","cpeeg01","ses02","20260512_123954","2026-05-12 12:41:21.035802","NaN","5","fix2","FIX2_OFF","61","2026-05-12 12:46:45.419197","324.383281","0.002553","","","","","","keyboard","","{""pd_used"":0}","2","0.016667","60.000000","1","",""
"Sergio_G01_CNS-LLF5RV3D8","cpeeg01","ses02","20260512_123954","2026-05-12 12:41:21.035802","NaN","5","probe","DIGIT_RECALL_LINE_1","161","2026-05-12 12:46:45.421424","324.385834","1.250066","","1","","","","keyboard","first recall question","{""value"":1,""note"":""first recall question"",""pd_used"":1}","2","0.016667","60.000000","1","",""
"Sergio_G01_CNS-LLF5RV3D8","cpeeg01","ses02","20260512_123954","2026-05-12 12:41:21.035802","NaN","5","probe","PROBE_DIGIT_OK_1","71","2026-05-12 12:46:47.249414","325.635901","0.650038","1.251397","slot#1","1","1","","keyboard","probe_digit#1","{""value"":""slot#1"",""entered"":1,""rt"":1.251397200016072,""note"":""probe_digit#1""}","2","0.016667","60.000000","1","1.0938",""
"Sergio_G01_CNS-LLF5RV3D8","cpeeg01","ses02","20260512_123954","2026-05-12 12:41:21.035802","NaN","5","probe","DIGIT1_OFF","146","2026-05-12 12:46:47.321821","326.285938","0.000000","","4","","","","keyboard","digit#1 off","{""value"":4,""note"":""digit#1 off"",""pd_used"":0}","2","0.016667","60.000000","1","",""
"Sergio_G01_CNS-LLF5RV3D8","cpeeg01","ses02","20260512_123954","2026-05-12 12:41:21.035802","NaN","5","probe","POSTDIG_FIX1_ON","151","2026-05-12 12:46:47.322513","326.285938","1.735899","","","","","","keyboard","after digit#1","{""note"":""after digit#1""}","2","0.016667","60.000000","1","",""
"Sergio_G01_CNS-LLF5RV3D8","cpeeg01","ses02","20260512_123954","2026-05-12 12:41:21.035802","NaN","5","probe","POSTDIG_FIX1_OFF","156","2026-05-12 12:46:49.057961","328.021837","0.004969","","","","","","keyboard","after digit#1","{""note"":""after digit#1"",""pd_used"":0}","2","0.016667","60.000000","1","",""
"Sergio_G01_CNS-LLF5RV3D8","cpeeg01","ses02","20260512_123954","2026-05-12 12:41:21.035802","NaN","5","probe","DIGIT_RECALL_LINE_2","162","2026-05-12 12:46:49.062392","328.026806","1.104166","","2","","","","keyboard","next recall question","{""value"":2,""note"":""next recall question"",""pd_used"":1}","2","0.016667","60.000000","1","",""
"Sergio_G01_CNS-LLF5RV3D8","cpeeg01","ses02","20260512_123954","2026-05-12 12:41:21.035802","NaN","5","probe","PROBE_DIGIT_OK_2","71","2026-05-12 12:46:50.731045","329.130972","0.637241","4.746468","slot#2","3","1","","keyboard","probe_digit#2","{""value"":""slot#2"",""entered"":3,""rt"":4.7464682999998331,""note"":""probe_digit#2""}","2","0.016667","60.000000","1","0.9985",""
"Sergio_G01_CNS-LLF5RV3D8","cpeeg01","ses02","20260512_123954","2026-05-12 12:41:21.035802","NaN","5","probe","DIGIT2_OFF","147","2026-05-12 12:46:50.804001","329.768212","0.000000","","4","","","","keyboard","digit#2 off","{""value"":4,""note"":""digit#2 off"",""pd_used"":0}","2","0.016667","60.000000","1","",""
"Sergio_G01_CNS-LLF5RV3D8","cpeeg01","ses02","20260512_123954","2026-05-12 12:41:21.035802","NaN","5","probe","POSTDIG_FIX2_ON","152","2026-05-12 12:46:50.804697","329.768212","1.577045","","","","","","keyboard","after digit#2","{""note"":""after digit#2""}","2","0.016667","60.000000","1","",""
"Sergio_G01_CNS-LLF5RV3D8","cpeeg01","ses02","20260512_123954","2026-05-12 12:41:21.035802","NaN","5","probe","POSTDIG_FIX2_OFF","157","2026-05-12 12:46:52.381133","331.345257","0.005724","","","","","","keyboard","after digit#2","{""note"":""after digit#2"",""pd_used"":0}","2","0.016667","60.000000","1","",""
"Sergio_G01_CNS-LLF5RV3D8","cpeeg01","ses02","20260512_123954","2026-05-12 12:41:21.035802","NaN","5","probe","DIGIT_RECALL_LINE_3","163","2026-05-12 12:46:52.386803","331.350981","1.649242","","3","","","","keyboard","next recall question","{""value"":3,""note"":""next recall question"",""pd_used"":1}","2","0.016667","60.000000","1","",""
"Sergio_G01_CNS-LLF5RV3D8","cpeeg01","ses02","20260512_123954","2026-05-12 12:41:21.035802","NaN","5","probe","PROBE_DIGIT_OK_3","71","2026-05-12 12:46:54.625640","333.000223","0.652267","8.615719","slot#3","0","1","","keyboard","probe_digit#3","{""value"":""slot#3"",""entered"":0,""rt"":8.6157191000238527,""note"":""probe_digit#3""}","2","0.016667","60.000000","1","1.6294",""
"Sergio_G01_CNS-LLF5RV3D8","cpeeg01","ses02","20260512_123954","2026-05-12 12:41:21.035802","NaN","5","probe","DIGIT3_OFF","148","2026-05-12 12:46:54.688381","333.652490","0.000000","","4","","","","keyboard","digit#3 off","{""value"":4,""note"":""digit#3 off"",""pd_used"":0}","2","0.016667","60.000000","1","",""
"Sergio_G01_CNS-LLF5RV3D8","cpeeg01","ses02","20260512_123954","2026-05-12 12:41:21.035802","NaN","5","probe","POSTDIG_FIX3_ON","153","2026-05-12 12:46:54.689146","333.652490","1.943882","","","","","","keyboard","after digit#3","{""note"":""after digit#3""}","2","0.016667","60.000000","1","",""
"Sergio_G01_CNS-LLF5RV3D8","cpeeg01","ses02","20260512_123954","2026-05-12 12:41:21.035802","NaN","5","probe","POSTDIG_FIX3_OFF","158","2026-05-12 12:46:56.632479","335.596371","0.005050","","","","","","keyboard","after digit#3","{""note"":""after digit#3"",""pd_used"":0}","2","0.016667","60.000000","1","",""
"Sergio_G01_CNS-LLF5RV3D8","cpeeg01","ses02","20260512_123954","2026-05-12 12:41:21.035802","NaN","5","probe","DIGIT_RECALL_LINE_4","164","2026-05-12 12:46:56.637109","335.601422","0.946919","","4","","","","keyboard","next recall question","{""value"":4,""note"":""next recall question"",""pd_used"":1}","2","0.016667","60.000000","1","",""
"Sergio_G01_CNS-LLF5RV3D8","cpeeg01","ses02","20260512_123954","2026-05-12 12:41:21.035802","NaN","5","probe","PROBE_DIGIT_OK_4","71","2026-05-12 12:46:57.996556","336.548341","0.479641","12.163838","slot#4","9","1","","keyboard","probe_digit#4","{""value"":""slot#4"",""entered"":9,""rt"":12.163837500003865,""note"":""probe_digit#4""}","2","0.016667","60.000000","1","0.68388",""
"Sergio_G01_CNS-LLF5RV3D8","cpeeg01","ses02","20260512_123954","2026-05-12 12:41:21.035802","NaN","5","probe","DIGIT4_OFF","149","2026-05-12 12:46:58.063776","337.027982","0.000000","","4","","","","keyboard","digit#4 off","{""value"":4,""note"":""digit#4 off"",""pd_used"":0}","2","0.016667","60.000000","1","",""
"Sergio_G01_CNS-LLF5RV3D8","cpeeg01","ses02","20260512_123954","2026-05-12 12:41:21.035802","NaN","5","probe","POSTDIG_FIX4_ON","154","2026-05-12 12:46:58.064447","337.027982","1.979990","","","","","","keyboard","after digit#4","{""note"":""after digit#4""}","2","0.016667","60.000000","1","",""
"Sergio_G01_CNS-LLF5RV3D8","cpeeg01","ses02","20260512_123954","2026-05-12 12:41:21.035802","NaN","5","probe","POSTDIG_FIX4_OFF","159","2026-05-12 12:47:00.043831","339.007972","0.005060","","","","","","keyboard","after digit#4","{""note"":""after digit#4"",""pd_used"":0}","2","0.016667","60.000000","1","",""
"Sergio_G01_CNS-LLF5RV3D8","cpeeg01","ses02","20260512_123954","2026-05-12 12:41:21.035802","NaN","5","probe","DIGIT_RECALL_LINE_5","165","2026-05-12 12:47:00.048645","339.013031","0.986787","","5","","","","keyboard","next recall question","{""value"":5,""note"":""next recall question"",""pd_used"":1}","2","0.016667","60.000000","1","",""
"Sergio_G01_CNS-LLF5RV3D8","cpeeg01","ses02","20260512_123954","2026-05-12 12:41:21.035802","NaN","5","probe","PROBE_DIGIT_OK_5","71","2026-05-12 12:47:01.579762","339.999818","0.612199","15.615315","slot#5","2","0","","keyboard","probe_digit#5","{""value"":""slot#5"",""entered"":2,""rt"":15.615314800001215,""note"":""probe_digit#5""}","2","0.016667","60.000000","1","0.98156",""
"Sergio_G01_CNS-LLF5RV3D8","cpeeg01","ses02","20260512_123954","2026-05-12 12:41:21.035802","NaN","5","probe","DIGIT5_OFF","150","2026-05-12 12:47:01.647879","340.612017","0.000000","","4","","","","keyboard","digit#5 off","{""value"":4,""note"":""digit#5 off"",""pd_used"":0}","2","0.016667","60.000000","1","",""
"Sergio_G01_CNS-LLF5RV3D8","cpeeg01","ses02","20260512_123954","2026-05-12 12:41:21.035802","NaN","5","probe","POSTDIG_FIX5_ON","155","2026-05-12 12:47:01.648635","340.612017","3.149274","","","","","","keyboard","after digit#5","{""note"":""after digit#5""}","2","0.016667","60.000000","1","",""
"Sergio_G01_CNS-LLF5RV3D8","cpeeg01","ses02","20260512_123954","2026-05-12 12:41:21.035802","NaN","5","probe","POSTDIG_FIX5_OFF","160","2026-05-12 12:47:04.797200","343.761292","0.002514","","","","","","keyboard","after digit#5","{""note"":""after digit#5"",""pd_used"":0}","2","0.016667","60.000000","1","",""
"Sergio_G01_CNS-LLF5RV3D8","cpeeg01","ses02","20260512_123954","2026-05-12 12:41:21.035802","NaN","5","probe","PROBE_DONE","73","2026-05-12 12:47:04.799336","343.763805","0.000632","","","","","","keyboard","probe complete","{""value"":"""",""note"":""probe complete""}","2","0.016667","60.000000","1","",""
"Sergio_G01_CNS-LLF5RV3D8","cpeeg01","ses02","20260512_123954","2026-05-12 12:41:21.035802","NaN","5","probe","TRIAL_END","21","2026-05-12 12:47:04.799870","343.764438","0.071361","","","","","","keyboard","","{}","2","0.016667","60.000000","1","",""
"Sergio_G01_CNS-LLF5RV3D8","cpeeg01","ses02","20260512_123954","2026-05-12 12:41:21.035802","NaN","6","probe","TRIAL_CHANGE","22","2026-05-12 12:47:04.871435","343.835799","0.000811","","","","","","keyboard","trial transition","{""note"":""trial transition""}","2","0.016667","60.000000","1","",""
"Sergio_G01_CNS-LLF5RV3D8","cpeeg01","ses02","20260512_123954","2026-05-12 12:41:21.035802","NaN","6","probe","TRIAL_START","20","2026-05-12 12:47:04.872037","343.836610","0.001482","","","","","","keyboard","","{}","2","0.016667","60.000000","1","",""
"Sergio_G01_CNS-LLF5RV3D8","cpeeg01","ses02","20260512_123954","2026-05-12 12:41:21.035802","NaN","6","fix1","FIX1_ON","30","2026-05-12 12:47:04.873637","343.838092","3.381780","","","","","","keyboard","","{""pd_used"":0}","2","0.016667","60.000000","1","",""
"Sergio_G01_CNS-LLF5RV3D8","cpeeg01","ses02","20260512_123954","2026-05-12 12:41:21.035802","NaN","6","fix1","FIX1_OFF","31","2026-05-12 12:47:08.255806","347.219872","0.002487","","","","","","keyboard","","{""pd_used"":0}","2","0.016667","60.000000","1","",""
"Sergio_G01_CNS-LLF5RV3D8","cpeeg01","ses02","20260512_123954","2026-05-12 12:41:21.035802","NaN","6","digit","DIGIT1_ON","141","2026-05-12 12:47:08.257940","347.222359","0.501768","","5","","","","keyboard","digit#1 shown","{""value"":5,""note"":""digit#1 shown"",""pd_used"":1}","2","0.016667","60.000000","1","","0"
"Sergio_G01_CNS-LLF5RV3D8","cpeeg01","ses02","20260512_123954","2026-05-12 12:41:21.035802","NaN","6","digit","DIGIT1_OFF","146","2026-05-12 12:47:08.759972","347.724128","0.000000","","5","","","","keyboard","digit#1 off","{""value"":5,""note"":""digit#1 off"",""pd_used"":0}","2","0.016667","60.000000","1","",""
"Sergio_G01_CNS-LLF5RV3D8","cpeeg01","ses02","20260512_123954","2026-05-12 12:41:21.035802","NaN","6","digit","POSTDIG_FIX1_ON","151","2026-05-12 12:47:08.760685","347.724128","1.953030","","","","","","keyboard","after digit#1","{""note"":""after digit#1""}","2","0.016667","60.000000","1","",""
"Sergio_G01_CNS-LLF5RV3D8","cpeeg01","ses02","20260512_123954","2026-05-12 12:41:21.035802","NaN","6","digit","POSTDIG_FIX1_OFF","156","2026-05-12 12:47:10.713288","349.677158","0.002508","","","","","","keyboard","after digit#1","{""note"":""after digit#1"",""pd_used"":0}","2","0.016667","60.000000","1","",""
"Sergio_G01_CNS-LLF5RV3D8","cpeeg01","ses02","20260512_123954","2026-05-12 12:41:21.035802","NaN","6","digit","DIGIT2_ON","142","2026-05-12 12:47:10.715244","349.679666","0.502062","","6","","","","keyboard","digit#2 shown","{""value"":6,""note"":""digit#2 shown"",""pd_used"":1}","2","0.016667","60.000000","1","","1"
"Sergio_G01_CNS-LLF5RV3D8","cpeeg01","ses02","20260512_123954","2026-05-12 12:41:21.035802","NaN","6","digit","DIGIT2_OFF","147","2026-05-12 12:47:11.217598","350.181728","0.000000","","6","","","","keyboard","digit#2 off","{""value"":6,""note"":""digit#2 off"",""pd_used"":0}","2","0.016667","60.000000","1","",""
"Sergio_G01_CNS-LLF5RV3D8","cpeeg01","ses02","20260512_123954","2026-05-12 12:41:21.035802","NaN","6","digit","POSTDIG_FIX2_ON","152","2026-05-12 12:47:11.218358","350.181728","1.707068","","","","","","keyboard","after digit#2","{""note"":""after digit#2""}","2","0.016667","60.000000","1","",""
"Sergio_G01_CNS-LLF5RV3D8","cpeeg01","ses02","20260512_123954","2026-05-12 12:41:21.035802","NaN","6","digit","POSTDIG_FIX2_OFF","157","2026-05-12 12:47:12.924685","351.888796","0.002558","","","","","","keyboard","after digit#2","{""note"":""after digit#2"",""pd_used"":0}","2","0.016667","60.000000","1","",""
"Sergio_G01_CNS-LLF5RV3D8","cpeeg01","ses02","20260512_123954","2026-05-12 12:41:21.035802","NaN","6","digit","DIGIT3_ON","143","2026-05-12 12:47:12.927156","351.891354","0.502507","","4","","","","keyboard","digit#3 shown","{""value"":4,""note"":""digit#3 shown"",""pd_used"":1}","2","0.016667","60.000000","1","","0"
"Sergio_G01_CNS-LLF5RV3D8","cpeeg01","ses02","20260512_123954","2026-05-12 12:41:21.035802","NaN","6","digit","DIGIT3_OFF","148","2026-05-12 12:47:13.429734","352.393861","0.000000","","4","","","","keyboard","digit#3 off","{""value"":4,""note"":""digit#3 off"",""pd_used"":0}","2","0.016667","60.000000","1","",""
"Sergio_G01_CNS-LLF5RV3D8","cpeeg01","ses02","20260512_123954","2026-05-12 12:41:21.035802","NaN","6","digit","POSTDIG_FIX3_ON","153","2026-05-12 12:47:13.430468","352.393861","1.899774","","","","","","keyboard","after digit#3","{""note"":""after digit#3""}","2","0.016667","60.000000","1","",""
"Sergio_G01_CNS-LLF5RV3D8","cpeeg01","ses02","20260512_123954","2026-05-12 12:41:21.035802","NaN","6","digit","POSTDIG_FIX3_OFF","158","2026-05-12 12:47:15.329519","354.293635","0.002685","","","","","","keyboard","after digit#3","{""note"":""after digit#3"",""pd_used"":0}","2","0.016667","60.000000","1","",""
"Sergio_G01_CNS-LLF5RV3D8","cpeeg01","ses02","20260512_123954","2026-05-12 12:41:21.035802","NaN","6","digit","DIGIT4_ON","144","2026-05-12 12:47:15.331927","354.296320","0.501963","","7","","","","keyboard","digit#4 shown","{""value"":7,""note"":""digit#4 shown"",""pd_used"":1}","2","0.016667","60.000000","1","","1"
"Sergio_G01_CNS-LLF5RV3D8","cpeeg01","ses02","20260512_123954","2026-05-12 12:41:21.035802","NaN","6","digit","DIGIT4_OFF","149","2026-05-12 12:47:15.834153","354.798283","0.000000","","7","","","","keyboard","digit#4 off","{""value"":7,""note"":""digit#4 off"",""pd_used"":0}","2","0.016667","60.000000","1","",""
"Sergio_G01_CNS-LLF5RV3D8","cpeeg01","ses02","20260512_123954","2026-05-12 12:41:21.035802","NaN","6","digit","POSTDIG_FIX4_ON","154","2026-05-12 12:47:15.834885","354.798283","1.820031","","","","","","keyboard","after digit#4","{""note"":""after digit#4""}","2","0.016667","60.000000","1","",""
"Sergio_G01_CNS-LLF5RV3D8","cpeeg01","ses02","20260512_123954","2026-05-12 12:41:21.035802","NaN","6","digit","POSTDIG_FIX4_OFF","159","2026-05-12 12:47:17.654185","356.618314","0.002507","","","","","","keyboard","after digit#4","{""note"":""after digit#4"",""pd_used"":0}","2","0.016667","60.000000","1","",""
"Sergio_G01_CNS-LLF5RV3D8","cpeeg01","ses02","20260512_123954","2026-05-12 12:41:21.035802","NaN","6","digit","DIGIT5_ON","145","2026-05-12 12:47:17.656409","356.620821","0.502031","","2","","","","keyboard","digit#5 shown","{""value"":2,""note"":""digit#5 shown"",""pd_used"":1}","2","0.016667","60.000000","1","","0"
"Sergio_G01_CNS-LLF5RV3D8","cpeeg01","ses02","20260512_123954","2026-05-12 12:41:21.035802","NaN","6","digit","DIGIT5_OFF","150","2026-05-12 12:47:18.158714","357.122852","0.000000","","2","","","","keyboard","digit#5 off","{""value"":2,""note"":""digit#5 off"",""pd_used"":0}","2","0.016667","60.000000","1","",""
"Sergio_G01_CNS-LLF5RV3D8","cpeeg01","ses02","20260512_123954","2026-05-12 12:41:21.035802","NaN","6","digit","POSTDIG_FIX5_ON","155","2026-05-12 12:47:18.159478","357.122852","3.146321","","","","","","keyboard","after digit#5","{""note"":""after digit#5""}","2","0.016667","60.000000","1","",""
"Sergio_G01_CNS-LLF5RV3D8","cpeeg01","ses02","20260512_123954","2026-05-12 12:41:21.035802","NaN","6","digit","POSTDIG_FIX5_OFF","160","2026-05-12 12:47:21.305028","360.269173","0.002508","","","","","","keyboard","after digit#5","{""note"":""after digit#5"",""pd_used"":0}","2","0.016667","60.000000","1","",""
"Sergio_G01_CNS-LLF5RV3D8","cpeeg01","ses02","20260512_123954","2026-05-12 12:41:21.035802","NaN","6","distractor","DISTRACTOR_ON","50","2026-05-12 12:47:21.307344","360.271681","3.798546","","2+2=7","","","","keyboard","","{""value"":""2+2=7"",""isCorrectTruth"":false,""trueSum"":4,""pd_used"":1}","2","0.016667","60.000000","1","",""
"Sergio_G01_CNS-LLF5RV3D8","cpeeg01","ses02","20260512_123954","2026-05-12 12:41:21.035802","NaN","6","distractor","DISTRACTOR_ANS","51","2026-05-12 12:47:25.426913","364.070226","0.000000","3.798546","2+2=7","F","1","","keyboard","key= (False)","{""value"":""2+2=7"",""entered"":""F"",""rt"":3.7985457999748178,""correct"":1,""note"":""key= (False)"",""truth"":false,""trueSum"":4,""shownSum"":7,""a"":2,""b"":2}","2","0.016667","60.000000","1","3.0276",""
"Sergio_G01_CNS-LLF5RV3D8","cpeeg01","ses02","20260512_123954","2026-05-12 12:41:21.035802","NaN","6","distractor","ANS_CORRECT","100","2026-05-12 12:47:25.427664","364.070226","0.323874","","","","","","keyboard","","{}","2","0.016667","60.000000","1","",""
"Sergio_G01_CNS-LLF5RV3D8","cpeeg01","ses02","20260512_123954","2026-05-12 12:41:21.035802","NaN","6","distractor","DISTRACTOR_OFF","52","2026-05-12 12:47:25.429651","364.394101","0.000000","","","","","","keyboard","","{""pd_used"":0}","2","0.016667","60.000000","1","",""
"Sergio_G01_CNS-LLF5RV3D8","cpeeg01","ses02","20260512_123954","2026-05-12 12:41:21.035802","NaN","6","distractor","FIX2_ON","60","2026-05-12 12:47:25.430304","364.394101","3.079605","","","","","","keyboard","immediate after response","{""note"":""immediate after response""}","2","0.016667","60.000000","1","",""
"Sergio_G01_CNS-LLF5RV3D8","cpeeg01","ses02","20260512_123954","2026-05-12 12:41:21.035802","NaN","6","fix2","FIX2_OFF","61","2026-05-12 12:47:28.509593","367.473705","0.002445","","","","","","keyboard","","{""pd_used"":0}","2","0.016667","60.000000","1","",""
"Sergio_G01_CNS-LLF5RV3D8","cpeeg01","ses02","20260512_123954","2026-05-12 12:41:21.035802","NaN","6","probe","DIGIT_RECALL_LINE_1","161","2026-05-12 12:47:28.511711","367.476150","2.039036","","1","","","","keyboard","first recall question","{""value"":1,""note"":""first recall question"",""pd_used"":1}","2","0.016667","60.000000","1","",""
"Sergio_G01_CNS-LLF5RV3D8","cpeeg01","ses02","20260512_123954","2026-05-12 12:41:21.035802","NaN","6","probe","PROBE_DIGIT_OK_1","71","2026-05-12 12:47:31.146343","369.515186","0.657618","2.040324","slot#1","4","0","","keyboard","probe_digit#1","{""value"":""slot#1"",""entered"":4,""rt"":2.0403235999983735,""note"":""probe_digit#1""}","2","0.016667","60.000000","1","1.9806",""
"Sergio_G01_CNS-LLF5RV3D8","cpeeg01","ses02","20260512_123954","2026-05-12 12:41:21.035802","NaN","6","probe","DIGIT1_OFF","146","2026-05-12 12:47:31.208594","370.172804","0.000000","","2","","","","keyboard","digit#1 off","{""value"":2,""note"":""digit#1 off"",""pd_used"":0}","2","0.016667","60.000000","1","",""
"Sergio_G01_CNS-LLF5RV3D8","cpeeg01","ses02","20260512_123954","2026-05-12 12:41:21.035802","NaN","6","probe","POSTDIG_FIX1_ON","151","2026-05-12 12:47:31.209304","370.172804","1.546130","","","","","","keyboard","after digit#1","{""note"":""after digit#1""}","2","0.016667","60.000000","1","",""
"Sergio_G01_CNS-LLF5RV3D8","cpeeg01","ses02","20260512_123954","2026-05-12 12:41:21.035802","NaN","6","probe","POSTDIG_FIX1_OFF","156","2026-05-12 12:47:32.755071","371.718934","0.004963","","","","","","keyboard","after digit#1","{""note"":""after digit#1"",""pd_used"":0}","2","0.016667","60.000000","1","",""
"Sergio_G01_CNS-LLF5RV3D8","cpeeg01","ses02","20260512_123954","2026-05-12 12:41:21.035802","NaN","6","probe","DIGIT_RECALL_LINE_2","162","2026-05-12 12:47:32.759442","371.723897","1.785901","","2","","","","keyboard","next recall question","{""value"":2,""note"":""next recall question"",""pd_used"":1}","2","0.016667","60.000000","1","",""
"Sergio_G01_CNS-LLF5RV3D8","cpeeg01","ses02","20260512_123954","2026-05-12 12:41:21.035802","NaN","6","probe","PROBE_DIGIT_OK_2","71","2026-05-12 12:47:35.087890","373.509798","0.606923","6.034936","slot#2","6","1","","keyboard","probe_digit#2","{""value"":""slot#2"",""entered"":6,""rt"":6.03493559997878,""note"":""probe_digit#2""}","2","0.016667","60.000000","1","1.7531",""
"Sergio_G01_CNS-LLF5RV3D8","cpeeg01","ses02","20260512_123954","2026-05-12 12:41:21.035802","NaN","6","probe","DIGIT2_OFF","147","2026-05-12 12:47:35.152615","374.116721","0.000000","","2","","","","keyboard","digit#2 off","{""value"":2,""note"":""digit#2 off"",""pd_used"":0}","2","0.016667","60.000000","1","",""
"Sergio_G01_CNS-LLF5RV3D8","cpeeg01","ses02","20260512_123954","2026-05-12 12:41:21.035802","NaN","6","probe","POSTDIG_FIX2_ON","152","2026-05-12 12:47:35.153314","374.116721","1.965976","","","","","","keyboard","after digit#2","{""note"":""after digit#2""}","2","0.016667","60.000000","1","",""
"Sergio_G01_CNS-LLF5RV3D8","cpeeg01","ses02","20260512_123954","2026-05-12 12:41:21.035802","NaN","6","probe","POSTDIG_FIX2_OFF","157","2026-05-12 12:47:37.118590","376.082698","0.004991","","","","","","keyboard","after digit#2","{""note"":""after digit#2"",""pd_used"":0}","2","0.016667","60.000000","1","",""
"Sergio_G01_CNS-LLF5RV3D8","cpeeg01","ses02","20260512_123954","2026-05-12 12:41:21.035802","NaN","6","probe","DIGIT_RECALL_LINE_3","163","2026-05-12 12:47:37.123508","376.087688","1.426325","","3","","","","keyboard","next recall question","{""value"":3,""note"":""next recall question"",""pd_used"":1}","2","0.016667","60.000000","1","",""
"Sergio_G01_CNS-LLF5RV3D8","cpeeg01","ses02","20260512_123954","2026-05-12 12:41:21.035802","NaN","6","probe","PROBE_DIGIT_OK_3","71","2026-05-12 12:47:39.016103","377.514014","0.532164","10.039151","slot#3","5","0","","keyboard","probe_digit#3","{""value"":""slot#3"",""entered"":5,""rt"":10.039151099976152,""note"":""probe_digit#3""}","2","0.016667","60.000000","1","1.3674",""
"Sergio_G01_CNS-LLF5RV3D8","cpeeg01","ses02","20260512_123954","2026-05-12 12:41:21.035802","NaN","6","probe","DIGIT3_OFF","148","2026-05-12 12:47:39.081967","378.046178","0.000000","","2","","","","keyboard","digit#3 off","{""value"":2,""note"":""digit#3 off"",""pd_used"":0}","2","0.016667","60.000000","1","",""
"Sergio_G01_CNS-LLF5RV3D8","cpeeg01","ses02","20260512_123954","2026-05-12 12:41:21.035802","NaN","6","probe","POSTDIG_FIX3_ON","153","2026-05-12 12:47:39.082645","378.046178","1.592709","","","","","","keyboard","after digit#3","{""note"":""after digit#3""}","2","0.016667","60.000000","1","",""
"Sergio_G01_CNS-LLF5RV3D8","cpeeg01","ses02","20260512_123954","2026-05-12 12:41:21.035802","NaN","6","probe","POSTDIG_FIX3_OFF","158","2026-05-12 12:47:40.674791","379.638887","0.004944","","","","","","keyboard","after digit#3","{""note"":""after digit#3"",""pd_used"":0}","2","0.016667","60.000000","1","",""
"Sergio_G01_CNS-LLF5RV3D8","cpeeg01","ses02","20260512_123954","2026-05-12 12:41:21.035802","NaN","6","probe","DIGIT_RECALL_LINE_4","164","2026-05-12 12:47:40.679435","379.643830","1.725172","","4","","","","keyboard","next recall question","{""value"":4,""note"":""next recall question"",""pd_used"":1}","2","0.016667","60.000000","1","",""
"Sergio_G01_CNS-LLF5RV3D8","cpeeg01","ses02","20260512_123954","2026-05-12 12:41:21.035802","NaN","6","probe","PROBE_DIGIT_OK_4","71","2026-05-12 12:47:43.188116","381.369003","0.848234","13.894140","slot#4","7","1","","keyboard","probe_digit#4","{""value"":""slot#4"",""entered"":7,""rt"":13.894140199990943,""note"":""probe_digit#4""}","2","0.016667","60.000000","1","1.7078",""
"Sergio_G01_CNS-LLF5RV3D8","cpeeg01","ses02","20260512_123954","2026-05-12 12:41:21.035802","NaN","6","probe","DIGIT4_OFF","149","2026-05-12 12:47:43.253009","382.217237","0.000000","","2","","","","keyboard","digit#4 off","{""value"":2,""note"":""digit#4 off"",""pd_used"":0}","2","0.016667","60.000000","1","",""
"Sergio_G01_CNS-LLF5RV3D8","cpeeg01","ses02","20260512_123954","2026-05-12 12:41:21.035802","NaN","6","probe","POSTDIG_FIX4_ON","154","2026-05-12 12:47:43.253678","382.217237","1.725908","","","","","","keyboard","after digit#4","{""note"":""after digit#4""}","2","0.016667","60.000000","1","",""
"Sergio_G01_CNS-LLF5RV3D8","cpeeg01","ses02","20260512_123954","2026-05-12 12:41:21.035802","NaN","6","probe","POSTDIG_FIX4_OFF","159","2026-05-12 12:47:44.979021","383.943145","0.005026","","","","","","keyboard","after digit#4","{""note"":""after digit#4"",""pd_used"":0}","2","0.016667","60.000000","1","",""
"Sergio_G01_CNS-LLF5RV3D8","cpeeg01","ses02","20260512_123954","2026-05-12 12:41:21.035802","NaN","6","probe","DIGIT_RECALL_LINE_5","165","2026-05-12 12:47:44.983767","383.948170","1.104434","","5","","","","keyboard","next recall question","{""value"":5,""note"":""next recall question"",""pd_used"":1}","2","0.016667","60.000000","1","",""
"Sergio_G01_CNS-LLF5RV3D8","cpeeg01","ses02","20260512_123954","2026-05-12 12:41:21.035802","NaN","6","probe","PROBE_DIGIT_OK_5","71","2026-05-12 12:47:46.600571","385.052604","0.586982","17.577741","slot#5","0","0","","keyboard","probe_digit#5","{""value"":""slot#5"",""entered"":0,""rt"":17.577741399989463,""note"":""probe_digit#5""}","2","0.016667","60.000000","1","1.0801",""
"Sergio_G01_CNS-LLF5RV3D8","cpeeg01","ses02","20260512_123954","2026-05-12 12:41:21.035802","NaN","6","probe","DIGIT5_OFF","150","2026-05-12 12:47:46.675406","385.639586","0.000000","","2","","","","keyboard","digit#5 off","{""value"":2,""note"":""digit#5 off"",""pd_used"":0}","2","0.016667","60.000000","1","",""
"Sergio_G01_CNS-LLF5RV3D8","cpeeg01","ses02","20260512_123954","2026-05-12 12:41:21.035802","NaN","6","probe","POSTDIG_FIX5_ON","155","2026-05-12 12:47:46.676134","385.639586","3.295336","","","","","","keyboard","after digit#5","{""note"":""after digit#5""}","2","0.016667","60.000000","1","",""
"Sergio_G01_CNS-LLF5RV3D8","cpeeg01","ses02","20260512_123954","2026-05-12 12:41:21.035802","NaN","6","probe","POSTDIG_FIX5_OFF","160","2026-05-12 12:47:49.970810","388.934922","0.002666","","","","","","keyboard","after digit#5","{""note"":""after digit#5"",""pd_used"":0}","2","0.016667","60.000000","1","",""
"Sergio_G01_CNS-LLF5RV3D8","cpeeg01","ses02","20260512_123954","2026-05-12 12:41:21.035802","NaN","6","probe","PROBE_DONE","73","2026-05-12 12:47:49.973142","388.937588","0.000702","","","","","","keyboard","probe complete","{""value"":"""",""note"":""probe complete""}","2","0.016667","60.000000","1","",""
"Sergio_G01_CNS-LLF5RV3D8","cpeeg01","ses02","20260512_123954","2026-05-12 12:41:21.035802","NaN","6","probe","TRIAL_END","21","2026-05-12 12:47:49.973717","388.938290","0.063521","","","","","","keyboard","","{}","2","0.016667","60.000000","1","",""
"Sergio_G01_CNS-LLF5RV3D8","cpeeg01","ses02","20260512_123954","2026-05-12 12:41:21.035802","NaN","7","probe","TRIAL_CHANGE","22","2026-05-12 12:47:50.037495","389.001811","0.000901","","","","","","keyboard","trial transition","{""note"":""trial transition""}","2","0.016667","60.000000","1","",""
"Sergio_G01_CNS-LLF5RV3D8","cpeeg01","ses02","20260512_123954","2026-05-12 12:41:21.035802","NaN","7","probe","TRIAL_START","20","2026-05-12 12:47:50.038167","389.002712","0.001732","","","","","","keyboard","","{}","2","0.016667","60.000000","1","",""
"Sergio_G01_CNS-LLF5RV3D8","cpeeg01","ses02","20260512_123954","2026-05-12 12:41:21.035802","NaN","7","fix1","FIX1_ON","30","2026-05-12 12:47:50.040185","389.004444","3.442750","","","","","","keyboard","","{""pd_used"":0}","2","0.016667","60.000000","1","",""
"Sergio_G01_CNS-LLF5RV3D8","cpeeg01","ses02","20260512_123954","2026-05-12 12:41:21.035802","NaN","7","fix1","FIX1_OFF","31","2026-05-12 12:47:53.483085","392.447194","0.002500","","","","","","keyboard","","{""pd_used"":0}","2","0.016667","60.000000","1","",""
"Sergio_G01_CNS-LLF5RV3D8","cpeeg01","ses02","20260512_123954","2026-05-12 12:41:21.035802","NaN","7","digit","DIGIT1_ON","141","2026-05-12 12:47:53.485306","392.449694","0.501969","","3","","","","keyboard","digit#1 shown","{""value"":3,""note"":""digit#1 shown"",""pd_used"":1}","2","0.016667","60.000000","1","","1"
"Sergio_G01_CNS-LLF5RV3D8","cpeeg01","ses02","20260512_123954","2026-05-12 12:41:21.035802","NaN","7","digit","DIGIT1_OFF","146","2026-05-12 12:47:53.987541","392.951663","0.000000","","3","","","","keyboard","digit#1 off","{""value"":3,""note"":""digit#1 off"",""pd_used"":0}","2","0.016667","60.000000","1","",""
"Sergio_G01_CNS-LLF5RV3D8","cpeeg01","ses02","20260512_123954","2026-05-12 12:41:21.035802","NaN","7","digit","POSTDIG_FIX1_ON","151","2026-05-12 12:47:53.988262","392.951663","1.695577","","","","","","keyboard","after digit#1","{""note"":""after digit#1""}","2","0.016667","60.000000","1","",""
"Sergio_G01_CNS-LLF5RV3D8","cpeeg01","ses02","20260512_123954","2026-05-12 12:41:21.035802","NaN","7","digit","POSTDIG_FIX1_OFF","156","2026-05-12 12:47:55.683135","394.647240","0.002493","","","","","","keyboard","after digit#1","{""note"":""after digit#1"",""pd_used"":0}","2","0.016667","60.000000","1","",""
"Sergio_G01_CNS-LLF5RV3D8","cpeeg01","ses02","20260512_123954","2026-05-12 12:41:21.035802","NaN","7","digit","DIGIT2_ON","142","2026-05-12 12:47:55.685351","394.649733","0.502004","","7","","","","keyboard","digit#2 shown","{""value"":7,""note"":""digit#2 shown"",""pd_used"":1}","2","0.016667","60.000000","1","","1"
"Sergio_G01_CNS-LLF5RV3D8","cpeeg01","ses02","20260512_123954","2026-05-12 12:41:21.035802","NaN","7","digit","DIGIT2_OFF","147","2026-05-12 12:47:56.187998","395.151737","0.000000","","7","","","","keyboard","digit#2 off","{""value"":7,""note"":""digit#2 off"",""pd_used"":0}","2","0.016667","60.000000","1","",""
"Sergio_G01_CNS-LLF5RV3D8","cpeeg01","ses02","20260512_123954","2026-05-12 12:41:21.035802","NaN","7","digit","POSTDIG_FIX2_ON","152","2026-05-12 12:47:56.189450","395.151737","1.578883","","","","","","keyboard","after digit#2","{""note"":""after digit#2""}","2","0.016667","60.000000","1","",""
"Sergio_G01_CNS-LLF5RV3D8","cpeeg01","ses02","20260512_123954","2026-05-12 12:41:21.035802","NaN","7","digit","POSTDIG_FIX2_OFF","157","2026-05-12 12:47:57.766524","396.730620","0.002466","","","","","","keyboard","after digit#2","{""note"":""after digit#2"",""pd_used"":0}","2","0.016667","60.000000","1","",""
"Sergio_G01_CNS-LLF5RV3D8","cpeeg01","ses02","20260512_123954","2026-05-12 12:41:21.035802","NaN","7","digit","DIGIT3_ON","143","2026-05-12 12:47:57.768663","396.733086","0.502086","","4","","","","keyboard","digit#3 shown","{""value"":4,""note"":""digit#3 shown"",""pd_used"":1}","2","0.016667","60.000000","1","","1"
"Sergio_G01_CNS-LLF5RV3D8","cpeeg01","ses02","20260512_123954","2026-05-12 12:41:21.035802","NaN","7","digit","DIGIT3_OFF","148","2026-05-12 12:47:58.271023","397.235172","0.000000","","4","","","","keyboard","digit#3 off","{""value"":4,""note"":""digit#3 off"",""pd_used"":0}","2","0.016667","60.000000","1","",""
"Sergio_G01_CNS-LLF5RV3D8","cpeeg01","ses02","20260512_123954","2026-05-12 12:41:21.035802","NaN","7","digit","POSTDIG_FIX3_ON","153","2026-05-12 12:47:58.271767","397.235172","1.875450","","","","","","keyboard","after digit#3","{""note"":""after digit#3""}","2","0.016667","60.000000","1","",""
"Sergio_G01_CNS-LLF5RV3D8","cpeeg01","ses02","20260512_123954","2026-05-12 12:41:21.035802","NaN","7","digit","POSTDIG_FIX3_OFF","158","2026-05-12 12:48:00.146489","399.110622","0.002471","","","","","","keyboard","after digit#3","{""note"":""after digit#3"",""pd_used"":0}","2","0.016667","60.000000","1","",""
"Sergio_G01_CNS-LLF5RV3D8","cpeeg01","ses02","20260512_123954","2026-05-12 12:41:21.035802","NaN","7","digit","DIGIT4_ON","144","2026-05-12 12:48:00.148666","399.113094","0.502150","","7","","","","keyboard","digit#4 shown","{""value"":7,""note"":""digit#4 shown"",""pd_used"":1}","2","0.016667","60.000000","1","","1"
"Sergio_G01_CNS-LLF5RV3D8","cpeeg01","ses02","20260512_123954","2026-05-12 12:41:21.035802","NaN","7","digit","DIGIT4_OFF","149","2026-05-12 12:48:00.651204","399.615243","0.000000","","7","","","","keyboard","digit#4 off","{""value"":7,""note"":""digit#4 off"",""pd_used"":0}","2","0.016667","60.000000","1","",""
"Sergio_G01_CNS-LLF5RV3D8","cpeeg01","ses02","20260512_123954","2026-05-12 12:41:21.035802","NaN","7","digit","POSTDIG_FIX4_ON","154","2026-05-12 12:48:00.651909","399.615243","1.831994","","","","","","keyboard","after digit#4","{""note"":""after digit#4""}","2","0.016667","60.000000","1","",""
"Sergio_G01_CNS-LLF5RV3D8","cpeeg01","ses02","20260512_123954","2026-05-12 12:41:21.035802","NaN","7","digit","POSTDIG_FIX4_OFF","159","2026-05-12 12:48:02.483251","401.447238","0.002514","","","","","","keyboard","after digit#4","{""note"":""after digit#4"",""pd_used"":0}","2","0.016667","60.000000","1","",""
"Sergio_G01_CNS-LLF5RV3D8","cpeeg01","ses02","20260512_123954","2026-05-12 12:41:21.035802","NaN","7","digit","DIGIT5_ON","145","2026-05-12 12:48:02.485362","401.449752","0.501930","","7","","","","keyboard","digit#5 shown","{""value"":7,""note"":""digit#5 shown"",""pd_used"":1}","2","0.016667","60.000000","1","","1"
"Sergio_G01_CNS-LLF5RV3D8","cpeeg01","ses02","20260512_123954","2026-05-12 12:41:21.035802","NaN","7","digit","DIGIT5_OFF","150","2026-05-12 12:48:02.987549","401.951682","0.000000","","7","","","","keyboard","digit#5 off","{""value"":7,""note"":""digit#5 off"",""pd_used"":0}","2","0.016667","60.000000","1","",""
"Sergio_G01_CNS-LLF5RV3D8","cpeeg01","ses02","20260512_123954","2026-05-12 12:41:21.035802","NaN","7","digit","POSTDIG_FIX5_ON","155","2026-05-12 12:48:02.988265","401.951682","3.068275","","","","","","keyboard","after digit#5","{""note"":""after digit#5""}","2","0.016667","60.000000","1","",""
"Sergio_G01_CNS-LLF5RV3D8","cpeeg01","ses02","20260512_123954","2026-05-12 12:41:21.035802","NaN","7","digit","POSTDIG_FIX5_OFF","160","2026-05-12 12:48:06.056119","405.019957","0.002562","","","","","","keyboard","after digit#5","{""note"":""after digit#5"",""pd_used"":0}","2","0.016667","60.000000","1","",""
"Sergio_G01_CNS-LLF5RV3D8","cpeeg01","ses02","20260512_123954","2026-05-12 12:41:21.035802","NaN","7","distractor","DISTRACTOR_ON","50","2026-05-12 12:48:06.058075","405.022519","2.838344","","9+2=11","","","","keyboard","","{""value"":""9+2=11"",""isCorrectTruth"":true,""trueSum"":11,""pd_used"":1}","2","0.016667","60.000000","1","",""
"Sergio_G01_CNS-LLF5RV3D8","cpeeg01","ses02","20260512_123954","2026-05-12 12:41:21.035802","NaN","7","distractor","DISTRACTOR_ANS","51","2026-05-12 12:48:09.380280","407.860863","0.000000","2.838344","9+2=11","F","0","","keyboard","key= (False)","{""value"":""9+2=11"",""entered"":""F"",""rt"":2.8383442000194918,""correct"":0,""note"":""key= (False)"",""truth"":true,""trueSum"":11,""shownSum"":11,""a"":9,""b"":2}","2","0.016667","60.000000","1","2.6963",""
"Sergio_G01_CNS-LLF5RV3D8","cpeeg01","ses02","20260512_123954","2026-05-12 12:41:21.035802","NaN","7","distractor","ANS_WRONG","200","2026-05-12 12:48:09.380993","407.860863","0.486333","","","","","","keyboard","","{}","2","0.016667","60.000000","1","",""
"Sergio_G01_CNS-LLF5RV3D8","cpeeg01","ses02","20260512_123954","2026-05-12 12:41:21.035802","NaN","7","distractor","DISTRACTOR_OFF","52","2026-05-12 12:48:09.382789","408.347196","0.000000","","","","","","keyboard","","{""pd_used"":0}","2","0.016667","60.000000","1","",""
"Sergio_G01_CNS-LLF5RV3D8","cpeeg01","ses02","20260512_123954","2026-05-12 12:41:21.035802","NaN","7","distractor","FIX2_ON","60","2026-05-12 12:48:09.383362","408.347196","3.357937","","","","","","keyboard","immediate after response","{""note"":""immediate after response""}","2","0.016667","60.000000","1","",""
"Sergio_G01_CNS-LLF5RV3D8","cpeeg01","ses02","20260512_123954","2026-05-12 12:41:21.035802","NaN","7","fix2","FIX2_OFF","61","2026-05-12 12:48:12.741060","411.705133","0.002408","","","","","","keyboard","","{""pd_used"":0}","2","0.016667","60.000000","1","",""
"Sergio_G01_CNS-LLF5RV3D8","cpeeg01","ses02","20260512_123954","2026-05-12 12:41:21.035802","NaN","7","probe","DIGIT_RECALL_LINE_1","161","2026-05-12 12:48:12.743126","411.707541","1.226426","","1","","","","keyboard","first recall question","{""value"":1,""note"":""first recall question"",""pd_used"":1}","2","0.016667","60.000000","1","",""
"Sergio_G01_CNS-LLF5RV3D8","cpeeg01","ses02","20260512_123954","2026-05-12 12:41:21.035802","NaN","7","probe","PROBE_DIGIT_OK_1","71","2026-05-12 12:48:14.558267","412.933968","0.660238","1.227630","slot#1","3","1","","keyboard","probe_digit#1","{""value"":""slot#1"",""entered"":3,""rt"":1.2276295000046957,""note"":""probe_digit#1""}","2","0.016667","60.000000","1","0.98844",""
"Sergio_G01_CNS-LLF5RV3D8","cpeeg01","ses02","20260512_123954","2026-05-12 12:41:21.035802","NaN","7","probe","DIGIT1_OFF","146","2026-05-12 12:48:14.630071","413.594206","0.000000","","7","","","","keyboard","digit#1 off","{""value"":7,""note"":""digit#1 off"",""pd_used"":0}","2","0.016667","60.000000","1","",""
"Sergio_G01_CNS-LLF5RV3D8","cpeeg01","ses02","20260512_123954","2026-05-12 12:41:21.035802","NaN","7","probe","POSTDIG_FIX1_ON","151","2026-05-12 12:48:14.630787","413.594206","1.751300","","","","","","keyboard","after digit#1","{""note"":""after digit#1""}","2","0.016667","60.000000","1","",""
"Sergio_G01_CNS-LLF5RV3D8","cpeeg01","ses02","20260512_123954","2026-05-12 12:41:21.035802","NaN","7","probe","POSTDIG_FIX1_OFF","156","2026-05-12 12:48:16.381409","415.345505","0.004865","","","","","","keyboard","after digit#1","{""note"":""after digit#1"",""pd_used"":0}","2","0.016667","60.000000","1","",""
"Sergio_G01_CNS-LLF5RV3D8","cpeeg01","ses02","20260512_123954","2026-05-12 12:41:21.035802","NaN","7","probe","DIGIT_RECALL_LINE_2","162","2026-05-12 12:48:16.385932","415.350370","0.921123","","2","","","","keyboard","next recall question","{""value"":2,""note"":""next recall question"",""pd_used"":1}","2","0.016667","60.000000","1","",""
"Sergio_G01_CNS-LLF5RV3D8","cpeeg01","ses02","20260512_123954","2026-05-12 12:41:21.035802","NaN","7","probe","PROBE_DIGIT_OK_2","71","2026-05-12 12:48:17.808353","416.271493","0.559257","4.565155","slot#2","7","1","","keyboard","probe_digit#2","{""value"":""slot#2"",""entered"":7,""rt"":4.5651550000184216,""note"":""probe_digit#2""}","2","0.016667","60.000000","1","0.90931",""
"Sergio_G01_CNS-LLF5RV3D8","cpeeg01","ses02","20260512_123954","2026-05-12 12:41:21.035802","NaN","7","probe","DIGIT2_OFF","147","2026-05-12 12:48:17.866527","416.830750","0.000000","","7","","","","keyboard","digit#2 off","{""value"":7,""note"":""digit#2 off"",""pd_used"":0}","2","0.016667","60.000000","1","",""
"Sergio_G01_CNS-LLF5RV3D8","cpeeg01","ses02","20260512_123954","2026-05-12 12:41:21.035802","NaN","7","probe","POSTDIG_FIX2_ON","152","2026-05-12 12:48:17.867211","416.830750","1.659271","","","","","","keyboard","after digit#2","{""note"":""after digit#2""}","2","0.016667","60.000000","1","",""
"Sergio_G01_CNS-LLF5RV3D8","cpeeg01","ses02","20260512_123954","2026-05-12 12:41:21.035802","NaN","7","probe","POSTDIG_FIX2_OFF","157","2026-05-12 12:48:19.525902","418.490021","0.004922","","","","","","keyboard","after digit#2","{""note"":""after digit#2"",""pd_used"":0}","2","0.016667","60.000000","1","",""
"Sergio_G01_CNS-LLF5RV3D8","cpeeg01","ses02","20260512_123954","2026-05-12 12:41:21.035802","NaN","7","probe","DIGIT_RECALL_LINE_3","163","2026-05-12 12:48:19.530596","418.494943","1.230852","","3","","","","keyboard","next recall question","{""value"":3,""note"":""next recall question"",""pd_used"":1}","2","0.016667","60.000000","1","",""
"Sergio_G01_CNS-LLF5RV3D8","cpeeg01","ses02","20260512_123954","2026-05-12 12:41:21.035802","NaN","7","probe","PROBE_DIGIT_OK_3","71","2026-05-12 12:48:21.308765","419.725794","0.620941","8.019456","slot#3","4","1","","keyboard","probe_digit#3","{""value"":""slot#3"",""entered"":4,""rt"":8.0194562000106089,""note"":""probe_digit#3""}","2","0.016667","60.000000","1","1.2003",""
"Sergio_G01_CNS-LLF5RV3D8","cpeeg01","ses02","20260512_123954","2026-05-12 12:41:21.035802","NaN","7","probe","DIGIT3_OFF","148","2026-05-12 12:48:21.382541","420.346735","0.000000","","7","","","","keyboard","digit#3 off","{""value"":7,""note"":""digit#3 off"",""pd_used"":0}","2","0.016667","60.000000","1","",""
"Sergio_G01_CNS-LLF5RV3D8","cpeeg01","ses02","20260512_123954","2026-05-12 12:41:21.035802","NaN","7","probe","POSTDIG_FIX3_ON","153","2026-05-12 12:48:21.383273","420.346735","1.598815","","","","","","keyboard","after digit#3","{""note"":""after digit#3""}","2","0.016667","60.000000","1","",""
"Sergio_G01_CNS-LLF5RV3D8","cpeeg01","ses02","20260512_123954","2026-05-12 12:41:21.035802","NaN","7","probe","POSTDIG_FIX3_OFF","158","2026-05-12 12:48:22.981434","421.945551","0.004976","","","","","","keyboard","after digit#3","{""note"":""after digit#3"",""pd_used"":0}","2","0.016667","60.000000","1","",""
"Sergio_G01_CNS-LLF5RV3D8","cpeeg01","ses02","20260512_123954","2026-05-12 12:41:21.035802","NaN","7","probe","DIGIT_RECALL_LINE_4","164","2026-05-12 12:48:22.986185","421.950526","1.031992","","4","","","","keyboard","next recall question","{""value"":4,""note"":""next recall question"",""pd_used"":1}","2","0.016667","60.000000","1","",""
"Sergio_G01_CNS-LLF5RV3D8","cpeeg01","ses02","20260512_123954","2026-05-12 12:41:21.035802","NaN","7","probe","PROBE_DIGIT_OK_4","71","2026-05-12 12:48:24.438454","422.982518","0.486164","11.276180","slot#4","7","1","","keyboard","probe_digit#4","{""value"":""slot#4"",""entered"":7,""rt"":11.276179700013017,""note"":""probe_digit#4""}","2","0.016667","60.000000","1","0.97488",""
"Sergio_G01_CNS-LLF5RV3D8","cpeeg01","ses02","20260512_123954","2026-05-12 12:41:21.035802","NaN","7","probe","DIGIT4_OFF","149","2026-05-12 12:48:24.504501","423.468681","0.000000","","7","","","","keyboard","digit#4 off","{""value"":7,""note"":""digit#4 off"",""pd_used"":0}","2","0.016667","60.000000","1","",""
"Sergio_G01_CNS-LLF5RV3D8","cpeeg01","ses02","20260512_123954","2026-05-12 12:41:21.035802","NaN","7","probe","POSTDIG_FIX4_ON","154","2026-05-12 12:48:24.505222","423.468681","1.871500","","","","","","keyboard","after digit#4","{""note"":""after digit#4""}","2","0.016667","60.000000","1","",""
"Sergio_G01_CNS-LLF5RV3D8","cpeeg01","ses02","20260512_123954","2026-05-12 12:41:21.035802","NaN","7","probe","POSTDIG_FIX4_OFF","159","2026-05-12 12:48:26.376074","425.340182","0.005429","","","","","","keyboard","after digit#4","{""note"":""after digit#4"",""pd_used"":0}","2","0.016667","60.000000","1","",""
"Sergio_G01_CNS-LLF5RV3D8","cpeeg01","ses02","20260512_123954","2026-05-12 12:41:21.035802","NaN","7","probe","DIGIT_RECALL_LINE_5","165","2026-05-12 12:48:26.381270","425.345610","1.836092","","5","","","","keyboard","next recall question","{""value"":5,""note"":""next recall question"",""pd_used"":1}","2","0.016667","60.000000","1","",""
"Sergio_G01_CNS-LLF5RV3D8","cpeeg01","ses02","20260512_123954","2026-05-12 12:41:21.035802","NaN","7","probe","PROBE_DIGIT_OK_5","71","2026-05-12 12:48:28.858277","427.181703","0.710501","15.475365","slot#5","7","1","","keyboard","probe_digit#5","{""value"":""slot#5"",""entered"":7,""rt"":15.47536450001644,""note"":""probe_digit#5""}","2","0.016667","60.000000","1","1.7719",""
"Sergio_G01_CNS-LLF5RV3D8","cpeeg01","ses02","20260512_123954","2026-05-12 12:41:21.035802","NaN","7","probe","DIGIT5_OFF","150","2026-05-12 12:48:28.927994","427.892203","0.000000","","7","","","","keyboard","digit#5 off","{""value"":7,""note"":""digit#5 off"",""pd_used"":0}","2","0.016667","60.000000","1","",""
"Sergio_G01_CNS-LLF5RV3D8","cpeeg01","ses02","20260512_123954","2026-05-12 12:41:21.035802","NaN","7","probe","POSTDIG_FIX5_ON","155","2026-05-12 12:48:28.928675","427.892203","3.300208","","","","","","keyboard","after digit#5","{""note"":""after digit#5""}","2","0.016667","60.000000","1","",""
"Sergio_G01_CNS-LLF5RV3D8","cpeeg01","ses02","20260512_123954","2026-05-12 12:41:21.035802","NaN","7","probe","POSTDIG_FIX5_OFF","160","2026-05-12 12:48:32.228273","431.192412","0.002478","","","","","","keyboard","after digit#5","{""note"":""after digit#5"",""pd_used"":0}","2","0.016667","60.000000","1","",""
"Sergio_G01_CNS-LLF5RV3D8","cpeeg01","ses02","20260512_123954","2026-05-12 12:41:21.035802","NaN","7","probe","PROBE_DONE","73","2026-05-12 12:48:32.230424","431.194890","0.000639","","","","","","keyboard","probe complete","{""value"":"""",""note"":""probe complete""}","2","0.016667","60.000000","1","",""
"Sergio_G01_CNS-LLF5RV3D8","cpeeg01","ses02","20260512_123954","2026-05-12 12:41:21.035802","NaN","7","probe","TRIAL_END","21","2026-05-12 12:48:32.230961","431.195529","0.064157","","","","","","keyboard","","{}","2","0.016667","60.000000","1","",""
"Sergio_G01_CNS-LLF5RV3D8","cpeeg01","ses02","20260512_123954","2026-05-12 12:41:21.035802","NaN","8","probe","TRIAL_CHANGE","22","2026-05-12 12:48:32.295387","431.259686","0.001112","","","","","","keyboard","trial transition","{""note"":""trial transition""}","2","0.016667","60.000000","1","",""
"Sergio_G01_CNS-LLF5RV3D8","cpeeg01","ses02","20260512_123954","2026-05-12 12:41:21.035802","NaN","8","probe","TRIAL_START","20","2026-05-12 12:48:32.296549","431.260798","0.002024","","","","","","keyboard","","{}","2","0.016667","60.000000","1","",""
"Sergio_G01_CNS-LLF5RV3D8","cpeeg01","ses02","20260512_123954","2026-05-12 12:41:21.035802","NaN","8","fix1","FIX1_ON","30","2026-05-12 12:48:32.298446","431.262822","3.159576","","","","","","keyboard","","{""pd_used"":0}","2","0.016667","60.000000","1","",""
"Sergio_G01_CNS-LLF5RV3D8","cpeeg01","ses02","20260512_123954","2026-05-12 12:41:21.035802","NaN","8","fix1","FIX1_OFF","31","2026-05-12 12:48:35.458322","434.422398","0.002831","","","","","","keyboard","","{""pd_used"":0}","2","0.016667","60.000000","1","",""
"Sergio_G01_CNS-LLF5RV3D8","cpeeg01","ses02","20260512_123954","2026-05-12 12:41:21.035802","NaN","8","digit","DIGIT1_ON","141","2026-05-12 12:48:35.460879","434.425229","0.502215","","2","","","","keyboard","digit#1 shown","{""value"":2,""note"":""digit#1 shown"",""pd_used"":1}","2","0.016667","60.000000","1","","0"
"Sergio_G01_CNS-LLF5RV3D8","cpeeg01","ses02","20260512_123954","2026-05-12 12:41:21.035802","NaN","8","digit","DIGIT1_OFF","146","2026-05-12 12:48:35.963505","434.927443","0.000000","","2","","","","keyboard","digit#1 off","{""value"":2,""note"":""digit#1 off"",""pd_used"":0}","2","0.016667","60.000000","1","",""
"Sergio_G01_CNS-LLF5RV3D8","cpeeg01","ses02","20260512_123954","2026-05-12 12:41:21.035802","NaN","8","digit","POSTDIG_FIX1_ON","151","2026-05-12 12:48:35.964321","434.927443","1.950457","","","","","","keyboard","after digit#1","{""note"":""after digit#1""}","2","0.016667","60.000000","1","",""
"Sergio_G01_CNS-LLF5RV3D8","cpeeg01","ses02","20260512_123954","2026-05-12 12:41:21.035802","NaN","8","digit","POSTDIG_FIX1_OFF","156","2026-05-12 12:48:37.913798","436.877900","0.002418","","","","","","keyboard","after digit#1","{""note"":""after digit#1"",""pd_used"":0}","2","0.016667","60.000000","1","",""
"Sergio_G01_CNS-LLF5RV3D8","cpeeg01","ses02","20260512_123954","2026-05-12 12:41:21.035802","NaN","8","digit","DIGIT2_ON","142","2026-05-12 12:48:37.915884","436.880318","0.501986","","6","","","","keyboard","digit#2 shown","{""value"":6,""note"":""digit#2 shown"",""pd_used"":1}","2","0.016667","60.000000","1","","0"
"Sergio_G01_CNS-LLF5RV3D8","cpeeg01","ses02","20260512_123954","2026-05-12 12:41:21.035802","NaN","8","digit","DIGIT2_OFF","147","2026-05-12 12:48:38.418229","437.382303","0.000000","","6","","","","keyboard","digit#2 off","{""value"":6,""note"":""digit#2 off"",""pd_used"":0}","2","0.016667","60.000000","1","",""
"Sergio_G01_CNS-LLF5RV3D8","cpeeg01","ses02","20260512_123954","2026-05-12 12:41:21.035802","NaN","8","digit","POSTDIG_FIX2_ON","152","2026-05-12 12:48:38.418976","437.382303","1.523307","","","","","","keyboard","after digit#2","{""note"":""after digit#2""}","2","0.016667","60.000000","1","",""
"Sergio_G01_CNS-LLF5RV3D8","cpeeg01","ses02","20260512_123954","2026-05-12 12:41:21.035802","NaN","8","digit","POSTDIG_FIX2_OFF","157","2026-05-12 12:48:39.941523","438.905610","0.002610","","","","","","keyboard","after digit#2","{""note"":""after digit#2"",""pd_used"":0}","2","0.016667","60.000000","1","",""
"Sergio_G01_CNS-LLF5RV3D8","cpeeg01","ses02","20260512_123954","2026-05-12 12:41:21.035802","NaN","8","digit","DIGIT3_ON","143","2026-05-12 12:48:39.943825","438.908220","0.501830","","0","","","","keyboard","digit#3 shown","{""value"":0,""note"":""digit#3 shown"",""pd_used"":1}","2","0.016667","60.000000","1","","0"
"Sergio_G01_CNS-LLF5RV3D8","cpeeg01","ses02","20260512_123954","2026-05-12 12:41:21.035802","NaN","8","digit","DIGIT3_OFF","148","2026-05-12 12:48:40.445989","439.410051","0.000000","","0","","","","keyboard","digit#3 off","{""value"":0,""note"":""digit#3 off"",""pd_used"":0}","2","0.016667","60.000000","1","",""
"Sergio_G01_CNS-LLF5RV3D8","cpeeg01","ses02","20260512_123954","2026-05-12 12:41:21.035802","NaN","8","digit","POSTDIG_FIX3_ON","153","2026-05-12 12:48:40.446751","439.410051","1.749489","","","","","","keyboard","after digit#3","{""note"":""after digit#3""}","2","0.016667","60.000000","1","",""
"Sergio_G01_CNS-LLF5RV3D8","cpeeg01","ses02","20260512_123954","2026-05-12 12:41:21.035802","NaN","8","digit","POSTDIG_FIX3_OFF","158","2026-05-12 12:48:42.195509","441.159540","0.002496","","","","","","keyboard","after digit#3","{""note"":""after digit#3"",""pd_used"":0}","2","0.016667","60.000000","1","",""
"Sergio_G01_CNS-LLF5RV3D8","cpeeg01","ses02","20260512_123954","2026-05-12 12:41:21.035802","NaN","8","digit","DIGIT4_ON","144","2026-05-12 12:48:42.197629","441.162036","0.502258","","2","","","","keyboard","digit#4 shown","{""value"":2,""note"":""digit#4 shown"",""pd_used"":1}","2","0.016667","60.000000","1","","0"
"Sergio_G01_CNS-LLF5RV3D8","cpeeg01","ses02","20260512_123954","2026-05-12 12:41:21.035802","NaN","8","digit","DIGIT4_OFF","149","2026-05-12 12:48:42.700247","441.664294","0.000000","","2","","","","keyboard","digit#4 off","{""value"":2,""note"":""digit#4 off"",""pd_used"":0}","2","0.016667","60.000000","1","",""
"Sergio_G01_CNS-LLF5RV3D8","cpeeg01","ses02","20260512_123954","2026-05-12 12:41:21.035802","NaN","8","digit","POSTDIG_FIX4_ON","154","2026-05-12 12:48:42.701024","441.664294","1.978615","","","","","","keyboard","after digit#4","{""note"":""after digit#4""}","2","0.016667","60.000000","1","",""
"Sergio_G01_CNS-LLF5RV3D8","cpeeg01","ses02","20260512_123954","2026-05-12 12:41:21.035802","NaN","8","digit","POSTDIG_FIX4_OFF","159","2026-05-12 12:48:44.678831","443.642909","0.002572","","","","","","keyboard","after digit#4","{""note"":""after digit#4"",""pd_used"":0}","2","0.016667","60.000000","1","",""
"Sergio_G01_CNS-LLF5RV3D8","cpeeg01","ses02","20260512_123954","2026-05-12 12:41:21.035802","NaN","8","digit","DIGIT5_ON","145","2026-05-12 12:48:44.681075","443.645482","0.502376","","1","","","","keyboard","digit#5 shown","{""value"":1,""note"":""digit#5 shown"",""pd_used"":1}","2","0.016667","60.000000","1","","0"
"Sergio_G01_CNS-LLF5RV3D8","cpeeg01","ses02","20260512_123954","2026-05-12 12:41:21.035802","NaN","8","digit","DIGIT5_OFF","150","2026-05-12 12:48:45.183946","444.147857","0.000000","","1","","","","keyboard","digit#5 off","{""value"":1,""note"":""digit#5 off"",""pd_used"":0}","2","0.016667","60.000000","1","",""
"Sergio_G01_CNS-LLF5RV3D8","cpeeg01","ses02","20260512_123954","2026-05-12 12:41:21.035802","NaN","8","digit","POSTDIG_FIX5_ON","155","2026-05-12 12:48:45.184712","444.147857","3.343500","","","","","","keyboard","after digit#5","{""note"":""after digit#5""}","2","0.016667","60.000000","1","",""
"Sergio_G01_CNS-LLF5RV3D8","cpeeg01","ses02","20260512_123954","2026-05-12 12:41:21.035802","NaN","8","digit","POSTDIG_FIX5_OFF","160","2026-05-12 12:48:48.527234","447.491357","0.002527","","","","","","keyboard","after digit#5","{""note"":""after digit#5"",""pd_used"":0}","2","0.016667","60.000000","1","",""
"Sergio_G01_CNS-LLF5RV3D8","cpeeg01","ses02","20260512_123954","2026-05-12 12:41:21.035802","NaN","8","distractor","DISTRACTOR_ON","50","2026-05-12 12:48:48.529454","447.493884","8.095333","","8+6=13","","","","keyboard","","{""value"":""8+6=13"",""isCorrectTruth"":false,""trueSum"":14,""pd_used"":1}","2","0.016667","60.000000","1","",""
"Sergio_G01_CNS-LLF5RV3D8","cpeeg01","ses02","20260512_123954","2026-05-12 12:41:21.035802","NaN","8","distractor","DISTRACTOR_ANS","51","2026-05-12 12:48:57.000266","455.589218","0.000000","8.095333","8+6=13","F","1","","keyboard","key= (False)","{""value"":""8+6=13"",""entered"":""F"",""rt"":8.095333400007803,""correct"":1,""note"":""key= (False)"",""truth"":false,""trueSum"":14,""shownSum"":13,""a"":8,""b"":6}","2","0.016667","60.000000","1","7.9764",""
"Sergio_G01_CNS-LLF5RV3D8","cpeeg01","ses02","20260512_123954","2026-05-12 12:41:21.035802","NaN","8","distractor","ANS_CORRECT","100","2026-05-12 12:48:57.001123","455.589218","0.378452","","","","","","keyboard","","{}","2","0.016667","60.000000","1","",""
"Sergio_G01_CNS-LLF5RV3D8","cpeeg01","ses02","20260512_123954","2026-05-12 12:41:21.035802","NaN","8","distractor","DISTRACTOR_OFF","52","2026-05-12 12:48:57.003311","455.967669","0.000000","","","","","","keyboard","","{""pd_used"":0}","2","0.016667","60.000000","1","",""
"Sergio_G01_CNS-LLF5RV3D8","cpeeg01","ses02","20260512_123954","2026-05-12 12:41:21.035802","NaN","8","distractor","FIX2_ON","60","2026-05-12 12:48:57.003896","455.967669","3.160543","","","","","","keyboard","immediate after response","{""note"":""immediate after response""}","2","0.016667","60.000000","1","",""
"Sergio_G01_CNS-LLF5RV3D8","cpeeg01","ses02","20260512_123954","2026-05-12 12:41:21.035802","NaN","8","fix2","FIX2_OFF","61","2026-05-12 12:49:00.164179","459.128212","0.002419","","","","","","keyboard","","{""pd_used"":0}","2","0.016667","60.000000","1","",""
"Sergio_G01_CNS-LLF5RV3D8","cpeeg01","ses02","20260512_123954","2026-05-12 12:41:21.035802","NaN","8","probe","DIGIT_RECALL_LINE_1","161","2026-05-12 12:49:00.166208","459.130631","2.662166","","1","","","","keyboard","first recall question","{""value"":1,""note"":""first recall question"",""pd_used"":1}","2","0.016667","60.000000","1","",""
"Sergio_G01_CNS-LLF5RV3D8","cpeeg01","ses02","20260512_123954","2026-05-12 12:41:21.035802","NaN","8","probe","PROBE_DIGIT_OK_1","71","2026-05-12 12:49:03.316835","461.792798","0.550843","2.663344","slot#1","0","0","","keyboard","probe_digit#1","{""value"":""slot#1"",""entered"":0,""rt"":2.6633444000035524,""note"":""probe_digit#1""}","2","0.016667","60.000000","1","2.5143",""
"Sergio_G01_CNS-LLF5RV3D8","cpeeg01","ses02","20260512_123954","2026-05-12 12:41:21.035802","NaN","8","probe","DIGIT1_OFF","146","2026-05-12 12:49:03.379425","462.343640","0.000000","","1","","","","keyboard","digit#1 off","{""value"":1,""note"":""digit#1 off"",""pd_used"":0}","2","0.016667","60.000000","1","",""
"Sergio_G01_CNS-LLF5RV3D8","cpeeg01","ses02","20260512_123954","2026-05-12 12:41:21.035802","NaN","8","probe","POSTDIG_FIX1_ON","151","2026-05-12 12:49:03.380185","462.343640","1.596187","","","","","","keyboard","after digit#1","{""note"":""after digit#1""}","2","0.016667","60.000000","1","",""
"Sergio_G01_CNS-LLF5RV3D8","cpeeg01","ses02","20260512_123954","2026-05-12 12:41:21.035802","NaN","8","probe","POSTDIG_FIX1_OFF","156","2026-05-12 12:49:04.975700","463.939827","0.004911","","","","","","keyboard","after digit#1","{""note"":""after digit#1"",""pd_used"":0}","2","0.016667","60.000000","1","",""
"Sergio_G01_CNS-LLF5RV3D8","cpeeg01","ses02","20260512_123954","2026-05-12 12:41:21.035802","NaN","8","probe","DIGIT_RECALL_LINE_2","162","2026-05-12 12:49:04.980365","463.944737","1.779060","","2","","","","keyboard","next recall question","{""value"":2,""note"":""next recall question"",""pd_used"":1}","2","0.016667","60.000000","1","",""
"Sergio_G01_CNS-LLF5RV3D8","cpeeg01","ses02","20260512_123954","2026-05-12 12:41:21.035802","NaN","8","probe","PROBE_DIGIT_OK_2","71","2026-05-12 12:49:07.369726","465.723798","0.668795","6.594344","slot#2","0","0","","keyboard","probe_digit#2","{""value"":""slot#2"",""entered"":0,""rt"":6.5943444999866188,""note"":""probe_digit#2""}","2","0.016667","60.000000","1","1.6661",""
"Sergio_G01_CNS-LLF5RV3D8","cpeeg01","ses02","20260512_123954","2026-05-12 12:41:21.035802","NaN","8","probe","DIGIT2_OFF","147","2026-05-12 12:49:07.428413","466.392593","0.000000","","1","","","","keyboard","digit#2 off","{""value"":1,""note"":""digit#2 off"",""pd_used"":0}","2","0.016667","60.000000","1","",""
"Sergio_G01_CNS-LLF5RV3D8","cpeeg01","ses02","20260512_123954","2026-05-12 12:41:21.035802","NaN","8","probe","POSTDIG_FIX2_ON","152","2026-05-12 12:49:07.429162","466.392593","1.919175","","","","","","keyboard","after digit#2","{""note"":""after digit#2""}","2","0.016667","60.000000","1","",""
"Sergio_G01_CNS-LLF5RV3D8","cpeeg01","ses02","20260512_123954","2026-05-12 12:41:21.035802","NaN","8","probe","POSTDIG_FIX2_OFF","157","2026-05-12 12:49:09.347656","468.311768","0.004873","","","","","","keyboard","after digit#2","{""note"":""after digit#2"",""pd_used"":0}","2","0.016667","60.000000","1","",""
"Sergio_G01_CNS-LLF5RV3D8","cpeeg01","ses02","20260512_123954","2026-05-12 12:41:21.035802","NaN","8","probe","DIGIT_RECALL_LINE_3","163","2026-05-12 12:49:09.352247","468.316641","3.787325","","3","","","","keyboard","next recall question","{""value"":3,""note"":""next recall question"",""pd_used"":1}","2","0.016667","60.000000","1","",""
"Sergio_G01_CNS-LLF5RV3D8","cpeeg01","ses02","20260512_123954","2026-05-12 12:41:21.035802","NaN","8","probe","PROBE_DIGIT_OK_3","71","2026-05-12 12:49:13.698987","472.103966","0.632152","12.974513","slot#3","6","0","","keyboard","probe_digit#3","{""value"":""slot#3"",""entered"":6,""rt"":12.97451309999451,""note"":""probe_digit#3""}","2","0.016667","60.000000","1","0.75856",""
"Sergio_G01_CNS-LLF5RV3D8","cpeeg01","ses02","20260512_123954","2026-05-12 12:41:21.035802","NaN","8","probe","DIGIT3_OFF","148","2026-05-12 12:49:13.772012","472.736118","0.000000","","1","","","","keyboard","digit#3 off","{""value"":1,""note"":""digit#3 off"",""pd_used"":0}","2","0.016667","60.000000","1","",""
"Sergio_G01_CNS-LLF5RV3D8","cpeeg01","ses02","20260512_123954","2026-05-12 12:41:21.035802","NaN","8","probe","POSTDIG_FIX3_ON","153","2026-05-12 12:49:13.772954","472.736118","1.949605","","","","","","keyboard","after digit#3","{""note"":""after digit#3""}","2","0.016667","60.000000","1","",""
"Sergio_G01_CNS-LLF5RV3D8","cpeeg01","ses02","20260512_123954","2026-05-12 12:41:21.035802","NaN","8","probe","POSTDIG_FIX3_OFF","158","2026-05-12 12:49:15.721612","474.685724","0.005038","","","","","","keyboard","after digit#3","{""note"":""after digit#3"",""pd_used"":0}","2","0.016667","60.000000","1","",""
"Sergio_G01_CNS-LLF5RV3D8","cpeeg01","ses02","20260512_123954","2026-05-12 12:41:21.035802","NaN","8","probe","DIGIT_RECALL_LINE_4","164","2026-05-12 12:49:15.726384","474.690762","1.283519","","4","","","","keyboard","next recall question","{""value"":4,""note"":""next recall question"",""pd_used"":1}","2","0.016667","60.000000","1","",""
"Sergio_G01_CNS-LLF5RV3D8","cpeeg01","ses02","20260512_123954","2026-05-12 12:41:21.035802","NaN","8","probe","PROBE_DIGIT_OK_4","71","2026-05-12 12:49:17.386489","475.974281","0.445678","16.844827","slot#4","4","0","","keyboard","probe_digit#4","{""value"":""slot#4"",""entered"":4,""rt"":16.844827499997336,""note"":""probe_digit#4""}","2","0.016667","60.000000","1","1.1574",""
"Sergio_G01_CNS-LLF5RV3D8","cpeeg01","ses02","20260512_123954","2026-05-12 12:41:21.035802","NaN","8","probe","DIGIT4_OFF","149","2026-05-12 12:49:17.455803","476.419959","0.000000","","1","","","","keyboard","digit#4 off","{""value"":1,""note"":""digit#4 off"",""pd_used"":0}","2","0.016667","60.000000","1","",""
"Sergio_G01_CNS-LLF5RV3D8","cpeeg01","ses02","20260512_123954","2026-05-12 12:41:21.035802","NaN","8","probe","POSTDIG_FIX4_ON","154","2026-05-12 12:49:17.456523","476.419959","1.521527","","","","","","keyboard","after digit#4","{""note"":""after digit#4""}","2","0.016667","60.000000","1","",""
"Sergio_G01_CNS-LLF5RV3D8","cpeeg01","ses02","20260512_123954","2026-05-12 12:41:21.035802","NaN","8","probe","POSTDIG_FIX4_OFF","159","2026-05-12 12:49:18.977401","477.941486","0.004907","","","","","","keyboard","after digit#4","{""note"":""after digit#4"",""pd_used"":0}","2","0.016667","60.000000","1","",""
"Sergio_G01_CNS-LLF5RV3D8","cpeeg01","ses02","20260512_123954","2026-05-12 12:41:21.035802","NaN","8","probe","DIGIT_RECALL_LINE_5","165","2026-05-12 12:49:18.981990","477.946393","1.055198","","5","","","","keyboard","next recall question","{""value"":5,""note"":""next recall question"",""pd_used"":1}","2","0.016667","60.000000","1","",""
"Sergio_G01_CNS-LLF5RV3D8","cpeeg01","ses02","20260512_123954","2026-05-12 12:41:21.035802","NaN","8","probe","PROBE_DIGIT_OK_5","71","2026-05-12 12:49:20.365804","479.001592","0.383992","19.872139","slot#5","2","0","","keyboard","probe_digit#5","{""value"":""slot#5"",""entered"":2,""rt"":19.872138699982315,""note"":""probe_digit#5""}","2","0.016667","60.000000","1","1.0049",""
"Sergio_G01_CNS-LLF5RV3D8","cpeeg01","ses02","20260512_123954","2026-05-12 12:41:21.035802","NaN","8","probe","DIGIT5_OFF","150","2026-05-12 12:49:20.421520","479.385583","0.000000","","1","","","","keyboard","digit#5 off","{""value"":1,""note"":""digit#5 off"",""pd_used"":0}","2","0.016667","60.000000","1","",""
"Sergio_G01_CNS-LLF5RV3D8","cpeeg01","ses02","20260512_123954","2026-05-12 12:41:21.035802","NaN","8","probe","POSTDIG_FIX5_ON","155","2026-05-12 12:49:20.422282","479.385583","3.220569","","","","","","keyboard","after digit#5","{""note"":""after digit#5""}","2","0.016667","60.000000","1","",""
"Sergio_G01_CNS-LLF5RV3D8","cpeeg01","ses02","20260512_123954","2026-05-12 12:41:21.035802","NaN","8","probe","POSTDIG_FIX5_OFF","160","2026-05-12 12:49:23.642010","482.606152","0.002631","","","","","","keyboard","after digit#5","{""note"":""after digit#5"",""pd_used"":0}","2","0.016667","60.000000","1","",""
"Sergio_G01_CNS-LLF5RV3D8","cpeeg01","ses02","20260512_123954","2026-05-12 12:41:21.035802","NaN","8","probe","PROBE_DONE","73","2026-05-12 12:49:23.644299","482.608783","0.000611","","","","","","keyboard","probe complete","{""value"":"""",""note"":""probe complete""}","2","0.016667","60.000000","1","",""
"Sergio_G01_CNS-LLF5RV3D8","cpeeg01","ses02","20260512_123954","2026-05-12 12:41:21.035802","NaN","8","probe","TRIAL_END","21","2026-05-12 12:49:23.644976","482.609394","0.070263","","","","","","keyboard","","{}","2","0.016667","60.000000","1","",""
"Sergio_G01_CNS-LLF5RV3D8","cpeeg01","ses02","20260512_123954","2026-05-12 12:41:21.035802","NaN","9","probe","TRIAL_CHANGE","22","2026-05-12 12:49:23.715314","482.679656","0.000957","","","","","","keyboard","trial transition","{""note"":""trial transition""}","2","0.016667","60.000000","1","",""
"Sergio_G01_CNS-LLF5RV3D8","cpeeg01","ses02","20260512_123954","2026-05-12 12:41:21.035802","NaN","9","probe","TRIAL_START","20","2026-05-12 12:49:23.716259","482.680614","0.002033","","","","","","keyboard","","{}","2","0.016667","60.000000","1","",""
"Sergio_G01_CNS-LLF5RV3D8","cpeeg01","ses02","20260512_123954","2026-05-12 12:41:21.035802","NaN","9","fix1","FIX1_ON","30","2026-05-12 12:49:23.718218","482.682647","3.145332","","","","","","keyboard","","{""pd_used"":0}","2","0.016667","60.000000","1","",""
"Sergio_G01_CNS-LLF5RV3D8","cpeeg01","ses02","20260512_123954","2026-05-12 12:41:21.035802","NaN","9","fix1","FIX1_OFF","31","2026-05-12 12:49:26.863821","485.827979","0.002738","","","","","","keyboard","","{""pd_used"":0}","2","0.016667","60.000000","1","",""
"Sergio_G01_CNS-LLF5RV3D8","cpeeg01","ses02","20260512_123954","2026-05-12 12:41:21.035802","NaN","9","digit","DIGIT1_ON","141","2026-05-12 12:49:26.866342","485.830717","0.502249","","5","","","","keyboard","digit#1 shown","{""value"":5,""note"":""digit#1 shown"",""pd_used"":1}","2","0.016667","60.000000","1","","0"
"Sergio_G01_CNS-LLF5RV3D8","cpeeg01","ses02","20260512_123954","2026-05-12 12:41:21.035802","NaN","9","digit","DIGIT1_OFF","146","2026-05-12 12:49:27.368885","486.332966","0.000000","","5","","","","keyboard","digit#1 off","{""value"":5,""note"":""digit#1 off"",""pd_used"":0}","2","0.016667","60.000000","1","",""
"Sergio_G01_CNS-LLF5RV3D8","cpeeg01","ses02","20260512_123954","2026-05-12 12:41:21.035802","NaN","9","digit","POSTDIG_FIX1_ON","151","2026-05-12 12:49:27.369609","486.332966","1.792797","","","","","","keyboard","after digit#1","{""note"":""after digit#1""}","2","0.016667","60.000000","1","",""
"Sergio_G01_CNS-LLF5RV3D8","cpeeg01","ses02","20260512_123954","2026-05-12 12:41:21.035802","NaN","9","digit","POSTDIG_FIX1_OFF","156","2026-05-12 12:49:29.161733","488.125763","0.002495","","","","","","keyboard","after digit#1","{""note"":""after digit#1"",""pd_used"":0}","2","0.016667","60.000000","1","",""
"Sergio_G01_CNS-LLF5RV3D8","cpeeg01","ses02","20260512_123954","2026-05-12 12:41:21.035802","NaN","9","digit","DIGIT2_ON","142","2026-05-12 12:49:29.163814","488.128258","0.501905","","0","","","","keyboard","digit#2 shown","{""value"":0,""note"":""digit#2 shown"",""pd_used"":1}","2","0.016667","60.000000","1","","1"
"Sergio_G01_CNS-LLF5RV3D8","cpeeg01","ses02","20260512_123954","2026-05-12 12:41:21.035802","NaN","9","digit","DIGIT2_OFF","147","2026-05-12 12:49:29.666019","488.630163","0.000000","","0","","","","keyboard","digit#2 off","{""value"":0,""note"":""digit#2 off"",""pd_used"":0}","2","0.016667","60.000000","1","",""
"Sergio_G01_CNS-LLF5RV3D8","cpeeg01","ses02","20260512_123954","2026-05-12 12:41:21.035802","NaN","9","digit","POSTDIG_FIX2_ON","152","2026-05-12 12:49:29.666785","488.630163","1.538623","","","","","","keyboard","after digit#2","{""note"":""after digit#2""}","2","0.016667","60.000000","1","",""
"Sergio_G01_CNS-LLF5RV3D8","cpeeg01","ses02","20260512_123954","2026-05-12 12:41:21.035802","NaN","9","digit","POSTDIG_FIX2_OFF","157","2026-05-12 12:49:31.204708","490.168787","0.002553","","","","","","keyboard","after digit#2","{""note"":""after digit#2"",""pd_used"":0}","2","0.016667","60.000000","1","",""
"Sergio_G01_CNS-LLF5RV3D8","cpeeg01","ses02","20260512_123954","2026-05-12 12:41:21.035802","NaN","9","digit","DIGIT3_ON","143","2026-05-12 12:49:31.206943","490.171340","0.501851","","5","","","","keyboard","digit#3 shown","{""value"":5,""note"":""digit#3 shown"",""pd_used"":1}","2","0.016667","60.000000","1","","0"
"Sergio_G01_CNS-LLF5RV3D8","cpeeg01","ses02","20260512_123954","2026-05-12 12:41:21.035802","NaN","9","digit","DIGIT3_OFF","148","2026-05-12 12:49:31.709053","490.673191","0.000000","","5","","","","keyboard","digit#3 off","{""value"":5,""note"":""digit#3 off"",""pd_used"":0}","2","0.016667","60.000000","1","",""
"Sergio_G01_CNS-LLF5RV3D8","cpeeg01","ses02","20260512_123954","2026-05-12 12:41:21.035802","NaN","9","digit","POSTDIG_FIX3_ON","153","2026-05-12 12:49:31.709784","490.673191","1.518842","","","","","","keyboard","after digit#3","{""note"":""after digit#3""}","2","0.016667","60.000000","1","",""
"Sergio_G01_CNS-LLF5RV3D8","cpeeg01","ses02","20260512_123954","2026-05-12 12:41:21.035802","NaN","9","digit","POSTDIG_FIX3_OFF","158","2026-05-12 12:49:33.227869","492.192033","0.002543","","","","","","keyboard","after digit#3","{""note"":""after digit#3"",""pd_used"":0}","2","0.016667","60.000000","1","",""
"Sergio_G01_CNS-LLF5RV3D8","cpeeg01","ses02","20260512_123954","2026-05-12 12:41:21.035802","NaN","9","digit","DIGIT4_ON","144","2026-05-12 12:49:33.230134","492.194576","0.501861","","8","","","","keyboard","digit#4 shown","{""value"":8,""note"":""digit#4 shown"",""pd_used"":1}","2","0.016667","60.000000","1","","0"
"Sergio_G01_CNS-LLF5RV3D8","cpeeg01","ses02","20260512_123954","2026-05-12 12:41:21.035802","NaN","9","digit","DIGIT4_OFF","149","2026-05-12 12:49:33.732298","492.696438","0.000000","","8","","","","keyboard","digit#4 off","{""value"":8,""note"":""digit#4 off"",""pd_used"":0}","2","0.016667","60.000000","1","",""
"Sergio_G01_CNS-LLF5RV3D8","cpeeg01","ses02","20260512_123954","2026-05-12 12:41:21.035802","NaN","9","digit","POSTDIG_FIX4_ON","154","2026-05-12 12:49:33.733068","492.696438","1.764897","","","","","","keyboard","after digit#4","{""note"":""after digit#4""}","2","0.016667","60.000000","1","",""
"Sergio_G01_CNS-LLF5RV3D8","cpeeg01","ses02","20260512_123954","2026-05-12 12:41:21.035802","NaN","9","digit","POSTDIG_FIX4_OFF","159","2026-05-12 12:49:35.497204","494.461334","0.002512","","","","","","keyboard","after digit#4","{""note"":""after digit#4"",""pd_used"":0}","2","0.016667","60.000000","1","",""
"Sergio_G01_CNS-LLF5RV3D8","cpeeg01","ses02","20260512_123954","2026-05-12 12:41:21.035802","NaN","9","digit","DIGIT5_ON","145","2026-05-12 12:49:35.499770","494.463846","0.502327","","5","","","","keyboard","digit#5 shown","{""value"":5,""note"":""digit#5 shown"",""pd_used"":1}","2","0.016667","60.000000","1","","1"
"Sergio_G01_CNS-LLF5RV3D8","cpeeg01","ses02","20260512_123954","2026-05-12 12:41:21.035802","NaN","9","digit","DIGIT5_OFF","150","2026-05-12 12:49:36.002171","494.966173","0.000000","","5","","","","keyboard","digit#5 off","{""value"":5,""note"":""digit#5 off"",""pd_used"":0}","2","0.016667","60.000000","1","",""
"Sergio_G01_CNS-LLF5RV3D8","cpeeg01","ses02","20260512_123954","2026-05-12 12:41:21.035802","NaN","9","digit","POSTDIG_FIX5_ON","155","2026-05-12 12:49:36.003012","494.966173","3.122283","","","","","","keyboard","after digit#5","{""note"":""after digit#5""}","2","0.016667","60.000000","1","",""
"Sergio_G01_CNS-LLF5RV3D8","cpeeg01","ses02","20260512_123954","2026-05-12 12:41:21.035802","NaN","9","digit","POSTDIG_FIX5_OFF","160","2026-05-12 12:49:39.124406","498.088456","0.002483","","","","","","keyboard","after digit#5","{""note"":""after digit#5"",""pd_used"":0}","2","0.016667","60.000000","1","",""
"Sergio_G01_CNS-LLF5RV3D8","cpeeg01","ses02","20260512_123954","2026-05-12 12:41:21.035802","NaN","9","distractor","DISTRACTOR_ON","50","2026-05-12 12:49:39.126534","498.090940","4.994916","","5+4=9","","","","keyboard","","{""value"":""5+4=9"",""isCorrectTruth"":true,""trueSum"":9,""pd_used"":1}","2","0.016667","60.000000","1","",""
"Sergio_G01_CNS-LLF5RV3D8","cpeeg01","ses02","20260512_123954","2026-05-12 12:41:21.035802","NaN","9","distractor","DISTRACTOR_ANS","51","2026-05-12 12:49:44.596174","503.085856","0.000000","4.994916","5+4=9","F","0","","keyboard","key= (False)","{""value"":""5+4=9"",""entered"":""F"",""rt"":4.9949156999937259,""correct"":0,""note"":""key= (False)"",""truth"":true,""trueSum"":9,""shownSum"":9,""a"":5,""b"":4}","2","0.016667","60.000000","1","4.0895",""
"Sergio_G01_CNS-LLF5RV3D8","cpeeg01","ses02","20260512_123954","2026-05-12 12:41:21.035802","NaN","9","distractor","ANS_WRONG","200","2026-05-12 12:49:44.596903","503.085856","0.477205","","","","","","keyboard","","{}","2","0.016667","60.000000","1","",""
"Sergio_G01_CNS-LLF5RV3D8","cpeeg01","ses02","20260512_123954","2026-05-12 12:41:21.035802","NaN","9","distractor","DISTRACTOR_OFF","52","2026-05-12 12:49:44.598655","503.563061","0.000000","","","","","","keyboard","","{""pd_used"":0}","2","0.016667","60.000000","1","",""
"Sergio_G01_CNS-LLF5RV3D8","cpeeg01","ses02","20260512_123954","2026-05-12 12:41:21.035802","NaN","9","distractor","FIX2_ON","60","2026-05-12 12:49:44.599237","503.563061","3.057902","","","","","","keyboard","immediate after response","{""note"":""immediate after response""}","2","0.016667","60.000000","1","",""
"Sergio_G01_CNS-LLF5RV3D8","cpeeg01","ses02","20260512_123954","2026-05-12 12:41:21.035802","NaN","9","fix2","FIX2_OFF","61","2026-05-12 12:49:47.656967","506.620963","0.002629","","","","","","keyboard","","{""pd_used"":0}","2","0.016667","60.000000","1","",""
"Sergio_G01_CNS-LLF5RV3D8","cpeeg01","ses02","20260512_123954","2026-05-12 12:41:21.035802","NaN","9","probe","DIGIT_RECALL_LINE_1","161","2026-05-12 12:49:47.659163","506.623592","3.235794","","1","","","","keyboard","first recall question","{""value"":1,""note"":""first recall question"",""pd_used"":1}","2","0.016667","60.000000","1","",""
"Sergio_G01_CNS-LLF5RV3D8","cpeeg01","ses02","20260512_123954","2026-05-12 12:41:21.035802","NaN","9","probe","PROBE_DIGIT_OK_1","71","2026-05-12 12:49:51.388409","509.859386","0.548660","3.237133","slot#1","2","0","","keyboard","probe_digit#1","{""value"":""slot#1"",""entered"":2,""rt"":3.2371329000161495,""note"":""probe_digit#1""}","2","0.016667","60.000000","1","1.5743",""
"Sergio_G01_CNS-LLF5RV3D8","cpeeg01","ses02","20260512_123954","2026-05-12 12:41:21.035802","NaN","9","probe","DIGIT1_OFF","146","2026-05-12 12:49:51.443820","510.408047","0.000000","","5","","","","keyboard","digit#1 off","{""value"":5,""note"":""digit#1 off"",""pd_used"":0}","2","0.016667","60.000000","1","",""
"Sergio_G01_CNS-LLF5RV3D8","cpeeg01","ses02","20260512_123954","2026-05-12 12:41:21.035802","NaN","9","probe","POSTDIG_FIX1_ON","151","2026-05-12 12:49:51.444541","510.408047","1.664621","","","","","","keyboard","after digit#1","{""note"":""after digit#1""}","2","0.016667","60.000000","1","",""
"Sergio_G01_CNS-LLF5RV3D8","cpeeg01","ses02","20260512_123954","2026-05-12 12:41:21.035802","NaN","9","probe","POSTDIG_FIX1_OFF","156","2026-05-12 12:49:53.108515","512.072667","0.005043","","","","","","keyboard","after digit#1","{""note"":""after digit#1"",""pd_used"":0}","2","0.016667","60.000000","1","",""
"Sergio_G01_CNS-LLF5RV3D8","cpeeg01","ses02","20260512_123954","2026-05-12 12:41:21.035802","NaN","9","probe","DIGIT_RECALL_LINE_2","162","2026-05-12 12:49:53.113292","512.077711","0.870015","","2","","","","keyboard","next recall question","{""value"":2,""note"":""next recall question"",""pd_used"":1}","2","0.016667","60.000000","1","",""
"Sergio_G01_CNS-LLF5RV3D8","cpeeg01","ses02","20260512_123954","2026-05-12 12:41:21.035802","NaN","9","probe","PROBE_DIGIT_OK_2","71","2026-05-12 12:49:54.669590","512.947726","0.749967","6.325473","slot#2","0","1","","keyboard","probe_digit#2","{""value"":""slot#2"",""entered"":0,""rt"":6.3254726000013761,""note"":""probe_digit#2""}","2","0.016667","60.000000","1","0.83337",""
"Sergio_G01_CNS-LLF5RV3D8","cpeeg01","ses02","20260512_123954","2026-05-12 12:41:21.035802","NaN","9","probe","DIGIT2_OFF","147","2026-05-12 12:49:54.733535","513.697693","0.000000","","5","","","","keyboard","digit#2 off","{""value"":5,""note"":""digit#2 off"",""pd_used"":0}","2","0.016667","60.000000","1","",""
"Sergio_G01_CNS-LLF5RV3D8","cpeeg01","ses02","20260512_123954","2026-05-12 12:41:21.035802","NaN","9","probe","POSTDIG_FIX2_ON","152","2026-05-12 12:49:54.734281","513.697693","1.710066","","","","","","keyboard","after digit#2","{""note"":""after digit#2""}","2","0.016667","60.000000","1","",""
"Sergio_G01_CNS-LLF5RV3D8","cpeeg01","ses02","20260512_123954","2026-05-12 12:41:21.035802","NaN","9","probe","POSTDIG_FIX2_OFF","157","2026-05-12 12:49:56.443614","515.407759","0.004889","","","","","","keyboard","after digit#2","{""note"":""after digit#2"",""pd_used"":0}","2","0.016667","60.000000","1","",""
"Sergio_G01_CNS-LLF5RV3D8","cpeeg01","ses02","20260512_123954","2026-05-12 12:41:21.035802","NaN","9","probe","DIGIT_RECALL_LINE_3","163","2026-05-12 12:49:56.448197","515.412648","0.854352","","3","","","","keyboard","next recall question","{""value"":3,""note"":""next recall question"",""pd_used"":1}","2","0.016667","60.000000","1","",""
"Sergio_G01_CNS-LLF5RV3D8","cpeeg01","ses02","20260512_123954","2026-05-12 12:41:21.035802","NaN","9","probe","PROBE_DIGIT_OK_3","71","2026-05-12 12:49:57.795916","516.267000","0.554663","9.644746","slot#3","9","0","","keyboard","probe_digit#3","{""value"":""slot#3"",""entered"":9,""rt"":9.6447464000084437,""note"":""probe_digit#3""}","2","0.016667","60.000000","1","0.73925",""
"Sergio_G01_CNS-LLF5RV3D8","cpeeg01","ses02","20260512_123954","2026-05-12 12:41:21.035802","NaN","9","probe","DIGIT3_OFF","148","2026-05-12 12:49:57.857465","516.821663","0.000000","","5","","","","keyboard","digit#3 off","{""value"":5,""note"":""digit#3 off"",""pd_used"":0}","2","0.016667","60.000000","1","",""
"Sergio_G01_CNS-LLF5RV3D8","cpeeg01","ses02","20260512_123954","2026-05-12 12:41:21.035802","NaN","9","probe","POSTDIG_FIX3_ON","153","2026-05-12 12:49:57.858189","516.821663","1.966993","","","","","","keyboard","after digit#3","{""note"":""after digit#3""}","2","0.016667","60.000000","1","",""
"Sergio_G01_CNS-LLF5RV3D8","cpeeg01","ses02","20260512_123954","2026-05-12 12:41:21.035802","NaN","9","probe","POSTDIG_FIX3_OFF","158","2026-05-12 12:49:59.824587","518.788656","0.004993","","","","","","keyboard","after digit#3","{""note"":""after digit#3"",""pd_used"":0}","2","0.016667","60.000000","1","",""
"Sergio_G01_CNS-LLF5RV3D8","cpeeg01","ses02","20260512_123954","2026-05-12 12:41:21.035802","NaN","9","probe","DIGIT_RECALL_LINE_4","164","2026-05-12 12:49:59.829244","518.793648","3.762637","","4","","","","keyboard","next recall question","{""value"":4,""note"":""next recall question"",""pd_used"":1}","2","0.016667","60.000000","1","",""
"Sergio_G01_CNS-LLF5RV3D8","cpeeg01","ses02","20260512_123954","2026-05-12 12:41:21.035802","NaN","9","probe","PROBE_DIGIT_OK_4","71","2026-05-12 12:50:04.129295","522.556286","0.604478","15.934033","slot#4","3","0","","keyboard","probe_digit#4","{""value"":""slot#4"",""entered"":3,""rt"":15.934032500023022,""note"":""probe_digit#4""}","2","0.016667","60.000000","1","1.0406",""
"Sergio_G01_CNS-LLF5RV3D8","cpeeg01","ses02","20260512_123954","2026-05-12 12:41:21.035802","NaN","9","probe","DIGIT4_OFF","149","2026-05-12 12:50:04.196563","523.160764","0.000000","","5","","","","keyboard","digit#4 off","{""value"":5,""note"":""digit#4 off"",""pd_used"":0}","2","0.016667","60.000000","1","",""
"Sergio_G01_CNS-LLF5RV3D8","cpeeg01","ses02","20260512_123954","2026-05-12 12:41:21.035802","NaN","9","probe","POSTDIG_FIX4_ON","154","2026-05-12 12:50:04.197285","523.160764","1.891415","","","","","","keyboard","after digit#4","{""note"":""after digit#4""}","2","0.016667","60.000000","1","",""
"Sergio_G01_CNS-LLF5RV3D8","cpeeg01","ses02","20260512_123954","2026-05-12 12:41:21.035802","NaN","9","probe","POSTDIG_FIX4_OFF","159","2026-05-12 12:50:06.088059","525.052178","0.005013","","","","","","keyboard","after digit#4","{""note"":""after digit#4"",""pd_used"":0}","2","0.016667","60.000000","1","",""
"Sergio_G01_CNS-LLF5RV3D8","cpeeg01","ses02","20260512_123954","2026-05-12 12:41:21.035802","NaN","9","probe","DIGIT_RECALL_LINE_5","165","2026-05-12 12:50:06.092774","525.057192","1.713412","","5","","","","keyboard","next recall question","{""value"":5,""note"":""next recall question"",""pd_used"":1}","2","0.016667","60.000000","1","",""
"Sergio_G01_CNS-LLF5RV3D8","cpeeg01","ses02","20260512_123954","2026-05-12 12:41:21.035802","NaN","9","probe","PROBE_DIGIT_OK_5","71","2026-05-12 12:50:08.176519","526.770603","0.429923","20.148350","slot#5","5","1","","keyboard","probe_digit#5","{""value"":""slot#5"",""entered"":5,""rt"":20.148350100003881,""note"":""probe_digit#5""}","2","0.016667","60.000000","1","1.6706",""
"Sergio_G01_CNS-LLF5RV3D8","cpeeg01","ses02","20260512_123954","2026-05-12 12:41:21.035802","NaN","9","probe","DIGIT5_OFF","150","2026-05-12 12:50:08.236413","527.200527","0.000000","","5","","","","keyboard","digit#5 off","{""value"":5,""note"":""digit#5 off"",""pd_used"":0}","2","0.016667","60.000000","1","",""
"Sergio_G01_CNS-LLF5RV3D8","cpeeg01","ses02","20260512_123954","2026-05-12 12:41:21.035802","NaN","9","probe","POSTDIG_FIX5_ON","155","2026-05-12 12:50:08.237116","527.200527","3.015966","","","","","","keyboard","after digit#5","{""note"":""after digit#5""}","2","0.016667","60.000000","1","",""
"Sergio_G01_CNS-LLF5RV3D8","cpeeg01","ses02","20260512_123954","2026-05-12 12:41:21.035802","NaN","9","probe","POSTDIG_FIX5_OFF","160","2026-05-12 12:50:11.252364","530.216493","0.002578","","","","","","keyboard","after digit#5","{""note"":""after digit#5"",""pd_used"":0}","2","0.016667","60.000000","1","",""
"Sergio_G01_CNS-LLF5RV3D8","cpeeg01","ses02","20260512_123954","2026-05-12 12:41:21.035802","NaN","9","probe","PROBE_DONE","73","2026-05-12 12:50:11.254725","530.219071","0.000802","","","","","","keyboard","probe complete","{""value"":"""",""note"":""probe complete""}","2","0.016667","60.000000","1","",""
"Sergio_G01_CNS-LLF5RV3D8","cpeeg01","ses02","20260512_123954","2026-05-12 12:41:21.035802","NaN","9","probe","TRIAL_END","21","2026-05-12 12:50:11.255310","530.219873","0.071159","","","","","","keyboard","","{}","2","0.016667","60.000000","1","",""
"Sergio_G01_CNS-LLF5RV3D8","cpeeg01","ses02","20260512_123954","2026-05-12 12:41:21.035802","NaN","10","probe","TRIAL_CHANGE","22","2026-05-12 12:50:11.326710","530.291032","0.000903","","","","","","keyboard","trial transition","{""note"":""trial transition""}","2","0.016667","60.000000","1","",""
"Sergio_G01_CNS-LLF5RV3D8","cpeeg01","ses02","20260512_123954","2026-05-12 12:41:21.035802","NaN","10","probe","TRIAL_START","20","2026-05-12 12:50:11.327381","530.291935","0.001553","","","","","","keyboard","","{}","2","0.016667","60.000000","1","",""
"Sergio_G01_CNS-LLF5RV3D8","cpeeg01","ses02","20260512_123954","2026-05-12 12:41:21.035802","NaN","10","fix1","FIX1_ON","30","2026-05-12 12:50:11.329042","530.293489","3.482851","","","","","","keyboard","","{""pd_used"":0}","2","0.016667","60.000000","1","",""
"Sergio_G01_CNS-LLF5RV3D8","cpeeg01","ses02","20260512_123954","2026-05-12 12:41:21.035802","NaN","10","fix1","FIX1_OFF","31","2026-05-12 12:50:14.812222","533.776339","0.002578","","","","","","keyboard","","{""pd_used"":0}","2","0.016667","60.000000","1","",""
"Sergio_G01_CNS-LLF5RV3D8","cpeeg01","ses02","20260512_123954","2026-05-12 12:41:21.035802","NaN","10","digit","DIGIT1_ON","141","2026-05-12 12:50:14.814472","533.778918","0.502019","","7","","","","keyboard","digit#1 shown","{""value"":7,""note"":""digit#1 shown"",""pd_used"":1}","2","0.016667","60.000000","1","","1"
"Sergio_G01_CNS-LLF5RV3D8","cpeeg01","ses02","20260512_123954","2026-05-12 12:41:21.035802","NaN","10","digit","DIGIT1_OFF","146","2026-05-12 12:50:15.316817","534.280936","0.000000","","7","","","","keyboard","digit#1 off","{""value"":7,""note"":""digit#1 off"",""pd_used"":0}","2","0.016667","60.000000","1","",""
"Sergio_G01_CNS-LLF5RV3D8","cpeeg01","ses02","20260512_123954","2026-05-12 12:41:21.035802","NaN","10","digit","POSTDIG_FIX1_ON","151","2026-05-12 12:50:15.317559","534.280936","1.857336","","","","","","keyboard","after digit#1","{""note"":""after digit#1""}","2","0.016667","60.000000","1","",""
"Sergio_G01_CNS-LLF5RV3D8","cpeeg01","ses02","20260512_123954","2026-05-12 12:41:21.035802","NaN","10","digit","POSTDIG_FIX1_OFF","156","2026-05-12 12:50:17.174155","536.138272","0.002470","","","","","","keyboard","after digit#1","{""note"":""after digit#1"",""pd_used"":0}","2","0.016667","60.000000","1","",""
"Sergio_G01_CNS-LLF5RV3D8","cpeeg01","ses02","20260512_123954","2026-05-12 12:41:21.035802","NaN","10","digit","DIGIT2_ON","142","2026-05-12 12:50:17.176336","536.140743","0.501834","","8","","","","keyboard","digit#2 shown","{""value"":8,""note"":""digit#2 shown"",""pd_used"":1}","2","0.016667","60.000000","1","","1"
"Sergio_G01_CNS-LLF5RV3D8","cpeeg01","ses02","20260512_123954","2026-05-12 12:41:21.035802","NaN","10","digit","DIGIT2_OFF","147","2026-05-12 12:50:17.678445","536.642577","0.000000","","8","","","","keyboard","digit#2 off","{""value"":8,""note"":""digit#2 off"",""pd_used"":0}","2","0.016667","60.000000","1","",""
"Sergio_G01_CNS-LLF5RV3D8","cpeeg01","ses02","20260512_123954","2026-05-12 12:41:21.035802","NaN","10","digit","POSTDIG_FIX2_ON","152","2026-05-12 12:50:17.679215","536.642577","1.739187","","","","","","keyboard","after digit#2","{""note"":""after digit#2""}","2","0.016667","60.000000","1","",""
"Sergio_G01_CNS-LLF5RV3D8","cpeeg01","ses02","20260512_123954","2026-05-12 12:41:21.035802","NaN","10","digit","POSTDIG_FIX2_OFF","157","2026-05-12 12:50:19.417684","538.381764","0.002515","","","","","","keyboard","after digit#2","{""note"":""after digit#2"",""pd_used"":0}","2","0.016667","60.000000","1","",""
"Sergio_G01_CNS-LLF5RV3D8","cpeeg01","ses02","20260512_123954","2026-05-12 12:41:21.035802","NaN","10","digit","DIGIT3_ON","143","2026-05-12 12:50:19.419853","538.384279","0.501964","","0","","","","keyboard","digit#3 shown","{""value"":0,""note"":""digit#3 shown"",""pd_used"":1}","2","0.016667","60.000000","1","","1"
"Sergio_G01_CNS-LLF5RV3D8","cpeeg01","ses02","20260512_123954","2026-05-12 12:41:21.035802","NaN","10","digit","DIGIT3_OFF","148","2026-05-12 12:50:19.922098","538.886243","0.000000","","0","","","","keyboard","digit#3 off","{""value"":0,""note"":""digit#3 off"",""pd_used"":0}","2","0.016667","60.000000","1","",""
"Sergio_G01_CNS-LLF5RV3D8","cpeeg01","ses02","20260512_123954","2026-05-12 12:41:21.035802","NaN","10","digit","POSTDIG_FIX3_ON","153","2026-05-12 12:50:19.922837","538.886243","1.899676","","","","","","keyboard","after digit#3","{""note"":""after digit#3""}","2","0.016667","60.000000","1","",""
"Sergio_G01_CNS-LLF5RV3D8","cpeeg01","ses02","20260512_123954","2026-05-12 12:41:21.035802","NaN","10","digit","POSTDIG_FIX3_OFF","158","2026-05-12 12:50:21.821803","540.785919","0.002545","","","","","","keyboard","after digit#3","{""note"":""after digit#3"",""pd_used"":0}","2","0.016667","60.000000","1","",""
"Sergio_G01_CNS-LLF5RV3D8","cpeeg01","ses02","20260512_123954","2026-05-12 12:41:21.035802","NaN","10","digit","DIGIT4_ON","144","2026-05-12 12:50:21.824052","540.788464","0.501830","","1","","","","keyboard","digit#4 shown","{""value"":1,""note"":""digit#4 shown"",""pd_used"":1}","2","0.016667","60.000000","1","","1"
"Sergio_G01_CNS-LLF5RV3D8","cpeeg01","ses02","20260512_123954","2026-05-12 12:41:21.035802","NaN","10","digit","DIGIT4_OFF","149","2026-05-12 12:50:22.326277","541.290295","0.000000","","1","","","","keyboard","digit#4 off","{""value"":1,""note"":""digit#4 off"",""pd_used"":0}","2","0.016667","60.000000","1","",""
"Sergio_G01_CNS-LLF5RV3D8","cpeeg01","ses02","20260512_123954","2026-05-12 12:41:21.035802","NaN","10","digit","POSTDIG_FIX4_ON","154","2026-05-12 12:50:22.327030","541.290295","1.936263","","","","","","keyboard","after digit#4","{""note"":""after digit#4""}","2","0.016667","60.000000","1","",""
"Sergio_G01_CNS-LLF5RV3D8","cpeeg01","ses02","20260512_123954","2026-05-12 12:41:21.035802","NaN","10","digit","POSTDIG_FIX4_OFF","159","2026-05-12 12:50:24.262451","543.226557","0.002478","","","","","","keyboard","after digit#4","{""note"":""after digit#4"",""pd_used"":0}","2","0.016667","60.000000","1","",""
"Sergio_G01_CNS-LLF5RV3D8","cpeeg01","ses02","20260512_123954","2026-05-12 12:41:21.035802","NaN","10","digit","DIGIT5_ON","145","2026-05-12 12:50:24.264586","543.229035","0.501921","","0","","","","keyboard","digit#5 shown","{""value"":0,""note"":""digit#5 shown"",""pd_used"":1}","2","0.016667","60.000000","1","","1"
"Sergio_G01_CNS-LLF5RV3D8","cpeeg01","ses02","20260512_123954","2026-05-12 12:41:21.035802","NaN","10","digit","DIGIT5_OFF","150","2026-05-12 12:50:24.766829","543.730956","0.000000","","0","","","","keyboard","digit#5 off","{""value"":0,""note"":""digit#5 off"",""pd_used"":0}","2","0.016667","60.000000","1","",""
"Sergio_G01_CNS-LLF5RV3D8","cpeeg01","ses02","20260512_123954","2026-05-12 12:41:21.035802","NaN","10","digit","POSTDIG_FIX5_ON","155","2026-05-12 12:50:24.767832","543.730956","3.309509","","","","","","keyboard","after digit#5","{""note"":""after digit#5""}","2","0.016667","60.000000","1","",""
"Sergio_G01_CNS-LLF5RV3D8","cpeeg01","ses02","20260512_123954","2026-05-12 12:41:21.035802","NaN","10","digit","POSTDIG_FIX5_OFF","160","2026-05-12 12:50:28.076328","547.040466","0.002556","","","","","","keyboard","after digit#5","{""note"":""after digit#5"",""pd_used"":0}","2","0.016667","60.000000","1","",""
"Sergio_G01_CNS-LLF5RV3D8","cpeeg01","ses02","20260512_123954","2026-05-12 12:41:21.035802","NaN","10","distractor","DISTRACTOR_ON","50","2026-05-12 12:50:28.078582","547.043021","3.276748","","7+5=9","","","","keyboard","","{""value"":""7+5=9"",""isCorrectTruth"":false,""trueSum"":12,""pd_used"":1}","2","0.016667","60.000000","1","",""
"Sergio_G01_CNS-LLF5RV3D8","cpeeg01","ses02","20260512_123954","2026-05-12 12:41:21.035802","NaN","10","distractor","DISTRACTOR_ANS","51","2026-05-12 12:50:31.848354","550.319769","0.000000","3.276748","7+5=9","F","1","","keyboard","key= (False)","{""value"":""7+5=9"",""entered"":""F"",""rt"":3.2767476000008173,""correct"":1,""note"":""key= (False)"",""truth"":false,""trueSum"":12,""shownSum"":9,""a"":7,""b"":5}","2","0.016667","60.000000","1","3.1901",""
"Sergio_G01_CNS-LLF5RV3D8","cpeeg01","ses02","20260512_123954","2026-05-12 12:41:21.035802","NaN","10","distractor","ANS_CORRECT","100","2026-05-12 12:50:31.849108","550.319769","0.495721","","","","","","keyboard","","{}","2","0.016667","60.000000","1","",""
"Sergio_G01_CNS-LLF5RV3D8","cpeeg01","ses02","20260512_123954","2026-05-12 12:41:21.035802","NaN","10","distractor","DISTRACTOR_OFF","52","2026-05-12 12:50:31.851078","550.815490","0.000000","","","","","","keyboard","","{""pd_used"":0}","2","0.016667","60.000000","1","",""
"Sergio_G01_CNS-LLF5RV3D8","cpeeg01","ses02","20260512_123954","2026-05-12 12:41:21.035802","NaN","10","distractor","FIX2_ON","60","2026-05-12 12:50:31.851605","550.815490","3.114894","","","","","","keyboard","immediate after response","{""note"":""immediate after response""}","2","0.016667","60.000000","1","",""
"Sergio_G01_CNS-LLF5RV3D8","cpeeg01","ses02","20260512_123954","2026-05-12 12:41:21.035802","NaN","10","fix2","FIX2_OFF","61","2026-05-12 12:50:34.966310","553.930384","0.002539","","","","","","keyboard","","{""pd_used"":0}","2","0.016667","60.000000","1","",""
"Sergio_G01_CNS-LLF5RV3D8","cpeeg01","ses02","20260512_123954","2026-05-12 12:41:21.035802","NaN","10","probe","DIGIT_RECALL_LINE_1","161","2026-05-12 12:50:34.968513","553.932923","1.603355","","1","","","","keyboard","first recall question","{""value"":1,""note"":""first recall question"",""pd_used"":1}","2","0.016667","60.000000","1","",""
"Sergio_G01_CNS-LLF5RV3D8","cpeeg01","ses02","20260512_123954","2026-05-12 12:41:21.035802","NaN","10","probe","PROBE_DIGIT_OK_1","71","2026-05-12 12:50:37.516920","555.536278","1.005957","1.604694","slot#1","7","1","","keyboard","probe_digit#1","{""value"":""slot#1"",""entered"":7,""rt"":1.6046941999811679,""note"":""probe_digit#1""}","2","0.016667","60.000000","1","1.6028",""
"Sergio_G01_CNS-LLF5RV3D8","cpeeg01","ses02","20260512_123954","2026-05-12 12:41:21.035802","NaN","10","probe","DIGIT1_OFF","146","2026-05-12 12:50:37.577980","556.542235","0.000000","","0","","","","keyboard","digit#1 off","{""value"":0,""note"":""digit#1 off"",""pd_used"":0}","2","0.016667","60.000000","1","",""
"Sergio_G01_CNS-LLF5RV3D8","cpeeg01","ses02","20260512_123954","2026-05-12 12:41:21.035802","NaN","10","probe","POSTDIG_FIX1_ON","151","2026-05-12 12:50:37.578646","556.542235","1.560777","","","","","","keyboard","after digit#1","{""note"":""after digit#1""}","2","0.016667","60.000000","1","",""
"Sergio_G01_CNS-LLF5RV3D8","cpeeg01","ses02","20260512_123954","2026-05-12 12:41:21.035802","NaN","10","probe","POSTDIG_FIX1_OFF","156","2026-05-12 12:50:39.138865","558.103012","0.005002","","","","","","keyboard","after digit#1","{""note"":""after digit#1"",""pd_used"":0}","2","0.016667","60.000000","1","",""
"Sergio_G01_CNS-LLF5RV3D8","cpeeg01","ses02","20260512_123954","2026-05-12 12:41:21.035802","NaN","10","probe","DIGIT_RECALL_LINE_2","162","2026-05-12 12:50:39.143622","558.108013","4.163124","","2","","","","keyboard","next recall question","{""value"":2,""note"":""next recall question"",""pd_used"":1}","2","0.016667","60.000000","1","",""
"Sergio_G01_CNS-LLF5RV3D8","cpeeg01","ses02","20260512_123954","2026-05-12 12:41:21.035802","NaN","10","probe","PROBE_DIGIT_OK_2","71","2026-05-12 12:50:43.811310","562.271137","0.565973","8.339553","slot#2","8","1","","keyboard","probe_digit#2","{""value"":""slot#2"",""entered"":8,""rt"":8.3395533000002615,""note"":""probe_digit#2""}","2","0.016667","60.000000","1","4.1093",""
"Sergio_G01_CNS-LLF5RV3D8","cpeeg01","ses02","20260512_123954","2026-05-12 12:41:21.035802","NaN","10","probe","DIGIT2_OFF","147","2026-05-12 12:50:43.872932","562.837110","0.000000","","0","","","","keyboard","digit#2 off","{""value"":0,""note"":""digit#2 off"",""pd_used"":0}","2","0.016667","60.000000","1","",""
"Sergio_G01_CNS-LLF5RV3D8","cpeeg01","ses02","20260512_123954","2026-05-12 12:41:21.035802","NaN","10","probe","POSTDIG_FIX2_ON","152","2026-05-12 12:50:43.873660","562.837110","1.804678","","","","","","keyboard","after digit#2","{""note"":""after digit#2""}","2","0.016667","60.000000","1","",""
"Sergio_G01_CNS-LLF5RV3D8","cpeeg01","ses02","20260512_123954","2026-05-12 12:41:21.035802","NaN","10","probe","POSTDIG_FIX2_OFF","157","2026-05-12 12:50:45.677662","564.641788","0.005049","","","","","","keyboard","after digit#2","{""note"":""after digit#2"",""pd_used"":0}","2","0.016667","60.000000","1","",""
"Sergio_G01_CNS-LLF5RV3D8","cpeeg01","ses02","20260512_123954","2026-05-12 12:41:21.035802","NaN","10","probe","DIGIT_RECALL_LINE_3","163","2026-05-12 12:50:45.682429","564.646837","1.520686","","3","","","","keyboard","next recall question","{""value"":3,""note"":""next recall question"",""pd_used"":1}","2","0.016667","60.000000","1","",""
"Sergio_G01_CNS-LLF5RV3D8","cpeeg01","ses02","20260512_123954","2026-05-12 12:41:21.035802","NaN","10","probe","PROBE_DIGIT_OK_3","71","2026-05-12 12:50:47.587126","566.167523","0.444213","12.235939","slot#3","0","1","","keyboard","probe_digit#3","{""value"":""slot#3"",""entered"":0,""rt"":12.235938800004078,""note"":""probe_digit#3""}","2","0.016667","60.000000","1","1.0466",""
"Sergio_G01_CNS-LLF5RV3D8","cpeeg01","ses02","20260512_123954","2026-05-12 12:41:21.035802","NaN","10","probe","DIGIT3_OFF","148","2026-05-12 12:50:47.647612","566.611735","0.000000","","0","","","","keyboard","digit#3 off","{""value"":0,""note"":""digit#3 off"",""pd_used"":0}","2","0.016667","60.000000","1","",""
"Sergio_G01_CNS-LLF5RV3D8","cpeeg01","ses02","20260512_123954","2026-05-12 12:41:21.035802","NaN","10","probe","POSTDIG_FIX3_ON","153","2026-05-12 12:50:47.648336","566.611735","1.706033","","","","","","keyboard","after digit#3","{""note"":""after digit#3""}","2","0.016667","60.000000","1","",""
"Sergio_G01_CNS-LLF5RV3D8","cpeeg01","ses02","20260512_123954","2026-05-12 12:41:21.035802","NaN","10","probe","POSTDIG_FIX3_OFF","158","2026-05-12 12:50:49.353701","568.317769","0.004920","","","","","","keyboard","after digit#3","{""note"":""after digit#3"",""pd_used"":0}","2","0.016667","60.000000","1","",""
"Sergio_G01_CNS-LLF5RV3D8","cpeeg01","ses02","20260512_123954","2026-05-12 12:41:21.035802","NaN","10","probe","DIGIT_RECALL_LINE_4","164","2026-05-12 12:50:49.358281","568.322689","0.692019","","4","","","","keyboard","next recall question","{""value"":4,""note"":""next recall question"",""pd_used"":1}","2","0.016667","60.000000","1","",""
"Sergio_G01_CNS-LLF5RV3D8","cpeeg01","ses02","20260512_123954","2026-05-12 12:41:21.035802","NaN","10","probe","PROBE_DIGIT_OK_4","71","2026-05-12 12:50:50.425620","569.014708","0.443883","15.083124","slot#4","1","1","","keyboard","probe_digit#4","{""value"":""slot#4"",""entered"":1,""rt"":15.083123799995519,""note"":""probe_digit#4""}","2","0.016667","60.000000","1","0.64106",""
"Sergio_G01_CNS-LLF5RV3D8","cpeeg01","ses02","20260512_123954","2026-05-12 12:41:21.035802","NaN","10","probe","DIGIT4_OFF","149","2026-05-12 12:50:50.494464","569.458591","0.000000","","0","","","","keyboard","digit#4 off","{""value"":0,""note"":""digit#4 off"",""pd_used"":0}","2","0.016667","60.000000","1","",""
"Sergio_G01_CNS-LLF5RV3D8","cpeeg01","ses02","20260512_123954","2026-05-12 12:41:21.035802","NaN","10","probe","POSTDIG_FIX4_ON","154","2026-05-12 12:50:50.495185","569.458591","1.625742","","","","","","keyboard","after digit#4","{""note"":""after digit#4""}","2","0.016667","60.000000","1","",""
"Sergio_G01_CNS-LLF5RV3D8","cpeeg01","ses02","20260512_123954","2026-05-12 12:41:21.035802","NaN","10","probe","POSTDIG_FIX4_OFF","159","2026-05-12 12:50:52.120300","571.084333","0.004959","","","","","","keyboard","after digit#4","{""note"":""after digit#4"",""pd_used"":0}","2","0.016667","60.000000","1","",""
"Sergio_G01_CNS-LLF5RV3D8","cpeeg01","ses02","20260512_123954","2026-05-12 12:41:21.035802","NaN","10","probe","DIGIT_RECALL_LINE_5","165","2026-05-12 12:50:52.124925","571.089291","0.877780","","5","","","","keyboard","next recall question","{""value"":5,""note"":""next recall question"",""pd_used"":1}","2","0.016667","60.000000","1","",""
"Sergio_G01_CNS-LLF5RV3D8","cpeeg01","ses02","20260512_123954","2026-05-12 12:41:21.035802","NaN","10","probe","PROBE_DIGIT_OK_5","71","2026-05-12 12:50:53.507365","571.967071","0.570085","18.035487","slot#5","0","1","","keyboard","probe_digit#5","{""value"":""slot#5"",""entered"":0,""rt"":18.035487399989506,""note"":""probe_digit#5""}","2","0.016667","60.000000","1","0.81788",""
"Sergio_G01_CNS-LLF5RV3D8","cpeeg01","ses02","20260512_123954","2026-05-12 12:41:21.035802","NaN","10","probe","DIGIT5_OFF","150","2026-05-12 12:50:53.572916","572.537156","0.000000","","0","","","","keyboard","digit#5 off","{""value"":0,""note"":""digit#5 off"",""pd_used"":0}","2","0.016667","60.000000","1","",""
"Sergio_G01_CNS-LLF5RV3D8","cpeeg01","ses02","20260512_123954","2026-05-12 12:41:21.035802","NaN","10","probe","POSTDIG_FIX5_ON","155","2026-05-12 12:50:53.573578","572.537156","3.302032","","","","","","keyboard","after digit#5","{""note"":""after digit#5""}","2","0.016667","60.000000","1","",""
"Sergio_G01_CNS-LLF5RV3D8","cpeeg01","ses02","20260512_123954","2026-05-12 12:41:21.035802","NaN","10","probe","POSTDIG_FIX5_OFF","160","2026-05-12 12:50:56.875108","575.839188","0.002483","","","","","","keyboard","after digit#5","{""note"":""after digit#5"",""pd_used"":0}","2","0.016667","60.000000","1","",""
"Sergio_G01_CNS-LLF5RV3D8","cpeeg01","ses02","20260512_123954","2026-05-12 12:41:21.035802","NaN","10","probe","PROBE_DONE","73","2026-05-12 12:50:56.877217","575.841672","0.000650","","","","","","keyboard","probe complete","{""value"":"""",""note"":""probe complete""}","2","0.016667","60.000000","1","",""
"Sergio_G01_CNS-LLF5RV3D8","cpeeg01","ses02","20260512_123954","2026-05-12 12:41:21.035802","NaN","10","probe","TRIAL_END","21","2026-05-12 12:50:56.877751","575.842322","0.071094","","","","","","keyboard","","{}","2","0.016667","60.000000","1","",""
"Sergio_G01_CNS-LLF5RV3D8","cpeeg01","ses02","20260512_123954","2026-05-12 12:41:21.035802","NaN","10","probe","BLOCK_END","11","2026-05-12 12:50:56.949195","575.913416","0.213259","","","","","","keyboard","","{}","2","0.016667","60.000000","1","",""
"Sergio_G01_CNS-LLF5RV3D8","cpeeg01","ses02","20260512_123954","2026-05-12 12:41:21.035802","NaN","10","probe","SESSION_END","3","2026-05-12 12:50:57.162538","576.126674","NaN","","","","","","keyboard","","{}","2","0.016667","60.000000","1","",""
