file_version,subject,condition,session,task_start_time,block,trial,phase,event_name,event_code,wall_clock,t_rel_sec,duration_to_next,rt,value_shown,entered_value,correct,key_name,device,note,json,screen_index,ifi,refresh_hz,pd_used,rt_from_audio,remembered
"Sergio_G01_CNS-LLF5RV3D8","cpeeg01","ses02","20260512_122225","2026-05-12 12:23:14.453031","NaN","NaN","","MIC_NOISEFLOOR","6","2026-05-12 12:23:19.413804","4.960386","4.140257","","","","","","keyboard","","{}","2","NaN","NaN","1","",""
"Sergio_G01_CNS-LLF5RV3D8","cpeeg01","ses02","20260512_122225","2026-05-12 12:23:14.453031","NaN","NaN","","MIC_REC_SPEECH","7","2026-05-12 12:23:23.553796","9.100643","6.667890","","","","","","keyboard","","{}","2","NaN","NaN","1","",""
"Sergio_G01_CNS-LLF5RV3D8","cpeeg01","ses02","20260512_122225","2026-05-12 12:23:14.453031","NaN","NaN","","SESSION_START","1","2026-05-12 12:23:55.689083","41.234505","0.002497","","","","","","keyboard","","{}","2","0.016667","60.000000","1","",""
"Sergio_G01_CNS-LLF5RV3D8","cpeeg01","ses02","20260512_122225","2026-05-12 12:23:14.453031","NaN","NaN","","BLOCK_START","10","2026-05-12 12:23:55.689968","41.237003","0.215276","","","","","","keyboard","","{}","2","0.016667","60.000000","1","",""
"Sergio_G01_CNS-LLF5RV3D8","cpeeg01","ses02","20260512_122225","2026-05-12 12:23:14.453031","NaN","0","reading","START_PAGE_ON","4","2026-05-12 12:23:55.947568","41.452279","0.046370","","","","","","keyboard","","{""pd_used"":0}","2","0.016667","60.000000","1","",""
"Sergio_G01_CNS-LLF5RV3D8","cpeeg01","ses02","20260512_122225","2026-05-12 12:23:14.453031","NaN","0","reading","START_PAGE_ON","4","2026-05-12 12:23:55.947568","41.452279","34.256707","","","","","","keyboard","","{""pd_used"":0}","2","0.016667","60.000000","1","",""
"Sergio_G01_CNS-LLF5RV3D8","cpeeg01","ses02","20260512_122225","2026-05-12 12:23:14.453031","NaN","0","reading","START_PAGE_ON","4","2026-05-12 12:23:55.947568","41.452279","34.674061","","","","","","keyboard","","{""pd_used"":0}","2","0.016667","60.000000","1","",""
"Sergio_G01_CNS-LLF5RV3D8","cpeeg01","ses02","20260512_122225","2026-05-12 12:23:14.453031","NaN","0","reading","READING_START","23","2026-05-12 12:24:30.579520","76.126340","0.119399","","","","","","keyboard","","{}","2","0.016667","60.000000","1","",""
"Sergio_G01_CNS-LLF5RV3D8","cpeeg01","ses02","20260512_122225","2026-05-12 12:23:14.453031","NaN","0","reading","DIGIT_READ1_ON","101","2026-05-12 12:24:30.740666","76.245739","1.658058","","6","","","","keyboard","digit#1 shown","{""value"":6,""note"":""digit#1 shown"",""pd_used"":1}","2","0.016667","60.000000","1","",""
"Sergio_G01_CNS-LLF5RV3D8","cpeeg01","ses02","20260512_122225","2026-05-12 12:23:14.453031","NaN","0","reading","PROBE_COUNT_OK_1","71","2026-05-12 12:24:32.831743","77.903797","0.521719","36.455128","slot#1","6","1","","keyboard","probe_digit#1","{""value"":""slot#1"",""entered"":6,""rt"":36.455127900000662,""note"":""probe_digit#1""}","2","0.016667","60.000000","1","1.5721",""
"Sergio_G01_CNS-LLF5RV3D8","cpeeg01","ses02","20260512_122225","2026-05-12 12:23:14.453031","NaN","0","reading","DIGIT_READ1_OFF","116","2026-05-12 12:24:32.927568","78.425517","0.000000","","6","","","","keyboard","digit#1 off","{""value"":6,""note"":""digit#1 off"",""pd_used"":0}","2","0.016667","60.000000","1","",""
"Sergio_G01_CNS-LLF5RV3D8","cpeeg01","ses02","20260512_122225","2026-05-12 12:23:14.453031","NaN","0","reading","POSTREAD_FIX1_ON","201","2026-05-12 12:24:32.928707","78.425517","1.813403","","","","","","keyboard","after digit#1","{""note"":""after digit#1""}","2","0.016667","60.000000","1","",""
"Sergio_G01_CNS-LLF5RV3D8","cpeeg01","ses02","20260512_122225","2026-05-12 12:23:14.453031","NaN","0","reading","POSTREAD_FIX1_OFF","216","2026-05-12 12:24:34.733781","80.238920","0.046621","","","","","","keyboard","after digit#1","{""note"":""after digit#1"",""pd_used"":0}","2","0.016667","60.000000","1","",""
"Sergio_G01_CNS-LLF5RV3D8","cpeeg01","ses02","20260512_122225","2026-05-12 12:23:14.453031","NaN","0","reading","DIGIT_READ2_ON","102","2026-05-12 12:24:34.784964","80.285541","2.203220","","8","","","","keyboard","digit#2 shown","{""value"":8,""note"":""digit#2 shown"",""pd_used"":1}","2","0.016667","60.000000","1","",""
"Sergio_G01_CNS-LLF5RV3D8","cpeeg01","ses02","20260512_122225","2026-05-12 12:23:14.453031","NaN","0","reading","PROBE_COUNT_OK_2","71","2026-05-12 12:24:37.468943","82.488761","0.570634","41.040091","slot#2","8","1","","keyboard","probe_digit#2","{""value"":""slot#2"",""entered"":8,""rt"":41.040091100003337,""note"":""probe_digit#2""}","2","0.016667","60.000000","1","2.1392",""
"Sergio_G01_CNS-LLF5RV3D8","cpeeg01","ses02","20260512_122225","2026-05-12 12:23:14.453031","NaN","0","reading","DIGIT_READ2_OFF","117","2026-05-12 12:24:37.562633","83.059395","0.000000","","8","","","","keyboard","digit#2 off","{""value"":8,""note"":""digit#2 off"",""pd_used"":0}","2","0.016667","60.000000","1","",""
"Sergio_G01_CNS-LLF5RV3D8","cpeeg01","ses02","20260512_122225","2026-05-12 12:23:14.453031","NaN","0","reading","POSTREAD_FIX2_ON","202","2026-05-12 12:24:37.563439","83.059395","1.900852","","","","","","keyboard","after digit#2","{""note"":""after digit#2""}","2","0.016667","60.000000","1","",""
"Sergio_G01_CNS-LLF5RV3D8","cpeeg01","ses02","20260512_122225","2026-05-12 12:23:14.453031","NaN","0","reading","POSTREAD_FIX2_OFF","217","2026-05-12 12:24:39.454942","84.960247","0.045967","","","","","","keyboard","after digit#2","{""note"":""after digit#2"",""pd_used"":0}","2","0.016667","60.000000","1","",""
"Sergio_G01_CNS-LLF5RV3D8","cpeeg01","ses02","20260512_122225","2026-05-12 12:23:14.453031","NaN","0","reading","DIGIT_READ3_ON","103","2026-05-12 12:24:39.506288","85.006214","1.694294","","9","","","","keyboard","digit#3 shown","{""value"":9,""note"":""digit#3 shown"",""pd_used"":1}","2","0.016667","60.000000","1","",""
"Sergio_G01_CNS-LLF5RV3D8","cpeeg01","ses02","20260512_122225","2026-05-12 12:23:14.453031","NaN","0","reading","PROBE_COUNT_OK_3","71","2026-05-12 12:24:41.498450","86.700508","0.388497","45.251838","slot#3","9","1","","keyboard","probe_digit#3","{""value"":""slot#3"",""entered"":9,""rt"":45.251837999996496,""note"":""probe_digit#3""}","2","0.016667","60.000000","1","1.382",""
"Sergio_G01_CNS-LLF5RV3D8","cpeeg01","ses02","20260512_122225","2026-05-12 12:23:14.453031","NaN","0","reading","DIGIT_READ3_OFF","118","2026-05-12 12:24:41.592234","87.089004","0.000000","","9","","","","keyboard","digit#3 off","{""value"":9,""note"":""digit#3 off"",""pd_used"":0}","2","0.016667","60.000000","1","",""
"Sergio_G01_CNS-LLF5RV3D8","cpeeg01","ses02","20260512_122225","2026-05-12 12:23:14.453031","NaN","0","reading","POSTREAD_FIX3_ON","203","2026-05-12 12:24:41.593060","87.089004","1.902735","","","","","","keyboard","after digit#3","{""note"":""after digit#3""}","2","0.016667","60.000000","1","",""
"Sergio_G01_CNS-LLF5RV3D8","cpeeg01","ses02","20260512_122225","2026-05-12 12:23:14.453031","NaN","0","reading","POSTREAD_FIX3_OFF","218","2026-05-12 12:24:43.486623","88.991739","0.046255","","","","","","keyboard","after digit#3","{""note"":""after digit#3"",""pd_used"":0}","2","0.016667","60.000000","1","",""
"Sergio_G01_CNS-LLF5RV3D8","cpeeg01","ses02","20260512_122225","2026-05-12 12:23:14.453031","NaN","0","reading","DIGIT_READ4_ON","104","2026-05-12 12:24:43.538053","89.037995","1.440219","","7","","","","keyboard","digit#4 shown","{""value"":7,""note"":""digit#4 shown"",""pd_used"":1}","2","0.016667","60.000000","1","",""
"Sergio_G01_CNS-LLF5RV3D8","cpeeg01","ses02","20260512_122225","2026-05-12 12:23:14.453031","NaN","0","reading","PROBE_COUNT_OK_4","71","2026-05-12 12:24:45.297059","90.478213","0.409332","49.029544","slot#4","7","1","","keyboard","probe_digit#4","{""value"":""slot#4"",""entered"":7,""rt"":49.02954379998846,""note"":""probe_digit#4""}","2","0.016667","60.000000","1","1.3227",""
"Sergio_G01_CNS-LLF5RV3D8","cpeeg01","ses02","20260512_122225","2026-05-12 12:23:14.453031","NaN","0","reading","DIGIT_READ4_OFF","119","2026-05-12 12:24:45.390759","90.887545","0.000000","","7","","","","keyboard","digit#4 off","{""value"":7,""note"":""digit#4 off"",""pd_used"":0}","2","0.016667","60.000000","1","",""
"Sergio_G01_CNS-LLF5RV3D8","cpeeg01","ses02","20260512_122225","2026-05-12 12:23:14.453031","NaN","0","reading","POSTREAD_FIX4_ON","204","2026-05-12 12:24:45.391582","90.887545","2.015664","","","","","","keyboard","after digit#4","{""note"":""after digit#4""}","2","0.016667","60.000000","1","",""
"Sergio_G01_CNS-LLF5RV3D8","cpeeg01","ses02","20260512_122225","2026-05-12 12:23:14.453031","NaN","0","reading","POSTREAD_FIX4_OFF","219","2026-05-12 12:24:47.398262","92.903209","0.046555","","","","","","keyboard","after digit#4","{""note"":""after digit#4"",""pd_used"":0}","2","0.016667","60.000000","1","",""
"Sergio_G01_CNS-LLF5RV3D8","cpeeg01","ses02","20260512_122225","2026-05-12 12:23:14.453031","NaN","0","reading","DIGIT_READ5_ON","105","2026-05-12 12:24:47.449523","92.949764","1.337316","","2","","","","keyboard","digit#5 shown","{""value"":2,""note"":""digit#5 shown"",""pd_used"":1}","2","0.016667","60.000000","1","",""
"Sergio_G01_CNS-LLF5RV3D8","cpeeg01","ses02","20260512_122225","2026-05-12 12:23:14.453031","NaN","0","reading","PROBE_COUNT_OK_5","71","2026-05-12 12:24:49.305114","94.287081","0.608199","52.838411","slot#5","2","1","","keyboard","probe_digit#5","{""value"":""slot#5"",""entered"":2,""rt"":52.838411200005794,""note"":""probe_digit#5""}","2","0.016667","60.000000","1","1.2812",""
"Sergio_G01_CNS-LLF5RV3D8","cpeeg01","ses02","20260512_122225","2026-05-12 12:23:14.453031","NaN","0","reading","DIGIT_READ5_OFF","120","2026-05-12 12:24:49.398829","94.895279","0.000000","","2","","","","keyboard","digit#5 off","{""value"":2,""note"":""digit#5 off"",""pd_used"":0}","2","0.016667","60.000000","1","",""
"Sergio_G01_CNS-LLF5RV3D8","cpeeg01","ses02","20260512_122225","2026-05-12 12:23:14.453031","NaN","0","reading","POSTREAD_FIX5_ON","205","2026-05-12 12:24:49.399572","94.895279","1.814413","","","","","","keyboard","after digit#5","{""note"":""after digit#5""}","2","0.016667","60.000000","1","",""
"Sergio_G01_CNS-LLF5RV3D8","cpeeg01","ses02","20260512_122225","2026-05-12 12:23:14.453031","NaN","0","reading","POSTREAD_FIX5_OFF","220","2026-05-12 12:24:51.204601","96.709693","0.046218","","","","","","keyboard","after digit#5","{""note"":""after digit#5"",""pd_used"":0}","2","0.016667","60.000000","1","",""
"Sergio_G01_CNS-LLF5RV3D8","cpeeg01","ses02","20260512_122225","2026-05-12 12:23:14.453031","NaN","0","reading","DIGIT_READ6_ON","106","2026-05-12 12:24:51.255935","96.755910","1.533377","","6","","","","keyboard","digit#6 shown","{""value"":6,""note"":""digit#6 shown"",""pd_used"":1}","2","0.016667","60.000000","1","",""
"Sergio_G01_CNS-LLF5RV3D8","cpeeg01","ses02","20260512_122225","2026-05-12 12:23:14.453031","NaN","0","reading","PROBE_COUNT_OK_6","71","2026-05-12 12:24:53.129679","98.289287","0.430627","56.840617","slot#6","6","1","","keyboard","probe_digit#6","{""value"":""slot#6"",""entered"":6,""rt"":56.840617499983637,""note"":""probe_digit#6""}","2","0.016667","60.000000","1","1.364",""
"Sergio_G01_CNS-LLF5RV3D8","cpeeg01","ses02","20260512_122225","2026-05-12 12:23:14.453031","NaN","0","reading","DIGIT_READ6_OFF","121","2026-05-12 12:24:53.223414","98.719914","0.000000","","6","","","","keyboard","digit#6 off","{""value"":6,""note"":""digit#6 off"",""pd_used"":0}","2","0.016667","60.000000","1","",""
"Sergio_G01_CNS-LLF5RV3D8","cpeeg01","ses02","20260512_122225","2026-05-12 12:23:14.453031","NaN","0","reading","POSTREAD_FIX6_ON","206","2026-05-12 12:24:53.224240","98.719914","1.827002","","","","","","keyboard","after digit#6","{""note"":""after digit#6""}","2","0.016667","60.000000","1","",""
"Sergio_G01_CNS-LLF5RV3D8","cpeeg01","ses02","20260512_122225","2026-05-12 12:23:14.453031","NaN","0","reading","POSTREAD_FIX6_OFF","221","2026-05-12 12:24:55.041763","100.546916","0.046089","","","","","","keyboard","after digit#6","{""note"":""after digit#6"",""pd_used"":0}","2","0.016667","60.000000","1","",""
"Sergio_G01_CNS-LLF5RV3D8","cpeeg01","ses02","20260512_122225","2026-05-12 12:23:14.453031","NaN","0","reading","DIGIT_READ7_ON","107","2026-05-12 12:24:55.093023","100.593005","10.289387","","8","","","","keyboard","digit#7 shown","{""value"":8,""note"":""digit#7 shown"",""pd_used"":1}","2","0.016667","60.000000","1","",""
"Sergio_G01_CNS-LLF5RV3D8","cpeeg01","ses02","20260512_122225","2026-05-12 12:23:14.453031","NaN","0","reading","PROBE_COUNT_OK_7","71","2026-05-12 12:25:05.670879","110.882392","0.379222","69.433722","slot#7","8","1","","keyboard","probe_digit#7","{""value"":""slot#7"",""entered"":8,""rt"":69.433722299989313,""note"":""probe_digit#7""}","2","0.016667","60.000000","1","NaN",""
"Sergio_G01_CNS-LLF5RV3D8","cpeeg01","ses02","20260512_122225","2026-05-12 12:23:14.453031","NaN","0","reading","DIGIT_READ7_OFF","122","2026-05-12 12:25:05.764817","111.261614","0.000000","","8","","","","keyboard","digit#7 off","{""value"":8,""note"":""digit#7 off"",""pd_used"":0}","2","0.016667","60.000000","1","",""
"Sergio_G01_CNS-LLF5RV3D8","cpeeg01","ses02","20260512_122225","2026-05-12 12:23:14.453031","NaN","0","reading","POSTREAD_FIX7_ON","207","2026-05-12 12:25:05.765627","111.261614","1.608238","","","","","","keyboard","after digit#7","{""note"":""after digit#7""}","2","0.016667","60.000000","1","",""
"Sergio_G01_CNS-LLF5RV3D8","cpeeg01","ses02","20260512_122225","2026-05-12 12:23:14.453031","NaN","0","reading","POSTREAD_FIX7_OFF","222","2026-05-12 12:25:07.364817","112.869851","0.046343","","","","","","keyboard","after digit#7","{""note"":""after digit#7"",""pd_used"":0}","2","0.016667","60.000000","1","",""
"Sergio_G01_CNS-LLF5RV3D8","cpeeg01","ses02","20260512_122225","2026-05-12 12:23:14.453031","NaN","0","reading","DIGIT_READ8_ON","108","2026-05-12 12:25:07.416032","112.916195","0.105458","","9","","","","keyboard","digit#8 shown","{""value"":9,""note"":""digit#8 shown"",""pd_used"":1}","2","0.016667","60.000000","1","",""
"Sergio_G01_CNS-LLF5RV3D8","cpeeg01","ses02","20260512_122225","2026-05-12 12:23:14.453031","NaN","0","reading","PROBE_COUNT_OK_8","71","2026-05-12 12:25:07.849199","113.021653","0.418031","71.572983","slot#8","9","1","","keyboard","probe_digit#8","{""value"":""slot#8"",""entered"":9,""rt"":71.572983499994734,""note"":""probe_digit#8""}","2","0.016667","60.000000","1","NaN",""
"Sergio_G01_CNS-LLF5RV3D8","cpeeg01","ses02","20260512_122225","2026-05-12 12:23:14.453031","NaN","0","reading","DIGIT_READ8_OFF","123","2026-05-12 12:25:07.942733","113.439684","0.000000","","9","","","","keyboard","digit#8 off","{""value"":9,""note"":""digit#8 off"",""pd_used"":0}","2","0.016667","60.000000","1","",""
"Sergio_G01_CNS-LLF5RV3D8","cpeeg01","ses02","20260512_122225","2026-05-12 12:23:14.453031","NaN","0","reading","POSTREAD_FIX8_ON","208","2026-05-12 12:25:07.943502","113.439684","1.818730","","","","","","keyboard","after digit#8","{""note"":""after digit#8""}","2","0.016667","60.000000","1","",""
"Sergio_G01_CNS-LLF5RV3D8","cpeeg01","ses02","20260512_122225","2026-05-12 12:23:14.453031","NaN","0","reading","POSTREAD_FIX8_OFF","223","2026-05-12 12:25:09.753398","115.258414","0.046238","","","","","","keyboard","after digit#8","{""note"":""after digit#8"",""pd_used"":0}","2","0.016667","60.000000","1","",""
"Sergio_G01_CNS-LLF5RV3D8","cpeeg01","ses02","20260512_122225","2026-05-12 12:23:14.453031","NaN","0","reading","DIGIT_READ9_ON","109","2026-05-12 12:25:09.804821","115.304652","1.261071","","9","","","","keyboard","digit#9 shown","{""value"":9,""note"":""digit#9 shown"",""pd_used"":1}","2","0.016667","60.000000","1","",""
"Sergio_G01_CNS-LLF5RV3D8","cpeeg01","ses02","20260512_122225","2026-05-12 12:23:14.453031","NaN","0","reading","PROBE_COUNT_OK_9","71","2026-05-12 12:25:11.457034","116.565724","0.482157","75.117054","slot#9","9","1","","keyboard","probe_digit#9","{""value"":""slot#9"",""entered"":9,""rt"":75.117054200003622,""note"":""probe_digit#9""}","2","0.016667","60.000000","1","1.1193",""
"Sergio_G01_CNS-LLF5RV3D8","cpeeg01","ses02","20260512_122225","2026-05-12 12:23:14.453031","NaN","0","reading","DIGIT_READ9_OFF","124","2026-05-12 12:25:11.551030","117.047881","0.000000","","9","","","","keyboard","digit#9 off","{""value"":9,""note"":""digit#9 off"",""pd_used"":0}","2","0.016667","60.000000","1","",""
"Sergio_G01_CNS-LLF5RV3D8","cpeeg01","ses02","20260512_122225","2026-05-12 12:23:14.453031","NaN","0","reading","POSTREAD_FIX9_ON","209","2026-05-12 12:25:11.551920","117.047881","2.037965","","","","","","keyboard","after digit#9","{""note"":""after digit#9""}","2","0.016667","60.000000","1","",""
"Sergio_G01_CNS-LLF5RV3D8","cpeeg01","ses02","20260512_122225","2026-05-12 12:23:14.453031","NaN","0","reading","POSTREAD_FIX9_OFF","224","2026-05-12 12:25:13.580784","119.085847","0.046230","","","","","","keyboard","after digit#9","{""note"":""after digit#9"",""pd_used"":0}","2","0.016667","60.000000","1","",""
"Sergio_G01_CNS-LLF5RV3D8","cpeeg01","ses02","20260512_122225","2026-05-12 12:23:14.453031","NaN","0","reading","DIGIT_READ10_ON","110","2026-05-12 12:25:13.632456","119.132076","1.081092","","3","","","","keyboard","digit#10 shown","{""value"":3,""note"":""digit#10 shown"",""pd_used"":1}","2","0.016667","60.000000","1","",""
"Sergio_G01_CNS-LLF5RV3D8","cpeeg01","ses02","20260512_122225","2026-05-12 12:23:14.453031","NaN","0","reading","PROBE_COUNT_OK_10","71","2026-05-12 12:25:15.406549","120.213168","0.783700","78.764498","slot#10","3","1","","keyboard","probe_digit#10","{""value"":""slot#10"",""entered"":3,""rt"":78.764498200005619,""note"":""probe_digit#10""}","2","0.016667","60.000000","1","1.1969",""
"Sergio_G01_CNS-LLF5RV3D8","cpeeg01","ses02","20260512_122225","2026-05-12 12:23:14.453031","NaN","0","reading","DIGIT_READ10_OFF","125","2026-05-12 12:25:15.500265","120.996868","0.000000","","3","","","","keyboard","digit#10 off","{""value"":3,""note"":""digit#10 off"",""pd_used"":0}","2","0.016667","60.000000","1","",""
"Sergio_G01_CNS-LLF5RV3D8","cpeeg01","ses02","20260512_122225","2026-05-12 12:23:14.453031","NaN","0","reading","POSTREAD_FIX10_ON","210","2026-05-12 12:25:15.501032","120.996868","1.878476","","","","","","keyboard","after digit#10","{""note"":""after digit#10""}","2","0.016667","60.000000","1","",""
"Sergio_G01_CNS-LLF5RV3D8","cpeeg01","ses02","20260512_122225","2026-05-12 12:23:14.453031","NaN","0","reading","POSTREAD_FIX10_OFF","225","2026-05-12 12:25:17.370193","122.875344","0.046259","","","","","","keyboard","after digit#10","{""note"":""after digit#10"",""pd_used"":0}","2","0.016667","60.000000","1","",""
"Sergio_G01_CNS-LLF5RV3D8","cpeeg01","ses02","20260512_122225","2026-05-12 12:23:14.453031","NaN","0","reading","DIGIT_READ11_ON","111","2026-05-12 12:25:17.421773","122.921603","1.142848","","1","","","","keyboard","digit#11 shown","{""value"":1,""note"":""digit#11 shown"",""pd_used"":1}","2","0.016667","60.000000","1","",""
"Sergio_G01_CNS-LLF5RV3D8","cpeeg01","ses02","20260512_122225","2026-05-12 12:23:14.453031","NaN","0","reading","PROBE_COUNT_OK_11","71","2026-05-12 12:25:19.026495","124.064451","0.552583","82.615782","slot#11","1","1","","keyboard","probe_digit#11","{""value"":""slot#11"",""entered"":1,""rt"":82.615781500004232,""note"":""probe_digit#11""}","2","0.016667","60.000000","1","1.0018",""
"Sergio_G01_CNS-LLF5RV3D8","cpeeg01","ses02","20260512_122225","2026-05-12 12:23:14.453031","NaN","0","reading","DIGIT_READ11_OFF","126","2026-05-12 12:25:19.120469","124.617034","0.000000","","1","","","","keyboard","digit#11 off","{""value"":1,""note"":""digit#11 off"",""pd_used"":0}","2","0.016667","60.000000","1","",""
"Sergio_G01_CNS-LLF5RV3D8","cpeeg01","ses02","20260512_122225","2026-05-12 12:23:14.453031","NaN","0","reading","POSTREAD_FIX11_ON","211","2026-05-12 12:25:19.121236","124.617034","1.966017","","","","","","keyboard","after digit#11","{""note"":""after digit#11""}","2","0.016667","60.000000","1","",""
"Sergio_G01_CNS-LLF5RV3D8","cpeeg01","ses02","20260512_122225","2026-05-12 12:23:14.453031","NaN","0","reading","POSTREAD_FIX11_OFF","226","2026-05-12 12:25:21.077989","126.583051","0.046120","","","","","","keyboard","after digit#11","{""note"":""after digit#11"",""pd_used"":0}","2","0.016667","60.000000","1","",""
"Sergio_G01_CNS-LLF5RV3D8","cpeeg01","ses02","20260512_122225","2026-05-12 12:23:14.453031","NaN","0","reading","DIGIT_READ12_ON","112","2026-05-12 12:25:21.129299","126.629171","1.297374","","0","","","","keyboard","digit#12 shown","{""value"":0,""note"":""digit#12 shown"",""pd_used"":1}","2","0.016667","60.000000","1","",""
"Sergio_G01_CNS-LLF5RV3D8","cpeeg01","ses02","20260512_122225","2026-05-12 12:23:14.453031","NaN","0","reading","PROBE_COUNT_OK_12","71","2026-05-12 12:25:22.826273","127.926545","0.490317","86.477875","slot#12","0","1","","keyboard","probe_digit#12","{""value"":""slot#12"",""entered"":0,""rt"":86.477875299984589,""note"":""probe_digit#12""}","2","0.016667","60.000000","1","1.228",""
"Sergio_G01_CNS-LLF5RV3D8","cpeeg01","ses02","20260512_122225","2026-05-12 12:23:14.453031","NaN","0","reading","DIGIT_READ12_OFF","127","2026-05-12 12:25:22.919957","128.416862","0.000000","","0","","","","keyboard","digit#12 off","{""value"":0,""note"":""digit#12 off"",""pd_used"":0}","2","0.016667","60.000000","1","",""
"Sergio_G01_CNS-LLF5RV3D8","cpeeg01","ses02","20260512_122225","2026-05-12 12:23:14.453031","NaN","0","reading","POSTREAD_FIX12_ON","212","2026-05-12 12:25:22.920719","128.416862","1.830036","","","","","","keyboard","after digit#12","{""note"":""after digit#12""}","2","0.016667","60.000000","1","",""
"Sergio_G01_CNS-LLF5RV3D8","cpeeg01","ses02","20260512_122225","2026-05-12 12:23:14.453031","NaN","0","reading","POSTREAD_FIX12_OFF","227","2026-05-12 12:25:24.741615","130.246898","0.045996","","","","","","keyboard","after digit#12","{""note"":""after digit#12"",""pd_used"":0}","2","0.016667","60.000000","1","",""
"Sergio_G01_CNS-LLF5RV3D8","cpeeg01","ses02","20260512_122225","2026-05-12 12:23:14.453031","NaN","0","reading","DIGIT_READ13_ON","113","2026-05-12 12:25:24.792777","130.292894","1.242226","","5","","","","keyboard","digit#13 shown","{""value"":5,""note"":""digit#13 shown"",""pd_used"":1}","2","0.016667","60.000000","1","",""
"Sergio_G01_CNS-LLF5RV3D8","cpeeg01","ses02","20260512_122225","2026-05-12 12:23:14.453031","NaN","0","reading","PROBE_COUNT_OK_13","71","2026-05-12 12:25:26.380375","131.535120","0.435706","90.086450","slot#13","5","1","","keyboard","probe_digit#13","{""value"":""slot#13"",""entered"":5,""rt"":90.086450000002515,""note"":""probe_digit#13""}","2","0.016667","60.000000","1","1.131",""
"Sergio_G01_CNS-LLF5RV3D8","cpeeg01","ses02","20260512_122225","2026-05-12 12:23:14.453031","NaN","0","reading","DIGIT_READ13_OFF","128","2026-05-12 12:25:26.474079","131.970826","0.000000","","5","","","","keyboard","digit#13 off","{""value"":5,""note"":""digit#13 off"",""pd_used"":0}","2","0.016667","60.000000","1","",""
"Sergio_G01_CNS-LLF5RV3D8","cpeeg01","ses02","20260512_122225","2026-05-12 12:23:14.453031","NaN","0","reading","POSTREAD_FIX13_ON","213","2026-05-12 12:25:26.474855","131.970826","1.835160","","","","","","keyboard","after digit#13","{""note"":""after digit#13""}","2","0.016667","60.000000","1","",""
"Sergio_G01_CNS-LLF5RV3D8","cpeeg01","ses02","20260512_122225","2026-05-12 12:23:14.453031","NaN","0","reading","POSTREAD_FIX13_OFF","228","2026-05-12 12:25:28.300842","133.805986","0.046290","","","","","","keyboard","after digit#13","{""note"":""after digit#13"",""pd_used"":0}","2","0.016667","60.000000","1","",""
"Sergio_G01_CNS-LLF5RV3D8","cpeeg01","ses02","20260512_122225","2026-05-12 12:23:14.453031","NaN","0","reading","DIGIT_READ14_ON","114","2026-05-12 12:25:28.352464","133.852276","1.264867","","1","","","","keyboard","digit#14 shown","{""value"":1,""note"":""digit#14 shown"",""pd_used"":1}","2","0.016667","60.000000","1","",""
"Sergio_G01_CNS-LLF5RV3D8","cpeeg01","ses02","20260512_122225","2026-05-12 12:23:14.453031","NaN","0","reading","PROBE_COUNT_OK_14","71","2026-05-12 12:25:29.988328","135.117143","0.461875","93.668474","slot#14","1","1","","keyboard","probe_digit#14","{""value"":""slot#14"",""entered"":1,""rt"":93.668473800004,""note"":""probe_digit#14""}","2","0.016667","60.000000","1","1.1295",""
"Sergio_G01_CNS-LLF5RV3D8","cpeeg01","ses02","20260512_122225","2026-05-12 12:23:14.453031","NaN","0","reading","DIGIT_READ14_OFF","129","2026-05-12 12:25:30.082068","135.579018","0.000000","","1","","","","keyboard","digit#14 off","{""value"":1,""note"":""digit#14 off"",""pd_used"":0}","2","0.016667","60.000000","1","",""
"Sergio_G01_CNS-LLF5RV3D8","cpeeg01","ses02","20260512_122225","2026-05-12 12:23:14.453031","NaN","0","reading","POSTREAD_FIX14_ON","214","2026-05-12 12:25:30.082836","135.579018","1.972350","","","","","","keyboard","after digit#14","{""note"":""after digit#14""}","2","0.016667","60.000000","1","",""
"Sergio_G01_CNS-LLF5RV3D8","cpeeg01","ses02","20260512_122225","2026-05-12 12:23:14.453031","NaN","0","reading","POSTREAD_FIX14_OFF","229","2026-05-12 12:25:32.046179","137.551368","0.046792","","","","","","keyboard","after digit#14","{""note"":""after digit#14"",""pd_used"":0}","2","0.016667","60.000000","1","",""
"Sergio_G01_CNS-LLF5RV3D8","cpeeg01","ses02","20260512_122225","2026-05-12 12:23:14.453031","NaN","0","reading","DIGIT_READ15_ON","115","2026-05-12 12:25:32.097700","137.598160","0.983553","","9","","","","keyboard","digit#15 shown","{""value"":9,""note"":""digit#15 shown"",""pd_used"":1}","2","0.016667","60.000000","1","",""
"Sergio_G01_CNS-LLF5RV3D8","cpeeg01","ses02","20260512_122225","2026-05-12 12:23:14.453031","NaN","0","reading","PROBE_COUNT_OK_15","71","2026-05-12 12:25:33.371123","138.581713","0.381311","97.133044","slot#15","9","1","","keyboard","probe_digit#15","{""value"":""slot#15"",""entered"":9,""rt"":97.133043699985137,""note"":""probe_digit#15""}","2","0.016667","60.000000","1","0.804",""
"Sergio_G01_CNS-LLF5RV3D8","cpeeg01","ses02","20260512_122225","2026-05-12 12:23:14.453031","NaN","0","reading","DIGIT_READ15_OFF","130","2026-05-12 12:25:33.464928","138.963024","0.000000","","9","","","","keyboard","digit#15 off","{""value"":9,""note"":""digit#15 off"",""pd_used"":0}","2","0.016667","60.000000","1","",""
"Sergio_G01_CNS-LLF5RV3D8","cpeeg01","ses02","20260512_122225","2026-05-12 12:23:14.453031","NaN","0","reading","POSTREAD_FIX15_ON","215","2026-05-12 12:25:33.465750","138.963024","3.103466","","","","","","keyboard","after digit#15","{""note"":""after digit#15""}","2","0.016667","60.000000","1","",""
"Sergio_G01_CNS-LLF5RV3D8","cpeeg01","ses02","20260512_122225","2026-05-12 12:23:14.453031","NaN","0","reading","POSTREAD_FIX15_OFF","230","2026-05-12 12:25:36.561273","142.066490","0.043742","","","","","","keyboard","after digit#15","{""note"":""after digit#15"",""pd_used"":0}","2","0.016667","60.000000","1","",""
"Sergio_G01_CNS-LLF5RV3D8","cpeeg01","ses02","20260512_122225","2026-05-12 12:23:14.453031","NaN","0","reading","READING_END","24","2026-05-12 12:25:36.563266","142.110232","0.051791","","","","","","keyboard","","{}","2","0.016667","60.000000","1","",""
"Sergio_G01_CNS-LLF5RV3D8","cpeeg01","ses02","20260512_122225","2026-05-12 12:23:14.453031","NaN","0","reading","START_PAGE_ON","4","2026-05-12 12:25:36.663766","142.162024","0.051499","","","","","","keyboard","","{""pd_used"":0}","2","0.016667","60.000000","1","",""
"Sergio_G01_CNS-LLF5RV3D8","cpeeg01","ses02","20260512_122225","2026-05-12 12:23:14.453031","NaN","0","reading","START_PAGE_ON","4","2026-05-12 12:25:36.663766","142.162024","7.152871","","","","","","keyboard","","{""pd_used"":0}","2","0.016667","60.000000","1","",""
"Sergio_G01_CNS-LLF5RV3D8","cpeeg01","ses02","20260512_122225","2026-05-12 12:23:14.453031","NaN","0","reading","START_PAGE_ON","4","2026-05-12 12:25:36.663766","142.162024","7.519005","","","","","","keyboard","","{""pd_used"":0}","2","0.016667","60.000000","1","",""
"Sergio_G01_CNS-LLF5RV3D8","cpeeg01","ses02","20260512_122225","2026-05-12 12:23:14.453031","NaN","1","reading","TRIAL_CHANGE","22","2026-05-12 12:25:44.134287","149.681029","0.001126","","","","","","keyboard","trial transition","{""note"":""trial transition""}","2","0.016667","60.000000","1","",""
"Sergio_G01_CNS-LLF5RV3D8","cpeeg01","ses02","20260512_122225","2026-05-12 12:23:14.453031","NaN","1","reading","TRIAL_START","20","2026-05-12 12:25:44.135071","149.682155","0.051573","","","","","","keyboard","","{}","2","0.016667","60.000000","1","",""
"Sergio_G01_CNS-LLF5RV3D8","cpeeg01","ses02","20260512_122225","2026-05-12 12:23:14.453031","NaN","1","fix1","FIX1_ON","30","2026-05-12 12:25:44.236800","149.733728","3.246013","","","","","","keyboard","","{""pd_used"":0}","2","0.016667","60.000000","1","",""
"Sergio_G01_CNS-LLF5RV3D8","cpeeg01","ses02","20260512_122225","2026-05-12 12:23:14.453031","NaN","1","fix1","FIX1_OFF","31","2026-05-12 12:25:47.474483","152.979741","0.044204","","","","","","keyboard","","{""pd_used"":0}","2","0.016667","60.000000","1","",""
"Sergio_G01_CNS-LLF5RV3D8","cpeeg01","ses02","20260512_122225","2026-05-12 12:23:14.453031","NaN","1","digit","DIGIT1_ON","141","2026-05-12 12:25:47.525723","153.023945","0.551402","","7","","","","keyboard","digit#1 shown","{""value"":7,""note"":""digit#1 shown"",""pd_used"":1}","2","0.016667","60.000000","1","","0"
"Sergio_G01_CNS-LLF5RV3D8","cpeeg01","ses02","20260512_122225","2026-05-12 12:23:14.453031","NaN","1","digit","DIGIT1_OFF","146","2026-05-12 12:25:48.070325","153.575347","0.000000","","7","","","","keyboard","digit#1 off","{""value"":7,""note"":""digit#1 off"",""pd_used"":0}","2","0.016667","60.000000","1","",""
"Sergio_G01_CNS-LLF5RV3D8","cpeeg01","ses02","20260512_122225","2026-05-12 12:23:14.453031","NaN","1","digit","POSTDIG_FIX1_ON","151","2026-05-12 12:25:48.071340","153.575347","1.932810","","","","","","keyboard","after digit#1","{""note"":""after digit#1""}","2","0.016667","60.000000","1","",""
"Sergio_G01_CNS-LLF5RV3D8","cpeeg01","ses02","20260512_122225","2026-05-12 12:23:14.453031","NaN","1","digit","POSTDIG_FIX1_OFF","156","2026-05-12 12:25:50.002921","155.508157","0.043960","","","","","","keyboard","after digit#1","{""note"":""after digit#1"",""pd_used"":0}","2","0.016667","60.000000","1","",""
"Sergio_G01_CNS-LLF5RV3D8","cpeeg01","ses02","20260512_122225","2026-05-12 12:23:14.453031","NaN","1","digit","DIGIT2_ON","142","2026-05-12 12:25:50.054038","155.552117","0.551088","","5","","","","keyboard","digit#2 shown","{""value"":5,""note"":""digit#2 shown"",""pd_used"":1}","2","0.016667","60.000000","1","","0"
"Sergio_G01_CNS-LLF5RV3D8","cpeeg01","ses02","20260512_122225","2026-05-12 12:23:14.453031","NaN","1","digit","DIGIT2_OFF","147","2026-05-12 12:25:50.597973","156.103205","0.000000","","5","","","","keyboard","digit#2 off","{""value"":5,""note"":""digit#2 off"",""pd_used"":0}","2","0.016667","60.000000","1","",""
"Sergio_G01_CNS-LLF5RV3D8","cpeeg01","ses02","20260512_122225","2026-05-12 12:23:14.453031","NaN","1","digit","POSTDIG_FIX2_ON","152","2026-05-12 12:25:50.598755","156.103205","1.830455","","","","","","keyboard","after digit#2","{""note"":""after digit#2""}","2","0.016667","60.000000","1","",""
"Sergio_G01_CNS-LLF5RV3D8","cpeeg01","ses02","20260512_122225","2026-05-12 12:23:14.453031","NaN","1","digit","POSTDIG_FIX2_OFF","157","2026-05-12 12:25:52.428601","157.933660","0.044072","","","","","","keyboard","after digit#2","{""note"":""after digit#2"",""pd_used"":0}","2","0.016667","60.000000","1","",""
"Sergio_G01_CNS-LLF5RV3D8","cpeeg01","ses02","20260512_122225","2026-05-12 12:23:14.453031","NaN","1","digit","DIGIT3_ON","143","2026-05-12 12:25:52.479776","157.977731","0.551333","","6","","","","keyboard","digit#3 shown","{""value"":6,""note"":""digit#3 shown"",""pd_used"":1}","2","0.016667","60.000000","1","","1"
"Sergio_G01_CNS-LLF5RV3D8","cpeeg01","ses02","20260512_122225","2026-05-12 12:23:14.453031","NaN","1","digit","DIGIT3_OFF","148","2026-05-12 12:25:53.023795","158.529064","0.000000","","6","","","","keyboard","digit#3 off","{""value"":6,""note"":""digit#3 off"",""pd_used"":0}","2","0.016667","60.000000","1","",""
"Sergio_G01_CNS-LLF5RV3D8","cpeeg01","ses02","20260512_122225","2026-05-12 12:23:14.453031","NaN","1","digit","POSTDIG_FIX3_ON","153","2026-05-12 12:25:53.024574","158.529064","1.701963","","","","","","keyboard","after digit#3","{""note"":""after digit#3""}","2","0.016667","60.000000","1","",""
"Sergio_G01_CNS-LLF5RV3D8","cpeeg01","ses02","20260512_122225","2026-05-12 12:23:14.453031","NaN","1","digit","POSTDIG_FIX3_OFF","158","2026-05-12 12:25:54.725762","160.231027","0.043757","","","","","","keyboard","after digit#3","{""note"":""after digit#3"",""pd_used"":0}","2","0.016667","60.000000","1","",""
"Sergio_G01_CNS-LLF5RV3D8","cpeeg01","ses02","20260512_122225","2026-05-12 12:23:14.453031","NaN","1","digit","DIGIT4_ON","144","2026-05-12 12:25:54.777064","160.274784","0.551860","","6","","","","keyboard","digit#4 shown","{""value"":6,""note"":""digit#4 shown"",""pd_used"":1}","2","0.016667","60.000000","1","","1"
"Sergio_G01_CNS-LLF5RV3D8","cpeeg01","ses02","20260512_122225","2026-05-12 12:23:14.453031","NaN","1","digit","DIGIT4_OFF","149","2026-05-12 12:25:55.321439","160.826643","0.000000","","6","","","","keyboard","digit#4 off","{""value"":6,""note"":""digit#4 off"",""pd_used"":0}","2","0.016667","60.000000","1","",""
"Sergio_G01_CNS-LLF5RV3D8","cpeeg01","ses02","20260512_122225","2026-05-12 12:23:14.453031","NaN","1","digit","POSTDIG_FIX4_ON","154","2026-05-12 12:25:55.322233","160.826643","1.711617","","","","","","keyboard","after digit#4","{""note"":""after digit#4""}","2","0.016667","60.000000","1","",""
"Sergio_G01_CNS-LLF5RV3D8","cpeeg01","ses02","20260512_122225","2026-05-12 12:23:14.453031","NaN","1","digit","POSTDIG_FIX4_OFF","159","2026-05-12 12:25:57.033392","162.538260","0.044385","","","","","","keyboard","after digit#4","{""note"":""after digit#4"",""pd_used"":0}","2","0.016667","60.000000","1","",""
"Sergio_G01_CNS-LLF5RV3D8","cpeeg01","ses02","20260512_122225","2026-05-12 12:23:14.453031","NaN","1","digit","DIGIT5_ON","145","2026-05-12 12:25:57.084771","162.582645","0.551299","","0","","","","keyboard","digit#5 shown","{""value"":0,""note"":""digit#5 shown"",""pd_used"":1}","2","0.016667","60.000000","1","","1"
"Sergio_G01_CNS-LLF5RV3D8","cpeeg01","ses02","20260512_122225","2026-05-12 12:23:14.453031","NaN","1","digit","DIGIT5_OFF","150","2026-05-12 12:25:57.628924","163.133944","0.000000","","0","","","","keyboard","digit#5 off","{""value"":0,""note"":""digit#5 off"",""pd_used"":0}","2","0.016667","60.000000","1","",""
"Sergio_G01_CNS-LLF5RV3D8","cpeeg01","ses02","20260512_122225","2026-05-12 12:23:14.453031","NaN","1","digit","POSTDIG_FIX5_ON","155","2026-05-12 12:25:57.629736","163.133944","3.259442","","","","","","keyboard","after digit#5","{""note"":""after digit#5""}","2","0.016667","60.000000","1","",""
"Sergio_G01_CNS-LLF5RV3D8","cpeeg01","ses02","20260512_122225","2026-05-12 12:23:14.453031","NaN","1","digit","POSTDIG_FIX5_OFF","160","2026-05-12 12:26:00.888171","166.393386","0.046983","","","","","","keyboard","after digit#5","{""note"":""after digit#5"",""pd_used"":0}","2","0.016667","60.000000","1","",""
"Sergio_G01_CNS-LLF5RV3D8","cpeeg01","ses02","20260512_122225","2026-05-12 12:23:14.453031","NaN","1","distractor","DISTRACTOR_ON","50","2026-05-12 12:26:00.939604","166.440369","2.108120","","4+1=3","","","","keyboard","","{""value"":""4+1=3"",""isCorrectTruth"":false,""trueSum"":5,""pd_used"":1}","2","0.016667","60.000000","1","",""
"Sergio_G01_CNS-LLF5RV3D8","cpeeg01","ses02","20260512_122225","2026-05-12 12:23:14.453031","NaN","1","distractor","DISTRACTOR_ANS","51","2026-05-12 12:26:03.350559","168.548488","0.000000","2.108120","4+1=3","F","1","","keyboard","key= (False)","{""value"":""4+1=3"",""entered"":""F"",""rt"":2.1081196999875829,""correct"":1,""note"":""key= (False)"",""truth"":false,""trueSum"":5,""shownSum"":3,""a"":4,""b"":1}","2","0.016667","60.000000","1","1.5359",""
"Sergio_G01_CNS-LLF5RV3D8","cpeeg01","ses02","20260512_122225","2026-05-12 12:23:14.453031","NaN","1","distractor","ANS_CORRECT","100","2026-05-12 12:26:03.393026","168.548488","0.393703","","","","","","keyboard","","{}","2","0.016667","60.000000","1","",""
"Sergio_G01_CNS-LLF5RV3D8","cpeeg01","ses02","20260512_122225","2026-05-12 12:23:14.453031","NaN","1","distractor","DISTRACTOR_OFF","52","2026-05-12 12:26:03.444189","168.942191","0.000000","","","","","","keyboard","","{""pd_used"":0}","2","0.016667","60.000000","1","",""
"Sergio_G01_CNS-LLF5RV3D8","cpeeg01","ses02","20260512_122225","2026-05-12 12:23:14.453031","NaN","1","distractor","FIX2_ON","60","2026-05-12 12:26:03.445027","168.942191","3.430744","","","","","","keyboard","immediate after response","{""note"":""immediate after response""}","2","0.016667","60.000000","1","",""
"Sergio_G01_CNS-LLF5RV3D8","cpeeg01","ses02","20260512_122225","2026-05-12 12:23:14.453031","NaN","1","fix2","FIX2_OFF","61","2026-05-12 12:26:06.867729","172.372935","0.044669","","","","","","keyboard","","{""pd_used"":0}","2","0.016667","60.000000","1","",""
"Sergio_G01_CNS-LLF5RV3D8","cpeeg01","ses02","20260512_122225","2026-05-12 12:23:14.453031","NaN","1","probe","DIGIT_RECALL_LINE_1","161","2026-05-12 12:26:06.919265","172.417604","7.700347","","1","","","","keyboard","first recall question","{""value"":1,""note"":""first recall question"",""pd_used"":1}","2","0.016667","60.000000","1","",""
"Sergio_G01_CNS-LLF5RV3D8","cpeeg01","ses02","20260512_122225","2026-05-12 12:23:14.453031","NaN","1","probe","PROBE_DIGIT_OK_1","71","2026-05-12 12:26:15.089494","180.117951","0.628174","7.702301","slot#1","5","0","","keyboard","probe_digit#1","{""value"":""slot#1"",""entered"":5,""rt"":7.7023005999799352,""note"":""probe_digit#1""}","2","0.016667","60.000000","1","5.0926",""
"Sergio_G01_CNS-LLF5RV3D8","cpeeg01","ses02","20260512_122225","2026-05-12 12:23:14.453031","NaN","1","probe","DIGIT1_OFF","146","2026-05-12 12:26:15.240837","180.746125","0.000000","","0","","","","keyboard","digit#1 off","{""value"":0,""note"":""digit#1 off"",""pd_used"":0}","2","0.016667","60.000000","1","",""
"Sergio_G01_CNS-LLF5RV3D8","cpeeg01","ses02","20260512_122225","2026-05-12 12:23:14.453031","NaN","1","probe","POSTDIG_FIX1_ON","151","2026-05-12 12:26:15.241839","180.746125","1.634947","","","","","","keyboard","after digit#1","{""note"":""after digit#1""}","2","0.016667","60.000000","1","",""
"Sergio_G01_CNS-LLF5RV3D8","cpeeg01","ses02","20260512_122225","2026-05-12 12:23:14.453031","NaN","1","probe","POSTDIG_FIX1_OFF","156","2026-05-12 12:26:16.875858","182.381073","0.046115","","","","","","keyboard","after digit#1","{""note"":""after digit#1"",""pd_used"":0}","2","0.016667","60.000000","1","",""
"Sergio_G01_CNS-LLF5RV3D8","cpeeg01","ses02","20260512_122225","2026-05-12 12:23:14.453031","NaN","1","probe","DIGIT_RECALL_LINE_2","162","2026-05-12 12:26:16.927167","182.427187","1.126790","","2","","","","keyboard","next recall question","{""value"":2,""note"":""next recall question"",""pd_used"":1}","2","0.016667","60.000000","1","",""
"Sergio_G01_CNS-LLF5RV3D8","cpeeg01","ses02","20260512_122225","2026-05-12 12:23:14.453031","NaN","1","probe","PROBE_DIGIT_OK_2","71","2026-05-12 12:26:18.605858","183.553977","0.709264","11.138326","slot#2","3","0","","keyboard","probe_digit#2","{""value"":""slot#2"",""entered"":3,""rt"":11.138326499989489,""note"":""probe_digit#2""}","2","0.016667","60.000000","1","0.80481",""
"Sergio_G01_CNS-LLF5RV3D8","cpeeg01","ses02","20260512_122225","2026-05-12 12:23:14.453031","NaN","1","probe","DIGIT2_OFF","147","2026-05-12 12:26:18.758086","184.263241","0.000000","","0","","","","keyboard","digit#2 off","{""value"":0,""note"":""digit#2 off"",""pd_used"":0}","2","0.016667","60.000000","1","",""
"Sergio_G01_CNS-LLF5RV3D8","cpeeg01","ses02","20260512_122225","2026-05-12 12:23:14.453031","NaN","1","probe","POSTDIG_FIX2_ON","152","2026-05-12 12:26:18.758932","184.263241","1.971536","","","","","","keyboard","after digit#2","{""note"":""after digit#2""}","2","0.016667","60.000000","1","",""
"Sergio_G01_CNS-LLF5RV3D8","cpeeg01","ses02","20260512_122225","2026-05-12 12:23:14.453031","NaN","1","probe","POSTDIG_FIX2_OFF","157","2026-05-12 12:26:20.729467","186.234777","0.045920","","","","","","keyboard","after digit#2","{""note"":""after digit#2"",""pd_used"":0}","2","0.016667","60.000000","1","",""
"Sergio_G01_CNS-LLF5RV3D8","cpeeg01","ses02","20260512_122225","2026-05-12 12:23:14.453031","NaN","1","probe","DIGIT_RECALL_LINE_3","163","2026-05-12 12:26:20.780847","186.280697","4.326859","","3","","","","keyboard","next recall question","{""value"":3,""note"":""next recall question"",""pd_used"":1}","2","0.016667","60.000000","1","",""
"Sergio_G01_CNS-LLF5RV3D8","cpeeg01","ses02","20260512_122225","2026-05-12 12:23:14.453031","NaN","1","probe","PROBE_DIGIT_OK_3","71","2026-05-12 12:26:25.537381","190.607555","0.586288","18.191905","slot#3","6","1","","keyboard","probe_digit#3","{""value"":""slot#3"",""entered"":6,""rt"":18.191904599982081,""note"":""probe_digit#3""}","2","0.016667","60.000000","1","0.91",""
"Sergio_G01_CNS-LLF5RV3D8","cpeeg01","ses02","20260512_122225","2026-05-12 12:23:14.453031","NaN","1","probe","DIGIT3_OFF","148","2026-05-12 12:26:25.688531","191.193843","0.000000","","0","","","","keyboard","digit#3 off","{""value"":0,""note"":""digit#3 off"",""pd_used"":0}","2","0.016667","60.000000","1","",""
"Sergio_G01_CNS-LLF5RV3D8","cpeeg01","ses02","20260512_122225","2026-05-12 12:23:14.453031","NaN","1","probe","POSTDIG_FIX3_ON","153","2026-05-12 12:26:25.689285","191.193843","1.969374","","","","","","keyboard","after digit#3","{""note"":""after digit#3""}","2","0.016667","60.000000","1","",""
"Sergio_G01_CNS-LLF5RV3D8","cpeeg01","ses02","20260512_122225","2026-05-12 12:23:14.453031","NaN","1","probe","POSTDIG_FIX3_OFF","158","2026-05-12 12:26:27.658241","193.163217","0.046290","","","","","","keyboard","after digit#3","{""note"":""after digit#3"",""pd_used"":0}","2","0.016667","60.000000","1","",""
"Sergio_G01_CNS-LLF5RV3D8","cpeeg01","ses02","20260512_122225","2026-05-12 12:23:14.453031","NaN","1","probe","DIGIT_RECALL_LINE_4","164","2026-05-12 12:26:27.709288","193.209507","2.684415","","4","","","","keyboard","next recall question","{""value"":4,""note"":""next recall question"",""pd_used"":1}","2","0.016667","60.000000","1","",""
"Sergio_G01_CNS-LLF5RV3D8","cpeeg01","ses02","20260512_122225","2026-05-12 12:23:14.453031","NaN","1","probe","PROBE_DIGIT_OK_4","71","2026-05-12 12:26:30.740048","195.893922","0.500623","23.478271","slot#4","6","1","","keyboard","probe_digit#4","{""value"":""slot#4"",""entered"":6,""rt"":23.478271100000711,""note"":""probe_digit#4""}","2","0.016667","60.000000","1","2.5686",""
"Sergio_G01_CNS-LLF5RV3D8","cpeeg01","ses02","20260512_122225","2026-05-12 12:23:14.453031","NaN","1","probe","DIGIT4_OFF","149","2026-05-12 12:26:30.889270","196.394545","0.000000","","0","","","","keyboard","digit#4 off","{""value"":0,""note"":""digit#4 off"",""pd_used"":0}","2","0.016667","60.000000","1","",""
"Sergio_G01_CNS-LLF5RV3D8","cpeeg01","ses02","20260512_122225","2026-05-12 12:23:14.453031","NaN","1","probe","POSTDIG_FIX4_ON","154","2026-05-12 12:26:30.890048","196.394545","1.976711","","","","","","keyboard","after digit#4","{""note"":""after digit#4""}","2","0.016667","60.000000","1","",""
"Sergio_G01_CNS-LLF5RV3D8","cpeeg01","ses02","20260512_122225","2026-05-12 12:23:14.453031","NaN","1","probe","POSTDIG_FIX4_OFF","159","2026-05-12 12:26:32.866072","198.371256","0.046160","","","","","","keyboard","after digit#4","{""note"":""after digit#4"",""pd_used"":0}","2","0.016667","60.000000","1","",""
"Sergio_G01_CNS-LLF5RV3D8","cpeeg01","ses02","20260512_122225","2026-05-12 12:23:14.453031","NaN","1","probe","DIGIT_RECALL_LINE_5","165","2026-05-12 12:26:32.917314","198.417417","2.241831","","5","","","","keyboard","next recall question","{""value"":5,""note"":""next recall question"",""pd_used"":1}","2","0.016667","60.000000","1","",""
"Sergio_G01_CNS-LLF5RV3D8","cpeeg01","ses02","20260512_122225","2026-05-12 12:23:14.453031","NaN","1","probe","PROBE_DIGIT_OK_5","71","2026-05-12 12:26:35.487498","200.659248","0.487059","28.243597","slot#5","0","1","","keyboard","probe_digit#5","{""value"":""slot#5"",""entered"":0,""rt"":28.243596899992554,""note"":""probe_digit#5""}","2","0.016667","60.000000","1","1.9914",""
"Sergio_G01_CNS-LLF5RV3D8","cpeeg01","ses02","20260512_122225","2026-05-12 12:23:14.453031","NaN","1","probe","DIGIT5_OFF","150","2026-05-12 12:26:35.641002","201.146307","0.000000","","0","","","","keyboard","digit#5 off","{""value"":0,""note"":""digit#5 off"",""pd_used"":0}","2","0.016667","60.000000","1","",""
"Sergio_G01_CNS-LLF5RV3D8","cpeeg01","ses02","20260512_122225","2026-05-12 12:23:14.453031","NaN","1","probe","POSTDIG_FIX5_ON","155","2026-05-12 12:26:35.641872","201.146307","3.391029","","","","","","keyboard","after digit#5","{""note"":""after digit#5""}","2","0.016667","60.000000","1","",""
"Sergio_G01_CNS-LLF5RV3D8","cpeeg01","ses02","20260512_122225","2026-05-12 12:23:14.453031","NaN","1","probe","POSTDIG_FIX5_OFF","160","2026-05-12 12:26:39.032114","204.537336","0.043963","","","","","","keyboard","after digit#5","{""note"":""after digit#5"",""pd_used"":0}","2","0.016667","60.000000","1","",""
"Sergio_G01_CNS-LLF5RV3D8","cpeeg01","ses02","20260512_122225","2026-05-12 12:23:14.453031","NaN","1","probe","PROBE_DONE","73","2026-05-12 12:26:39.034339","204.581299","0.000772","","","","","","keyboard","probe complete","{""value"":"""",""note"":""probe complete""}","2","0.016667","60.000000","1","",""
"Sergio_G01_CNS-LLF5RV3D8","cpeeg01","ses02","20260512_122225","2026-05-12 12:23:14.453031","NaN","1","probe","TRIAL_END","21","2026-05-12 12:26:39.034965","204.582071","0.118053","","","","","","keyboard","","{}","2","0.016667","60.000000","1","",""
"Sergio_G01_CNS-LLF5RV3D8","cpeeg01","ses02","20260512_122225","2026-05-12 12:23:14.453031","NaN","2","probe","TRIAL_CHANGE","22","2026-05-12 12:26:39.153431","204.700124","0.001570","","","","","","keyboard","trial transition","{""note"":""trial transition""}","2","0.016667","60.000000","1","",""
"Sergio_G01_CNS-LLF5RV3D8","cpeeg01","ses02","20260512_122225","2026-05-12 12:23:14.453031","NaN","2","probe","TRIAL_START","20","2026-05-12 12:26:39.154729","204.701693","0.044362","","","","","","keyboard","","{}","2","0.016667","60.000000","1","",""
"Sergio_G01_CNS-LLF5RV3D8","cpeeg01","ses02","20260512_122225","2026-05-12 12:23:14.453031","NaN","2","fix1","FIX1_ON","30","2026-05-12 12:26:39.248431","204.746055","3.363496","","","","","","keyboard","","{""pd_used"":0}","2","0.016667","60.000000","1","",""
"Sergio_G01_CNS-LLF5RV3D8","cpeeg01","ses02","20260512_122225","2026-05-12 12:23:14.453031","NaN","2","fix1","FIX1_OFF","31","2026-05-12 12:26:42.604243","208.109551","0.043901","","","","","","keyboard","","{""pd_used"":0}","2","0.016667","60.000000","1","",""
"Sergio_G01_CNS-LLF5RV3D8","cpeeg01","ses02","20260512_122225","2026-05-12 12:23:14.453031","NaN","2","digit","DIGIT1_ON","141","2026-05-12 12:26:42.655531","208.153452","0.551335","","2","","","","keyboard","digit#1 shown","{""value"":2,""note"":""digit#1 shown"",""pd_used"":1}","2","0.016667","60.000000","1","","1"
"Sergio_G01_CNS-LLF5RV3D8","cpeeg01","ses02","20260512_122225","2026-05-12 12:23:14.453031","NaN","2","digit","DIGIT1_OFF","146","2026-05-12 12:26:43.199678","208.704787","0.000000","","2","","","","keyboard","digit#1 off","{""value"":2,""note"":""digit#1 off"",""pd_used"":0}","2","0.016667","60.000000","1","",""
"Sergio_G01_CNS-LLF5RV3D8","cpeeg01","ses02","20260512_122225","2026-05-12 12:23:14.453031","NaN","2","digit","POSTDIG_FIX1_ON","151","2026-05-12 12:26:43.200478","208.704787","1.890022","","","","","","keyboard","after digit#1","{""note"":""after digit#1""}","2","0.016667","60.000000","1","",""
"Sergio_G01_CNS-LLF5RV3D8","cpeeg01","ses02","20260512_122225","2026-05-12 12:23:14.453031","NaN","2","digit","POSTDIG_FIX1_OFF","156","2026-05-12 12:26:45.089729","210.594809","0.044105","","","","","","keyboard","after digit#1","{""note"":""after digit#1"",""pd_used"":0}","2","0.016667","60.000000","1","",""
"Sergio_G01_CNS-LLF5RV3D8","cpeeg01","ses02","20260512_122225","2026-05-12 12:23:14.453031","NaN","2","digit","DIGIT2_ON","142","2026-05-12 12:26:45.141031","210.638913","0.551508","","1","","","","keyboard","digit#2 shown","{""value"":1,""note"":""digit#2 shown"",""pd_used"":1}","2","0.016667","60.000000","1","","1"
"Sergio_G01_CNS-LLF5RV3D8","cpeeg01","ses02","20260512_122225","2026-05-12 12:23:14.453031","NaN","2","digit","DIGIT2_OFF","147","2026-05-12 12:26:45.685114","211.190421","0.000000","","1","","","","keyboard","digit#2 off","{""value"":1,""note"":""digit#2 off"",""pd_used"":0}","2","0.016667","60.000000","1","",""
"Sergio_G01_CNS-LLF5RV3D8","cpeeg01","ses02","20260512_122225","2026-05-12 12:23:14.453031","NaN","2","digit","POSTDIG_FIX2_ON","152","2026-05-12 12:26:45.685879","211.190421","1.972667","","","","","","keyboard","after digit#2","{""note"":""after digit#2""}","2","0.016667","60.000000","1","",""
"Sergio_G01_CNS-LLF5RV3D8","cpeeg01","ses02","20260512_122225","2026-05-12 12:23:14.453031","NaN","2","digit","POSTDIG_FIX2_OFF","157","2026-05-12 12:26:47.658229","213.163088","0.044333","","","","","","keyboard","after digit#2","{""note"":""after digit#2"",""pd_used"":0}","2","0.016667","60.000000","1","",""
"Sergio_G01_CNS-LLF5RV3D8","cpeeg01","ses02","20260512_122225","2026-05-12 12:23:14.453031","NaN","2","digit","DIGIT3_ON","143","2026-05-12 12:26:47.709357","213.207421","0.551236","","0","","","","keyboard","digit#3 shown","{""value"":0,""note"":""digit#3 shown"",""pd_used"":1}","2","0.016667","60.000000","1","","1"
"Sergio_G01_CNS-LLF5RV3D8","cpeeg01","ses02","20260512_122225","2026-05-12 12:23:14.453031","NaN","2","digit","DIGIT3_OFF","148","2026-05-12 12:26:48.253550","213.758657","0.000000","","0","","","","keyboard","digit#3 off","{""value"":0,""note"":""digit#3 off"",""pd_used"":0}","2","0.016667","60.000000","1","",""
"Sergio_G01_CNS-LLF5RV3D8","cpeeg01","ses02","20260512_122225","2026-05-12 12:23:14.453031","NaN","2","digit","POSTDIG_FIX3_ON","153","2026-05-12 12:26:48.254344","213.758657","1.777196","","","","","","keyboard","after digit#3","{""note"":""after digit#3""}","2","0.016667","60.000000","1","",""
"Sergio_G01_CNS-LLF5RV3D8","cpeeg01","ses02","20260512_122225","2026-05-12 12:23:14.453031","NaN","2","digit","POSTDIG_FIX3_OFF","158","2026-05-12 12:26:50.030668","215.535853","0.044087","","","","","","keyboard","after digit#3","{""note"":""after digit#3"",""pd_used"":0}","2","0.016667","60.000000","1","",""
"Sergio_G01_CNS-LLF5RV3D8","cpeeg01","ses02","20260512_122225","2026-05-12 12:23:14.453031","NaN","2","digit","DIGIT4_ON","144","2026-05-12 12:26:50.081902","215.579940","0.551204","","7","","","","keyboard","digit#4 shown","{""value"":7,""note"":""digit#4 shown"",""pd_used"":1}","2","0.016667","60.000000","1","","1"
"Sergio_G01_CNS-LLF5RV3D8","cpeeg01","ses02","20260512_122225","2026-05-12 12:23:14.453031","NaN","2","digit","DIGIT4_OFF","149","2026-05-12 12:26:50.626122","216.131144","0.000000","","7","","","","keyboard","digit#4 off","{""value"":7,""note"":""digit#4 off"",""pd_used"":0}","2","0.016667","60.000000","1","",""
"Sergio_G01_CNS-LLF5RV3D8","cpeeg01","ses02","20260512_122225","2026-05-12 12:23:14.453031","NaN","2","digit","POSTDIG_FIX4_ON","154","2026-05-12 12:26:50.627079","216.131144","1.865339","","","","","","keyboard","after digit#4","{""note"":""after digit#4""}","2","0.016667","60.000000","1","",""
"Sergio_G01_CNS-LLF5RV3D8","cpeeg01","ses02","20260512_122225","2026-05-12 12:23:14.453031","NaN","2","digit","POSTDIG_FIX4_OFF","159","2026-05-12 12:26:52.491505","217.996484","0.044082","","","","","","keyboard","after digit#4","{""note"":""after digit#4"",""pd_used"":0}","2","0.016667","60.000000","1","",""
"Sergio_G01_CNS-LLF5RV3D8","cpeeg01","ses02","20260512_122225","2026-05-12 12:23:14.453031","NaN","2","digit","DIGIT5_ON","145","2026-05-12 12:26:52.542777","218.040565","0.551461","","2","","","","keyboard","digit#5 shown","{""value"":2,""note"":""digit#5 shown"",""pd_used"":1}","2","0.016667","60.000000","1","","0"
"Sergio_G01_CNS-LLF5RV3D8","cpeeg01","ses02","20260512_122225","2026-05-12 12:23:14.453031","NaN","2","digit","DIGIT5_OFF","150","2026-05-12 12:26:53.086741","218.592027","0.000000","","2","","","","keyboard","digit#5 off","{""value"":2,""note"":""digit#5 off"",""pd_used"":0}","2","0.016667","60.000000","1","",""
"Sergio_G01_CNS-LLF5RV3D8","cpeeg01","ses02","20260512_122225","2026-05-12 12:23:14.453031","NaN","2","digit","POSTDIG_FIX5_ON","155","2026-05-12 12:26:53.087534","218.592027","3.487295","","","","","","keyboard","after digit#5","{""note"":""after digit#5""}","2","0.016667","60.000000","1","",""
"Sergio_G01_CNS-LLF5RV3D8","cpeeg01","ses02","20260512_122225","2026-05-12 12:23:14.453031","NaN","2","digit","POSTDIG_FIX5_OFF","160","2026-05-12 12:26:56.574031","222.079322","0.044478","","","","","","keyboard","after digit#5","{""note"":""after digit#5"",""pd_used"":0}","2","0.016667","60.000000","1","",""
"Sergio_G01_CNS-LLF5RV3D8","cpeeg01","ses02","20260512_122225","2026-05-12 12:23:14.453031","NaN","2","distractor","DISTRACTOR_ON","50","2026-05-12 12:26:56.625265","222.123800","3.158918","","8+2=8","","","","keyboard","","{""value"":""8+2=8"",""isCorrectTruth"":false,""trueSum"":10,""pd_used"":1}","2","0.016667","60.000000","1","",""
"Sergio_G01_CNS-LLF5RV3D8","cpeeg01","ses02","20260512_122225","2026-05-12 12:23:14.453031","NaN","2","distractor","DISTRACTOR_ANS","51","2026-05-12 12:27:00.109776","225.282719","0.000000","3.158918","8+2=8","F","1","","keyboard","key= (False)","{""value"":""8+2=8"",""entered"":""F"",""rt"":3.1589184000040404,""correct"":1,""note"":""key= (False)"",""truth"":false,""trueSum"":10,""shownSum"":8,""a"":8,""b"":2}","2","0.016667","60.000000","1","2.9912",""
"Sergio_G01_CNS-LLF5RV3D8","cpeeg01","ses02","20260512_122225","2026-05-12 12:23:14.453031","NaN","2","distractor","ANS_CORRECT","100","2026-05-12 12:27:00.152204","225.282719","0.418724","","","","","","keyboard","","{}","2","0.016667","60.000000","1","",""
"Sergio_G01_CNS-LLF5RV3D8","cpeeg01","ses02","20260512_122225","2026-05-12 12:23:14.453031","NaN","2","distractor","DISTRACTOR_OFF","52","2026-05-12 12:27:00.203398","225.701443","0.000000","","","","","","keyboard","","{""pd_used"":0}","2","0.016667","60.000000","1","",""
"Sergio_G01_CNS-LLF5RV3D8","cpeeg01","ses02","20260512_122225","2026-05-12 12:23:14.453031","NaN","2","distractor","FIX2_ON","60","2026-05-12 12:27:00.204248","225.701443","3.172258","","","","","","keyboard","immediate after response","{""note"":""immediate after response""}","2","0.016667","60.000000","1","",""
"Sergio_G01_CNS-LLF5RV3D8","cpeeg01","ses02","20260512_122225","2026-05-12 12:23:14.453031","NaN","2","fix2","FIX2_OFF","61","2026-05-12 12:27:03.368362","228.873701","0.044162","","","","","","keyboard","","{""pd_used"":0}","2","0.016667","60.000000","1","",""
"Sergio_G01_CNS-LLF5RV3D8","cpeeg01","ses02","20260512_122225","2026-05-12 12:23:14.453031","NaN","2","probe","DIGIT_RECALL_LINE_1","161","2026-05-12 12:27:03.419630","228.917863","1.956529","","1","","","","keyboard","first recall question","{""value"":1,""note"":""first recall question"",""pd_used"":1}","2","0.016667","60.000000","1","",""
"Sergio_G01_CNS-LLF5RV3D8","cpeeg01","ses02","20260512_122225","2026-05-12 12:23:14.453031","NaN","2","probe","PROBE_DIGIT_OK_1","71","2026-05-12 12:27:05.797421","230.874391","0.575075","1.958109","slot#1","2","1","","keyboard","probe_digit#1","{""value"":""slot#1"",""entered"":2,""rt"":1.9581092000007629,""note"":""probe_digit#1""}","2","0.016667","60.000000","1","1.0581",""
"Sergio_G01_CNS-LLF5RV3D8","cpeeg01","ses02","20260512_122225","2026-05-12 12:23:14.453031","NaN","2","probe","DIGIT1_OFF","146","2026-05-12 12:27:05.944082","231.449466","0.000000","","2","","","","keyboard","digit#1 off","{""value"":2,""note"":""digit#1 off"",""pd_used"":0}","2","0.016667","60.000000","1","",""
"Sergio_G01_CNS-LLF5RV3D8","cpeeg01","ses02","20260512_122225","2026-05-12 12:23:14.453031","NaN","2","probe","POSTDIG_FIX1_ON","151","2026-05-12 12:27:05.944862","231.449466","1.591177","","","","","","keyboard","after digit#1","{""note"":""after digit#1""}","2","0.016667","60.000000","1","",""
"Sergio_G01_CNS-LLF5RV3D8","cpeeg01","ses02","20260512_122225","2026-05-12 12:23:14.453031","NaN","2","probe","POSTDIG_FIX1_OFF","156","2026-05-12 12:27:07.535409","233.040644","0.046132","","","","","","keyboard","after digit#1","{""note"":""after digit#1"",""pd_used"":0}","2","0.016667","60.000000","1","",""
"Sergio_G01_CNS-LLF5RV3D8","cpeeg01","ses02","20260512_122225","2026-05-12 12:23:14.453031","NaN","2","probe","DIGIT_RECALL_LINE_2","162","2026-05-12 12:27:07.586715","233.086776","2.138797","","2","","","","keyboard","next recall question","{""value"":2,""note"":""next recall question"",""pd_used"":1}","2","0.016667","60.000000","1","",""
"Sergio_G01_CNS-LLF5RV3D8","cpeeg01","ses02","20260512_122225","2026-05-12 12:23:14.453031","NaN","2","probe","PROBE_DIGIT_OK_2","71","2026-05-12 12:27:10.148831","235.225572","0.576698","6.309290","slot#2","1","1","","keyboard","probe_digit#2","{""value"":""slot#2"",""entered"":1,""rt"":6.3092901000054553,""note"":""probe_digit#2""}","2","0.016667","60.000000","1","2.0271",""
"Sergio_G01_CNS-LLF5RV3D8","cpeeg01","ses02","20260512_122225","2026-05-12 12:23:14.453031","NaN","2","probe","DIGIT2_OFF","147","2026-05-12 12:27:10.296781","235.802270","0.000000","","2","","","","keyboard","digit#2 off","{""value"":2,""note"":""digit#2 off"",""pd_used"":0}","2","0.016667","60.000000","1","",""
"Sergio_G01_CNS-LLF5RV3D8","cpeeg01","ses02","20260512_122225","2026-05-12 12:23:14.453031","NaN","2","probe","POSTDIG_FIX2_ON","152","2026-05-12 12:27:10.297538","235.802270","1.862090","","","","","","keyboard","after digit#2","{""note"":""after digit#2""}","2","0.016667","60.000000","1","",""
"Sergio_G01_CNS-LLF5RV3D8","cpeeg01","ses02","20260512_122225","2026-05-12 12:23:14.453031","NaN","2","probe","POSTDIG_FIX2_OFF","157","2026-05-12 12:27:12.159163","237.664360","0.048155","","","","","","keyboard","after digit#2","{""note"":""after digit#2"",""pd_used"":0}","2","0.016667","60.000000","1","",""
"Sergio_G01_CNS-LLF5RV3D8","cpeeg01","ses02","20260512_122225","2026-05-12 12:23:14.453031","NaN","2","probe","DIGIT_RECALL_LINE_3","163","2026-05-12 12:27:12.210563","237.712515","1.556840","","3","","","","keyboard","next recall question","{""value"":3,""note"":""next recall question"",""pd_used"":1}","2","0.016667","60.000000","1","",""
"Sergio_G01_CNS-LLF5RV3D8","cpeeg01","ses02","20260512_122225","2026-05-12 12:23:14.453031","NaN","2","probe","PROBE_DIGIT_OK_3","71","2026-05-12 12:27:14.208123","239.269354","0.593531","10.353072","slot#3","0","1","","keyboard","probe_digit#3","{""value"":""slot#3"",""entered"":0,""rt"":10.353072199999588,""note"":""probe_digit#3""}","2","0.016667","60.000000","1","1.4264",""
"Sergio_G01_CNS-LLF5RV3D8","cpeeg01","ses02","20260512_122225","2026-05-12 12:23:14.453031","NaN","2","probe","DIGIT3_OFF","148","2026-05-12 12:27:14.357629","239.862885","0.000000","","2","","","","keyboard","digit#3 off","{""value"":2,""note"":""digit#3 off"",""pd_used"":0}","2","0.016667","60.000000","1","",""
"Sergio_G01_CNS-LLF5RV3D8","cpeeg01","ses02","20260512_122225","2026-05-12 12:23:14.453031","NaN","2","probe","POSTDIG_FIX3_ON","153","2026-05-12 12:27:14.358399","239.862885","1.914908","","","","","","keyboard","after digit#3","{""note"":""after digit#3""}","2","0.016667","60.000000","1","",""
"Sergio_G01_CNS-LLF5RV3D8","cpeeg01","ses02","20260512_122225","2026-05-12 12:23:14.453031","NaN","2","probe","POSTDIG_FIX3_OFF","158","2026-05-12 12:27:16.272412","241.777793","0.046145","","","","","","keyboard","after digit#3","{""note"":""after digit#3"",""pd_used"":0}","2","0.016667","60.000000","1","",""
"Sergio_G01_CNS-LLF5RV3D8","cpeeg01","ses02","20260512_122225","2026-05-12 12:23:14.453031","NaN","2","probe","DIGIT_RECALL_LINE_4","164","2026-05-12 12:27:16.323718","241.823938","1.252834","","4","","","","keyboard","next recall question","{""value"":4,""note"":""next recall question"",""pd_used"":1}","2","0.016667","60.000000","1","",""
"Sergio_G01_CNS-LLF5RV3D8","cpeeg01","ses02","20260512_122225","2026-05-12 12:23:14.453031","NaN","2","probe","PROBE_DIGIT_OK_4","71","2026-05-12 12:27:18.007000","243.076772","0.590517","14.160490","slot#4","7","1","","keyboard","probe_digit#4","{""value"":""slot#4"",""entered"":7,""rt"":14.160489600006258,""note"":""probe_digit#4""}","2","0.016667","60.000000","1","1.1431",""
"Sergio_G01_CNS-LLF5RV3D8","cpeeg01","ses02","20260512_122225","2026-05-12 12:23:14.453031","NaN","2","probe","DIGIT4_OFF","149","2026-05-12 12:27:18.162019","243.667289","0.000000","","2","","","","keyboard","digit#4 off","{""value"":2,""note"":""digit#4 off"",""pd_used"":0}","2","0.016667","60.000000","1","",""
"Sergio_G01_CNS-LLF5RV3D8","cpeeg01","ses02","20260512_122225","2026-05-12 12:23:14.453031","NaN","2","probe","POSTDIG_FIX4_ON","154","2026-05-12 12:27:18.162782","243.667289","1.547950","","","","","","keyboard","after digit#4","{""note"":""after digit#4""}","2","0.016667","60.000000","1","",""
"Sergio_G01_CNS-LLF5RV3D8","cpeeg01","ses02","20260512_122225","2026-05-12 12:23:14.453031","NaN","2","probe","POSTDIG_FIX4_OFF","159","2026-05-12 12:27:19.710125","245.215239","0.046218","","","","","","keyboard","after digit#4","{""note"":""after digit#4"",""pd_used"":0}","2","0.016667","60.000000","1","",""
"Sergio_G01_CNS-LLF5RV3D8","cpeeg01","ses02","20260512_122225","2026-05-12 12:23:14.453031","NaN","2","probe","DIGIT_RECALL_LINE_5","165","2026-05-12 12:27:19.761207","245.261457","4.728004","","5","","","","keyboard","next recall question","{""value"":5,""note"":""next recall question"",""pd_used"":1}","2","0.016667","60.000000","1","",""
"Sergio_G01_CNS-LLF5RV3D8","cpeeg01","ses02","20260512_122225","2026-05-12 12:23:14.453031","NaN","2","probe","PROBE_DIGIT_OK_5","71","2026-05-12 12:27:24.940967","249.989461","0.601226","21.073179","slot#5","9","0","","keyboard","probe_digit#5","{""value"":""slot#5"",""entered"":9,""rt"":21.073178899998311,""note"":""probe_digit#5""}","2","0.016667","60.000000","1","2.487",""
"Sergio_G01_CNS-LLF5RV3D8","cpeeg01","ses02","20260512_122225","2026-05-12 12:23:14.453031","NaN","2","probe","DIGIT5_OFF","150","2026-05-12 12:27:25.085328","250.590687","0.000000","","2","","","","keyboard","digit#5 off","{""value"":2,""note"":""digit#5 off"",""pd_used"":0}","2","0.016667","60.000000","1","",""
"Sergio_G01_CNS-LLF5RV3D8","cpeeg01","ses02","20260512_122225","2026-05-12 12:23:14.453031","NaN","2","probe","POSTDIG_FIX5_ON","155","2026-05-12 12:27:25.086118","250.590687","3.385623","","","","","","keyboard","after digit#5","{""note"":""after digit#5""}","2","0.016667","60.000000","1","",""
"Sergio_G01_CNS-LLF5RV3D8","cpeeg01","ses02","20260512_122225","2026-05-12 12:23:14.453031","NaN","2","probe","POSTDIG_FIX5_OFF","160","2026-05-12 12:27:28.471063","253.976310","0.043679","","","","","","keyboard","after digit#5","{""note"":""after digit#5"",""pd_used"":0}","2","0.016667","60.000000","1","",""
"Sergio_G01_CNS-LLF5RV3D8","cpeeg01","ses02","20260512_122225","2026-05-12 12:23:14.453031","NaN","2","probe","PROBE_DONE","73","2026-05-12 12:27:28.473027","254.019990","0.000765","","","","","","keyboard","probe complete","{""value"":"""",""note"":""probe complete""}","2","0.016667","60.000000","1","",""
"Sergio_G01_CNS-LLF5RV3D8","cpeeg01","ses02","20260512_122225","2026-05-12 12:23:14.453031","NaN","2","probe","TRIAL_END","21","2026-05-12 12:27:28.473659","254.020755","0.105620","","","","","","keyboard","","{}","2","0.016667","60.000000","1","",""
"Sergio_G01_CNS-LLF5RV3D8","cpeeg01","ses02","20260512_122225","2026-05-12 12:23:14.453031","NaN","3","probe","TRIAL_CHANGE","22","2026-05-12 12:27:28.579575","254.126375","0.001076","","","","","","keyboard","trial transition","{""note"":""trial transition""}","2","0.016667","60.000000","1","",""
"Sergio_G01_CNS-LLF5RV3D8","cpeeg01","ses02","20260512_122225","2026-05-12 12:23:14.453031","NaN","3","probe","TRIAL_START","20","2026-05-12 12:27:28.580390","254.127450","0.043631","","","","","","keyboard","","{}","2","0.016667","60.000000","1","",""
"Sergio_G01_CNS-LLF5RV3D8","cpeeg01","ses02","20260512_122225","2026-05-12 12:23:14.453031","NaN","3","fix1","FIX1_ON","30","2026-05-12 12:27:28.674116","254.171081","3.373963","","","","","","keyboard","","{""pd_used"":0}","2","0.016667","60.000000","1","",""
"Sergio_G01_CNS-LLF5RV3D8","cpeeg01","ses02","20260512_122225","2026-05-12 12:23:14.453031","NaN","3","fix1","FIX1_OFF","31","2026-05-12 12:27:32.039958","257.545044","0.044104","","","","","","keyboard","","{""pd_used"":0}","2","0.016667","60.000000","1","",""
"Sergio_G01_CNS-LLF5RV3D8","cpeeg01","ses02","20260512_122225","2026-05-12 12:23:14.453031","NaN","3","digit","DIGIT1_ON","141","2026-05-12 12:27:32.091266","257.589148","0.551492","","2","","","","keyboard","digit#1 shown","{""value"":2,""note"":""digit#1 shown"",""pd_used"":1}","2","0.016667","60.000000","1","","1"
"Sergio_G01_CNS-LLF5RV3D8","cpeeg01","ses02","20260512_122225","2026-05-12 12:23:14.453031","NaN","3","digit","DIGIT1_OFF","146","2026-05-12 12:27:32.635429","258.140640","0.000000","","2","","","","keyboard","digit#1 off","{""value"":2,""note"":""digit#1 off"",""pd_used"":0}","2","0.016667","60.000000","1","",""
"Sergio_G01_CNS-LLF5RV3D8","cpeeg01","ses02","20260512_122225","2026-05-12 12:23:14.453031","NaN","3","digit","POSTDIG_FIX1_ON","151","2026-05-12 12:27:32.636200","258.140640","2.030410","","","","","","keyboard","after digit#1","{""note"":""after digit#1""}","2","0.016667","60.000000","1","",""
"Sergio_G01_CNS-LLF5RV3D8","cpeeg01","ses02","20260512_122225","2026-05-12 12:23:14.453031","NaN","3","digit","POSTDIG_FIX1_OFF","156","2026-05-12 12:27:34.665752","260.171050","0.043880","","","","","","keyboard","after digit#1","{""note"":""after digit#1"",""pd_used"":0}","2","0.016667","60.000000","1","",""
"Sergio_G01_CNS-LLF5RV3D8","cpeeg01","ses02","20260512_122225","2026-05-12 12:23:14.453031","NaN","3","digit","DIGIT2_ON","142","2026-05-12 12:27:34.717053","260.214930","0.551310","","5","","","","keyboard","digit#2 shown","{""value"":5,""note"":""digit#2 shown"",""pd_used"":1}","2","0.016667","60.000000","1","","1"
"Sergio_G01_CNS-LLF5RV3D8","cpeeg01","ses02","20260512_122225","2026-05-12 12:23:14.453031","NaN","3","digit","DIGIT2_OFF","147","2026-05-12 12:27:35.261027","260.766240","0.000000","","5","","","","keyboard","digit#2 off","{""value"":5,""note"":""digit#2 off"",""pd_used"":0}","2","0.016667","60.000000","1","",""
"Sergio_G01_CNS-LLF5RV3D8","cpeeg01","ses02","20260512_122225","2026-05-12 12:23:14.453031","NaN","3","digit","POSTDIG_FIX2_ON","152","2026-05-12 12:27:35.261795","260.766240","1.548329","","","","","","keyboard","after digit#2","{""note"":""after digit#2""}","2","0.016667","60.000000","1","",""
"Sergio_G01_CNS-LLF5RV3D8","cpeeg01","ses02","20260512_122225","2026-05-12 12:23:14.453031","NaN","3","digit","POSTDIG_FIX2_OFF","157","2026-05-12 12:27:36.809265","262.314569","0.043817","","","","","","keyboard","after digit#2","{""note"":""after digit#2"",""pd_used"":0}","2","0.016667","60.000000","1","",""
"Sergio_G01_CNS-LLF5RV3D8","cpeeg01","ses02","20260512_122225","2026-05-12 12:23:14.453031","NaN","3","digit","DIGIT3_ON","143","2026-05-12 12:27:36.860618","262.358386","0.551441","","5","","","","keyboard","digit#3 shown","{""value"":5,""note"":""digit#3 shown"",""pd_used"":1}","2","0.016667","60.000000","1","","1"
"Sergio_G01_CNS-LLF5RV3D8","cpeeg01","ses02","20260512_122225","2026-05-12 12:23:14.453031","NaN","3","digit","DIGIT3_OFF","148","2026-05-12 12:27:37.404723","262.909827","0.000000","","5","","","","keyboard","digit#3 off","{""value"":5,""note"":""digit#3 off"",""pd_used"":0}","2","0.016667","60.000000","1","",""
"Sergio_G01_CNS-LLF5RV3D8","cpeeg01","ses02","20260512_122225","2026-05-12 12:23:14.453031","NaN","3","digit","POSTDIG_FIX3_ON","153","2026-05-12 12:27:37.405513","262.909827","1.727615","","","","","","keyboard","after digit#3","{""note"":""after digit#3""}","2","0.016667","60.000000","1","",""
"Sergio_G01_CNS-LLF5RV3D8","cpeeg01","ses02","20260512_122225","2026-05-12 12:23:14.453031","NaN","3","digit","POSTDIG_FIX3_OFF","158","2026-05-12 12:27:39.132696","264.637442","0.044618","","","","","","keyboard","after digit#3","{""note"":""after digit#3"",""pd_used"":0}","2","0.016667","60.000000","1","",""
"Sergio_G01_CNS-LLF5RV3D8","cpeeg01","ses02","20260512_122225","2026-05-12 12:23:14.453031","NaN","3","digit","DIGIT4_ON","144","2026-05-12 12:27:39.184116","264.682060","0.551303","","5","","","","keyboard","digit#4 shown","{""value"":5,""note"":""digit#4 shown"",""pd_used"":1}","2","0.016667","60.000000","1","","1"
"Sergio_G01_CNS-LLF5RV3D8","cpeeg01","ses02","20260512_122225","2026-05-12 12:23:14.453031","NaN","3","digit","DIGIT4_OFF","149","2026-05-12 12:27:39.728020","265.233363","0.000000","","5","","","","keyboard","digit#4 off","{""value"":5,""note"":""digit#4 off"",""pd_used"":0}","2","0.016667","60.000000","1","",""
"Sergio_G01_CNS-LLF5RV3D8","cpeeg01","ses02","20260512_122225","2026-05-12 12:23:14.453031","NaN","3","digit","POSTDIG_FIX4_ON","154","2026-05-12 12:27:39.728777","265.233363","2.014875","","","","","","keyboard","after digit#4","{""note"":""after digit#4""}","2","0.016667","60.000000","1","",""
"Sergio_G01_CNS-LLF5RV3D8","cpeeg01","ses02","20260512_122225","2026-05-12 12:23:14.453031","NaN","3","digit","POSTDIG_FIX4_OFF","159","2026-05-12 12:27:41.743280","267.248238","0.044232","","","","","","keyboard","after digit#4","{""note"":""after digit#4"",""pd_used"":0}","2","0.016667","60.000000","1","",""
"Sergio_G01_CNS-LLF5RV3D8","cpeeg01","ses02","20260512_122225","2026-05-12 12:23:14.453031","NaN","3","digit","DIGIT5_ON","145","2026-05-12 12:27:41.794340","267.292470","0.551039","","8","","","","keyboard","digit#5 shown","{""value"":8,""note"":""digit#5 shown"",""pd_used"":1}","2","0.016667","60.000000","1","","1"
"Sergio_G01_CNS-LLF5RV3D8","cpeeg01","ses02","20260512_122225","2026-05-12 12:23:14.453031","NaN","3","digit","DIGIT5_OFF","150","2026-05-12 12:27:42.338214","267.843509","0.000000","","8","","","","keyboard","digit#5 off","{""value"":8,""note"":""digit#5 off"",""pd_used"":0}","2","0.016667","60.000000","1","",""
"Sergio_G01_CNS-LLF5RV3D8","cpeeg01","ses02","20260512_122225","2026-05-12 12:23:14.453031","NaN","3","digit","POSTDIG_FIX5_ON","155","2026-05-12 12:27:42.339623","267.843509","3.198987","","","","","","keyboard","after digit#5","{""note"":""after digit#5""}","2","0.016667","60.000000","1","",""
"Sergio_G01_CNS-LLF5RV3D8","cpeeg01","ses02","20260512_122225","2026-05-12 12:23:14.453031","NaN","3","digit","POSTDIG_FIX5_OFF","160","2026-05-12 12:27:45.537506","271.042496","0.044959","","","","","","keyboard","after digit#5","{""note"":""after digit#5"",""pd_used"":0}","2","0.016667","60.000000","1","",""
"Sergio_G01_CNS-LLF5RV3D8","cpeeg01","ses02","20260512_122225","2026-05-12 12:23:14.453031","NaN","3","distractor","DISTRACTOR_ON","50","2026-05-12 12:27:45.588858","271.087455","5.765352","","7+8=18","","","","keyboard","","{""value"":""7+8=18"",""isCorrectTruth"":false,""trueSum"":15,""pd_used"":1}","2","0.016667","60.000000","1","",""
"Sergio_G01_CNS-LLF5RV3D8","cpeeg01","ses02","20260512_122225","2026-05-12 12:23:14.453031","NaN","3","distractor","DISTRACTOR_ANS","51","2026-05-12 12:27:51.877723","276.852808","0.000000","5.765352","7+8=18","F","1","","keyboard","key= (False)","{""value"":""7+8=18"",""entered"":""F"",""rt"":5.7653522999899,""correct"":1,""note"":""key= (False)"",""truth"":false,""trueSum"":15,""shownSum"":18,""a"":7,""b"":8}","2","0.016667","60.000000","1","3.908",""
"Sergio_G01_CNS-LLF5RV3D8","cpeeg01","ses02","20260512_122225","2026-05-12 12:23:14.453031","NaN","3","distractor","ANS_CORRECT","100","2026-05-12 12:27:51.920109","276.852808","0.616430","","","","","","keyboard","","{}","2","0.016667","60.000000","1","",""
"Sergio_G01_CNS-LLF5RV3D8","cpeeg01","ses02","20260512_122225","2026-05-12 12:23:14.453031","NaN","3","distractor","DISTRACTOR_OFF","52","2026-05-12 12:27:51.971439","277.469237","0.000000","","","","","","keyboard","","{""pd_used"":0}","2","0.016667","60.000000","1","",""
"Sergio_G01_CNS-LLF5RV3D8","cpeeg01","ses02","20260512_122225","2026-05-12 12:23:14.453031","NaN","3","distractor","FIX2_ON","60","2026-05-12 12:27:51.972233","277.469237","3.175946","","","","","","keyboard","immediate after response","{""note"":""immediate after response""}","2","0.016667","60.000000","1","",""
"Sergio_G01_CNS-LLF5RV3D8","cpeeg01","ses02","20260512_122225","2026-05-12 12:23:14.453031","NaN","3","fix2","FIX2_OFF","61","2026-05-12 12:27:55.139982","280.645183","0.044125","","","","","","keyboard","","{""pd_used"":0}","2","0.016667","60.000000","1","",""
"Sergio_G01_CNS-LLF5RV3D8","cpeeg01","ses02","20260512_122225","2026-05-12 12:23:14.453031","NaN","3","probe","DIGIT_RECALL_LINE_1","161","2026-05-12 12:27:55.191284","280.689308","1.509307","","1","","","","keyboard","first recall question","{""value"":1,""note"":""first recall question"",""pd_used"":1}","2","0.016667","60.000000","1","",""
"Sergio_G01_CNS-LLF5RV3D8","cpeeg01","ses02","20260512_122225","2026-05-12 12:23:14.453031","NaN","3","probe","PROBE_DIGIT_OK_1","71","2026-05-12 12:27:57.159193","282.198614","0.616420","1.510689","slot#1","2","1","","keyboard","probe_digit#1","{""value"":""slot#1"",""entered"":2,""rt"":1.5106886999856215,""note"":""probe_digit#1""}","2","0.016667","60.000000","1","1.1207",""
"Sergio_G01_CNS-LLF5RV3D8","cpeeg01","ses02","20260512_122225","2026-05-12 12:23:14.453031","NaN","3","probe","DIGIT1_OFF","146","2026-05-12 12:27:57.309664","282.815035","0.000000","","8","","","","keyboard","digit#1 off","{""value"":8,""note"":""digit#1 off"",""pd_used"":0}","2","0.016667","60.000000","1","",""
"Sergio_G01_CNS-LLF5RV3D8","cpeeg01","ses02","20260512_122225","2026-05-12 12:23:14.453031","NaN","3","probe","POSTDIG_FIX1_ON","151","2026-05-12 12:27:57.310469","282.815035","2.034052","","","","","","keyboard","after digit#1","{""note"":""after digit#1""}","2","0.016667","60.000000","1","",""
"Sergio_G01_CNS-LLF5RV3D8","cpeeg01","ses02","20260512_122225","2026-05-12 12:23:14.453031","NaN","3","probe","POSTDIG_FIX1_OFF","156","2026-05-12 12:27:59.343953","284.849087","0.046728","","","","","","keyboard","after digit#1","{""note"":""after digit#1"",""pd_used"":0}","2","0.016667","60.000000","1","",""
"Sergio_G01_CNS-LLF5RV3D8","cpeeg01","ses02","20260512_122225","2026-05-12 12:23:14.453031","NaN","3","probe","DIGIT_RECALL_LINE_2","162","2026-05-12 12:27:59.395365","284.895814","1.371159","","2","","","","keyboard","next recall question","{""value"":2,""note"":""next recall question"",""pd_used"":1}","2","0.016667","60.000000","1","",""
"Sergio_G01_CNS-LLF5RV3D8","cpeeg01","ses02","20260512_122225","2026-05-12 12:23:14.453031","NaN","3","probe","PROBE_DIGIT_OK_2","71","2026-05-12 12:28:01.190663","286.266974","0.585174","5.579048","slot#2","5","1","","keyboard","probe_digit#2","{""value"":""slot#2"",""entered"":5,""rt"":5.57904799998505,""note"":""probe_digit#2""}","2","0.016667","60.000000","1","1.2339",""
"Sergio_G01_CNS-LLF5RV3D8","cpeeg01","ses02","20260512_122225","2026-05-12 12:23:14.453031","NaN","3","probe","DIGIT2_OFF","147","2026-05-12 12:28:01.347104","286.852147","0.000000","","8","","","","keyboard","digit#2 off","{""value"":8,""note"":""digit#2 off"",""pd_used"":0}","2","0.016667","60.000000","1","",""
"Sergio_G01_CNS-LLF5RV3D8","cpeeg01","ses02","20260512_122225","2026-05-12 12:23:14.453031","NaN","3","probe","POSTDIG_FIX2_ON","152","2026-05-12 12:28:01.347947","286.852147","1.767067","","","","","","keyboard","after digit#2","{""note"":""after digit#2""}","2","0.016667","60.000000","1","",""
"Sergio_G01_CNS-LLF5RV3D8","cpeeg01","ses02","20260512_122225","2026-05-12 12:23:14.453031","NaN","3","probe","POSTDIG_FIX2_OFF","157","2026-05-12 12:28:03.114041","288.619214","0.046136","","","","","","keyboard","after digit#2","{""note"":""after digit#2"",""pd_used"":0}","2","0.016667","60.000000","1","",""
"Sergio_G01_CNS-LLF5RV3D8","cpeeg01","ses02","20260512_122225","2026-05-12 12:23:14.453031","NaN","3","probe","DIGIT_RECALL_LINE_3","163","2026-05-12 12:28:03.165340","288.665350","1.483822","","3","","","","keyboard","next recall question","{""value"":3,""note"":""next recall question"",""pd_used"":1}","2","0.016667","60.000000","1","",""
"Sergio_G01_CNS-LLF5RV3D8","cpeeg01","ses02","20260512_122225","2026-05-12 12:23:14.453031","NaN","3","probe","PROBE_DIGIT_OK_3","71","2026-05-12 12:28:05.007347","290.149172","0.506634","9.461246","slot#3","5","1","","keyboard","probe_digit#3","{""value"":""slot#3"",""entered"":5,""rt"":9.4612462999939453,""note"":""probe_digit#3""}","2","0.016667","60.000000","1","1.3331",""
"Sergio_G01_CNS-LLF5RV3D8","cpeeg01","ses02","20260512_122225","2026-05-12 12:23:14.453031","NaN","3","probe","DIGIT3_OFF","148","2026-05-12 12:28:05.150645","290.655806","0.000000","","8","","","","keyboard","digit#3 off","{""value"":8,""note"":""digit#3 off"",""pd_used"":0}","2","0.016667","60.000000","1","",""
"Sergio_G01_CNS-LLF5RV3D8","cpeeg01","ses02","20260512_122225","2026-05-12 12:23:14.453031","NaN","3","probe","POSTDIG_FIX3_ON","153","2026-05-12 12:28:05.151424","290.655806","1.887678","","","","","","keyboard","after digit#3","{""note"":""after digit#3""}","2","0.016667","60.000000","1","",""
"Sergio_G01_CNS-LLF5RV3D8","cpeeg01","ses02","20260512_122225","2026-05-12 12:23:14.453031","NaN","3","probe","POSTDIG_FIX3_OFF","158","2026-05-12 12:28:07.038587","292.543484","0.046319","","","","","","keyboard","after digit#3","{""note"":""after digit#3"",""pd_used"":0}","2","0.016667","60.000000","1","",""
"Sergio_G01_CNS-LLF5RV3D8","cpeeg01","ses02","20260512_122225","2026-05-12 12:23:14.453031","NaN","3","probe","DIGIT_RECALL_LINE_4","164","2026-05-12 12:28:07.090116","292.589803","1.166137","","4","","","","keyboard","next recall question","{""value"":4,""note"":""next recall question"",""pd_used"":1}","2","0.016667","60.000000","1","",""
"Sergio_G01_CNS-LLF5RV3D8","cpeeg01","ses02","20260512_122225","2026-05-12 12:23:14.453031","NaN","3","probe","PROBE_DIGIT_OK_4","71","2026-05-12 12:28:08.539317","293.755940","0.432506","13.068014","slot#4","5","1","","keyboard","probe_digit#4","{""value"":""slot#4"",""entered"":5,""rt"":13.068014299991773,""note"":""probe_digit#4""}","2","0.016667","60.000000","1","0.98994",""
"Sergio_G01_CNS-LLF5RV3D8","cpeeg01","ses02","20260512_122225","2026-05-12 12:23:14.453031","NaN","3","probe","DIGIT4_OFF","149","2026-05-12 12:28:08.683131","294.188446","0.000000","","8","","","","keyboard","digit#4 off","{""value"":8,""note"":""digit#4 off"",""pd_used"":0}","2","0.016667","60.000000","1","",""
"Sergio_G01_CNS-LLF5RV3D8","cpeeg01","ses02","20260512_122225","2026-05-12 12:23:14.453031","NaN","3","probe","POSTDIG_FIX4_ON","154","2026-05-12 12:28:08.683891","294.188446","1.915137","","","","","","keyboard","after digit#4","{""note"":""after digit#4""}","2","0.016667","60.000000","1","",""
"Sergio_G01_CNS-LLF5RV3D8","cpeeg01","ses02","20260512_122225","2026-05-12 12:23:14.453031","NaN","3","probe","POSTDIG_FIX4_OFF","159","2026-05-12 12:28:10.598652","296.103583","0.046473","","","","","","keyboard","after digit#4","{""note"":""after digit#4"",""pd_used"":0}","2","0.016667","60.000000","1","",""
"Sergio_G01_CNS-LLF5RV3D8","cpeeg01","ses02","20260512_122225","2026-05-12 12:23:14.453031","NaN","3","probe","DIGIT_RECALL_LINE_5","165","2026-05-12 12:28:10.649935","296.150055","1.244166","","5","","","","keyboard","next recall question","{""value"":5,""note"":""next recall question"",""pd_used"":1}","2","0.016667","60.000000","1","",""
"Sergio_G01_CNS-LLF5RV3D8","cpeeg01","ses02","20260512_122225","2026-05-12 12:23:14.453031","NaN","3","probe","PROBE_DIGIT_OK_5","71","2026-05-12 12:28:12.287524","297.394221","0.549523","16.706295","slot#5","8","1","","keyboard","probe_digit#5","{""value"":""slot#5"",""entered"":8,""rt"":16.706295299984049,""note"":""probe_digit#5""}","2","0.016667","60.000000","1","1.1756",""
"Sergio_G01_CNS-LLF5RV3D8","cpeeg01","ses02","20260512_122225","2026-05-12 12:23:14.453031","NaN","3","probe","DIGIT5_OFF","150","2026-05-12 12:28:12.438707","297.943744","0.000000","","8","","","","keyboard","digit#5 off","{""value"":8,""note"":""digit#5 off"",""pd_used"":0}","2","0.016667","60.000000","1","",""
"Sergio_G01_CNS-LLF5RV3D8","cpeeg01","ses02","20260512_122225","2026-05-12 12:23:14.453031","NaN","3","probe","POSTDIG_FIX5_ON","155","2026-05-12 12:28:12.439468","297.943744","3.334138","","","","","","keyboard","after digit#5","{""note"":""after digit#5""}","2","0.016667","60.000000","1","",""
"Sergio_G01_CNS-LLF5RV3D8","cpeeg01","ses02","20260512_122225","2026-05-12 12:23:14.453031","NaN","3","probe","POSTDIG_FIX5_OFF","160","2026-05-12 12:28:15.772678","301.277882","0.043451","","","","","","keyboard","after digit#5","{""note"":""after digit#5"",""pd_used"":0}","2","0.016667","60.000000","1","",""
"Sergio_G01_CNS-LLF5RV3D8","cpeeg01","ses02","20260512_122225","2026-05-12 12:23:14.453031","NaN","3","probe","PROBE_DONE","73","2026-05-12 12:28:15.774343","301.321333","0.000705","","","","","","keyboard","probe complete","{""value"":"""",""note"":""probe complete""}","2","0.016667","60.000000","1","",""
"Sergio_G01_CNS-LLF5RV3D8","cpeeg01","ses02","20260512_122225","2026-05-12 12:23:14.453031","NaN","3","probe","TRIAL_END","21","2026-05-12 12:28:15.774934","301.322038","0.108979","","","","","","keyboard","","{}","2","0.016667","60.000000","1","",""
"Sergio_G01_CNS-LLF5RV3D8","cpeeg01","ses02","20260512_122225","2026-05-12 12:23:14.453031","NaN","4","probe","TRIAL_CHANGE","22","2026-05-12 12:28:15.884695","301.431017","0.001780","","","","","","keyboard","trial transition","{""note"":""trial transition""}","2","0.016667","60.000000","1","",""
"Sergio_G01_CNS-LLF5RV3D8","cpeeg01","ses02","20260512_122225","2026-05-12 12:23:14.453031","NaN","4","probe","TRIAL_START","20","2026-05-12 12:28:15.885822","301.432797","0.044236","","","","","","keyboard","","{}","2","0.016667","60.000000","1","",""
"Sergio_G01_CNS-LLF5RV3D8","cpeeg01","ses02","20260512_122225","2026-05-12 12:23:14.453031","NaN","4","fix1","FIX1_ON","30","2026-05-12 12:28:15.979711","301.477033","3.514490","","","","","","keyboard","","{""pd_used"":0}","2","0.016667","60.000000","1","",""
"Sergio_G01_CNS-LLF5RV3D8","cpeeg01","ses02","20260512_122225","2026-05-12 12:23:14.453031","NaN","4","fix1","FIX1_OFF","31","2026-05-12 12:28:19.486309","304.991523","0.044312","","","","","","keyboard","","{""pd_used"":0}","2","0.016667","60.000000","1","",""
"Sergio_G01_CNS-LLF5RV3D8","cpeeg01","ses02","20260512_122225","2026-05-12 12:23:14.453031","NaN","4","digit","DIGIT1_ON","141","2026-05-12 12:28:19.537603","305.035835","0.551153","","7","","","","keyboard","digit#1 shown","{""value"":7,""note"":""digit#1 shown"",""pd_used"":1}","2","0.016667","60.000000","1","","1"
"Sergio_G01_CNS-LLF5RV3D8","cpeeg01","ses02","20260512_122225","2026-05-12 12:23:14.453031","NaN","4","digit","DIGIT1_OFF","146","2026-05-12 12:28:20.081729","305.586987","0.000000","","7","","","","keyboard","digit#1 off","{""value"":7,""note"":""digit#1 off"",""pd_used"":0}","2","0.016667","60.000000","1","",""
"Sergio_G01_CNS-LLF5RV3D8","cpeeg01","ses02","20260512_122225","2026-05-12 12:23:14.453031","NaN","4","digit","POSTDIG_FIX1_ON","151","2026-05-12 12:28:20.082489","305.586987","1.872494","","","","","","keyboard","after digit#1","{""note"":""after digit#1""}","2","0.016667","60.000000","1","",""
"Sergio_G01_CNS-LLF5RV3D8","cpeeg01","ses02","20260512_122225","2026-05-12 12:23:14.453031","NaN","4","digit","POSTDIG_FIX1_OFF","156","2026-05-12 12:28:21.954304","307.459481","0.043848","","","","","","keyboard","after digit#1","{""note"":""after digit#1"",""pd_used"":0}","2","0.016667","60.000000","1","",""
"Sergio_G01_CNS-LLF5RV3D8","cpeeg01","ses02","20260512_122225","2026-05-12 12:23:14.453031","NaN","4","digit","DIGIT2_ON","142","2026-05-12 12:28:22.005627","307.503329","0.551560","","3","","","","keyboard","digit#2 shown","{""value"":3,""note"":""digit#2 shown"",""pd_used"":1}","2","0.016667","60.000000","1","","1"
"Sergio_G01_CNS-LLF5RV3D8","cpeeg01","ses02","20260512_122225","2026-05-12 12:23:14.453031","NaN","4","digit","DIGIT2_OFF","147","2026-05-12 12:28:22.549883","308.054890","0.000000","","3","","","","keyboard","digit#2 off","{""value"":3,""note"":""digit#2 off"",""pd_used"":0}","2","0.016667","60.000000","1","",""
"Sergio_G01_CNS-LLF5RV3D8","cpeeg01","ses02","20260512_122225","2026-05-12 12:23:14.453031","NaN","4","digit","POSTDIG_FIX2_ON","152","2026-05-12 12:28:22.550681","308.054890","1.900351","","","","","","keyboard","after digit#2","{""note"":""after digit#2""}","2","0.016667","60.000000","1","",""
"Sergio_G01_CNS-LLF5RV3D8","cpeeg01","ses02","20260512_122225","2026-05-12 12:23:14.453031","NaN","4","digit","POSTDIG_FIX2_OFF","157","2026-05-12 12:28:24.449909","309.955241","0.043880","","","","","","keyboard","after digit#2","{""note"":""after digit#2"",""pd_used"":0}","2","0.016667","60.000000","1","",""
"Sergio_G01_CNS-LLF5RV3D8","cpeeg01","ses02","20260512_122225","2026-05-12 12:23:14.453031","NaN","4","digit","DIGIT3_ON","143","2026-05-12 12:28:24.501245","309.999121","0.551414","","3","","","","keyboard","digit#3 shown","{""value"":3,""note"":""digit#3 shown"",""pd_used"":1}","2","0.016667","60.000000","1","","0"
"Sergio_G01_CNS-LLF5RV3D8","cpeeg01","ses02","20260512_122225","2026-05-12 12:23:14.453031","NaN","4","digit","DIGIT3_OFF","148","2026-05-12 12:28:25.045418","310.550534","0.000000","","3","","","","keyboard","digit#3 off","{""value"":3,""note"":""digit#3 off"",""pd_used"":0}","2","0.016667","60.000000","1","",""
"Sergio_G01_CNS-LLF5RV3D8","cpeeg01","ses02","20260512_122225","2026-05-12 12:23:14.453031","NaN","4","digit","POSTDIG_FIX3_ON","153","2026-05-12 12:28:25.046201","310.550534","1.773111","","","","","","keyboard","after digit#3","{""note"":""after digit#3""}","2","0.016667","60.000000","1","",""
"Sergio_G01_CNS-LLF5RV3D8","cpeeg01","ses02","20260512_122225","2026-05-12 12:23:14.453031","NaN","4","digit","POSTDIG_FIX3_OFF","158","2026-05-12 12:28:26.818659","312.323645","0.044136","","","","","","keyboard","after digit#3","{""note"":""after digit#3"",""pd_used"":0}","2","0.016667","60.000000","1","",""
"Sergio_G01_CNS-LLF5RV3D8","cpeeg01","ses02","20260512_122225","2026-05-12 12:23:14.453031","NaN","4","digit","DIGIT4_ON","144","2026-05-12 12:28:26.869765","312.367782","0.551161","","6","","","","keyboard","digit#4 shown","{""value"":6,""note"":""digit#4 shown"",""pd_used"":1}","2","0.016667","60.000000","1","","1"
"Sergio_G01_CNS-LLF5RV3D8","cpeeg01","ses02","20260512_122225","2026-05-12 12:23:14.453031","NaN","4","digit","DIGIT4_OFF","149","2026-05-12 12:28:27.413717","312.918943","0.000000","","6","","","","keyboard","digit#4 off","{""value"":6,""note"":""digit#4 off"",""pd_used"":0}","2","0.016667","60.000000","1","",""
"Sergio_G01_CNS-LLF5RV3D8","cpeeg01","ses02","20260512_122225","2026-05-12 12:23:14.453031","NaN","4","digit","POSTDIG_FIX4_ON","154","2026-05-12 12:28:27.414519","312.918943","1.548554","","","","","","keyboard","after digit#4","{""note"":""after digit#4""}","2","0.016667","60.000000","1","",""
"Sergio_G01_CNS-LLF5RV3D8","cpeeg01","ses02","20260512_122225","2026-05-12 12:23:14.453031","NaN","4","digit","POSTDIG_FIX4_OFF","159","2026-05-12 12:28:28.962145","314.467496","0.043736","","","","","","keyboard","after digit#4","{""note"":""after digit#4"",""pd_used"":0}","2","0.016667","60.000000","1","",""
"Sergio_G01_CNS-LLF5RV3D8","cpeeg01","ses02","20260512_122225","2026-05-12 12:23:14.453031","NaN","4","digit","DIGIT5_ON","145","2026-05-12 12:28:29.013350","314.511232","0.551876","","6","","","","keyboard","digit#5 shown","{""value"":6,""note"":""digit#5 shown"",""pd_used"":1}","2","0.016667","60.000000","1","","0"
"Sergio_G01_CNS-LLF5RV3D8","cpeeg01","ses02","20260512_122225","2026-05-12 12:23:14.453031","NaN","4","digit","DIGIT5_OFF","150","2026-05-12 12:28:29.557984","315.063108","0.000000","","6","","","","keyboard","digit#5 off","{""value"":6,""note"":""digit#5 off"",""pd_used"":0}","2","0.016667","60.000000","1","",""
"Sergio_G01_CNS-LLF5RV3D8","cpeeg01","ses02","20260512_122225","2026-05-12 12:23:14.453031","NaN","4","digit","POSTDIG_FIX5_ON","155","2026-05-12 12:28:29.558730","315.063108","3.087632","","","","","","keyboard","after digit#5","{""note"":""after digit#5""}","2","0.016667","60.000000","1","",""
"Sergio_G01_CNS-LLF5RV3D8","cpeeg01","ses02","20260512_122225","2026-05-12 12:23:14.453031","NaN","4","digit","POSTDIG_FIX5_OFF","160","2026-05-12 12:28:32.645476","318.150740","0.046436","","","","","","keyboard","after digit#5","{""note"":""after digit#5"",""pd_used"":0}","2","0.016667","60.000000","1","",""
"Sergio_G01_CNS-LLF5RV3D8","cpeeg01","ses02","20260512_122225","2026-05-12 12:23:14.453031","NaN","4","distractor","DISTRACTOR_ON","50","2026-05-12 12:28:32.696844","318.197176","5.705578","","4+1=2","","","","keyboard","","{""value"":""4+1=2"",""isCorrectTruth"":false,""trueSum"":5,""pd_used"":1}","2","0.016667","60.000000","1","",""
"Sergio_G01_CNS-LLF5RV3D8","cpeeg01","ses02","20260512_122225","2026-05-12 12:23:14.453031","NaN","4","distractor","DISTRACTOR_ANS","51","2026-05-12 12:28:38.751414","323.902754","0.000000","5.705578","4+1=2","F","1","","keyboard","key= (False)","{""value"":""4+1=2"",""entered"":""F"",""rt"":5.70557779999217,""correct"":1,""note"":""key= (False)"",""truth"":false,""trueSum"":5,""shownSum"":2,""a"":4,""b"":1}","2","0.016667","60.000000","1","3.7991",""
"Sergio_G01_CNS-LLF5RV3D8","cpeeg01","ses02","20260512_122225","2026-05-12 12:23:14.453031","NaN","4","distractor","ANS_CORRECT","100","2026-05-12 12:28:38.794645","323.902754","0.441280","","","","","","keyboard","","{}","2","0.016667","60.000000","1","",""
"Sergio_G01_CNS-LLF5RV3D8","cpeeg01","ses02","20260512_122225","2026-05-12 12:23:14.453031","NaN","4","distractor","DISTRACTOR_OFF","52","2026-05-12 12:28:38.845704","324.344034","0.000000","","","","","","keyboard","","{""pd_used"":0}","2","0.016667","60.000000","1","",""
"Sergio_G01_CNS-LLF5RV3D8","cpeeg01","ses02","20260512_122225","2026-05-12 12:23:14.453031","NaN","4","distractor","FIX2_ON","60","2026-05-12 12:28:38.846901","324.344034","3.139536","","","","","","keyboard","immediate after response","{""note"":""immediate after response""}","2","0.016667","60.000000","1","",""
"Sergio_G01_CNS-LLF5RV3D8","cpeeg01","ses02","20260512_122225","2026-05-12 12:23:14.453031","NaN","4","fix2","FIX2_OFF","61","2026-05-12 12:28:41.978391","327.483570","0.044843","","","","","","keyboard","","{""pd_used"":0}","2","0.016667","60.000000","1","",""
"Sergio_G01_CNS-LLF5RV3D8","cpeeg01","ses02","20260512_122225","2026-05-12 12:23:14.453031","NaN","4","probe","DIGIT_RECALL_LINE_1","161","2026-05-12 12:28:42.029736","327.528412","1.844551","","1","","","","keyboard","first recall question","{""value"":1,""note"":""first recall question"",""pd_used"":1}","2","0.016667","60.000000","1","",""
"Sergio_G01_CNS-LLF5RV3D8","cpeeg01","ses02","20260512_122225","2026-05-12 12:23:14.453031","NaN","4","probe","PROBE_DIGIT_OK_1","71","2026-05-12 12:28:44.208939","329.372964","0.490264","1.846447","slot#1","7","1","","keyboard","probe_digit#1","{""value"":""slot#1"",""entered"":7,""rt"":1.8464467999874614,""note"":""probe_digit#1""}","2","0.016667","60.000000","1","1.7636",""
"Sergio_G01_CNS-LLF5RV3D8","cpeeg01","ses02","20260512_122225","2026-05-12 12:23:14.453031","NaN","4","probe","DIGIT1_OFF","146","2026-05-12 12:28:44.358060","329.863227","0.000000","","6","","","","keyboard","digit#1 off","{""value"":6,""note"":""digit#1 off"",""pd_used"":0}","2","0.016667","60.000000","1","",""
"Sergio_G01_CNS-LLF5RV3D8","cpeeg01","ses02","20260512_122225","2026-05-12 12:23:14.453031","NaN","4","probe","POSTDIG_FIX1_ON","151","2026-05-12 12:28:44.359206","329.863227","1.707778","","","","","","keyboard","after digit#1","{""note"":""after digit#1""}","2","0.016667","60.000000","1","",""
"Sergio_G01_CNS-LLF5RV3D8","cpeeg01","ses02","20260512_122225","2026-05-12 12:23:14.453031","NaN","4","probe","POSTDIG_FIX1_OFF","156","2026-05-12 12:28:46.065879","331.571006","0.046317","","","","","","keyboard","after digit#1","{""note"":""after digit#1"",""pd_used"":0}","2","0.016667","60.000000","1","",""
"Sergio_G01_CNS-LLF5RV3D8","cpeeg01","ses02","20260512_122225","2026-05-12 12:23:14.453031","NaN","4","probe","DIGIT_RECALL_LINE_2","162","2026-05-12 12:28:46.117232","331.617323","2.870603","","2","","","","keyboard","next recall question","{""value"":2,""note"":""next recall question"",""pd_used"":1}","2","0.016667","60.000000","1","",""
"Sergio_G01_CNS-LLF5RV3D8","cpeeg01","ses02","20260512_122225","2026-05-12 12:23:14.453031","NaN","4","probe","PROBE_DIGIT_OK_2","71","2026-05-12 12:28:49.436346","334.487925","0.592979","6.961409","slot#2","3","1","","keyboard","probe_digit#2","{""value"":""slot#2"",""entered"":3,""rt"":6.9614086999790743,""note"":""probe_digit#2""}","2","0.016667","60.000000","1","2.4119",""
"Sergio_G01_CNS-LLF5RV3D8","cpeeg01","ses02","20260512_122225","2026-05-12 12:23:14.453031","NaN","4","probe","DIGIT2_OFF","147","2026-05-12 12:28:49.575851","335.080905","0.000000","","6","","","","keyboard","digit#2 off","{""value"":6,""note"":""digit#2 off"",""pd_used"":0}","2","0.016667","60.000000","1","",""
"Sergio_G01_CNS-LLF5RV3D8","cpeeg01","ses02","20260512_122225","2026-05-12 12:23:14.453031","NaN","4","probe","POSTDIG_FIX2_ON","152","2026-05-12 12:28:49.576631","335.080905","1.964717","","","","","","keyboard","after digit#2","{""note"":""after digit#2""}","2","0.016667","60.000000","1","",""
"Sergio_G01_CNS-LLF5RV3D8","cpeeg01","ses02","20260512_122225","2026-05-12 12:23:14.453031","NaN","4","probe","POSTDIG_FIX2_OFF","157","2026-05-12 12:28:51.540708","337.045622","0.046475","","","","","","keyboard","after digit#2","{""note"":""after digit#2"",""pd_used"":0}","2","0.016667","60.000000","1","",""
"Sergio_G01_CNS-LLF5RV3D8","cpeeg01","ses02","20260512_122225","2026-05-12 12:23:14.453031","NaN","4","probe","DIGIT_RECALL_LINE_3","163","2026-05-12 12:28:51.591939","337.092097","1.405941","","3","","","","keyboard","next recall question","{""value"":3,""note"":""next recall question"",""pd_used"":1}","2","0.016667","60.000000","1","",""
"Sergio_G01_CNS-LLF5RV3D8","cpeeg01","ses02","20260512_122225","2026-05-12 12:23:14.453031","NaN","4","probe","PROBE_DIGIT_OK_3","71","2026-05-12 12:28:53.347809","338.498038","0.505635","10.971521","slot#3","6","0","","keyboard","probe_digit#3","{""value"":""slot#3"",""entered"":6,""rt"":10.971521300001768,""note"":""probe_digit#3""}","2","0.016667","60.000000","1","1.2102",""
"Sergio_G01_CNS-LLF5RV3D8","cpeeg01","ses02","20260512_122225","2026-05-12 12:23:14.453031","NaN","4","probe","DIGIT3_OFF","148","2026-05-12 12:28:53.498755","339.003673","0.000000","","6","","","","keyboard","digit#3 off","{""value"":6,""note"":""digit#3 off"",""pd_used"":0}","2","0.016667","60.000000","1","",""
"Sergio_G01_CNS-LLF5RV3D8","cpeeg01","ses02","20260512_122225","2026-05-12 12:23:14.453031","NaN","4","probe","POSTDIG_FIX3_ON","153","2026-05-12 12:28:53.499666","339.003673","1.940131","","","","","","keyboard","after digit#3","{""note"":""after digit#3""}","2","0.016667","60.000000","1","",""
"Sergio_G01_CNS-LLF5RV3D8","cpeeg01","ses02","20260512_122225","2026-05-12 12:23:14.453031","NaN","4","probe","POSTDIG_FIX3_OFF","158","2026-05-12 12:28:55.438755","340.943804","0.045953","","","","","","keyboard","after digit#3","{""note"":""after digit#3"",""pd_used"":0}","2","0.016667","60.000000","1","",""
"Sergio_G01_CNS-LLF5RV3D8","cpeeg01","ses02","20260512_122225","2026-05-12 12:23:14.453031","NaN","4","probe","DIGIT_RECALL_LINE_4","164","2026-05-12 12:28:55.489718","340.989757","3.311417","","4","","","","keyboard","next recall question","{""value"":4,""note"":""next recall question"",""pd_used"":1}","2","0.016667","60.000000","1","",""
"Sergio_G01_CNS-LLF5RV3D8","cpeeg01","ses02","20260512_122225","2026-05-12 12:23:14.453031","NaN","4","probe","PROBE_DIGIT_OK_4","71","2026-05-12 12:28:59.127796","344.301174","0.472166","16.774657","slot#4","6","1","","keyboard","probe_digit#4","{""value"":""slot#4"",""entered"":6,""rt"":16.774657299974933,""note"":""probe_digit#4""}","2","0.016667","60.000000","1","0.86819",""
"Sergio_G01_CNS-LLF5RV3D8","cpeeg01","ses02","20260512_122225","2026-05-12 12:23:14.453031","NaN","4","probe","DIGIT4_OFF","149","2026-05-12 12:28:59.268035","344.773340","0.000000","","6","","","","keyboard","digit#4 off","{""value"":6,""note"":""digit#4 off"",""pd_used"":0}","2","0.016667","60.000000","1","",""
"Sergio_G01_CNS-LLF5RV3D8","cpeeg01","ses02","20260512_122225","2026-05-12 12:23:14.453031","NaN","4","probe","POSTDIG_FIX4_ON","154","2026-05-12 12:28:59.268814","344.773340","1.812313","","","","","","keyboard","after digit#4","{""note"":""after digit#4""}","2","0.016667","60.000000","1","",""
"Sergio_G01_CNS-LLF5RV3D8","cpeeg01","ses02","20260512_122225","2026-05-12 12:23:14.453031","NaN","4","probe","POSTDIG_FIX4_OFF","159","2026-05-12 12:29:01.080700","346.585653","0.046338","","","","","","keyboard","after digit#4","{""note"":""after digit#4"",""pd_used"":0}","2","0.016667","60.000000","1","",""
"Sergio_G01_CNS-LLF5RV3D8","cpeeg01","ses02","20260512_122225","2026-05-12 12:23:14.453031","NaN","4","probe","DIGIT_RECALL_LINE_5","165","2026-05-12 12:29:01.132032","346.631992","1.001669","","5","","","","keyboard","next recall question","{""value"":5,""note"":""next recall question"",""pd_used"":1}","2","0.016667","60.000000","1","",""
"Sergio_G01_CNS-LLF5RV3D8","cpeeg01","ses02","20260512_122225","2026-05-12 12:23:14.453031","NaN","4","probe","PROBE_DIGIT_OK_5","71","2026-05-12 12:29:02.416171","347.633661","0.438290","20.107144","slot#5","0","0","","keyboard","probe_digit#5","{""value"":""slot#5"",""entered"":0,""rt"":20.10714409998036,""note"":""probe_digit#5""}","2","0.016667","60.000000","1","0.90181",""
"Sergio_G01_CNS-LLF5RV3D8","cpeeg01","ses02","20260512_122225","2026-05-12 12:23:14.453031","NaN","4","probe","DIGIT5_OFF","150","2026-05-12 12:29:02.566885","348.071951","0.000000","","6","","","","keyboard","digit#5 off","{""value"":6,""note"":""digit#5 off"",""pd_used"":0}","2","0.016667","60.000000","1","",""
"Sergio_G01_CNS-LLF5RV3D8","cpeeg01","ses02","20260512_122225","2026-05-12 12:23:14.453031","NaN","4","probe","POSTDIG_FIX5_ON","155","2026-05-12 12:29:02.567663","348.071951","3.259871","","","","","","keyboard","after digit#5","{""note"":""after digit#5""}","2","0.016667","60.000000","1","",""
"Sergio_G01_CNS-LLF5RV3D8","cpeeg01","ses02","20260512_122225","2026-05-12 12:23:14.453031","NaN","4","probe","POSTDIG_FIX5_OFF","160","2026-05-12 12:29:05.826637","351.331822","0.044091","","","","","","keyboard","after digit#5","{""note"":""after digit#5"",""pd_used"":0}","2","0.016667","60.000000","1","",""
"Sergio_G01_CNS-LLF5RV3D8","cpeeg01","ses02","20260512_122225","2026-05-12 12:23:14.453031","NaN","4","probe","PROBE_DONE","73","2026-05-12 12:29:05.829056","351.375913","0.000955","","","","","","keyboard","probe complete","{""value"":"""",""note"":""probe complete""}","2","0.016667","60.000000","1","",""
"Sergio_G01_CNS-LLF5RV3D8","cpeeg01","ses02","20260512_122225","2026-05-12 12:23:14.453031","NaN","4","probe","TRIAL_END","21","2026-05-12 12:29:05.829884","351.376868","0.111154","","","","","","keyboard","","{}","2","0.016667","60.000000","1","",""
"Sergio_G01_CNS-LLF5RV3D8","cpeeg01","ses02","20260512_122225","2026-05-12 12:23:14.453031","NaN","5","probe","TRIAL_CHANGE","22","2026-05-12 12:29:05.941151","351.488022","0.001152","","","","","","keyboard","trial transition","{""note"":""trial transition""}","2","0.016667","60.000000","1","",""
"Sergio_G01_CNS-LLF5RV3D8","cpeeg01","ses02","20260512_122225","2026-05-12 12:23:14.453031","NaN","5","probe","TRIAL_START","20","2026-05-12 12:29:05.942344","351.489174","0.043321","","","","","","keyboard","","{}","2","0.016667","60.000000","1","",""
"Sergio_G01_CNS-LLF5RV3D8","cpeeg01","ses02","20260512_122225","2026-05-12 12:23:14.453031","NaN","5","fix1","FIX1_ON","30","2026-05-12 12:29:06.035603","351.532495","3.535519","","","","","","keyboard","","{""pd_used"":0}","2","0.016667","60.000000","1","",""
"Sergio_G01_CNS-LLF5RV3D8","cpeeg01","ses02","20260512_122225","2026-05-12 12:23:14.453031","NaN","5","fix1","FIX1_OFF","31","2026-05-12 12:29:09.562732","355.068014","0.043865","","","","","","keyboard","","{""pd_used"":0}","2","0.016667","60.000000","1","",""
"Sergio_G01_CNS-LLF5RV3D8","cpeeg01","ses02","20260512_122225","2026-05-12 12:23:14.453031","NaN","5","digit","DIGIT1_ON","141","2026-05-12 12:29:09.614190","355.111879","0.551424","","0","","","","keyboard","digit#1 shown","{""value"":0,""note"":""digit#1 shown"",""pd_used"":1}","2","0.016667","60.000000","1","","1"
"Sergio_G01_CNS-LLF5RV3D8","cpeeg01","ses02","20260512_122225","2026-05-12 12:23:14.453031","NaN","5","digit","DIGIT1_OFF","146","2026-05-12 12:29:10.157983","355.663304","0.000000","","0","","","","keyboard","digit#1 off","{""value"":0,""note"":""digit#1 off"",""pd_used"":0}","2","0.016667","60.000000","1","",""
"Sergio_G01_CNS-LLF5RV3D8","cpeeg01","ses02","20260512_122225","2026-05-12 12:23:14.453031","NaN","5","digit","POSTDIG_FIX1_ON","151","2026-05-12 12:29:10.158781","355.663304","1.671580","","","","","","keyboard","after digit#1","{""note"":""after digit#1""}","2","0.016667","60.000000","1","",""
"Sergio_G01_CNS-LLF5RV3D8","cpeeg01","ses02","20260512_122225","2026-05-12 12:23:14.453031","NaN","5","digit","POSTDIG_FIX1_OFF","156","2026-05-12 12:29:11.829701","357.334884","0.043860","","","","","","keyboard","after digit#1","{""note"":""after digit#1"",""pd_used"":0}","2","0.016667","60.000000","1","",""
"Sergio_G01_CNS-LLF5RV3D8","cpeeg01","ses02","20260512_122225","2026-05-12 12:23:14.453031","NaN","5","digit","DIGIT2_ON","142","2026-05-12 12:29:11.880995","357.378743","0.551430","","3","","","","keyboard","digit#2 shown","{""value"":3,""note"":""digit#2 shown"",""pd_used"":1}","2","0.016667","60.000000","1","","1"
"Sergio_G01_CNS-LLF5RV3D8","cpeeg01","ses02","20260512_122225","2026-05-12 12:23:14.453031","NaN","5","digit","DIGIT2_OFF","147","2026-05-12 12:29:12.424799","357.930173","0.000000","","3","","","","keyboard","digit#2 off","{""value"":3,""note"":""digit#2 off"",""pd_used"":0}","2","0.016667","60.000000","1","",""
"Sergio_G01_CNS-LLF5RV3D8","cpeeg01","ses02","20260512_122225","2026-05-12 12:23:14.453031","NaN","5","digit","POSTDIG_FIX2_ON","152","2026-05-12 12:29:12.425543","357.930173","1.595000","","","","","","keyboard","after digit#2","{""note"":""after digit#2""}","2","0.016667","60.000000","1","",""
"Sergio_G01_CNS-LLF5RV3D8","cpeeg01","ses02","20260512_122225","2026-05-12 12:23:14.453031","NaN","5","digit","POSTDIG_FIX2_OFF","157","2026-05-12 12:29:14.020255","359.525173","0.044283","","","","","","keyboard","after digit#2","{""note"":""after digit#2"",""pd_used"":0}","2","0.016667","60.000000","1","",""
"Sergio_G01_CNS-LLF5RV3D8","cpeeg01","ses02","20260512_122225","2026-05-12 12:23:14.453031","NaN","5","digit","DIGIT3_ON","143","2026-05-12 12:29:14.071513","359.569456","0.551219","","6","","","","keyboard","digit#3 shown","{""value"":6,""note"":""digit#3 shown"",""pd_used"":1}","2","0.016667","60.000000","1","","0"
"Sergio_G01_CNS-LLF5RV3D8","cpeeg01","ses02","20260512_122225","2026-05-12 12:23:14.453031","NaN","5","digit","DIGIT3_OFF","148","2026-05-12 12:29:14.615425","360.120675","0.000000","","6","","","","keyboard","digit#3 off","{""value"":6,""note"":""digit#3 off"",""pd_used"":0}","2","0.016667","60.000000","1","",""
"Sergio_G01_CNS-LLF5RV3D8","cpeeg01","ses02","20260512_122225","2026-05-12 12:23:14.453031","NaN","5","digit","POSTDIG_FIX3_ON","153","2026-05-12 12:29:14.616201","360.120675","1.763211","","","","","","keyboard","after digit#3","{""note"":""after digit#3""}","2","0.016667","60.000000","1","",""
"Sergio_G01_CNS-LLF5RV3D8","cpeeg01","ses02","20260512_122225","2026-05-12 12:23:14.453031","NaN","5","digit","POSTDIG_FIX3_OFF","158","2026-05-12 12:29:16.378763","361.883886","0.043944","","","","","","keyboard","after digit#3","{""note"":""after digit#3"",""pd_used"":0}","2","0.016667","60.000000","1","",""
"Sergio_G01_CNS-LLF5RV3D8","cpeeg01","ses02","20260512_122225","2026-05-12 12:23:14.453031","NaN","5","digit","DIGIT4_ON","144","2026-05-12 12:29:16.429923","361.927830","0.551337","","3","","","","keyboard","digit#4 shown","{""value"":3,""note"":""digit#4 shown"",""pd_used"":1}","2","0.016667","60.000000","1","","0"
"Sergio_G01_CNS-LLF5RV3D8","cpeeg01","ses02","20260512_122225","2026-05-12 12:23:14.453031","NaN","5","digit","DIGIT4_OFF","149","2026-05-12 12:29:16.973989","362.479167","0.000000","","3","","","","keyboard","digit#4 off","{""value"":3,""note"":""digit#4 off"",""pd_used"":0}","2","0.016667","60.000000","1","",""
"Sergio_G01_CNS-LLF5RV3D8","cpeeg01","ses02","20260512_122225","2026-05-12 12:23:14.453031","NaN","5","digit","POSTDIG_FIX4_ON","154","2026-05-12 12:29:16.974748","362.479167","1.578068","","","","","","keyboard","after digit#4","{""note"":""after digit#4""}","2","0.016667","60.000000","1","",""
"Sergio_G01_CNS-LLF5RV3D8","cpeeg01","ses02","20260512_122225","2026-05-12 12:23:14.453031","NaN","5","digit","POSTDIG_FIX4_OFF","159","2026-05-12 12:29:18.552173","364.057234","0.044463","","","","","","keyboard","after digit#4","{""note"":""after digit#4"",""pd_used"":0}","2","0.016667","60.000000","1","",""
"Sergio_G01_CNS-LLF5RV3D8","cpeeg01","ses02","20260512_122225","2026-05-12 12:23:14.453031","NaN","5","digit","DIGIT5_ON","145","2026-05-12 12:29:18.603240","364.101698","0.550940","","3","","","","keyboard","digit#5 shown","{""value"":3,""note"":""digit#5 shown"",""pd_used"":1}","2","0.016667","60.000000","1","","1"
"Sergio_G01_CNS-LLF5RV3D8","cpeeg01","ses02","20260512_122225","2026-05-12 12:23:14.453031","NaN","5","digit","DIGIT5_OFF","150","2026-05-12 12:29:19.147737","364.652637","0.000000","","3","","","","keyboard","digit#5 off","{""value"":3,""note"":""digit#5 off"",""pd_used"":0}","2","0.016667","60.000000","1","",""
"Sergio_G01_CNS-LLF5RV3D8","cpeeg01","ses02","20260512_122225","2026-05-12 12:23:14.453031","NaN","5","digit","POSTDIG_FIX5_ON","155","2026-05-12 12:29:19.148497","364.652637","3.242989","","","","","","keyboard","after digit#5","{""note"":""after digit#5""}","2","0.016667","60.000000","1","",""
"Sergio_G01_CNS-LLF5RV3D8","cpeeg01","ses02","20260512_122225","2026-05-12 12:23:14.453031","NaN","5","digit","POSTDIG_FIX5_OFF","160","2026-05-12 12:29:22.390726","367.895627","0.044342","","","","","","keyboard","after digit#5","{""note"":""after digit#5"",""pd_used"":0}","2","0.016667","60.000000","1","",""
"Sergio_G01_CNS-LLF5RV3D8","cpeeg01","ses02","20260512_122225","2026-05-12 12:23:14.453031","NaN","5","distractor","DISTRACTOR_ON","50","2026-05-12 12:29:22.441835","367.939969","6.253710","","0+1=3","","","","keyboard","","{""value"":""0+1=3"",""isCorrectTruth"":false,""trueSum"":1,""pd_used"":1}","2","0.016667","60.000000","1","",""
"Sergio_G01_CNS-LLF5RV3D8","cpeeg01","ses02","20260512_122225","2026-05-12 12:23:14.453031","NaN","5","distractor","DISTRACTOR_ANS","51","2026-05-12 12:29:29.047802","374.193679","0.000000","6.253710","0+1=3","F","1","","keyboard","key= (False)","{""value"":""0+1=3"",""entered"":""F"",""rt"":6.2537102000205778,""correct"":1,""note"":""key= (False)"",""truth"":false,""trueSum"":1,""shownSum"":3,""a"":0,""b"":1}","2","0.016667","60.000000","1","4.2768",""
"Sergio_G01_CNS-LLF5RV3D8","cpeeg01","ses02","20260512_122225","2026-05-12 12:23:14.453031","NaN","5","distractor","ANS_CORRECT","100","2026-05-12 12:29:29.090127","374.193679","0.445580","","","","","","keyboard","","{}","2","0.016667","60.000000","1","",""
"Sergio_G01_CNS-LLF5RV3D8","cpeeg01","ses02","20260512_122225","2026-05-12 12:23:14.453031","NaN","5","distractor","DISTRACTOR_OFF","52","2026-05-12 12:29:29.141490","374.639259","0.000000","","","","","","keyboard","","{""pd_used"":0}","2","0.016667","60.000000","1","",""
"Sergio_G01_CNS-LLF5RV3D8","cpeeg01","ses02","20260512_122225","2026-05-12 12:23:14.453031","NaN","5","distractor","FIX2_ON","60","2026-05-12 12:29:29.142166","374.639259","3.220074","","","","","","keyboard","immediate after response","{""note"":""immediate after response""}","2","0.016667","60.000000","1","",""
"Sergio_G01_CNS-LLF5RV3D8","cpeeg01","ses02","20260512_122225","2026-05-12 12:23:14.453031","NaN","5","fix2","FIX2_OFF","61","2026-05-12 12:29:32.354020","377.859334","0.043901","","","","","","keyboard","","{""pd_used"":0}","2","0.016667","60.000000","1","",""
"Sergio_G01_CNS-LLF5RV3D8","cpeeg01","ses02","20260512_122225","2026-05-12 12:23:14.453031","NaN","5","probe","DIGIT_RECALL_LINE_1","161","2026-05-12 12:29:32.405153","377.903235","3.074453","","1","","","","keyboard","first recall question","{""value"":1,""note"":""first recall question"",""pd_used"":1}","2","0.016667","60.000000","1","",""
"Sergio_G01_CNS-LLF5RV3D8","cpeeg01","ses02","20260512_122225","2026-05-12 12:23:14.453031","NaN","5","probe","PROBE_DIGIT_OK_1","71","2026-05-12 12:29:36.045817","380.977688","0.729627","3.075797","slot#1","0","1","","keyboard","probe_digit#1","{""value"":""slot#1"",""entered"":0,""rt"":3.0757971999992151,""note"":""probe_digit#1""}","2","0.016667","60.000000","1","2.1159",""
"Sergio_G01_CNS-LLF5RV3D8","cpeeg01","ses02","20260512_122225","2026-05-12 12:23:14.453031","NaN","5","probe","DIGIT1_OFF","146","2026-05-12 12:29:36.202350","381.707315","0.000000","","3","","","","keyboard","digit#1 off","{""value"":3,""note"":""digit#1 off"",""pd_used"":0}","2","0.016667","60.000000","1","",""
"Sergio_G01_CNS-LLF5RV3D8","cpeeg01","ses02","20260512_122225","2026-05-12 12:23:14.453031","NaN","5","probe","POSTDIG_FIX1_ON","151","2026-05-12 12:29:36.203105","381.707315","1.680681","","","","","","keyboard","after digit#1","{""note"":""after digit#1""}","2","0.016667","60.000000","1","",""
"Sergio_G01_CNS-LLF5RV3D8","cpeeg01","ses02","20260512_122225","2026-05-12 12:23:14.453031","NaN","5","probe","POSTDIG_FIX1_OFF","156","2026-05-12 12:29:37.882858","383.387996","0.046020","","","","","","keyboard","after digit#1","{""note"":""after digit#1"",""pd_used"":0}","2","0.016667","60.000000","1","",""
"Sergio_G01_CNS-LLF5RV3D8","cpeeg01","ses02","20260512_122225","2026-05-12 12:23:14.453031","NaN","5","probe","DIGIT_RECALL_LINE_2","162","2026-05-12 12:29:37.934407","383.434016","1.170480","","2","","","","keyboard","next recall question","{""value"":2,""note"":""next recall question"",""pd_used"":1}","2","0.016667","60.000000","1","",""
"Sergio_G01_CNS-LLF5RV3D8","cpeeg01","ses02","20260512_122225","2026-05-12 12:23:14.453031","NaN","5","probe","PROBE_DIGIT_OK_2","71","2026-05-12 12:29:39.386843","384.604496","0.428305","6.702606","slot#2","3","1","","keyboard","probe_digit#2","{""value"":""slot#2"",""entered"":3,""rt"":6.7026059000054374,""note"":""probe_digit#2""}","2","0.016667","60.000000","1","0.67481",""
"Sergio_G01_CNS-LLF5RV3D8","cpeeg01","ses02","20260512_122225","2026-05-12 12:23:14.453031","NaN","5","probe","DIGIT2_OFF","147","2026-05-12 12:29:39.527361","385.032801","0.000000","","3","","","","keyboard","digit#2 off","{""value"":3,""note"":""digit#2 off"",""pd_used"":0}","2","0.016667","60.000000","1","",""
"Sergio_G01_CNS-LLF5RV3D8","cpeeg01","ses02","20260512_122225","2026-05-12 12:23:14.453031","NaN","5","probe","POSTDIG_FIX2_ON","152","2026-05-12 12:29:39.528189","385.032801","2.021341","","","","","","keyboard","after digit#2","{""note"":""after digit#2""}","2","0.016667","60.000000","1","",""
"Sergio_G01_CNS-LLF5RV3D8","cpeeg01","ses02","20260512_122225","2026-05-12 12:23:14.453031","NaN","5","probe","POSTDIG_FIX2_OFF","157","2026-05-12 12:29:41.548909","387.054142","0.046101","","","","","","keyboard","after digit#2","{""note"":""after digit#2"",""pd_used"":0}","2","0.016667","60.000000","1","",""
"Sergio_G01_CNS-LLF5RV3D8","cpeeg01","ses02","20260512_122225","2026-05-12 12:23:14.453031","NaN","5","probe","DIGIT_RECALL_LINE_3","163","2026-05-12 12:29:41.600166","387.100243","1.042635","","3","","","","keyboard","next recall question","{""value"":3,""note"":""next recall question"",""pd_used"":1}","2","0.016667","60.000000","1","",""
"Sergio_G01_CNS-LLF5RV3D8","cpeeg01","ses02","20260512_122225","2026-05-12 12:23:14.453031","NaN","5","probe","PROBE_DIGIT_OK_3","71","2026-05-12 12:29:43.152115","388.142878","0.664612","10.240988","slot#3","0","0","","keyboard","probe_digit#3","{""value"":""slot#3"",""entered"":0,""rt"":10.240988000005018,""note"":""probe_digit#3""}","2","0.016667","60.000000","1","0.70075",""
"Sergio_G01_CNS-LLF5RV3D8","cpeeg01","ses02","20260512_122225","2026-05-12 12:23:14.453031","NaN","5","probe","DIGIT3_OFF","148","2026-05-12 12:29:43.302241","388.807491","0.000000","","3","","","","keyboard","digit#3 off","{""value"":3,""note"":""digit#3 off"",""pd_used"":0}","2","0.016667","60.000000","1","",""
"Sergio_G01_CNS-LLF5RV3D8","cpeeg01","ses02","20260512_122225","2026-05-12 12:23:14.453031","NaN","5","probe","POSTDIG_FIX3_ON","153","2026-05-12 12:29:43.302980","388.807491","1.583091","","","","","","keyboard","after digit#3","{""note"":""after digit#3""}","2","0.016667","60.000000","1","",""
"Sergio_G01_CNS-LLF5RV3D8","cpeeg01","ses02","20260512_122225","2026-05-12 12:23:14.453031","NaN","5","probe","POSTDIG_FIX3_OFF","158","2026-05-12 12:29:44.885256","390.390582","0.045953","","","","","","keyboard","after digit#3","{""note"":""after digit#3"",""pd_used"":0}","2","0.016667","60.000000","1","",""
"Sergio_G01_CNS-LLF5RV3D8","cpeeg01","ses02","20260512_122225","2026-05-12 12:23:14.453031","NaN","5","probe","DIGIT_RECALL_LINE_4","164","2026-05-12 12:29:44.936618","390.436535","0.884411","","4","","","","keyboard","next recall question","{""value"":4,""note"":""next recall question"",""pd_used"":1}","2","0.016667","60.000000","1","",""
"Sergio_G01_CNS-LLF5RV3D8","cpeeg01","ses02","20260512_122225","2026-05-12 12:23:14.453031","NaN","5","probe","PROBE_DIGIT_OK_4","71","2026-05-12 12:29:46.241468","391.320946","0.569298","13.419056","slot#4","6","0","","keyboard","probe_digit#4","{""value"":""slot#4"",""entered"":6,""rt"":13.41905559998122,""note"":""probe_digit#4""}","2","0.016667","60.000000","1","0.8105",""
"Sergio_G01_CNS-LLF5RV3D8","cpeeg01","ses02","20260512_122225","2026-05-12 12:23:14.453031","NaN","5","probe","DIGIT4_OFF","149","2026-05-12 12:29:46.385342","391.890244","0.000000","","3","","","","keyboard","digit#4 off","{""value"":3,""note"":""digit#4 off"",""pd_used"":0}","2","0.016667","60.000000","1","",""
"Sergio_G01_CNS-LLF5RV3D8","cpeeg01","ses02","20260512_122225","2026-05-12 12:23:14.453031","NaN","5","probe","POSTDIG_FIX4_ON","154","2026-05-12 12:29:46.386104","391.890244","1.778489","","","","","","keyboard","after digit#4","{""note"":""after digit#4""}","2","0.016667","60.000000","1","",""
"Sergio_G01_CNS-LLF5RV3D8","cpeeg01","ses02","20260512_122225","2026-05-12 12:23:14.453031","NaN","5","probe","POSTDIG_FIX4_OFF","159","2026-05-12 12:29:48.163314","393.668733","0.045714","","","","","","keyboard","after digit#4","{""note"":""after digit#4"",""pd_used"":0}","2","0.016667","60.000000","1","",""
"Sergio_G01_CNS-LLF5RV3D8","cpeeg01","ses02","20260512_122225","2026-05-12 12:23:14.453031","NaN","5","probe","DIGIT_RECALL_LINE_5","165","2026-05-12 12:29:48.214711","393.714447","0.967419","","5","","","","keyboard","next recall question","{""value"":5,""note"":""next recall question"",""pd_used"":1}","2","0.016667","60.000000","1","",""
"Sergio_G01_CNS-LLF5RV3D8","cpeeg01","ses02","20260512_122225","2026-05-12 12:23:14.453031","NaN","5","probe","PROBE_DIGIT_OK_5","71","2026-05-12 12:29:49.617354","394.681866","0.584830","16.779976","slot#5","3","1","","keyboard","probe_digit#5","{""value"":""slot#5"",""entered"":3,""rt"":16.779975999990711,""note"":""probe_digit#5""}","2","0.016667","60.000000","1","0.6625",""
"Sergio_G01_CNS-LLF5RV3D8","cpeeg01","ses02","20260512_122225","2026-05-12 12:23:14.453031","NaN","5","probe","DIGIT5_OFF","150","2026-05-12 12:29:49.761388","395.266696","0.000000","","3","","","","keyboard","digit#5 off","{""value"":3,""note"":""digit#5 off"",""pd_used"":0}","2","0.016667","60.000000","1","",""
"Sergio_G01_CNS-LLF5RV3D8","cpeeg01","ses02","20260512_122225","2026-05-12 12:23:14.453031","NaN","5","probe","POSTDIG_FIX5_ON","155","2026-05-12 12:29:49.762148","395.266696","3.496651","","","","","","keyboard","after digit#5","{""note"":""after digit#5""}","2","0.016667","60.000000","1","",""
"Sergio_G01_CNS-LLF5RV3D8","cpeeg01","ses02","20260512_122225","2026-05-12 12:23:14.453031","NaN","5","probe","POSTDIG_FIX5_OFF","160","2026-05-12 12:29:53.258260","398.763347","0.044252","","","","","","keyboard","after digit#5","{""note"":""after digit#5"",""pd_used"":0}","2","0.016667","60.000000","1","",""
"Sergio_G01_CNS-LLF5RV3D8","cpeeg01","ses02","20260512_122225","2026-05-12 12:23:14.453031","NaN","5","probe","PROBE_DONE","73","2026-05-12 12:29:53.260567","398.807599","0.000690","","","","","","keyboard","probe complete","{""value"":"""",""note"":""probe complete""}","2","0.016667","60.000000","1","",""
"Sergio_G01_CNS-LLF5RV3D8","cpeeg01","ses02","20260512_122225","2026-05-12 12:23:14.453031","NaN","5","probe","TRIAL_END","21","2026-05-12 12:29:53.261138","398.808289","0.113451","","","","","","keyboard","","{}","2","0.016667","60.000000","1","",""
"Sergio_G01_CNS-LLF5RV3D8","cpeeg01","ses02","20260512_122225","2026-05-12 12:23:14.453031","NaN","6","probe","TRIAL_CHANGE","22","2026-05-12 12:29:53.374858","398.921741","0.000962","","","","","","keyboard","trial transition","{""note"":""trial transition""}","2","0.016667","60.000000","1","",""
"Sergio_G01_CNS-LLF5RV3D8","cpeeg01","ses02","20260512_122225","2026-05-12 12:23:14.453031","NaN","6","probe","TRIAL_START","20","2026-05-12 12:29:53.375576","398.922703","0.043328","","","","","","keyboard","","{}","2","0.016667","60.000000","1","",""
"Sergio_G01_CNS-LLF5RV3D8","cpeeg01","ses02","20260512_122225","2026-05-12 12:23:14.453031","NaN","6","fix1","FIX1_ON","30","2026-05-12 12:29:53.468987","398.966030","3.228624","","","","","","keyboard","","{""pd_used"":0}","2","0.016667","60.000000","1","",""
"Sergio_G01_CNS-LLF5RV3D8","cpeeg01","ses02","20260512_122225","2026-05-12 12:23:14.453031","NaN","6","fix1","FIX1_OFF","31","2026-05-12 12:29:56.689719","402.194654","0.044285","","","","","","keyboard","","{""pd_used"":0}","2","0.016667","60.000000","1","",""
"Sergio_G01_CNS-LLF5RV3D8","cpeeg01","ses02","20260512_122225","2026-05-12 12:23:14.453031","NaN","6","digit","DIGIT1_ON","141","2026-05-12 12:29:56.741167","402.238939","0.551529","","2","","","","keyboard","digit#1 shown","{""value"":2,""note"":""digit#1 shown"",""pd_used"":1}","2","0.016667","60.000000","1","","1"
"Sergio_G01_CNS-LLF5RV3D8","cpeeg01","ses02","20260512_122225","2026-05-12 12:23:14.453031","NaN","6","digit","DIGIT1_OFF","146","2026-05-12 12:29:57.285258","402.790468","0.000000","","2","","","","keyboard","digit#1 off","{""value"":2,""note"":""digit#1 off"",""pd_used"":0}","2","0.016667","60.000000","1","",""
"Sergio_G01_CNS-LLF5RV3D8","cpeeg01","ses02","20260512_122225","2026-05-12 12:23:14.453031","NaN","6","digit","POSTDIG_FIX1_ON","151","2026-05-12 12:29:57.286010","402.790468","1.715118","","","","","","keyboard","after digit#1","{""note"":""after digit#1""}","2","0.016667","60.000000","1","",""
"Sergio_G01_CNS-LLF5RV3D8","cpeeg01","ses02","20260512_122225","2026-05-12 12:23:14.453031","NaN","6","digit","POSTDIG_FIX1_OFF","156","2026-05-12 12:29:59.000267","404.505586","0.044113","","","","","","keyboard","after digit#1","{""note"":""after digit#1"",""pd_used"":0}","2","0.016667","60.000000","1","",""
"Sergio_G01_CNS-LLF5RV3D8","cpeeg01","ses02","20260512_122225","2026-05-12 12:23:14.453031","NaN","6","digit","DIGIT2_ON","142","2026-05-12 12:29:59.051788","404.549699","0.551282","","0","","","","keyboard","digit#2 shown","{""value"":0,""note"":""digit#2 shown"",""pd_used"":1}","2","0.016667","60.000000","1","","1"
"Sergio_G01_CNS-LLF5RV3D8","cpeeg01","ses02","20260512_122225","2026-05-12 12:23:14.453031","NaN","6","digit","DIGIT2_OFF","147","2026-05-12 12:29:59.595737","405.100980","0.000000","","0","","","","keyboard","digit#2 off","{""value"":0,""note"":""digit#2 off"",""pd_used"":0}","2","0.016667","60.000000","1","",""
"Sergio_G01_CNS-LLF5RV3D8","cpeeg01","ses02","20260512_122225","2026-05-12 12:23:14.453031","NaN","6","digit","POSTDIG_FIX2_ON","152","2026-05-12 12:29:59.596506","405.100980","1.977298","","","","","","keyboard","after digit#2","{""note"":""after digit#2""}","2","0.016667","60.000000","1","",""
"Sergio_G01_CNS-LLF5RV3D8","cpeeg01","ses02","20260512_122225","2026-05-12 12:23:14.453031","NaN","6","digit","POSTDIG_FIX2_OFF","157","2026-05-12 12:30:01.572924","407.078278","0.043681","","","","","","keyboard","after digit#2","{""note"":""after digit#2"",""pd_used"":0}","2","0.016667","60.000000","1","",""
"Sergio_G01_CNS-LLF5RV3D8","cpeeg01","ses02","20260512_122225","2026-05-12 12:23:14.453031","NaN","6","digit","DIGIT3_ON","143","2026-05-12 12:30:01.624167","407.121960","0.551399","","2","","","","keyboard","digit#3 shown","{""value"":2,""note"":""digit#3 shown"",""pd_used"":1}","2","0.016667","60.000000","1","","1"
"Sergio_G01_CNS-LLF5RV3D8","cpeeg01","ses02","20260512_122225","2026-05-12 12:23:14.453031","NaN","6","digit","DIGIT3_OFF","148","2026-05-12 12:30:02.168109","407.673358","0.000000","","2","","","","keyboard","digit#3 off","{""value"":2,""note"":""digit#3 off"",""pd_used"":0}","2","0.016667","60.000000","1","",""
"Sergio_G01_CNS-LLF5RV3D8","cpeeg01","ses02","20260512_122225","2026-05-12 12:23:14.453031","NaN","6","digit","POSTDIG_FIX3_ON","153","2026-05-12 12:30:02.168864","407.673358","1.579573","","","","","","keyboard","after digit#3","{""note"":""after digit#3""}","2","0.016667","60.000000","1","",""
"Sergio_G01_CNS-LLF5RV3D8","cpeeg01","ses02","20260512_122225","2026-05-12 12:23:14.453031","NaN","6","digit","POSTDIG_FIX3_OFF","158","2026-05-12 12:30:03.747673","409.252931","0.043857","","","","","","keyboard","after digit#3","{""note"":""after digit#3"",""pd_used"":0}","2","0.016667","60.000000","1","",""
"Sergio_G01_CNS-LLF5RV3D8","cpeeg01","ses02","20260512_122225","2026-05-12 12:23:14.453031","NaN","6","digit","DIGIT4_ON","144","2026-05-12 12:30:03.798854","409.296788","0.551301","","0","","","","keyboard","digit#4 shown","{""value"":0,""note"":""digit#4 shown"",""pd_used"":1}","2","0.016667","60.000000","1","","1"
"Sergio_G01_CNS-LLF5RV3D8","cpeeg01","ses02","20260512_122225","2026-05-12 12:23:14.453031","NaN","6","digit","DIGIT4_OFF","149","2026-05-12 12:30:04.342883","409.848089","0.000000","","0","","","","keyboard","digit#4 off","{""value"":0,""note"":""digit#4 off"",""pd_used"":0}","2","0.016667","60.000000","1","",""
"Sergio_G01_CNS-LLF5RV3D8","cpeeg01","ses02","20260512_122225","2026-05-12 12:23:14.453031","NaN","6","digit","POSTDIG_FIX4_ON","154","2026-05-12 12:30:04.343638","409.848089","2.026788","","","","","","keyboard","after digit#4","{""note"":""after digit#4""}","2","0.016667","60.000000","1","",""
"Sergio_G01_CNS-LLF5RV3D8","cpeeg01","ses02","20260512_122225","2026-05-12 12:23:14.453031","NaN","6","digit","POSTDIG_FIX4_OFF","159","2026-05-12 12:30:06.369600","411.874877","0.044005","","","","","","keyboard","after digit#4","{""note"":""after digit#4"",""pd_used"":0}","2","0.016667","60.000000","1","",""
"Sergio_G01_CNS-LLF5RV3D8","cpeeg01","ses02","20260512_122225","2026-05-12 12:23:14.453031","NaN","6","digit","DIGIT5_ON","145","2026-05-12 12:30:06.420674","411.918882","0.550930","","0","","","","keyboard","digit#5 shown","{""value"":0,""note"":""digit#5 shown"",""pd_used"":1}","2","0.016667","60.000000","1","","0"
"Sergio_G01_CNS-LLF5RV3D8","cpeeg01","ses02","20260512_122225","2026-05-12 12:23:14.453031","NaN","6","digit","DIGIT5_OFF","150","2026-05-12 12:30:06.964767","412.469812","0.000000","","0","","","","keyboard","digit#5 off","{""value"":0,""note"":""digit#5 off"",""pd_used"":0}","2","0.016667","60.000000","1","",""
"Sergio_G01_CNS-LLF5RV3D8","cpeeg01","ses02","20260512_122225","2026-05-12 12:23:14.453031","NaN","6","digit","POSTDIG_FIX5_ON","155","2026-05-12 12:30:06.965516","412.469812","3.338946","","","","","","keyboard","after digit#5","{""note"":""after digit#5""}","2","0.016667","60.000000","1","",""
"Sergio_G01_CNS-LLF5RV3D8","cpeeg01","ses02","20260512_122225","2026-05-12 12:23:14.453031","NaN","6","digit","POSTDIG_FIX5_OFF","160","2026-05-12 12:30:10.303795","415.808758","0.044218","","","","","","keyboard","after digit#5","{""note"":""after digit#5"",""pd_used"":0}","2","0.016667","60.000000","1","",""
"Sergio_G01_CNS-LLF5RV3D8","cpeeg01","ses02","20260512_122225","2026-05-12 12:23:14.453031","NaN","6","distractor","DISTRACTOR_ON","50","2026-05-12 12:30:10.355016","415.852976","4.616717","","6+3=12","","","","keyboard","","{""value"":""6+3=12"",""isCorrectTruth"":false,""trueSum"":9,""pd_used"":1}","2","0.016667","60.000000","1","",""
"Sergio_G01_CNS-LLF5RV3D8","cpeeg01","ses02","20260512_122225","2026-05-12 12:23:14.453031","NaN","6","distractor","DISTRACTOR_ANS","51","2026-05-12 12:30:15.321204","420.469693","0.000000","4.616717","6+3=12","F","1","","keyboard","key= (False)","{""value"":""6+3=12"",""entered"":""F"",""rt"":4.6167169000254944,""correct"":1,""note"":""key= (False)"",""truth"":false,""trueSum"":9,""shownSum"":12,""a"":6,""b"":3}","2","0.016667","60.000000","1","4.4349",""
"Sergio_G01_CNS-LLF5RV3D8","cpeeg01","ses02","20260512_122225","2026-05-12 12:23:14.453031","NaN","6","distractor","ANS_CORRECT","100","2026-05-12 12:30:15.363501","420.469693","0.442675","","","","","","keyboard","","{}","2","0.016667","60.000000","1","",""
"Sergio_G01_CNS-LLF5RV3D8","cpeeg01","ses02","20260512_122225","2026-05-12 12:23:14.453031","NaN","6","distractor","DISTRACTOR_OFF","52","2026-05-12 12:30:15.414828","420.912368","0.000000","","","","","","keyboard","","{""pd_used"":0}","2","0.016667","60.000000","1","",""
"Sergio_G01_CNS-LLF5RV3D8","cpeeg01","ses02","20260512_122225","2026-05-12 12:23:14.453031","NaN","6","distractor","FIX2_ON","60","2026-05-12 12:30:15.415530","420.912368","3.448292","","","","","","keyboard","immediate after response","{""note"":""immediate after response""}","2","0.016667","60.000000","1","",""
"Sergio_G01_CNS-LLF5RV3D8","cpeeg01","ses02","20260512_122225","2026-05-12 12:23:14.453031","NaN","6","fix2","FIX2_OFF","61","2026-05-12 12:30:18.855348","424.360660","0.043876","","","","","","keyboard","","{""pd_used"":0}","2","0.016667","60.000000","1","",""
"Sergio_G01_CNS-LLF5RV3D8","cpeeg01","ses02","20260512_122225","2026-05-12 12:23:14.453031","NaN","6","probe","DIGIT_RECALL_LINE_1","161","2026-05-12 12:30:18.906567","424.404536","2.264805","","1","","","","keyboard","first recall question","{""value"":1,""note"":""first recall question"",""pd_used"":1}","2","0.016667","60.000000","1","",""
"Sergio_G01_CNS-LLF5RV3D8","cpeeg01","ses02","20260512_122225","2026-05-12 12:23:14.453031","NaN","6","probe","PROBE_DIGIT_OK_1","71","2026-05-12 12:30:21.614800","426.669341","0.598936","2.266123","slot#1","2","1","","keyboard","probe_digit#1","{""value"":""slot#1"",""entered"":2,""rt"":2.2661230000085197,""note"":""probe_digit#1""}","2","0.016667","60.000000","1","2.1491",""
"Sergio_G01_CNS-LLF5RV3D8","cpeeg01","ses02","20260512_122225","2026-05-12 12:23:14.453031","NaN","6","probe","DIGIT1_OFF","146","2026-05-12 12:30:21.763010","427.268277","0.000000","","0","","","","keyboard","digit#1 off","{""value"":0,""note"":""digit#1 off"",""pd_used"":0}","2","0.016667","60.000000","1","",""
"Sergio_G01_CNS-LLF5RV3D8","cpeeg01","ses02","20260512_122225","2026-05-12 12:23:14.453031","NaN","6","probe","POSTDIG_FIX1_ON","151","2026-05-12 12:30:21.763751","427.268277","1.815684","","","","","","keyboard","after digit#1","{""note"":""after digit#1""}","2","0.016667","60.000000","1","",""
"Sergio_G01_CNS-LLF5RV3D8","cpeeg01","ses02","20260512_122225","2026-05-12 12:23:14.453031","NaN","6","probe","POSTDIG_FIX1_OFF","156","2026-05-12 12:30:23.578648","429.083961","0.046473","","","","","","keyboard","after digit#1","{""note"":""after digit#1"",""pd_used"":0}","2","0.016667","60.000000","1","",""
"Sergio_G01_CNS-LLF5RV3D8","cpeeg01","ses02","20260512_122225","2026-05-12 12:23:14.453031","NaN","6","probe","DIGIT_RECALL_LINE_2","162","2026-05-12 12:30:23.629990","429.130435","1.213447","","2","","","","keyboard","next recall question","{""value"":2,""note"":""next recall question"",""pd_used"":1}","2","0.016667","60.000000","1","",""
"Sergio_G01_CNS-LLF5RV3D8","cpeeg01","ses02","20260512_122225","2026-05-12 12:23:14.453031","NaN","6","probe","PROBE_DIGIT_OK_2","71","2026-05-12 12:30:25.467012","430.343882","0.773893","5.940664","slot#2","0","1","","keyboard","probe_digit#2","{""value"":""slot#2"",""entered"":0,""rt"":5.940663500019582,""note"":""probe_digit#2""}","2","0.016667","60.000000","1","1.1491",""
"Sergio_G01_CNS-LLF5RV3D8","cpeeg01","ses02","20260512_122225","2026-05-12 12:23:14.453031","NaN","6","probe","DIGIT2_OFF","147","2026-05-12 12:30:25.612541","431.117774","0.000000","","0","","","","keyboard","digit#2 off","{""value"":0,""note"":""digit#2 off"",""pd_used"":0}","2","0.016667","60.000000","1","",""
"Sergio_G01_CNS-LLF5RV3D8","cpeeg01","ses02","20260512_122225","2026-05-12 12:23:14.453031","NaN","6","probe","POSTDIG_FIX2_ON","152","2026-05-12 12:30:25.613310","431.117774","2.024343","","","","","","keyboard","after digit#2","{""note"":""after digit#2""}","2","0.016667","60.000000","1","",""
"Sergio_G01_CNS-LLF5RV3D8","cpeeg01","ses02","20260512_122225","2026-05-12 12:23:14.453031","NaN","6","probe","POSTDIG_FIX2_OFF","157","2026-05-12 12:30:27.636902","433.142117","0.046093","","","","","","keyboard","after digit#2","{""note"":""after digit#2"",""pd_used"":0}","2","0.016667","60.000000","1","",""
"Sergio_G01_CNS-LLF5RV3D8","cpeeg01","ses02","20260512_122225","2026-05-12 12:23:14.453031","NaN","6","probe","DIGIT_RECALL_LINE_3","163","2026-05-12 12:30:27.688101","433.188209","1.329770","","3","","","","keyboard","next recall question","{""value"":3,""note"":""next recall question"",""pd_used"":1}","2","0.016667","60.000000","1","",""
"Sergio_G01_CNS-LLF5RV3D8","cpeeg01","ses02","20260512_122225","2026-05-12 12:23:14.453031","NaN","6","probe","PROBE_DIGIT_OK_3","71","2026-05-12 12:30:29.327861","434.517980","0.476190","10.114762","slot#3","2","1","","keyboard","probe_digit#3","{""value"":""slot#3"",""entered"":2,""rt"":10.114761600008933,""note"":""probe_digit#3""}","2","0.016667","60.000000","1","1.2181",""
"Sergio_G01_CNS-LLF5RV3D8","cpeeg01","ses02","20260512_122225","2026-05-12 12:23:14.453031","NaN","6","probe","DIGIT3_OFF","148","2026-05-12 12:30:29.488736","434.994169","0.000000","","0","","","","keyboard","digit#3 off","{""value"":0,""note"":""digit#3 off"",""pd_used"":0}","2","0.016667","60.000000","1","",""
"Sergio_G01_CNS-LLF5RV3D8","cpeeg01","ses02","20260512_122225","2026-05-12 12:23:14.453031","NaN","6","probe","POSTDIG_FIX3_ON","153","2026-05-12 12:30:29.489513","434.994169","1.816391","","","","","","keyboard","after digit#3","{""note"":""after digit#3""}","2","0.016667","60.000000","1","",""
"Sergio_G01_CNS-LLF5RV3D8","cpeeg01","ses02","20260512_122225","2026-05-12 12:23:14.453031","NaN","6","probe","POSTDIG_FIX3_OFF","158","2026-05-12 12:30:31.305233","436.810561","0.045875","","","","","","keyboard","after digit#3","{""note"":""after digit#3"",""pd_used"":0}","2","0.016667","60.000000","1","",""
"Sergio_G01_CNS-LLF5RV3D8","cpeeg01","ses02","20260512_122225","2026-05-12 12:23:14.453031","NaN","6","probe","DIGIT_RECALL_LINE_4","164","2026-05-12 12:30:31.356479","436.856436","3.375609","","4","","","","keyboard","next recall question","{""value"":4,""note"":""next recall question"",""pd_used"":1}","2","0.016667","60.000000","1","",""
"Sergio_G01_CNS-LLF5RV3D8","cpeeg01","ses02","20260512_122225","2026-05-12 12:23:14.453031","NaN","6","probe","PROBE_DIGIT_OK_4","71","2026-05-12 12:30:35.197814","440.232045","0.629109","15.828827","slot#4","0","1","","keyboard","probe_digit#4","{""value"":""slot#4"",""entered"":0,""rt"":15.828826500015566,""note"":""probe_digit#4""}","2","0.016667","60.000000","1","1.0239",""
"Sergio_G01_CNS-LLF5RV3D8","cpeeg01","ses02","20260512_122225","2026-05-12 12:23:14.453031","NaN","6","probe","DIGIT4_OFF","149","2026-05-12 12:30:35.355906","440.861154","0.000000","","0","","","","keyboard","digit#4 off","{""value"":0,""note"":""digit#4 off"",""pd_used"":0}","2","0.016667","60.000000","1","",""
"Sergio_G01_CNS-LLF5RV3D8","cpeeg01","ses02","20260512_122225","2026-05-12 12:23:14.453031","NaN","6","probe","POSTDIG_FIX4_ON","154","2026-05-12 12:30:35.356666","440.861154","1.949130","","","","","","keyboard","after digit#4","{""note"":""after digit#4""}","2","0.016667","60.000000","1","",""
"Sergio_G01_CNS-LLF5RV3D8","cpeeg01","ses02","20260512_122225","2026-05-12 12:23:14.453031","NaN","6","probe","POSTDIG_FIX4_OFF","159","2026-05-12 12:30:37.304918","442.810284","0.045823","","","","","","keyboard","after digit#4","{""note"":""after digit#4"",""pd_used"":0}","2","0.016667","60.000000","1","",""
"Sergio_G01_CNS-LLF5RV3D8","cpeeg01","ses02","20260512_122225","2026-05-12 12:23:14.453031","NaN","6","probe","DIGIT_RECALL_LINE_5","165","2026-05-12 12:30:37.356307","442.856106","4.174809","","5","","","","keyboard","next recall question","{""value"":5,""note"":""next recall question"",""pd_used"":1}","2","0.016667","60.000000","1","",""
"Sergio_G01_CNS-LLF5RV3D8","cpeeg01","ses02","20260512_122225","2026-05-12 12:23:14.453031","NaN","6","probe","PROBE_DIGIT_OK_5","71","2026-05-12 12:30:42.023376","447.030915","0.648342","22.627697","slot#5","3","0","","keyboard","probe_digit#5","{""value"":""slot#5"",""entered"":3,""rt"":22.627697300020372,""note"":""probe_digit#5""}","2","0.016667","60.000000","1","2.7073",""
"Sergio_G01_CNS-LLF5RV3D8","cpeeg01","ses02","20260512_122225","2026-05-12 12:23:14.453031","NaN","6","probe","DIGIT5_OFF","150","2026-05-12 12:30:42.174299","447.679257","0.000000","","0","","","","keyboard","digit#5 off","{""value"":0,""note"":""digit#5 off"",""pd_used"":0}","2","0.016667","60.000000","1","",""
"Sergio_G01_CNS-LLF5RV3D8","cpeeg01","ses02","20260512_122225","2026-05-12 12:23:14.453031","NaN","6","probe","POSTDIG_FIX5_ON","155","2026-05-12 12:30:42.175031","447.679257","3.327327","","","","","","keyboard","after digit#5","{""note"":""after digit#5""}","2","0.016667","60.000000","1","",""
"Sergio_G01_CNS-LLF5RV3D8","cpeeg01","ses02","20260512_122225","2026-05-12 12:23:14.453031","NaN","6","probe","POSTDIG_FIX5_OFF","160","2026-05-12 12:30:45.501379","451.006585","0.043627","","","","","","keyboard","after digit#5","{""note"":""after digit#5"",""pd_used"":0}","2","0.016667","60.000000","1","",""
"Sergio_G01_CNS-LLF5RV3D8","cpeeg01","ses02","20260512_122225","2026-05-12 12:23:14.453031","NaN","6","probe","PROBE_DONE","73","2026-05-12 12:30:45.503137","451.050212","0.000609","","","","","","keyboard","probe complete","{""value"":"""",""note"":""probe complete""}","2","0.016667","60.000000","1","",""
"Sergio_G01_CNS-LLF5RV3D8","cpeeg01","ses02","20260512_122225","2026-05-12 12:23:14.453031","NaN","6","probe","TRIAL_END","21","2026-05-12 12:30:45.503659","451.050821","0.119291","","","","","","keyboard","","{}","2","0.016667","60.000000","1","",""
"Sergio_G01_CNS-LLF5RV3D8","cpeeg01","ses02","20260512_122225","2026-05-12 12:23:14.453031","NaN","7","probe","TRIAL_CHANGE","22","2026-05-12 12:30:45.623233","451.170112","0.000951","","","","","","keyboard","trial transition","{""note"":""trial transition""}","2","0.016667","60.000000","1","",""
"Sergio_G01_CNS-LLF5RV3D8","cpeeg01","ses02","20260512_122225","2026-05-12 12:23:14.453031","NaN","7","probe","TRIAL_START","20","2026-05-12 12:30:45.623929","451.171063","0.043016","","","","","","keyboard","","{}","2","0.016667","60.000000","1","",""
"Sergio_G01_CNS-LLF5RV3D8","cpeeg01","ses02","20260512_122225","2026-05-12 12:23:14.453031","NaN","7","fix1","FIX1_ON","30","2026-05-12 12:30:45.717309","451.214079","3.549221","","","","","","keyboard","","{""pd_used"":0}","2","0.016667","60.000000","1","",""
"Sergio_G01_CNS-LLF5RV3D8","cpeeg01","ses02","20260512_122225","2026-05-12 12:23:14.453031","NaN","7","fix1","FIX1_OFF","31","2026-05-12 12:30:49.258027","454.763301","0.044102","","","","","","keyboard","","{""pd_used"":0}","2","0.016667","60.000000","1","",""
"Sergio_G01_CNS-LLF5RV3D8","cpeeg01","ses02","20260512_122225","2026-05-12 12:23:14.453031","NaN","7","digit","DIGIT1_ON","141","2026-05-12 12:30:49.309354","454.807403","0.551291","","5","","","","keyboard","digit#1 shown","{""value"":5,""note"":""digit#1 shown"",""pd_used"":1}","2","0.016667","60.000000","1","","1"
"Sergio_G01_CNS-LLF5RV3D8","cpeeg01","ses02","20260512_122225","2026-05-12 12:23:14.453031","NaN","7","digit","DIGIT1_OFF","146","2026-05-12 12:30:49.853250","455.358694","0.000000","","5","","","","keyboard","digit#1 off","{""value"":5,""note"":""digit#1 off"",""pd_used"":0}","2","0.016667","60.000000","1","",""
"Sergio_G01_CNS-LLF5RV3D8","cpeeg01","ses02","20260512_122225","2026-05-12 12:23:14.453031","NaN","7","digit","POSTDIG_FIX1_ON","151","2026-05-12 12:30:49.854010","455.358694","1.714271","","","","","","keyboard","after digit#1","{""note"":""after digit#1""}","2","0.016667","60.000000","1","",""
"Sergio_G01_CNS-LLF5RV3D8","cpeeg01","ses02","20260512_122225","2026-05-12 12:23:14.453031","NaN","7","digit","POSTDIG_FIX1_OFF","156","2026-05-12 12:30:51.567795","457.072965","0.044475","","","","","","keyboard","after digit#1","{""note"":""after digit#1"",""pd_used"":0}","2","0.016667","60.000000","1","",""
"Sergio_G01_CNS-LLF5RV3D8","cpeeg01","ses02","20260512_122225","2026-05-12 12:23:14.453031","NaN","7","digit","DIGIT2_ON","142","2026-05-12 12:30:51.619225","457.117440","0.551003","","8","","","","keyboard","digit#2 shown","{""value"":8,""note"":""digit#2 shown"",""pd_used"":1}","2","0.016667","60.000000","1","","1"
"Sergio_G01_CNS-LLF5RV3D8","cpeeg01","ses02","20260512_122225","2026-05-12 12:23:14.453031","NaN","7","digit","DIGIT2_OFF","147","2026-05-12 12:30:52.163226","457.668443","0.000000","","8","","","","keyboard","digit#2 off","{""value"":8,""note"":""digit#2 off"",""pd_used"":0}","2","0.016667","60.000000","1","",""
"Sergio_G01_CNS-LLF5RV3D8","cpeeg01","ses02","20260512_122225","2026-05-12 12:23:14.453031","NaN","7","digit","POSTDIG_FIX2_ON","152","2026-05-12 12:30:52.163964","457.668443","1.816681","","","","","","keyboard","after digit#2","{""note"":""after digit#2""}","2","0.016667","60.000000","1","",""
"Sergio_G01_CNS-LLF5RV3D8","cpeeg01","ses02","20260512_122225","2026-05-12 12:23:14.453031","NaN","7","digit","POSTDIG_FIX2_OFF","157","2026-05-12 12:30:53.980314","459.485125","0.044939","","","","","","keyboard","after digit#2","{""note"":""after digit#2"",""pd_used"":0}","2","0.016667","60.000000","1","",""
"Sergio_G01_CNS-LLF5RV3D8","cpeeg01","ses02","20260512_122225","2026-05-12 12:23:14.453031","NaN","7","digit","DIGIT3_ON","143","2026-05-12 12:30:54.031596","459.530063","0.550798","","1","","","","keyboard","digit#3 shown","{""value"":1,""note"":""digit#3 shown"",""pd_used"":1}","2","0.016667","60.000000","1","","0"
"Sergio_G01_CNS-LLF5RV3D8","cpeeg01","ses02","20260512_122225","2026-05-12 12:23:14.453031","NaN","7","digit","DIGIT3_OFF","148","2026-05-12 12:30:54.575715","460.080861","0.000000","","1","","","","keyboard","digit#3 off","{""value"":1,""note"":""digit#3 off"",""pd_used"":0}","2","0.016667","60.000000","1","",""
"Sergio_G01_CNS-LLF5RV3D8","cpeeg01","ses02","20260512_122225","2026-05-12 12:23:14.453031","NaN","7","digit","POSTDIG_FIX3_ON","153","2026-05-12 12:30:54.576491","460.080861","1.904974","","","","","","keyboard","after digit#3","{""note"":""after digit#3""}","2","0.016667","60.000000","1","",""
"Sergio_G01_CNS-LLF5RV3D8","cpeeg01","ses02","20260512_122225","2026-05-12 12:23:14.453031","NaN","7","digit","POSTDIG_FIX3_OFF","158","2026-05-12 12:30:56.480833","461.985835","0.044125","","","","","","keyboard","after digit#3","{""note"":""after digit#3"",""pd_used"":0}","2","0.016667","60.000000","1","",""
"Sergio_G01_CNS-LLF5RV3D8","cpeeg01","ses02","20260512_122225","2026-05-12 12:23:14.453031","NaN","7","digit","DIGIT4_ON","144","2026-05-12 12:30:56.532247","462.029961","0.551466","","5","","","","keyboard","digit#4 shown","{""value"":5,""note"":""digit#4 shown"",""pd_used"":1}","2","0.016667","60.000000","1","","0"
"Sergio_G01_CNS-LLF5RV3D8","cpeeg01","ses02","20260512_122225","2026-05-12 12:23:14.453031","NaN","7","digit","DIGIT4_OFF","149","2026-05-12 12:30:57.076012","462.581427","0.000000","","5","","","","keyboard","digit#4 off","{""value"":5,""note"":""digit#4 off"",""pd_used"":0}","2","0.016667","60.000000","1","",""
"Sergio_G01_CNS-LLF5RV3D8","cpeeg01","ses02","20260512_122225","2026-05-12 12:23:14.453031","NaN","7","digit","POSTDIG_FIX4_ON","154","2026-05-12 12:30:57.076752","462.581427","1.570034","","","","","","keyboard","after digit#4","{""note"":""after digit#4""}","2","0.016667","60.000000","1","",""
"Sergio_G01_CNS-LLF5RV3D8","cpeeg01","ses02","20260512_122225","2026-05-12 12:23:14.453031","NaN","7","digit","POSTDIG_FIX4_OFF","159","2026-05-12 12:30:58.646208","464.151461","0.043894","","","","","","keyboard","after digit#4","{""note"":""after digit#4"",""pd_used"":0}","2","0.016667","60.000000","1","",""
"Sergio_G01_CNS-LLF5RV3D8","cpeeg01","ses02","20260512_122225","2026-05-12 12:23:14.453031","NaN","7","digit","DIGIT5_ON","145","2026-05-12 12:30:58.697607","464.195355","0.551591","","2","","","","keyboard","digit#5 shown","{""value"":2,""note"":""digit#5 shown"",""pd_used"":1}","2","0.016667","60.000000","1","","0"
"Sergio_G01_CNS-LLF5RV3D8","cpeeg01","ses02","20260512_122225","2026-05-12 12:23:14.453031","NaN","7","digit","DIGIT5_OFF","150","2026-05-12 12:30:59.241924","464.746946","0.000000","","2","","","","keyboard","digit#5 off","{""value"":2,""note"":""digit#5 off"",""pd_used"":0}","2","0.016667","60.000000","1","",""
"Sergio_G01_CNS-LLF5RV3D8","cpeeg01","ses02","20260512_122225","2026-05-12 12:23:14.453031","NaN","7","digit","POSTDIG_FIX5_ON","155","2026-05-12 12:30:59.242710","464.746946","3.496212","","","","","","keyboard","after digit#5","{""note"":""after digit#5""}","2","0.016667","60.000000","1","",""
"Sergio_G01_CNS-LLF5RV3D8","cpeeg01","ses02","20260512_122225","2026-05-12 12:23:14.453031","NaN","7","digit","POSTDIG_FIX5_OFF","160","2026-05-12 12:31:02.737877","468.243158","0.044445","","","","","","keyboard","after digit#5","{""note"":""after digit#5"",""pd_used"":0}","2","0.016667","60.000000","1","",""
"Sergio_G01_CNS-LLF5RV3D8","cpeeg01","ses02","20260512_122225","2026-05-12 12:23:14.453031","NaN","7","distractor","DISTRACTOR_ON","50","2026-05-12 12:31:02.789002","468.287602","4.489190","","3+4=7","","","","keyboard","","{""value"":""3+4=7"",""isCorrectTruth"":true,""trueSum"":7,""pd_used"":1}","2","0.016667","60.000000","1","",""
"Sergio_G01_CNS-LLF5RV3D8","cpeeg01","ses02","20260512_122225","2026-05-12 12:23:14.453031","NaN","7","distractor","DISTRACTOR_ANS","51","2026-05-12 12:31:07.657184","472.776792","0.000000","4.489190","3+4=7","F","0","","keyboard","key= (False)","{""value"":""3+4=7"",""entered"":""F"",""rt"":4.4891900999937207,""correct"":0,""note"":""key= (False)"",""truth"":true,""trueSum"":7,""shownSum"":7,""a"":3,""b"":4}","2","0.016667","60.000000","1","4.3756",""
"Sergio_G01_CNS-LLF5RV3D8","cpeeg01","ses02","20260512_122225","2026-05-12 12:23:14.453031","NaN","7","distractor","ANS_WRONG","200","2026-05-12 12:31:07.699508","472.776792","0.471878","","","","","","keyboard","","{}","2","0.016667","60.000000","1","",""
"Sergio_G01_CNS-LLF5RV3D8","cpeeg01","ses02","20260512_122225","2026-05-12 12:23:14.453031","NaN","7","distractor","DISTRACTOR_OFF","52","2026-05-12 12:31:07.750888","473.248671","0.000000","","","","","","keyboard","","{""pd_used"":0}","2","0.016667","60.000000","1","",""
"Sergio_G01_CNS-LLF5RV3D8","cpeeg01","ses02","20260512_122225","2026-05-12 12:23:14.453031","NaN","7","distractor","FIX2_ON","60","2026-05-12 12:31:07.751576","473.248671","3.332943","","","","","","keyboard","immediate after response","{""note"":""immediate after response""}","2","0.016667","60.000000","1","",""
"Sergio_G01_CNS-LLF5RV3D8","cpeeg01","ses02","20260512_122225","2026-05-12 12:23:14.453031","NaN","7","fix2","FIX2_OFF","61","2026-05-12 12:31:11.076483","476.581614","0.044040","","","","","","keyboard","","{""pd_used"":0}","2","0.016667","60.000000","1","",""
"Sergio_G01_CNS-LLF5RV3D8","cpeeg01","ses02","20260512_122225","2026-05-12 12:23:14.453031","NaN","7","probe","DIGIT_RECALL_LINE_1","161","2026-05-12 12:31:11.127714","476.625654","2.748615","","1","","","","keyboard","first recall question","{""value"":1,""note"":""first recall question"",""pd_used"":1}","2","0.016667","60.000000","1","",""
"Sergio_G01_CNS-LLF5RV3D8","cpeeg01","ses02","20260512_122225","2026-05-12 12:23:14.453031","NaN","7","probe","PROBE_DIGIT_OK_1","71","2026-05-12 12:31:14.236439","479.374270","0.522753","2.749917","slot#1","5","1","","keyboard","probe_digit#1","{""value"":""slot#1"",""entered"":5,""rt"":2.7499165000044741,""note"":""probe_digit#1""}","2","0.016667","60.000000","1","2.5519",""
"Sergio_G01_CNS-LLF5RV3D8","cpeeg01","ses02","20260512_122225","2026-05-12 12:23:14.453031","NaN","7","probe","DIGIT1_OFF","146","2026-05-12 12:31:14.391864","479.897023","0.000000","","2","","","","keyboard","digit#1 off","{""value"":2,""note"":""digit#1 off"",""pd_used"":0}","2","0.016667","60.000000","1","",""
"Sergio_G01_CNS-LLF5RV3D8","cpeeg01","ses02","20260512_122225","2026-05-12 12:23:14.453031","NaN","7","probe","POSTDIG_FIX1_ON","151","2026-05-12 12:31:14.392751","479.897023","1.873548","","","","","","keyboard","after digit#1","{""note"":""after digit#1""}","2","0.016667","60.000000","1","",""
"Sergio_G01_CNS-LLF5RV3D8","cpeeg01","ses02","20260512_122225","2026-05-12 12:23:14.453031","NaN","7","probe","POSTDIG_FIX1_OFF","156","2026-05-12 12:31:16.265326","481.770571","0.046063","","","","","","keyboard","after digit#1","{""note"":""after digit#1"",""pd_used"":0}","2","0.016667","60.000000","1","",""
"Sergio_G01_CNS-LLF5RV3D8","cpeeg01","ses02","20260512_122225","2026-05-12 12:23:14.453031","NaN","7","probe","DIGIT_RECALL_LINE_2","162","2026-05-12 12:31:16.316651","481.816633","10.494408","","2","","","","keyboard","next recall question","{""value"":2,""note"":""next recall question"",""pd_used"":1}","2","0.016667","60.000000","1","",""
"Sergio_G01_CNS-LLF5RV3D8","cpeeg01","ses02","20260512_122225","2026-05-12 12:23:14.453031","NaN","7","probe","PROBE_DIGIT_OK_2","71","2026-05-12 12:31:27.134995","492.311042","0.483038","15.686689","slot#2","8","1","","keyboard","probe_digit#2","{""value"":""slot#2"",""entered"":8,""rt"":15.686688500019955,""note"":""probe_digit#2""}","2","0.016667","60.000000","1","2.5233",""
"Sergio_G01_CNS-LLF5RV3D8","cpeeg01","ses02","20260512_122225","2026-05-12 12:23:14.453031","NaN","7","probe","DIGIT2_OFF","147","2026-05-12 12:31:27.289403","492.794079","0.000000","","2","","","","keyboard","digit#2 off","{""value"":2,""note"":""digit#2 off"",""pd_used"":0}","2","0.016667","60.000000","1","",""
"Sergio_G01_CNS-LLF5RV3D8","cpeeg01","ses02","20260512_122225","2026-05-12 12:23:14.453031","NaN","7","probe","POSTDIG_FIX2_ON","152","2026-05-12 12:31:27.290157","492.794079","1.619573","","","","","","keyboard","after digit#2","{""note"":""after digit#2""}","2","0.016667","60.000000","1","",""
"Sergio_G01_CNS-LLF5RV3D8","cpeeg01","ses02","20260512_122225","2026-05-12 12:23:14.453031","NaN","7","probe","POSTDIG_FIX2_OFF","157","2026-05-12 12:31:28.908498","494.413652","0.046029","","","","","","keyboard","after digit#2","{""note"":""after digit#2"",""pd_used"":0}","2","0.016667","60.000000","1","",""
"Sergio_G01_CNS-LLF5RV3D8","cpeeg01","ses02","20260512_122225","2026-05-12 12:23:14.453031","NaN","7","probe","DIGIT_RECALL_LINE_3","163","2026-05-12 12:31:28.959743","494.459681","3.028679","","3","","","","keyboard","next recall question","{""value"":3,""note"":""next recall question"",""pd_used"":1}","2","0.016667","60.000000","1","",""
"Sergio_G01_CNS-LLF5RV3D8","cpeeg01","ses02","20260512_122225","2026-05-12 12:23:14.453031","NaN","7","probe","PROBE_DIGIT_OK_3","71","2026-05-12 12:31:32.298766","497.488360","0.465133","20.864007","slot#3","2","0","","keyboard","probe_digit#3","{""value"":""slot#3"",""entered"":2,""rt"":20.864006800024072,""note"":""probe_digit#3""}","2","0.016667","60.000000","1","2.6894",""
"Sergio_G01_CNS-LLF5RV3D8","cpeeg01","ses02","20260512_122225","2026-05-12 12:23:14.453031","NaN","7","probe","DIGIT3_OFF","148","2026-05-12 12:31:32.448239","497.953493","0.000000","","2","","","","keyboard","digit#3 off","{""value"":2,""note"":""digit#3 off"",""pd_used"":0}","2","0.016667","60.000000","1","",""
"Sergio_G01_CNS-LLF5RV3D8","cpeeg01","ses02","20260512_122225","2026-05-12 12:23:14.453031","NaN","7","probe","POSTDIG_FIX3_ON","153","2026-05-12 12:31:32.449001","497.953493","2.010777","","","","","","keyboard","after digit#3","{""note"":""after digit#3""}","2","0.016667","60.000000","1","",""
"Sergio_G01_CNS-LLF5RV3D8","cpeeg01","ses02","20260512_122225","2026-05-12 12:23:14.453031","NaN","7","probe","POSTDIG_FIX3_OFF","158","2026-05-12 12:31:34.459163","499.964271","0.046218","","","","","","keyboard","after digit#3","{""note"":""after digit#3"",""pd_used"":0}","2","0.016667","60.000000","1","",""
"Sergio_G01_CNS-LLF5RV3D8","cpeeg01","ses02","20260512_122225","2026-05-12 12:23:14.453031","NaN","7","probe","DIGIT_RECALL_LINE_4","164","2026-05-12 12:31:34.510215","500.010488","7.118733","","4","","","","keyboard","next recall question","{""value"":4,""note"":""next recall question"",""pd_used"":1}","2","0.016667","60.000000","1","",""
"Sergio_G01_CNS-LLF5RV3D8","cpeeg01","ses02","20260512_122225","2026-05-12 12:23:14.453031","NaN","7","probe","PROBE_DIGIT_OK_4","71","2026-05-12 12:31:42.029446","507.129221","0.558671","30.504868","slot#4","1","0","","keyboard","probe_digit#4","{""value"":""slot#4"",""entered"":1,""rt"":30.504867600015132,""note"":""probe_digit#4""}","2","0.016667","60.000000","1","7.0584",""
"Sergio_G01_CNS-LLF5RV3D8","cpeeg01","ses02","20260512_122225","2026-05-12 12:23:14.453031","NaN","7","probe","DIGIT4_OFF","149","2026-05-12 12:31:42.182736","507.687892","0.000000","","2","","","","keyboard","digit#4 off","{""value"":2,""note"":""digit#4 off"",""pd_used"":0}","2","0.016667","60.000000","1","",""
"Sergio_G01_CNS-LLF5RV3D8","cpeeg01","ses02","20260512_122225","2026-05-12 12:23:14.453031","NaN","7","probe","POSTDIG_FIX4_ON","154","2026-05-12 12:31:42.183487","507.687892","1.676428","","","","","","keyboard","after digit#4","{""note"":""after digit#4""}","2","0.016667","60.000000","1","",""
"Sergio_G01_CNS-LLF5RV3D8","cpeeg01","ses02","20260512_122225","2026-05-12 12:23:14.453031","NaN","7","probe","POSTDIG_FIX4_OFF","159","2026-05-12 12:31:43.859390","509.364320","0.046186","","","","","","keyboard","after digit#4","{""note"":""after digit#4"",""pd_used"":0}","2","0.016667","60.000000","1","",""
"Sergio_G01_CNS-LLF5RV3D8","cpeeg01","ses02","20260512_122225","2026-05-12 12:23:14.453031","NaN","7","probe","DIGIT_RECALL_LINE_5","165","2026-05-12 12:31:43.910505","509.410505","3.360198","","5","","","","keyboard","next recall question","{""value"":5,""note"":""next recall question"",""pd_used"":1}","2","0.016667","60.000000","1","",""
"Sergio_G01_CNS-LLF5RV3D8","cpeeg01","ses02","20260512_122225","2026-05-12 12:23:14.453031","NaN","7","probe","PROBE_DIGIT_OK_5","71","2026-05-12 12:31:47.538140","512.770703","0.421548","36.146350","slot#5","8","0","","keyboard","probe_digit#5","{""value"":""slot#5"",""entered"":8,""rt"":36.146349800023017,""note"":""probe_digit#5""}","2","0.016667","60.000000","1","0.19369",""
"Sergio_G01_CNS-LLF5RV3D8","cpeeg01","ses02","20260512_122225","2026-05-12 12:23:14.453031","NaN","7","probe","DIGIT5_OFF","150","2026-05-12 12:31:47.686814","513.192251","0.000000","","2","","","","keyboard","digit#5 off","{""value"":2,""note"":""digit#5 off"",""pd_used"":0}","2","0.016667","60.000000","1","",""
"Sergio_G01_CNS-LLF5RV3D8","cpeeg01","ses02","20260512_122225","2026-05-12 12:23:14.453031","NaN","7","probe","POSTDIG_FIX5_ON","155","2026-05-12 12:31:47.687571","513.192251","3.290858","","","","","","keyboard","after digit#5","{""note"":""after digit#5""}","2","0.016667","60.000000","1","",""
"Sergio_G01_CNS-LLF5RV3D8","cpeeg01","ses02","20260512_122225","2026-05-12 12:23:14.453031","NaN","7","probe","POSTDIG_FIX5_OFF","160","2026-05-12 12:31:50.977829","516.483109","0.043596","","","","","","keyboard","after digit#5","{""note"":""after digit#5"",""pd_used"":0}","2","0.016667","60.000000","1","",""
"Sergio_G01_CNS-LLF5RV3D8","cpeeg01","ses02","20260512_122225","2026-05-12 12:23:14.453031","NaN","7","probe","PROBE_DONE","73","2026-05-12 12:31:50.979664","516.526705","0.000661","","","","","","keyboard","probe complete","{""value"":"""",""note"":""probe complete""}","2","0.016667","60.000000","1","",""
"Sergio_G01_CNS-LLF5RV3D8","cpeeg01","ses02","20260512_122225","2026-05-12 12:23:14.453031","NaN","7","probe","TRIAL_END","21","2026-05-12 12:31:50.980207","516.527366","0.118641","","","","","","keyboard","","{}","2","0.016667","60.000000","1","",""
"Sergio_G01_CNS-LLF5RV3D8","cpeeg01","ses02","20260512_122225","2026-05-12 12:23:14.453031","NaN","8","probe","TRIAL_CHANGE","22","2026-05-12 12:31:51.099115","516.646007","0.000922","","","","","","keyboard","trial transition","{""note"":""trial transition""}","2","0.016667","60.000000","1","",""
"Sergio_G01_CNS-LLF5RV3D8","cpeeg01","ses02","20260512_122225","2026-05-12 12:23:14.453031","NaN","8","probe","TRIAL_START","20","2026-05-12 12:31:51.099771","516.646929","0.043183","","","","","","keyboard","","{}","2","0.016667","60.000000","1","",""
"Sergio_G01_CNS-LLF5RV3D8","cpeeg01","ses02","20260512_122225","2026-05-12 12:23:14.453031","NaN","8","fix1","FIX1_ON","30","2026-05-12 12:31:51.193131","516.690112","3.070260","","","","","","keyboard","","{""pd_used"":0}","2","0.016667","60.000000","1","",""
"Sergio_G01_CNS-LLF5RV3D8","cpeeg01","ses02","20260512_122225","2026-05-12 12:23:14.453031","NaN","8","fix1","FIX1_OFF","31","2026-05-12 12:31:54.255050","519.760372","0.043877","","","","","","keyboard","","{""pd_used"":0}","2","0.016667","60.000000","1","",""
"Sergio_G01_CNS-LLF5RV3D8","cpeeg01","ses02","20260512_122225","2026-05-12 12:23:14.453031","NaN","8","digit","DIGIT1_ON","141","2026-05-12 12:31:54.306288","519.804249","0.551284","","2","","","","keyboard","digit#1 shown","{""value"":2,""note"":""digit#1 shown"",""pd_used"":1}","2","0.016667","60.000000","1","","1"
"Sergio_G01_CNS-LLF5RV3D8","cpeeg01","ses02","20260512_122225","2026-05-12 12:23:14.453031","NaN","8","digit","DIGIT1_OFF","146","2026-05-12 12:31:54.850395","520.355532","0.000000","","2","","","","keyboard","digit#1 off","{""value"":2,""note"":""digit#1 off"",""pd_used"":0}","2","0.016667","60.000000","1","",""
"Sergio_G01_CNS-LLF5RV3D8","cpeeg01","ses02","20260512_122225","2026-05-12 12:23:14.453031","NaN","8","digit","POSTDIG_FIX1_ON","151","2026-05-12 12:31:54.851163","520.355532","1.588579","","","","","","keyboard","after digit#1","{""note"":""after digit#1""}","2","0.016667","60.000000","1","",""
"Sergio_G01_CNS-LLF5RV3D8","cpeeg01","ses02","20260512_122225","2026-05-12 12:23:14.453031","NaN","8","digit","POSTDIG_FIX1_OFF","156","2026-05-12 12:31:56.439092","521.944111","0.044183","","","","","","keyboard","after digit#1","{""note"":""after digit#1"",""pd_used"":0}","2","0.016667","60.000000","1","",""
"Sergio_G01_CNS-LLF5RV3D8","cpeeg01","ses02","20260512_122225","2026-05-12 12:23:14.453031","NaN","8","digit","DIGIT2_ON","142","2026-05-12 12:31:56.490655","521.988294","0.551543","","2","","","","keyboard","digit#2 shown","{""value"":2,""note"":""digit#2 shown"",""pd_used"":1}","2","0.016667","60.000000","1","","1"
"Sergio_G01_CNS-LLF5RV3D8","cpeeg01","ses02","20260512_122225","2026-05-12 12:23:14.453031","NaN","8","digit","DIGIT2_OFF","147","2026-05-12 12:31:57.034619","522.539837","0.000000","","2","","","","keyboard","digit#2 off","{""value"":2,""note"":""digit#2 off"",""pd_used"":0}","2","0.016667","60.000000","1","",""
"Sergio_G01_CNS-LLF5RV3D8","cpeeg01","ses02","20260512_122225","2026-05-12 12:23:14.453031","NaN","8","digit","POSTDIG_FIX2_ON","152","2026-05-12 12:31:57.035366","522.539837","1.691569","","","","","","keyboard","after digit#2","{""note"":""after digit#2""}","2","0.016667","60.000000","1","",""
"Sergio_G01_CNS-LLF5RV3D8","cpeeg01","ses02","20260512_122225","2026-05-12 12:23:14.453031","NaN","8","digit","POSTDIG_FIX2_OFF","157","2026-05-12 12:31:58.726331","524.231407","0.044034","","","","","","keyboard","after digit#2","{""note"":""after digit#2"",""pd_used"":0}","2","0.016667","60.000000","1","",""
"Sergio_G01_CNS-LLF5RV3D8","cpeeg01","ses02","20260512_122225","2026-05-12 12:23:14.453031","NaN","8","digit","DIGIT3_ON","143","2026-05-12 12:31:58.777954","524.275441","0.551810","","0","","","","keyboard","digit#3 shown","{""value"":0,""note"":""digit#3 shown"",""pd_used"":1}","2","0.016667","60.000000","1","","0"
"Sergio_G01_CNS-LLF5RV3D8","cpeeg01","ses02","20260512_122225","2026-05-12 12:23:14.453031","NaN","8","digit","DIGIT3_OFF","148","2026-05-12 12:31:59.321920","524.827251","0.000000","","0","","","","keyboard","digit#3 off","{""value"":0,""note"":""digit#3 off"",""pd_used"":0}","2","0.016667","60.000000","1","",""
"Sergio_G01_CNS-LLF5RV3D8","cpeeg01","ses02","20260512_122225","2026-05-12 12:23:14.453031","NaN","8","digit","POSTDIG_FIX3_ON","153","2026-05-12 12:31:59.322675","524.827251","1.945084","","","","","","keyboard","after digit#3","{""note"":""after digit#3""}","2","0.016667","60.000000","1","",""
"Sergio_G01_CNS-LLF5RV3D8","cpeeg01","ses02","20260512_122225","2026-05-12 12:23:14.453031","NaN","8","digit","POSTDIG_FIX3_OFF","158","2026-05-12 12:32:01.267299","526.772334","0.044247","","","","","","keyboard","after digit#3","{""note"":""after digit#3"",""pd_used"":0}","2","0.016667","60.000000","1","",""
"Sergio_G01_CNS-LLF5RV3D8","cpeeg01","ses02","20260512_122225","2026-05-12 12:23:14.453031","NaN","8","digit","DIGIT4_ON","144","2026-05-12 12:32:01.318663","526.816582","0.551455","","2","","","","keyboard","digit#4 shown","{""value"":2,""note"":""digit#4 shown"",""pd_used"":1}","2","0.016667","60.000000","1","","1"
"Sergio_G01_CNS-LLF5RV3D8","cpeeg01","ses02","20260512_122225","2026-05-12 12:23:14.453031","NaN","8","digit","DIGIT4_OFF","149","2026-05-12 12:32:01.862836","527.368037","0.000000","","2","","","","keyboard","digit#4 off","{""value"":2,""note"":""digit#4 off"",""pd_used"":0}","2","0.016667","60.000000","1","",""
"Sergio_G01_CNS-LLF5RV3D8","cpeeg01","ses02","20260512_122225","2026-05-12 12:23:14.453031","NaN","8","digit","POSTDIG_FIX4_ON","154","2026-05-12 12:32:01.863612","527.368037","1.993998","","","","","","keyboard","after digit#4","{""note"":""after digit#4""}","2","0.016667","60.000000","1","",""
"Sergio_G01_CNS-LLF5RV3D8","cpeeg01","ses02","20260512_122225","2026-05-12 12:23:14.453031","NaN","8","digit","POSTDIG_FIX4_OFF","159","2026-05-12 12:32:03.856718","529.362035","0.043760","","","","","","keyboard","after digit#4","{""note"":""after digit#4"",""pd_used"":0}","2","0.016667","60.000000","1","",""
"Sergio_G01_CNS-LLF5RV3D8","cpeeg01","ses02","20260512_122225","2026-05-12 12:23:14.453031","NaN","8","digit","DIGIT5_ON","145","2026-05-12 12:32:03.907843","529.405795","0.551279","","8","","","","keyboard","digit#5 shown","{""value"":8,""note"":""digit#5 shown"",""pd_used"":1}","2","0.016667","60.000000","1","","0"
"Sergio_G01_CNS-LLF5RV3D8","cpeeg01","ses02","20260512_122225","2026-05-12 12:23:14.453031","NaN","8","digit","DIGIT5_OFF","150","2026-05-12 12:32:04.451814","529.957074","0.000000","","8","","","","keyboard","digit#5 off","{""value"":8,""note"":""digit#5 off"",""pd_used"":0}","2","0.016667","60.000000","1","",""
"Sergio_G01_CNS-LLF5RV3D8","cpeeg01","ses02","20260512_122225","2026-05-12 12:23:14.453031","NaN","8","digit","POSTDIG_FIX5_ON","155","2026-05-12 12:32:04.452582","529.957074","3.531748","","","","","","keyboard","after digit#5","{""note"":""after digit#5""}","2","0.016667","60.000000","1","",""
"Sergio_G01_CNS-LLF5RV3D8","cpeeg01","ses02","20260512_122225","2026-05-12 12:23:14.453031","NaN","8","digit","POSTDIG_FIX5_OFF","160","2026-05-12 12:32:07.983516","533.488822","0.043988","","","","","","keyboard","after digit#5","{""note"":""after digit#5"",""pd_used"":0}","2","0.016667","60.000000","1","",""
"Sergio_G01_CNS-LLF5RV3D8","cpeeg01","ses02","20260512_122225","2026-05-12 12:23:14.453031","NaN","8","distractor","DISTRACTOR_ON","50","2026-05-12 12:32:08.034677","533.532811","8.364118","","9+2=11","","","","keyboard","","{""value"":""9+2=11"",""isCorrectTruth"":true,""trueSum"":11,""pd_used"":1}","2","0.016667","60.000000","1","",""
"Sergio_G01_CNS-LLF5RV3D8","cpeeg01","ses02","20260512_122225","2026-05-12 12:23:14.453031","NaN","8","distractor","DISTRACTOR_ANS","51","2026-05-12 12:32:16.808361","541.896929","0.000000","8.364118","9+2=11","F","0","","keyboard","key= (False)","{""value"":""9+2=11"",""entered"":""F"",""rt"":8.364117899996927,""correct"":0,""note"":""key= (False)"",""truth"":true,""trueSum"":11,""shownSum"":11,""a"":9,""b"":2}","2","0.016667","60.000000","1","8.2614",""
"Sergio_G01_CNS-LLF5RV3D8","cpeeg01","ses02","20260512_122225","2026-05-12 12:23:14.453031","NaN","8","distractor","ANS_WRONG","200","2026-05-12 12:32:16.850726","541.896929","0.502859","","","","","","keyboard","","{}","2","0.016667","60.000000","1","",""
"Sergio_G01_CNS-LLF5RV3D8","cpeeg01","ses02","20260512_122225","2026-05-12 12:23:14.453031","NaN","8","distractor","DISTRACTOR_OFF","52","2026-05-12 12:32:16.901914","542.399788","0.000000","","","","","","keyboard","","{""pd_used"":0}","2","0.016667","60.000000","1","",""
"Sergio_G01_CNS-LLF5RV3D8","cpeeg01","ses02","20260512_122225","2026-05-12 12:23:14.453031","NaN","8","distractor","FIX2_ON","60","2026-05-12 12:32:16.902603","542.399788","3.219379","","","","","","keyboard","immediate after response","{""note"":""immediate after response""}","2","0.016667","60.000000","1","",""
"Sergio_G01_CNS-LLF5RV3D8","cpeeg01","ses02","20260512_122225","2026-05-12 12:23:14.453031","NaN","8","fix2","FIX2_OFF","61","2026-05-12 12:32:20.113989","545.619167","0.044704","","","","","","keyboard","","{""pd_used"":0}","2","0.016667","60.000000","1","",""
"Sergio_G01_CNS-LLF5RV3D8","cpeeg01","ses02","20260512_122225","2026-05-12 12:23:14.453031","NaN","8","probe","DIGIT_RECALL_LINE_1","161","2026-05-12 12:32:20.165146","545.663871","3.722023","","1","","","","keyboard","first recall question","{""value"":1,""note"":""first recall question"",""pd_used"":1}","2","0.016667","60.000000","1","",""
"Sergio_G01_CNS-LLF5RV3D8","cpeeg01","ses02","20260512_122225","2026-05-12 12:23:14.453031","NaN","8","probe","PROBE_DIGIT_OK_1","71","2026-05-12 12:32:24.345947","549.385893","0.605475","3.724022","slot#1","2","1","","keyboard","probe_digit#1","{""value"":""slot#1"",""entered"":2,""rt"":3.7240222999826074,""note"":""probe_digit#1""}","2","0.016667","60.000000","1","1.7416",""
"Sergio_G01_CNS-LLF5RV3D8","cpeeg01","ses02","20260512_122225","2026-05-12 12:23:14.453031","NaN","8","probe","DIGIT1_OFF","146","2026-05-12 12:32:24.486068","549.991369","0.000000","","8","","","","keyboard","digit#1 off","{""value"":8,""note"":""digit#1 off"",""pd_used"":0}","2","0.016667","60.000000","1","",""
"Sergio_G01_CNS-LLF5RV3D8","cpeeg01","ses02","20260512_122225","2026-05-12 12:23:14.453031","NaN","8","probe","POSTDIG_FIX1_ON","151","2026-05-12 12:32:24.486825","549.991369","1.961311","","","","","","keyboard","after digit#1","{""note"":""after digit#1""}","2","0.016667","60.000000","1","",""
"Sergio_G01_CNS-LLF5RV3D8","cpeeg01","ses02","20260512_122225","2026-05-12 12:23:14.453031","NaN","8","probe","POSTDIG_FIX1_OFF","156","2026-05-12 12:32:26.447524","551.952680","0.045812","","","","","","keyboard","after digit#1","{""note"":""after digit#1"",""pd_used"":0}","2","0.016667","60.000000","1","",""
"Sergio_G01_CNS-LLF5RV3D8","cpeeg01","ses02","20260512_122225","2026-05-12 12:23:14.453031","NaN","8","probe","DIGIT_RECALL_LINE_2","162","2026-05-12 12:32:26.498741","551.998492","1.347722","","2","","","","keyboard","next recall question","{""value"":2,""note"":""next recall question"",""pd_used"":1}","2","0.016667","60.000000","1","",""
"Sergio_G01_CNS-LLF5RV3D8","cpeeg01","ses02","20260512_122225","2026-05-12 12:23:14.453031","NaN","8","probe","PROBE_DIGIT_OK_2","71","2026-05-12 12:32:28.366674","553.346214","0.664927","7.684343","slot#2","2","1","","keyboard","probe_digit#2","{""value"":""slot#2"",""entered"":2,""rt"":7.6843429999717046,""note"":""probe_digit#2""}","2","0.016667","60.000000","1","1.2846",""
"Sergio_G01_CNS-LLF5RV3D8","cpeeg01","ses02","20260512_122225","2026-05-12 12:23:14.453031","NaN","8","probe","DIGIT2_OFF","147","2026-05-12 12:32:28.506079","554.011141","0.000000","","8","","","","keyboard","digit#2 off","{""value"":8,""note"":""digit#2 off"",""pd_used"":0}","2","0.016667","60.000000","1","",""
"Sergio_G01_CNS-LLF5RV3D8","cpeeg01","ses02","20260512_122225","2026-05-12 12:23:14.453031","NaN","8","probe","POSTDIG_FIX2_ON","152","2026-05-12 12:32:28.506848","554.011141","1.984195","","","","","","keyboard","after digit#2","{""note"":""after digit#2""}","2","0.016667","60.000000","1","",""
"Sergio_G01_CNS-LLF5RV3D8","cpeeg01","ses02","20260512_122225","2026-05-12 12:23:14.453031","NaN","8","probe","POSTDIG_FIX2_OFF","157","2026-05-12 12:32:30.490083","555.995336","0.046105","","","","","","keyboard","after digit#2","{""note"":""after digit#2"",""pd_used"":0}","2","0.016667","60.000000","1","",""
"Sergio_G01_CNS-LLF5RV3D8","cpeeg01","ses02","20260512_122225","2026-05-12 12:23:14.453031","NaN","8","probe","DIGIT_RECALL_LINE_3","163","2026-05-12 12:32:30.541325","556.041442","0.738568","","3","","","","keyboard","next recall question","{""value"":3,""note"":""next recall question"",""pd_used"":1}","2","0.016667","60.000000","1","",""
"Sergio_G01_CNS-LLF5RV3D8","cpeeg01","ses02","20260512_122225","2026-05-12 12:23:14.453031","NaN","8","probe","PROBE_DIGIT_OK_3","71","2026-05-12 12:32:31.586969","556.780010","0.464528","11.118138","slot#3","2","0","","keyboard","probe_digit#3","{""value"":""slot#3"",""entered"":2,""rt"":11.118138399993768,""note"":""probe_digit#3""}","2","0.016667","60.000000","1","0.65469",""
"Sergio_G01_CNS-LLF5RV3D8","cpeeg01","ses02","20260512_122225","2026-05-12 12:23:14.453031","NaN","8","probe","DIGIT3_OFF","148","2026-05-12 12:32:31.739342","557.244537","0.000000","","8","","","","keyboard","digit#3 off","{""value"":8,""note"":""digit#3 off"",""pd_used"":0}","2","0.016667","60.000000","1","",""
"Sergio_G01_CNS-LLF5RV3D8","cpeeg01","ses02","20260512_122225","2026-05-12 12:23:14.453031","NaN","8","probe","POSTDIG_FIX3_ON","153","2026-05-12 12:32:31.740166","557.244537","1.811295","","","","","","keyboard","after digit#3","{""note"":""after digit#3""}","2","0.016667","60.000000","1","",""
"Sergio_G01_CNS-LLF5RV3D8","cpeeg01","ses02","20260512_122225","2026-05-12 12:23:14.453031","NaN","8","probe","POSTDIG_FIX3_OFF","158","2026-05-12 12:32:33.550586","559.055832","0.046165","","","","","","keyboard","after digit#3","{""note"":""after digit#3"",""pd_used"":0}","2","0.016667","60.000000","1","",""
"Sergio_G01_CNS-LLF5RV3D8","cpeeg01","ses02","20260512_122225","2026-05-12 12:23:14.453031","NaN","8","probe","DIGIT_RECALL_LINE_4","164","2026-05-12 12:32:33.601934","559.101997","1.953209","","4","","","","keyboard","next recall question","{""value"":4,""note"":""next recall question"",""pd_used"":1}","2","0.016667","60.000000","1","",""
"Sergio_G01_CNS-LLF5RV3D8","cpeeg01","ses02","20260512_122225","2026-05-12 12:23:14.453031","NaN","8","probe","PROBE_DIGIT_OK_4","71","2026-05-12 12:32:35.907645","561.055206","0.504760","15.393335","slot#4","2","1","","keyboard","probe_digit#4","{""value"":""slot#4"",""entered"":2,""rt"":15.393334599997615,""note"":""probe_digit#4""}","2","0.016667","60.000000","1","1.8073",""
"Sergio_G01_CNS-LLF5RV3D8","cpeeg01","ses02","20260512_122225","2026-05-12 12:23:14.453031","NaN","8","probe","DIGIT4_OFF","149","2026-05-12 12:32:36.055112","561.559966","0.000000","","8","","","","keyboard","digit#4 off","{""value"":8,""note"":""digit#4 off"",""pd_used"":0}","2","0.016667","60.000000","1","",""
"Sergio_G01_CNS-LLF5RV3D8","cpeeg01","ses02","20260512_122225","2026-05-12 12:23:14.453031","NaN","8","probe","POSTDIG_FIX4_ON","154","2026-05-12 12:32:36.055884","561.559966","1.968710","","","","","","keyboard","after digit#4","{""note"":""after digit#4""}","2","0.016667","60.000000","1","",""
"Sergio_G01_CNS-LLF5RV3D8","cpeeg01","ses02","20260512_122225","2026-05-12 12:23:14.453031","NaN","8","probe","POSTDIG_FIX4_OFF","159","2026-05-12 12:32:38.023402","563.528675","0.046071","","","","","","keyboard","after digit#4","{""note"":""after digit#4"",""pd_used"":0}","2","0.016667","60.000000","1","",""
"Sergio_G01_CNS-LLF5RV3D8","cpeeg01","ses02","20260512_122225","2026-05-12 12:23:14.453031","NaN","8","probe","DIGIT_RECALL_LINE_5","165","2026-05-12 12:32:38.074674","563.574746","1.929814","","5","","","","keyboard","next recall question","{""value"":5,""note"":""next recall question"",""pd_used"":1}","2","0.016667","60.000000","1","",""
"Sergio_G01_CNS-LLF5RV3D8","cpeeg01","ses02","20260512_122225","2026-05-12 12:23:14.453031","NaN","8","probe","PROBE_DIGIT_OK_5","71","2026-05-12 12:32:40.378120","565.504560","0.527628","19.842689","slot#5","4","0","","keyboard","probe_digit#5","{""value"":""slot#5"",""entered"":4,""rt"":19.8426886999805,""note"":""probe_digit#5""}","2","0.016667","60.000000","1","1.8276",""
"Sergio_G01_CNS-LLF5RV3D8","cpeeg01","ses02","20260512_122225","2026-05-12 12:23:14.453031","NaN","8","probe","DIGIT5_OFF","150","2026-05-12 12:32:40.526891","566.032188","0.000000","","8","","","","keyboard","digit#5 off","{""value"":8,""note"":""digit#5 off"",""pd_used"":0}","2","0.016667","60.000000","1","",""
"Sergio_G01_CNS-LLF5RV3D8","cpeeg01","ses02","20260512_122225","2026-05-12 12:23:14.453031","NaN","8","probe","POSTDIG_FIX5_ON","155","2026-05-12 12:32:40.527656","566.032188","3.083755","","","","","","keyboard","after digit#5","{""note"":""after digit#5""}","2","0.016667","60.000000","1","",""
"Sergio_G01_CNS-LLF5RV3D8","cpeeg01","ses02","20260512_122225","2026-05-12 12:23:14.453031","NaN","8","probe","POSTDIG_FIX5_OFF","160","2026-05-12 12:32:43.610619","569.115943","0.043490","","","","","","keyboard","after digit#5","{""note"":""after digit#5"",""pd_used"":0}","2","0.016667","60.000000","1","",""
"Sergio_G01_CNS-LLF5RV3D8","cpeeg01","ses02","20260512_122225","2026-05-12 12:23:14.453031","NaN","8","probe","PROBE_DONE","73","2026-05-12 12:32:43.612390","569.159432","0.000657","","","","","","keyboard","probe complete","{""value"":"""",""note"":""probe complete""}","2","0.016667","60.000000","1","",""
"Sergio_G01_CNS-LLF5RV3D8","cpeeg01","ses02","20260512_122225","2026-05-12 12:23:14.453031","NaN","8","probe","TRIAL_END","21","2026-05-12 12:32:43.612935","569.160090","0.102366","","","","","","keyboard","","{}","2","0.016667","60.000000","1","",""
"Sergio_G01_CNS-LLF5RV3D8","cpeeg01","ses02","20260512_122225","2026-05-12 12:23:14.453031","NaN","9","probe","TRIAL_CHANGE","22","2026-05-12 12:32:43.715553","569.262455","0.001107","","","","","","keyboard","trial transition","{""note"":""trial transition""}","2","0.016667","60.000000","1","",""
"Sergio_G01_CNS-LLF5RV3D8","cpeeg01","ses02","20260512_122225","2026-05-12 12:23:14.453031","NaN","9","probe","TRIAL_START","20","2026-05-12 12:32:43.716707","569.263562","0.043660","","","","","","keyboard","","{}","2","0.016667","60.000000","1","",""
"Sergio_G01_CNS-LLF5RV3D8","cpeeg01","ses02","20260512_122225","2026-05-12 12:23:14.453031","NaN","9","fix1","FIX1_ON","30","2026-05-12 12:32:43.810365","569.307222","3.409318","","","","","","keyboard","","{""pd_used"":0}","2","0.016667","60.000000","1","",""
"Sergio_G01_CNS-LLF5RV3D8","cpeeg01","ses02","20260512_122225","2026-05-12 12:23:14.453031","NaN","9","fix1","FIX1_OFF","31","2026-05-12 12:32:47.211506","572.716540","0.044171","","","","","","keyboard","","{""pd_used"":0}","2","0.016667","60.000000","1","",""
"Sergio_G01_CNS-LLF5RV3D8","cpeeg01","ses02","20260512_122225","2026-05-12 12:23:14.453031","NaN","9","digit","DIGIT1_ON","141","2026-05-12 12:32:47.262979","572.760711","0.551588","","1","","","","keyboard","digit#1 shown","{""value"":1,""note"":""digit#1 shown"",""pd_used"":1}","2","0.016667","60.000000","1","","1"
"Sergio_G01_CNS-LLF5RV3D8","cpeeg01","ses02","20260512_122225","2026-05-12 12:23:14.453031","NaN","9","digit","DIGIT1_OFF","146","2026-05-12 12:32:47.807173","573.312299","0.000000","","1","","","","keyboard","digit#1 off","{""value"":1,""note"":""digit#1 off"",""pd_used"":0}","2","0.016667","60.000000","1","",""
"Sergio_G01_CNS-LLF5RV3D8","cpeeg01","ses02","20260512_122225","2026-05-12 12:23:14.453031","NaN","9","digit","POSTDIG_FIX1_ON","151","2026-05-12 12:32:47.807950","573.312299","1.697264","","","","","","keyboard","after digit#1","{""note"":""after digit#1""}","2","0.016667","60.000000","1","",""
"Sergio_G01_CNS-LLF5RV3D8","cpeeg01","ses02","20260512_122225","2026-05-12 12:23:14.453031","NaN","9","digit","POSTDIG_FIX1_OFF","156","2026-05-12 12:32:49.504295","575.009564","0.043979","","","","","","keyboard","after digit#1","{""note"":""after digit#1"",""pd_used"":0}","2","0.016667","60.000000","1","",""
"Sergio_G01_CNS-LLF5RV3D8","cpeeg01","ses02","20260512_122225","2026-05-12 12:23:14.453031","NaN","9","digit","DIGIT2_ON","142","2026-05-12 12:32:49.555479","575.053543","0.550948","","8","","","","keyboard","digit#2 shown","{""value"":8,""note"":""digit#2 shown"",""pd_used"":1}","2","0.016667","60.000000","1","","1"
"Sergio_G01_CNS-LLF5RV3D8","cpeeg01","ses02","20260512_122225","2026-05-12 12:23:14.453031","NaN","9","digit","DIGIT2_OFF","147","2026-05-12 12:32:50.099207","575.604491","0.000000","","8","","","","keyboard","digit#2 off","{""value"":8,""note"":""digit#2 off"",""pd_used"":0}","2","0.016667","60.000000","1","",""
"Sergio_G01_CNS-LLF5RV3D8","cpeeg01","ses02","20260512_122225","2026-05-12 12:23:14.453031","NaN","9","digit","POSTDIG_FIX2_ON","152","2026-05-12 12:32:50.100163","575.604491","1.874804","","","","","","keyboard","after digit#2","{""note"":""after digit#2""}","2","0.016667","60.000000","1","",""
"Sergio_G01_CNS-LLF5RV3D8","cpeeg01","ses02","20260512_122225","2026-05-12 12:23:14.453031","NaN","9","digit","POSTDIG_FIX2_OFF","157","2026-05-12 12:32:51.974324","577.479295","0.044055","","","","","","keyboard","after digit#2","{""note"":""after digit#2"",""pd_used"":0}","2","0.016667","60.000000","1","",""
"Sergio_G01_CNS-LLF5RV3D8","cpeeg01","ses02","20260512_122225","2026-05-12 12:23:14.453031","NaN","9","digit","DIGIT3_ON","143","2026-05-12 12:32:52.025615","577.523350","0.551499","","9","","","","keyboard","digit#3 shown","{""value"":9,""note"":""digit#3 shown"",""pd_used"":1}","2","0.016667","60.000000","1","","1"
"Sergio_G01_CNS-LLF5RV3D8","cpeeg01","ses02","20260512_122225","2026-05-12 12:23:14.453031","NaN","9","digit","DIGIT3_OFF","148","2026-05-12 12:32:52.569585","578.074849","0.000000","","9","","","","keyboard","digit#3 off","{""value"":9,""note"":""digit#3 off"",""pd_used"":0}","2","0.016667","60.000000","1","",""
"Sergio_G01_CNS-LLF5RV3D8","cpeeg01","ses02","20260512_122225","2026-05-12 12:23:14.453031","NaN","9","digit","POSTDIG_FIX3_ON","153","2026-05-12 12:32:52.570346","578.074849","1.809671","","","","","","keyboard","after digit#3","{""note"":""after digit#3""}","2","0.016667","60.000000","1","",""
"Sergio_G01_CNS-LLF5RV3D8","cpeeg01","ses02","20260512_122225","2026-05-12 12:23:14.453031","NaN","9","digit","POSTDIG_FIX3_OFF","158","2026-05-12 12:32:54.379726","579.884520","0.044404","","","","","","keyboard","after digit#3","{""note"":""after digit#3"",""pd_used"":0}","2","0.016667","60.000000","1","",""
"Sergio_G01_CNS-LLF5RV3D8","cpeeg01","ses02","20260512_122225","2026-05-12 12:23:14.453031","NaN","9","digit","DIGIT4_ON","144","2026-05-12 12:32:54.430741","579.928924","0.551032","","5","","","","keyboard","digit#4 shown","{""value"":5,""note"":""digit#4 shown"",""pd_used"":1}","2","0.016667","60.000000","1","","0"
"Sergio_G01_CNS-LLF5RV3D8","cpeeg01","ses02","20260512_122225","2026-05-12 12:23:14.453031","NaN","9","digit","DIGIT4_OFF","149","2026-05-12 12:32:54.974870","580.479955","0.000000","","5","","","","keyboard","digit#4 off","{""value"":5,""note"":""digit#4 off"",""pd_used"":0}","2","0.016667","60.000000","1","",""
"Sergio_G01_CNS-LLF5RV3D8","cpeeg01","ses02","20260512_122225","2026-05-12 12:23:14.453031","NaN","9","digit","POSTDIG_FIX4_ON","154","2026-05-12 12:32:54.975659","580.479955","1.827685","","","","","","keyboard","after digit#4","{""note"":""after digit#4""}","2","0.016667","60.000000","1","",""
"Sergio_G01_CNS-LLF5RV3D8","cpeeg01","ses02","20260512_122225","2026-05-12 12:23:14.453031","NaN","9","digit","POSTDIG_FIX4_OFF","159","2026-05-12 12:32:56.802288","582.307641","0.043477","","","","","","keyboard","after digit#4","{""note"":""after digit#4"",""pd_used"":0}","2","0.016667","60.000000","1","",""
"Sergio_G01_CNS-LLF5RV3D8","cpeeg01","ses02","20260512_122225","2026-05-12 12:23:14.453031","NaN","9","digit","DIGIT5_ON","145","2026-05-12 12:32:56.853561","582.351118","0.551730","","0","","","","keyboard","digit#5 shown","{""value"":0,""note"":""digit#5 shown"",""pd_used"":1}","2","0.016667","60.000000","1","","1"
"Sergio_G01_CNS-LLF5RV3D8","cpeeg01","ses02","20260512_122225","2026-05-12 12:23:14.453031","NaN","9","digit","DIGIT5_OFF","150","2026-05-12 12:32:57.397626","582.902848","0.000000","","0","","","","keyboard","digit#5 off","{""value"":0,""note"":""digit#5 off"",""pd_used"":0}","2","0.016667","60.000000","1","",""
"Sergio_G01_CNS-LLF5RV3D8","cpeeg01","ses02","20260512_122225","2026-05-12 12:23:14.453031","NaN","9","digit","POSTDIG_FIX5_ON","155","2026-05-12 12:32:57.398407","582.902848","3.414188","","","","","","keyboard","after digit#5","{""note"":""after digit#5""}","2","0.016667","60.000000","1","",""
"Sergio_G01_CNS-LLF5RV3D8","cpeeg01","ses02","20260512_122225","2026-05-12 12:23:14.453031","NaN","9","digit","POSTDIG_FIX5_OFF","160","2026-05-12 12:33:00.811785","586.317036","0.043922","","","","","","keyboard","after digit#5","{""note"":""after digit#5"",""pd_used"":0}","2","0.016667","60.000000","1","",""
"Sergio_G01_CNS-LLF5RV3D8","cpeeg01","ses02","20260512_122225","2026-05-12 12:23:14.453031","NaN","9","distractor","DISTRACTOR_ON","50","2026-05-12 12:33:00.863163","586.360958","3.769423","","1+6=10","","","","keyboard","","{""value"":""1+6=10"",""isCorrectTruth"":false,""trueSum"":7,""pd_used"":1}","2","0.016667","60.000000","1","",""
"Sergio_G01_CNS-LLF5RV3D8","cpeeg01","ses02","20260512_122225","2026-05-12 12:23:14.453031","NaN","9","distractor","DISTRACTOR_ANS","51","2026-05-12 12:33:04.938766","590.130381","0.000000","3.769423","1+6=10","F","1","","keyboard","key= (False)","{""value"":""1+6=10"",""entered"":""F"",""rt"":3.7694234999944456,""correct"":1,""note"":""key= (False)"",""truth"":false,""trueSum"":7,""shownSum"":10,""a"":1,""b"":6}","2","0.016667","60.000000","1","1.5894",""
"Sergio_G01_CNS-LLF5RV3D8","cpeeg01","ses02","20260512_122225","2026-05-12 12:23:14.453031","NaN","9","distractor","ANS_CORRECT","100","2026-05-12 12:33:04.981079","590.130381","0.400045","","","","","","keyboard","","{}","2","0.016667","60.000000","1","",""
"Sergio_G01_CNS-LLF5RV3D8","cpeeg01","ses02","20260512_122225","2026-05-12 12:23:14.453031","NaN","9","distractor","DISTRACTOR_OFF","52","2026-05-12 12:33:05.032445","590.530426","0.000000","","","","","","keyboard","","{""pd_used"":0}","2","0.016667","60.000000","1","",""
"Sergio_G01_CNS-LLF5RV3D8","cpeeg01","ses02","20260512_122225","2026-05-12 12:23:14.453031","NaN","9","distractor","FIX2_ON","60","2026-05-12 12:33:05.033129","590.530426","3.166827","","","","","","keyboard","immediate after response","{""note"":""immediate after response""}","2","0.016667","60.000000","1","",""
"Sergio_G01_CNS-LLF5RV3D8","cpeeg01","ses02","20260512_122225","2026-05-12 12:23:14.453031","NaN","9","fix2","FIX2_OFF","61","2026-05-12 12:33:08.191923","593.697254","0.043637","","","","","","keyboard","","{""pd_used"":0}","2","0.016667","60.000000","1","",""
"Sergio_G01_CNS-LLF5RV3D8","cpeeg01","ses02","20260512_122225","2026-05-12 12:23:14.453031","NaN","9","probe","DIGIT_RECALL_LINE_1","161","2026-05-12 12:33:08.243141","593.740890","2.684001","","1","","","","keyboard","first recall question","{""value"":1,""note"":""first recall question"",""pd_used"":1}","2","0.016667","60.000000","1","",""
"Sergio_G01_CNS-LLF5RV3D8","cpeeg01","ses02","20260512_122225","2026-05-12 12:23:14.453031","NaN","9","probe","PROBE_DIGIT_OK_1","71","2026-05-12 12:33:11.250318","596.424891","0.484933","2.685107","slot#1","1","1","","keyboard","probe_digit#1","{""value"":""slot#1"",""entered"":1,""rt"":2.6851069999975152,""note"":""probe_digit#1""}","2","0.016667","60.000000","1","2.5484",""
"Sergio_G01_CNS-LLF5RV3D8","cpeeg01","ses02","20260512_122225","2026-05-12 12:23:14.453031","NaN","9","probe","DIGIT1_OFF","146","2026-05-12 12:33:11.404799","596.909824","0.000000","","0","","","","keyboard","digit#1 off","{""value"":0,""note"":""digit#1 off"",""pd_used"":0}","2","0.016667","60.000000","1","",""
"Sergio_G01_CNS-LLF5RV3D8","cpeeg01","ses02","20260512_122225","2026-05-12 12:23:14.453031","NaN","9","probe","POSTDIG_FIX1_ON","151","2026-05-12 12:33:11.405568","596.909824","1.700520","","","","","","keyboard","after digit#1","{""note"":""after digit#1""}","2","0.016667","60.000000","1","",""
"Sergio_G01_CNS-LLF5RV3D8","cpeeg01","ses02","20260512_122225","2026-05-12 12:23:14.453031","NaN","9","probe","POSTDIG_FIX1_OFF","156","2026-05-12 12:33:13.105159","598.610344","0.046384","","","","","","keyboard","after digit#1","{""note"":""after digit#1"",""pd_used"":0}","2","0.016667","60.000000","1","",""
"Sergio_G01_CNS-LLF5RV3D8","cpeeg01","ses02","20260512_122225","2026-05-12 12:23:14.453031","NaN","9","probe","DIGIT_RECALL_LINE_2","162","2026-05-12 12:33:13.156446","598.656728","4.490324","","2","","","","keyboard","next recall question","{""value"":2,""note"":""next recall question"",""pd_used"":1}","2","0.016667","60.000000","1","",""
"Sergio_G01_CNS-LLF5RV3D8","cpeeg01","ses02","20260512_122225","2026-05-12 12:23:14.453031","NaN","9","probe","PROBE_DIGIT_OK_2","71","2026-05-12 12:33:18.090755","603.147052","0.602738","9.407268","slot#2","8","1","","keyboard","probe_digit#2","{""value"":""slot#2"",""entered"":8,""rt"":9.40726830001222,""note"":""probe_digit#2""}","2","0.016667","60.000000","1","4.4157",""
"Sergio_G01_CNS-LLF5RV3D8","cpeeg01","ses02","20260512_122225","2026-05-12 12:23:14.453031","NaN","9","probe","DIGIT2_OFF","147","2026-05-12 12:33:18.244502","603.749790","0.000000","","0","","","","keyboard","digit#2 off","{""value"":0,""note"":""digit#2 off"",""pd_used"":0}","2","0.016667","60.000000","1","",""
"Sergio_G01_CNS-LLF5RV3D8","cpeeg01","ses02","20260512_122225","2026-05-12 12:23:14.453031","NaN","9","probe","POSTDIG_FIX2_ON","152","2026-05-12 12:33:18.245265","603.749790","1.944769","","","","","","keyboard","after digit#2","{""note"":""after digit#2""}","2","0.016667","60.000000","1","",""
"Sergio_G01_CNS-LLF5RV3D8","cpeeg01","ses02","20260512_122225","2026-05-12 12:23:14.453031","NaN","9","probe","POSTDIG_FIX2_OFF","157","2026-05-12 12:33:20.189229","605.694559","0.045890","","","","","","keyboard","after digit#2","{""note"":""after digit#2"",""pd_used"":0}","2","0.016667","60.000000","1","",""
"Sergio_G01_CNS-LLF5RV3D8","cpeeg01","ses02","20260512_122225","2026-05-12 12:23:14.453031","NaN","9","probe","DIGIT_RECALL_LINE_3","163","2026-05-12 12:33:20.240722","605.740449","2.206672","","3","","","","keyboard","next recall question","{""value"":3,""note"":""next recall question"",""pd_used"":1}","2","0.016667","60.000000","1","",""
"Sergio_G01_CNS-LLF5RV3D8","cpeeg01","ses02","20260512_122225","2026-05-12 12:23:14.453031","NaN","9","probe","PROBE_DIGIT_OK_3","71","2026-05-12 12:33:22.748508","607.947121","0.458936","14.207337","slot#3","9","1","","keyboard","probe_digit#3","{""value"":""slot#3"",""entered"":9,""rt"":14.207337400002871,""note"":""probe_digit#3""}","2","0.016667","60.000000","1","2.0168",""
"Sergio_G01_CNS-LLF5RV3D8","cpeeg01","ses02","20260512_122225","2026-05-12 12:23:14.453031","NaN","9","probe","DIGIT3_OFF","148","2026-05-12 12:33:22.900754","608.406057","0.000000","","0","","","","keyboard","digit#3 off","{""value"":0,""note"":""digit#3 off"",""pd_used"":0}","2","0.016667","60.000000","1","",""
"Sergio_G01_CNS-LLF5RV3D8","cpeeg01","ses02","20260512_122225","2026-05-12 12:23:14.453031","NaN","9","probe","POSTDIG_FIX3_ON","153","2026-05-12 12:33:22.901487","608.406057","1.716398","","","","","","keyboard","after digit#3","{""note"":""after digit#3""}","2","0.016667","60.000000","1","",""
"Sergio_G01_CNS-LLF5RV3D8","cpeeg01","ses02","20260512_122225","2026-05-12 12:23:14.453031","NaN","9","probe","POSTDIG_FIX3_OFF","158","2026-05-12 12:33:24.617252","610.122455","0.045893","","","","","","keyboard","after digit#3","{""note"":""after digit#3"",""pd_used"":0}","2","0.016667","60.000000","1","",""
"Sergio_G01_CNS-LLF5RV3D8","cpeeg01","ses02","20260512_122225","2026-05-12 12:23:14.453031","NaN","9","probe","DIGIT_RECALL_LINE_4","164","2026-05-12 12:33:24.668478","610.168347","1.388043","","4","","","","keyboard","next recall question","{""value"":4,""note"":""next recall question"",""pd_used"":1}","2","0.016667","60.000000","1","",""
"Sergio_G01_CNS-LLF5RV3D8","cpeeg01","ses02","20260512_122225","2026-05-12 12:23:14.453031","NaN","9","probe","PROBE_DIGIT_OK_4","71","2026-05-12 12:33:26.456885","611.556390","0.548483","17.816606","slot#4","6","0","","keyboard","probe_digit#4","{""value"":""slot#4"",""entered"":6,""rt"":17.81660630000988,""note"":""probe_digit#4""}","2","0.016667","60.000000","1","1.3202",""
"Sergio_G01_CNS-LLF5RV3D8","cpeeg01","ses02","20260512_122225","2026-05-12 12:23:14.453031","NaN","9","probe","DIGIT4_OFF","149","2026-05-12 12:33:26.599840","612.104874","0.000000","","0","","","","keyboard","digit#4 off","{""value"":0,""note"":""digit#4 off"",""pd_used"":0}","2","0.016667","60.000000","1","",""
"Sergio_G01_CNS-LLF5RV3D8","cpeeg01","ses02","20260512_122225","2026-05-12 12:23:14.453031","NaN","9","probe","POSTDIG_FIX4_ON","154","2026-05-12 12:33:26.600679","612.104874","1.851435","","","","","","keyboard","after digit#4","{""note"":""after digit#4""}","2","0.016667","60.000000","1","",""
"Sergio_G01_CNS-LLF5RV3D8","cpeeg01","ses02","20260512_122225","2026-05-12 12:23:14.453031","NaN","9","probe","POSTDIG_FIX4_OFF","159","2026-05-12 12:33:28.451118","613.956308","0.049428","","","","","","keyboard","after digit#4","{""note"":""after digit#4"",""pd_used"":0}","2","0.016667","60.000000","1","",""
"Sergio_G01_CNS-LLF5RV3D8","cpeeg01","ses02","20260512_122225","2026-05-12 12:23:14.453031","NaN","9","probe","DIGIT_RECALL_LINE_5","165","2026-05-12 12:33:28.502384","614.005736","1.048644","","5","","","","keyboard","next recall question","{""value"":5,""note"":""next recall question"",""pd_used"":1}","2","0.016667","60.000000","1","",""
"Sergio_G01_CNS-LLF5RV3D8","cpeeg01","ses02","20260512_122225","2026-05-12 12:23:14.453031","NaN","9","probe","PROBE_DIGIT_OK_5","71","2026-05-12 12:33:30.079913","615.054381","0.678466","21.314597","slot#5","0","1","","keyboard","probe_digit#5","{""value"":""slot#5"",""entered"":0,""rt"":21.314596699987305,""note"":""probe_digit#5""}","2","0.016667","60.000000","1","1.0409",""
"Sergio_G01_CNS-LLF5RV3D8","cpeeg01","ses02","20260512_122225","2026-05-12 12:23:14.453031","NaN","9","probe","DIGIT5_OFF","150","2026-05-12 12:33:30.227439","615.732847","0.000000","","0","","","","keyboard","digit#5 off","{""value"":0,""note"":""digit#5 off"",""pd_used"":0}","2","0.016667","60.000000","1","",""
"Sergio_G01_CNS-LLF5RV3D8","cpeeg01","ses02","20260512_122225","2026-05-12 12:23:14.453031","NaN","9","probe","POSTDIG_FIX5_ON","155","2026-05-12 12:33:30.228170","615.732847","3.298064","","","","","","keyboard","after digit#5","{""note"":""after digit#5""}","2","0.016667","60.000000","1","",""
"Sergio_G01_CNS-LLF5RV3D8","cpeeg01","ses02","20260512_122225","2026-05-12 12:23:14.453031","NaN","9","probe","POSTDIG_FIX5_OFF","160","2026-05-12 12:33:33.525873","619.030911","0.043722","","","","","","keyboard","after digit#5","{""note"":""after digit#5"",""pd_used"":0}","2","0.016667","60.000000","1","",""
"Sergio_G01_CNS-LLF5RV3D8","cpeeg01","ses02","20260512_122225","2026-05-12 12:23:14.453031","NaN","9","probe","PROBE_DONE","73","2026-05-12 12:33:33.527575","619.074633","0.000646","","","","","","keyboard","probe complete","{""value"":"""",""note"":""probe complete""}","2","0.016667","60.000000","1","",""
"Sergio_G01_CNS-LLF5RV3D8","cpeeg01","ses02","20260512_122225","2026-05-12 12:23:14.453031","NaN","9","probe","TRIAL_END","21","2026-05-12 12:33:33.528146","619.075279","0.103135","","","","","","keyboard","","{}","2","0.016667","60.000000","1","",""
"Sergio_G01_CNS-LLF5RV3D8","cpeeg01","ses02","20260512_122225","2026-05-12 12:23:14.453031","NaN","10","probe","TRIAL_CHANGE","22","2026-05-12 12:33:33.631512","619.178414","0.001072","","","","","","keyboard","trial transition","{""note"":""trial transition""}","2","0.016667","60.000000","1","",""
"Sergio_G01_CNS-LLF5RV3D8","cpeeg01","ses02","20260512_122225","2026-05-12 12:23:14.453031","NaN","10","probe","TRIAL_START","20","2026-05-12 12:33:33.632611","619.179486","0.043991","","","","","","keyboard","","{}","2","0.016667","60.000000","1","",""
"Sergio_G01_CNS-LLF5RV3D8","cpeeg01","ses02","20260512_122225","2026-05-12 12:23:14.453031","NaN","10","fix1","FIX1_ON","30","2026-05-12 12:33:33.726553","619.223477","3.302671","","","","","","keyboard","","{""pd_used"":0}","2","0.016667","60.000000","1","",""
"Sergio_G01_CNS-LLF5RV3D8","cpeeg01","ses02","20260512_122225","2026-05-12 12:23:14.453031","NaN","10","fix1","FIX1_OFF","31","2026-05-12 12:33:37.021101","622.526148","0.044218","","","","","","keyboard","","{""pd_used"":0}","2","0.016667","60.000000","1","",""
"Sergio_G01_CNS-LLF5RV3D8","cpeeg01","ses02","20260512_122225","2026-05-12 12:23:14.453031","NaN","10","digit","DIGIT1_ON","141","2026-05-12 12:33:37.072523","622.570366","0.551309","","2","","","","keyboard","digit#1 shown","{""value"":2,""note"":""digit#1 shown"",""pd_used"":1}","2","0.016667","60.000000","1","","1"
"Sergio_G01_CNS-LLF5RV3D8","cpeeg01","ses02","20260512_122225","2026-05-12 12:23:14.453031","NaN","10","digit","DIGIT1_OFF","146","2026-05-12 12:33:37.616381","623.121676","0.000000","","2","","","","keyboard","digit#1 off","{""value"":2,""note"":""digit#1 off"",""pd_used"":0}","2","0.016667","60.000000","1","",""
"Sergio_G01_CNS-LLF5RV3D8","cpeeg01","ses02","20260512_122225","2026-05-12 12:23:14.453031","NaN","10","digit","POSTDIG_FIX1_ON","151","2026-05-12 12:33:37.617656","623.121676","1.571814","","","","","","keyboard","after digit#1","{""note"":""after digit#1""}","2","0.016667","60.000000","1","",""
"Sergio_G01_CNS-LLF5RV3D8","cpeeg01","ses02","20260512_122225","2026-05-12 12:23:14.453031","NaN","10","digit","POSTDIG_FIX1_OFF","156","2026-05-12 12:33:39.188266","624.693490","0.043983","","","","","","keyboard","after digit#1","{""note"":""after digit#1"",""pd_used"":0}","2","0.016667","60.000000","1","",""
"Sergio_G01_CNS-LLF5RV3D8","cpeeg01","ses02","20260512_122225","2026-05-12 12:23:14.453031","NaN","10","digit","DIGIT2_ON","142","2026-05-12 12:33:39.239542","624.737473","0.551256","","3","","","","keyboard","digit#2 shown","{""value"":3,""note"":""digit#2 shown"",""pd_used"":1}","2","0.016667","60.000000","1","","1"
"Sergio_G01_CNS-LLF5RV3D8","cpeeg01","ses02","20260512_122225","2026-05-12 12:23:14.453031","NaN","10","digit","DIGIT2_OFF","147","2026-05-12 12:33:39.783600","625.288729","0.000000","","3","","","","keyboard","digit#2 off","{""value"":3,""note"":""digit#2 off"",""pd_used"":0}","2","0.016667","60.000000","1","",""
"Sergio_G01_CNS-LLF5RV3D8","cpeeg01","ses02","20260512_122225","2026-05-12 12:23:14.453031","NaN","10","digit","POSTDIG_FIX2_ON","152","2026-05-12 12:33:39.784383","625.288729","1.753227","","","","","","keyboard","after digit#2","{""note"":""after digit#2""}","2","0.016667","60.000000","1","",""
"Sergio_G01_CNS-LLF5RV3D8","cpeeg01","ses02","20260512_122225","2026-05-12 12:23:14.453031","NaN","10","digit","POSTDIG_FIX2_OFF","157","2026-05-12 12:33:41.536583","627.041956","0.043719","","","","","","keyboard","after digit#2","{""note"":""after digit#2"",""pd_used"":0}","2","0.016667","60.000000","1","",""
"Sergio_G01_CNS-LLF5RV3D8","cpeeg01","ses02","20260512_122225","2026-05-12 12:23:14.453031","NaN","10","digit","DIGIT3_ON","143","2026-05-12 12:33:41.588149","627.085674","0.551706","","5","","","","keyboard","digit#3 shown","{""value"":5,""note"":""digit#3 shown"",""pd_used"":1}","2","0.016667","60.000000","1","","1"
"Sergio_G01_CNS-LLF5RV3D8","cpeeg01","ses02","20260512_122225","2026-05-12 12:23:14.453031","NaN","10","digit","DIGIT3_OFF","148","2026-05-12 12:33:42.132114","627.637381","0.000000","","5","","","","keyboard","digit#3 off","{""value"":5,""note"":""digit#3 off"",""pd_used"":0}","2","0.016667","60.000000","1","",""
"Sergio_G01_CNS-LLF5RV3D8","cpeeg01","ses02","20260512_122225","2026-05-12 12:23:14.453031","NaN","10","digit","POSTDIG_FIX3_ON","153","2026-05-12 12:33:42.133028","627.637381","1.672952","","","","","","keyboard","after digit#3","{""note"":""after digit#3""}","2","0.016667","60.000000","1","",""
"Sergio_G01_CNS-LLF5RV3D8","cpeeg01","ses02","20260512_122225","2026-05-12 12:23:14.453031","NaN","10","digit","POSTDIG_FIX3_OFF","158","2026-05-12 12:33:43.805056","629.310332","0.043941","","","","","","keyboard","after digit#3","{""note"":""after digit#3"",""pd_used"":0}","2","0.016667","60.000000","1","",""
"Sergio_G01_CNS-LLF5RV3D8","cpeeg01","ses02","20260512_122225","2026-05-12 12:23:14.453031","NaN","10","digit","DIGIT4_ON","144","2026-05-12 12:33:43.856410","629.354274","0.551444","","6","","","","keyboard","digit#4 shown","{""value"":6,""note"":""digit#4 shown"",""pd_used"":1}","2","0.016667","60.000000","1","","1"
"Sergio_G01_CNS-LLF5RV3D8","cpeeg01","ses02","20260512_122225","2026-05-12 12:23:14.453031","NaN","10","digit","DIGIT4_OFF","149","2026-05-12 12:33:44.400831","629.905718","0.000000","","6","","","","keyboard","digit#4 off","{""value"":6,""note"":""digit#4 off"",""pd_used"":0}","2","0.016667","60.000000","1","",""
"Sergio_G01_CNS-LLF5RV3D8","cpeeg01","ses02","20260512_122225","2026-05-12 12:23:14.453031","NaN","10","digit","POSTDIG_FIX4_ON","154","2026-05-12 12:33:44.401633","629.905718","2.010799","","","","","","keyboard","after digit#4","{""note"":""after digit#4""}","2","0.016667","60.000000","1","",""
"Sergio_G01_CNS-LLF5RV3D8","cpeeg01","ses02","20260512_122225","2026-05-12 12:23:14.453031","NaN","10","digit","POSTDIG_FIX4_OFF","159","2026-05-12 12:33:46.411321","631.916518","0.043949","","","","","","keyboard","after digit#4","{""note"":""after digit#4"",""pd_used"":0}","2","0.016667","60.000000","1","",""
"Sergio_G01_CNS-LLF5RV3D8","cpeeg01","ses02","20260512_122225","2026-05-12 12:23:14.453031","NaN","10","digit","DIGIT5_ON","145","2026-05-12 12:33:46.462574","631.960466","0.551406","","3","","","","keyboard","digit#5 shown","{""value"":3,""note"":""digit#5 shown"",""pd_used"":1}","2","0.016667","60.000000","1","","0"
"Sergio_G01_CNS-LLF5RV3D8","cpeeg01","ses02","20260512_122225","2026-05-12 12:23:14.453031","NaN","10","digit","DIGIT5_OFF","150","2026-05-12 12:33:47.006770","632.511872","0.000000","","3","","","","keyboard","digit#5 off","{""value"":3,""note"":""digit#5 off"",""pd_used"":0}","2","0.016667","60.000000","1","",""
"Sergio_G01_CNS-LLF5RV3D8","cpeeg01","ses02","20260512_122225","2026-05-12 12:23:14.453031","NaN","10","digit","POSTDIG_FIX5_ON","155","2026-05-12 12:33:47.007564","632.511872","3.140945","","","","","","keyboard","after digit#5","{""note"":""after digit#5""}","2","0.016667","60.000000","1","",""
"Sergio_G01_CNS-LLF5RV3D8","cpeeg01","ses02","20260512_122225","2026-05-12 12:23:14.453031","NaN","10","digit","POSTDIG_FIX5_OFF","160","2026-05-12 12:33:50.147611","635.652817","0.044419","","","","","","keyboard","after digit#5","{""note"":""after digit#5"",""pd_used"":0}","2","0.016667","60.000000","1","",""
"Sergio_G01_CNS-LLF5RV3D8","cpeeg01","ses02","20260512_122225","2026-05-12 12:23:14.453031","NaN","10","distractor","DISTRACTOR_ON","50","2026-05-12 12:33:50.198778","635.697236","5.113148","","4+1=5","","","","keyboard","","{""value"":""4+1=5"",""isCorrectTruth"":true,""trueSum"":5,""pd_used"":1}","2","0.016667","60.000000","1","",""
"Sergio_G01_CNS-LLF5RV3D8","cpeeg01","ses02","20260512_122225","2026-05-12 12:23:14.453031","NaN","10","distractor","DISTRACTOR_ANS","51","2026-05-12 12:33:55.679185","640.810385","0.000000","5.113148","4+1=5","F","0","","keyboard","key= (False)","{""value"":""4+1=5"",""entered"":""F"",""rt"":5.1131484000070486,""correct"":0,""note"":""key= (False)"",""truth"":true,""trueSum"":5,""shownSum"":5,""a"":4,""b"":1}","2","0.016667","60.000000","1","4.9391",""
"Sergio_G01_CNS-LLF5RV3D8","cpeeg01","ses02","20260512_122225","2026-05-12 12:23:14.453031","NaN","10","distractor","ANS_WRONG","200","2026-05-12 12:33:55.722214","640.810385","0.461378","","","","","","keyboard","","{}","2","0.016667","60.000000","1","",""
"Sergio_G01_CNS-LLF5RV3D8","cpeeg01","ses02","20260512_122225","2026-05-12 12:23:14.453031","NaN","10","distractor","DISTRACTOR_OFF","52","2026-05-12 12:33:55.773704","641.271763","0.000000","","","","","","keyboard","","{""pd_used"":0}","2","0.016667","60.000000","1","",""
"Sergio_G01_CNS-LLF5RV3D8","cpeeg01","ses02","20260512_122225","2026-05-12 12:23:14.453031","NaN","10","distractor","FIX2_ON","60","2026-05-12 12:33:55.774541","641.271763","3.118272","","","","","","keyboard","immediate after response","{""note"":""immediate after response""}","2","0.016667","60.000000","1","",""
"Sergio_G01_CNS-LLF5RV3D8","cpeeg01","ses02","20260512_122225","2026-05-12 12:23:14.453031","NaN","10","fix2","FIX2_OFF","61","2026-05-12 12:33:58.884968","644.390035","0.043999","","","","","","keyboard","","{""pd_used"":0}","2","0.016667","60.000000","1","",""
"Sergio_G01_CNS-LLF5RV3D8","cpeeg01","ses02","20260512_122225","2026-05-12 12:23:14.453031","NaN","10","probe","DIGIT_RECALL_LINE_1","161","2026-05-12 12:33:58.936134","644.434034","2.790845","","1","","","","keyboard","first recall question","{""value"":1,""note"":""first recall question"",""pd_used"":1}","2","0.016667","60.000000","1","",""
"Sergio_G01_CNS-LLF5RV3D8","cpeeg01","ses02","20260512_122225","2026-05-12 12:23:14.453031","NaN","10","probe","PROBE_DIGIT_OK_1","71","2026-05-12 12:34:02.378872","647.224879","0.815119","2.792052","slot#1","2","1","","keyboard","probe_digit#1","{""value"":""slot#1"",""entered"":2,""rt"":2.7920518000028096,""note"":""probe_digit#1""}","2","0.016667","60.000000","1","2.6656",""
"Sergio_G01_CNS-LLF5RV3D8","cpeeg01","ses02","20260512_122225","2026-05-12 12:23:14.453031","NaN","10","probe","DIGIT1_OFF","146","2026-05-12 12:34:02.534581","648.039998","0.000000","","3","","","","keyboard","digit#1 off","{""value"":3,""note"":""digit#1 off"",""pd_used"":0}","2","0.016667","60.000000","1","",""
"Sergio_G01_CNS-LLF5RV3D8","cpeeg01","ses02","20260512_122225","2026-05-12 12:23:14.453031","NaN","10","probe","POSTDIG_FIX1_ON","151","2026-05-12 12:34:02.535853","648.039998","1.585291","","","","","","keyboard","after digit#1","{""note"":""after digit#1""}","2","0.016667","60.000000","1","",""
"Sergio_G01_CNS-LLF5RV3D8","cpeeg01","ses02","20260512_122225","2026-05-12 12:23:14.453031","NaN","10","probe","POSTDIG_FIX1_OFF","156","2026-05-12 12:34:04.120704","649.625289","0.046746","","","","","","keyboard","after digit#1","{""note"":""after digit#1"",""pd_used"":0}","2","0.016667","60.000000","1","",""
"Sergio_G01_CNS-LLF5RV3D8","cpeeg01","ses02","20260512_122225","2026-05-12 12:23:14.453031","NaN","10","probe","DIGIT_RECALL_LINE_2","162","2026-05-12 12:34:04.171706","649.672035","3.137128","","2","","","","keyboard","next recall question","{""value"":2,""note"":""next recall question"",""pd_used"":1}","2","0.016667","60.000000","1","",""
"Sergio_G01_CNS-LLF5RV3D8","cpeeg01","ses02","20260512_122225","2026-05-12 12:23:14.453031","NaN","10","probe","PROBE_DIGIT_OK_2","71","2026-05-12 12:34:07.797075","652.809163","0.648021","8.376336","slot#2","3","1","","keyboard","probe_digit#2","{""value"":""slot#2"",""entered"":3,""rt"":8.376335899985861,""note"":""probe_digit#2""}","2","0.016667","60.000000","1","1.1601",""
"Sergio_G01_CNS-LLF5RV3D8","cpeeg01","ses02","20260512_122225","2026-05-12 12:23:14.453031","NaN","10","probe","DIGIT2_OFF","147","2026-05-12 12:34:07.951895","653.457184","0.000000","","3","","","","keyboard","digit#2 off","{""value"":3,""note"":""digit#2 off"",""pd_used"":0}","2","0.016667","60.000000","1","",""
"Sergio_G01_CNS-LLF5RV3D8","cpeeg01","ses02","20260512_122225","2026-05-12 12:23:14.453031","NaN","10","probe","POSTDIG_FIX2_ON","152","2026-05-12 12:34:07.952670","653.457184","1.641044","","","","","","keyboard","after digit#2","{""note"":""after digit#2""}","2","0.016667","60.000000","1","",""
"Sergio_G01_CNS-LLF5RV3D8","cpeeg01","ses02","20260512_122225","2026-05-12 12:23:14.453031","NaN","10","probe","POSTDIG_FIX2_OFF","157","2026-05-12 12:34:09.592824","655.098227","0.045739","","","","","","keyboard","after digit#2","{""note"":""after digit#2"",""pd_used"":0}","2","0.016667","60.000000","1","",""
"Sergio_G01_CNS-LLF5RV3D8","cpeeg01","ses02","20260512_122225","2026-05-12 12:23:14.453031","NaN","10","probe","DIGIT_RECALL_LINE_3","163","2026-05-12 12:34:09.644103","655.143966","0.987647","","3","","","","keyboard","next recall question","{""value"":3,""note"":""next recall question"",""pd_used"":1}","2","0.016667","60.000000","1","",""
"Sergio_G01_CNS-LLF5RV3D8","cpeeg01","ses02","20260512_122225","2026-05-12 12:23:14.453031","NaN","10","probe","PROBE_DIGIT_OK_3","71","2026-05-12 12:34:11.147313","656.131613","0.669889","11.698787","slot#3","5","1","","keyboard","probe_digit#3","{""value"":""slot#3"",""entered"":5,""rt"":11.69878659999813,""note"":""probe_digit#3""}","2","0.016667","60.000000","1","0.887",""
"Sergio_G01_CNS-LLF5RV3D8","cpeeg01","ses02","20260512_122225","2026-05-12 12:23:14.453031","NaN","10","probe","DIGIT3_OFF","148","2026-05-12 12:34:11.296259","656.801502","0.000000","","3","","","","keyboard","digit#3 off","{""value"":3,""note"":""digit#3 off"",""pd_used"":0}","2","0.016667","60.000000","1","",""
"Sergio_G01_CNS-LLF5RV3D8","cpeeg01","ses02","20260512_122225","2026-05-12 12:23:14.453031","NaN","10","probe","POSTDIG_FIX3_ON","153","2026-05-12 12:34:11.297023","656.801502","1.963308","","","","","","keyboard","after digit#3","{""note"":""after digit#3""}","2","0.016667","60.000000","1","",""
"Sergio_G01_CNS-LLF5RV3D8","cpeeg01","ses02","20260512_122225","2026-05-12 12:23:14.453031","NaN","10","probe","POSTDIG_FIX3_OFF","158","2026-05-12 12:34:13.259581","658.764810","0.046402","","","","","","keyboard","after digit#3","{""note"":""after digit#3"",""pd_used"":0}","2","0.016667","60.000000","1","",""
"Sergio_G01_CNS-LLF5RV3D8","cpeeg01","ses02","20260512_122225","2026-05-12 12:23:14.453031","NaN","10","probe","DIGIT_RECALL_LINE_4","164","2026-05-12 12:34:13.310946","658.811213","2.721733","","4","","","","keyboard","next recall question","{""value"":4,""note"":""next recall question"",""pd_used"":1}","2","0.016667","60.000000","1","",""
"Sergio_G01_CNS-LLF5RV3D8","cpeeg01","ses02","20260512_122225","2026-05-12 12:23:14.453031","NaN","10","probe","PROBE_DIGIT_OK_4","71","2026-05-12 12:34:16.378340","661.532945","0.496111","17.100119","slot#4","6","1","","keyboard","probe_digit#4","{""value"":""slot#4"",""entered"":6,""rt"":17.100118600006681,""note"":""probe_digit#4""}","2","0.016667","60.000000","1","0.59519",""
"Sergio_G01_CNS-LLF5RV3D8","cpeeg01","ses02","20260512_122225","2026-05-12 12:23:14.453031","NaN","10","probe","DIGIT4_OFF","149","2026-05-12 12:34:16.523728","662.029056","0.000000","","3","","","","keyboard","digit#4 off","{""value"":3,""note"":""digit#4 off"",""pd_used"":0}","2","0.016667","60.000000","1","",""
"Sergio_G01_CNS-LLF5RV3D8","cpeeg01","ses02","20260512_122225","2026-05-12 12:23:14.453031","NaN","10","probe","POSTDIG_FIX4_ON","154","2026-05-12 12:34:16.524502","662.029056","2.023546","","","","","","keyboard","after digit#4","{""note"":""after digit#4""}","2","0.016667","60.000000","1","",""
"Sergio_G01_CNS-LLF5RV3D8","cpeeg01","ses02","20260512_122225","2026-05-12 12:23:14.453031","NaN","10","probe","POSTDIG_FIX4_OFF","159","2026-05-12 12:34:18.547354","664.052602","0.046066","","","","","","keyboard","after digit#4","{""note"":""after digit#4"",""pd_used"":0}","2","0.016667","60.000000","1","",""
"Sergio_G01_CNS-LLF5RV3D8","cpeeg01","ses02","20260512_122225","2026-05-12 12:23:14.453031","NaN","10","probe","DIGIT_RECALL_LINE_5","165","2026-05-12 12:34:18.598862","664.098668","2.127113","","5","","","","keyboard","next recall question","{""value"":5,""note"":""next recall question"",""pd_used"":1}","2","0.016667","60.000000","1","",""
"Sergio_G01_CNS-LLF5RV3D8","cpeeg01","ses02","20260512_122225","2026-05-12 12:23:14.453031","NaN","10","probe","PROBE_DIGIT_OK_5","71","2026-05-12 12:34:21.187060","666.225781","0.610501","21.792954","slot#5","0","0","","keyboard","probe_digit#5","{""value"":""slot#5"",""entered"":0,""rt"":21.792954400007147,""note"":""probe_digit#5""}","2","0.016667","60.000000","1","2.0611",""
"Sergio_G01_CNS-LLF5RV3D8","cpeeg01","ses02","20260512_122225","2026-05-12 12:23:14.453031","NaN","10","probe","DIGIT5_OFF","150","2026-05-12 12:34:21.330880","666.836282","0.000000","","3","","","","keyboard","digit#5 off","{""value"":3,""note"":""digit#5 off"",""pd_used"":0}","2","0.016667","60.000000","1","",""
"Sergio_G01_CNS-LLF5RV3D8","cpeeg01","ses02","20260512_122225","2026-05-12 12:23:14.453031","NaN","10","probe","POSTDIG_FIX5_ON","155","2026-05-12 12:34:21.331674","666.836282","3.215136","","","","","","keyboard","after digit#5","{""note"":""after digit#5""}","2","0.016667","60.000000","1","",""
"Sergio_G01_CNS-LLF5RV3D8","cpeeg01","ses02","20260512_122225","2026-05-12 12:23:14.453031","NaN","10","probe","POSTDIG_FIX5_OFF","160","2026-05-12 12:34:24.546195","670.051418","0.043640","","","","","","keyboard","after digit#5","{""note"":""after digit#5"",""pd_used"":0}","2","0.016667","60.000000","1","",""
"Sergio_G01_CNS-LLF5RV3D8","cpeeg01","ses02","20260512_122225","2026-05-12 12:23:14.453031","NaN","10","probe","PROBE_DONE","73","2026-05-12 12:34:24.548031","670.095058","0.000679","","","","","","keyboard","probe complete","{""value"":"""",""note"":""probe complete""}","2","0.016667","60.000000","1","",""
"Sergio_G01_CNS-LLF5RV3D8","cpeeg01","ses02","20260512_122225","2026-05-12 12:23:14.453031","NaN","10","probe","TRIAL_END","21","2026-05-12 12:34:24.548578","670.095737","0.111055","","","","","","keyboard","","{}","2","0.016667","60.000000","1","",""
"Sergio_G01_CNS-LLF5RV3D8","cpeeg01","ses02","20260512_122225","2026-05-12 12:23:14.453031","NaN","10","probe","BLOCK_END","11","2026-05-12 12:34:24.659976","670.206793","0.246772","","","","","","keyboard","","{}","2","0.016667","60.000000","1","",""
"Sergio_G01_CNS-LLF5RV3D8","cpeeg01","ses02","20260512_122225","2026-05-12 12:23:14.453031","NaN","10","probe","SESSION_END","3","2026-05-12 12:34:24.906917","670.453564","NaN","","","","","","keyboard","","{}","2","0.016667","60.000000","1","",""
