file_version,subject,condition,session,task_start_time,block,trial,phase,event_name,event_code,wall_clock,t_rel_sec,duration_to_next,rt,value_shown,entered_value,correct,key_name,device,note,json,screen_index,ifi,refresh_hz,pd_used
Sergio_G01_CNS-LLF5RV3D8,cpeeg01,ses03,20260804_153512,50:58.0,NaN,NaN,,MIC_NOISEFLOOR,6,50:59.6,1.536546,4.158621,,,,,,keyboard,,{},2,NaN,NaN,1
Sergio_G01_CNS-LLF5RV3D8,cpeeg01,ses03,20260804_153512,50:58.0,NaN,NaN,,MIC_REC_SPEECH,7,51:03.7,5.695167,6.640032,,,,,,keyboard,,{},2,NaN,NaN,1
Sergio_G01_CNS-LLF5RV3D8,cpeeg01,ses03,20260804_153512,50:58.0,NaN,NaN,,SESSION_START,1,51:36.9,38.80253,0.001091,,,,,,keyboard,,{},2,0.016667,60,1
Sergio_G01_CNS-LLF5RV3D8,cpeeg01,ses03,20260804_153512,50:58.0,NaN,NaN,,BLOCK_START,10,51:36.9,38.803621,0.110332,,,,,,keyboard,,{},2,0.016667,60,1
Sergio_G01_CNS-LLF5RV3D8,cpeeg01,ses03,20260804_153512,50:58.0,NaN,0,reading,START_PAGE_ON,4,51:37.0,38.913953,0.049813,,,,,,keyboard,,"{""pd_used"":0}",2,0.016667,60,1
Sergio_G01_CNS-LLF5RV3D8,cpeeg01,ses03,20260804_153512,50:58.0,NaN,0,reading,START_PAGE_ON,4,51:37.0,38.913953,9.08753,,,,,,keyboard,,"{""pd_used"":0}",2,0.016667,60,1
Sergio_G01_CNS-LLF5RV3D8,cpeeg01,ses03,20260804_153512,50:58.0,NaN,0,reading,START_PAGE_ON,4,51:37.0,38.913953,9.511372,,,,,,keyboard,,"{""pd_used"":0}",2,0.016667,60,1
Sergio_G01_CNS-LLF5RV3D8,cpeeg01,ses03,20260804_153512,50:58.0,NaN,0,reading,READING_START,23,51:46.5,48.425325,0.12183,,,,,,keyboard,,{},2,0.016667,60,1
Sergio_G01_CNS-LLF5RV3D8,cpeeg01,ses03,20260804_153512,50:58.0,NaN,0,reading,DIGIT_READ1_ON,101,51:46.6,48.547155,1.724168,,5,,,,keyboard,digit#1 shown,"{""value"":5,""note"":""digit#1 shown"",""pd_used"":1}",2,0.016667,60,1
Sergio_G01_CNS-LLF5RV3D8,cpeeg01,ses03,20260804_153512,50:58.0,NaN,0,reading,PROBE_COUNT_OK_1,71,51:48.8,50.271324,0.542459,11.369011,slot#1,NaN,,,keyboard,probe_digit#1,"{""value"":""slot#1"",""entered"":null,""rt"":11.369011299917474,""note"":""probe_digit#1""}",2,0.016667,60,1
Sergio_G01_CNS-LLF5RV3D8,cpeeg01,ses03,20260804_153512,50:58.0,NaN,0,reading,DIGIT_READ1_OFF,116,51:48.9,50.813783,0,,5,,,,keyboard,digit#1 off,"{""value"":5,""note"":""digit#1 off"",""pd_used"":0}",2,0.016667,60,1
Sergio_G01_CNS-LLF5RV3D8,cpeeg01,ses03,20260804_153512,50:58.0,NaN,0,reading,POSTREAD_FIX1_ON,201,51:48.9,50.813783,1.850042,,,,,,keyboard,after digit#1,"{""note"":""after digit#1""}",2,0.016667,60,1
Sergio_G01_CNS-LLF5RV3D8,cpeeg01,ses03,20260804_153512,50:58.0,NaN,0,reading,POSTREAD_FIX1_OFF,216,51:50.8,52.663825,0.066677,,,,,,keyboard,after digit#1,"{""note"":""after digit#1"",""pd_used"":0}",2,0.016667,60,1
Sergio_G01_CNS-LLF5RV3D8,cpeeg01,ses03,20260804_153512,50:58.0,NaN,0,reading,DIGIT_READ2_ON,102,51:50.8,52.730501,2.429939,,7,,,,keyboard,digit#2 shown,"{""value"":7,""note"":""digit#2 shown"",""pd_used"":1}",2,0.016667,60,1
Sergio_G01_CNS-LLF5RV3D8,cpeeg01,ses03,20260804_153512,50:58.0,NaN,0,reading,PROBE_COUNT_OK_2,71,51:53.8,55.160441,0.686742,16.258128,slot#2,NaN,,,keyboard,probe_digit#2,"{""value"":""slot#2"",""entered"":null,""rt"":16.258127899956889,""note"":""probe_digit#2""}",2,0.016667,60,1
Sergio_G01_CNS-LLF5RV3D8,cpeeg01,ses03,20260804_153512,50:58.0,NaN,0,reading,DIGIT_READ2_OFF,117,51:53.9,55.847182,0,,7,,,,keyboard,digit#2 off,"{""value"":7,""note"":""digit#2 off"",""pd_used"":0}",2,0.016667,60,1
Sergio_G01_CNS-LLF5RV3D8,cpeeg01,ses03,20260804_153512,50:58.0,NaN,0,reading,POSTREAD_FIX2_ON,202,51:53.9,55.847182,1.983492,,,,,,keyboard,after digit#2,"{""note"":""after digit#2""}",2,0.016667,60,1
Sergio_G01_CNS-LLF5RV3D8,cpeeg01,ses03,20260804_153512,50:58.0,NaN,0,reading,POSTREAD_FIX2_OFF,217,51:55.9,57.830674,0.066501,,,,,,keyboard,after digit#2,"{""note"":""after digit#2"",""pd_used"":0}",2,0.016667,60,1
Sergio_G01_CNS-LLF5RV3D8,cpeeg01,ses03,20260804_153512,50:58.0,NaN,0,reading,DIGIT_READ3_ON,103,51:56.0,57.897175,1.48004,,3,,,,keyboard,digit#3 shown,"{""value"":3,""note"":""digit#3 shown"",""pd_used"":1}",2,0.016667,60,1
Sergio_G01_CNS-LLF5RV3D8,cpeeg01,ses03,20260804_153512,50:58.0,NaN,0,reading,PROBE_COUNT_OK_3,71,51:57.9,59.377215,0.553329,20.474903,slot#3,NaN,,,keyboard,probe_digit#3,"{""value"":""slot#3"",""entered"":null,""rt"":20.474902599933557,""note"":""probe_digit#3""}",2,0.016667,60,1
Sergio_G01_CNS-LLF5RV3D8,cpeeg01,ses03,20260804_153512,50:58.0,NaN,0,reading,DIGIT_READ3_OFF,118,51:58.0,59.930545,0,,3,,,,keyboard,digit#3 off,"{""value"":3,""note"":""digit#3 off"",""pd_used"":0}",2,0.016667,60,1
Sergio_G01_CNS-LLF5RV3D8,cpeeg01,ses03,20260804_153512,50:58.0,NaN,0,reading,POSTREAD_FIX3_ON,203,51:58.0,59.930545,1.983468,,,,,,keyboard,after digit#3,"{""note"":""after digit#3""}",2,0.016667,60,1
Sergio_G01_CNS-LLF5RV3D8,cpeeg01,ses03,20260804_153512,50:58.0,NaN,0,reading,POSTREAD_FIX3_OFF,218,52:00.0,61.914013,0.066564,,,,,,keyboard,after digit#3,"{""note"":""after digit#3"",""pd_used"":0}",2,0.016667,60,1
Sergio_G01_CNS-LLF5RV3D8,cpeeg01,ses03,20260804_153512,50:58.0,NaN,0,reading,DIGIT_READ4_ON,104,52:00.1,61.980577,3.95794,,9,,,,keyboard,digit#4 shown,"{""value"":9,""note"":""digit#4 shown"",""pd_used"":1}",2,0.016667,60,1
Sergio_G01_CNS-LLF5RV3D8,cpeeg01,ses03,20260804_153512,50:58.0,NaN,0,reading,PROBE_COUNT_OK_4,71,52:04.3,65.938517,0.408731,27.036205,slot#4,NaN,,,keyboard,probe_digit#4,"{""value"":""slot#4"",""entered"":null,""rt"":27.036204699892551,""note"":""probe_digit#4""}",2,0.016667,60,1
Sergio_G01_CNS-LLF5RV3D8,cpeeg01,ses03,20260804_153512,50:58.0,NaN,0,reading,DIGIT_READ4_OFF,119,52:04.4,66.347248,0,,9,,,,keyboard,digit#4 off,"{""value"":9,""note"":""digit#4 off"",""pd_used"":0}",2,0.016667,60,1
Sergio_G01_CNS-LLF5RV3D8,cpeeg01,ses03,20260804_153512,50:58.0,NaN,0,reading,POSTREAD_FIX4_ON,204,52:04.4,66.347248,1.599988,,,,,,keyboard,after digit#4,"{""note"":""after digit#4""}",2,0.016667,60,1
Sergio_G01_CNS-LLF5RV3D8,cpeeg01,ses03,20260804_153512,50:58.0,NaN,0,reading,POSTREAD_FIX4_OFF,219,52:06.0,67.947236,0.066641,,,,,,keyboard,after digit#4,"{""note"":""after digit#4"",""pd_used"":0}",2,0.016667,60,1
Sergio_G01_CNS-LLF5RV3D8,cpeeg01,ses03,20260804_153512,50:58.0,NaN,0,reading,DIGIT_READ5_ON,105,52:06.1,68.013878,1.606947,,7,,,,keyboard,digit#5 shown,"{""value"":7,""note"":""digit#5 shown"",""pd_used"":1}",2,0.016667,60,1
Sergio_G01_CNS-LLF5RV3D8,cpeeg01,ses03,20260804_153512,50:58.0,NaN,0,reading,PROBE_COUNT_OK_5,71,52:08.2,69.620824,0.62643,30.718512,slot#5,NaN,,,keyboard,probe_digit#5,"{""value"":""slot#5"",""entered"":null,""rt"":30.718511799932458,""note"":""probe_digit#5""}",2,0.016667,60,1
Sergio_G01_CNS-LLF5RV3D8,cpeeg01,ses03,20260804_153512,50:58.0,NaN,0,reading,DIGIT_READ5_OFF,120,52:08.3,70.247254,0,,7,,,,keyboard,digit#5 off,"{""value"":7,""note"":""digit#5 off"",""pd_used"":0}",2,0.016667,60,1
Sergio_G01_CNS-LLF5RV3D8,cpeeg01,ses03,20260804_153512,50:58.0,NaN,0,reading,POSTREAD_FIX5_ON,205,52:08.3,70.247254,1.633328,,,,,,keyboard,after digit#5,"{""note"":""after digit#5""}",2,0.016667,60,1
Sergio_G01_CNS-LLF5RV3D8,cpeeg01,ses03,20260804_153512,50:58.0,NaN,0,reading,POSTREAD_FIX5_OFF,220,52:10.0,71.880582,0.066643,,,,,,keyboard,after digit#5,"{""note"":""after digit#5"",""pd_used"":0}",2,0.016667,60,1
Sergio_G01_CNS-LLF5RV3D8,cpeeg01,ses03,20260804_153512,50:58.0,NaN,0,reading,DIGIT_READ6_ON,106,52:10.0,71.947225,1.693447,,6,,,,keyboard,digit#6 shown,"{""value"":6,""note"":""digit#6 shown"",""pd_used"":1}",2,0.016667,60,1
Sergio_G01_CNS-LLF5RV3D8,cpeeg01,ses03,20260804_153512,50:58.0,NaN,0,reading,PROBE_COUNT_OK_6,71,52:12.2,73.640671,0.523245,34.738359,slot#6,NaN,,,keyboard,probe_digit#6,"{""value"":""slot#6"",""entered"":null,""rt"":34.7383585999487,""note"":""probe_digit#6""}",2,0.016667,60,1
Sergio_G01_CNS-LLF5RV3D8,cpeeg01,ses03,20260804_153512,50:58.0,NaN,0,reading,DIGIT_READ6_OFF,121,52:12.3,74.163917,0,,6,,,,keyboard,digit#6 off,"{""value"":6,""note"":""digit#6 off"",""pd_used"":0}",2,0.016667,60,1
Sergio_G01_CNS-LLF5RV3D8,cpeeg01,ses03,20260804_153512,50:58.0,NaN,0,reading,POSTREAD_FIX6_ON,206,52:12.3,74.163917,1.766666,,,,,,keyboard,after digit#6,"{""note"":""after digit#6""}",2,0.016667,60,1
Sergio_G01_CNS-LLF5RV3D8,cpeeg01,ses03,20260804_153512,50:58.0,NaN,0,reading,POSTREAD_FIX6_OFF,221,52:14.0,75.930582,0.066717,,,,,,keyboard,after digit#6,"{""note"":""after digit#6"",""pd_used"":0}",2,0.016667,60,1
Sergio_G01_CNS-LLF5RV3D8,cpeeg01,ses03,20260804_153512,50:58.0,NaN,0,reading,DIGIT_READ7_ON,107,52:14.1,75.9973,1.865568,,5,,,,keyboard,digit#7 shown,"{""value"":5,""note"":""digit#7 shown"",""pd_used"":1}",2,0.016667,60,1
Sergio_G01_CNS-LLF5RV3D8,cpeeg01,ses03,20260804_153512,50:58.0,NaN,0,reading,PROBE_COUNT_OK_7,71,52:16.4,77.862868,0.501136,38.960555,slot#7,NaN,,,keyboard,probe_digit#7,"{""value"":""slot#7"",""entered"":null,""rt"":38.960554899997078,""note"":""probe_digit#7""}",2,0.016667,60,1
Sergio_G01_CNS-LLF5RV3D8,cpeeg01,ses03,20260804_153512,50:58.0,NaN,0,reading,DIGIT_READ7_OFF,122,52:16.5,78.364004,0,,5,,,,keyboard,digit#7 off,"{""value"":5,""note"":""digit#7 off"",""pd_used"":0}",2,0.016667,60,1
Sergio_G01_CNS-LLF5RV3D8,cpeeg01,ses03,20260804_153512,50:58.0,NaN,0,reading,POSTREAD_FIX7_ON,207,52:16.5,78.364004,1.700135,,,,,,keyboard,after digit#7,"{""note"":""after digit#7""}",2,0.016667,60,1
Sergio_G01_CNS-LLF5RV3D8,cpeeg01,ses03,20260804_153512,50:58.0,NaN,0,reading,POSTREAD_FIX7_OFF,222,52:18.2,80.064139,0.066614,,,,,,keyboard,after digit#7,"{""note"":""after digit#7"",""pd_used"":0}",2,0.016667,60,1
Sergio_G01_CNS-LLF5RV3D8,cpeeg01,ses03,20260804_153512,50:58.0,NaN,0,reading,DIGIT_READ8_ON,108,52:18.2,80.130753,2.176483,,6,,,,keyboard,digit#8 shown,"{""value"":6,""note"":""digit#8 shown"",""pd_used"":1}",2,0.016667,60,1
Sergio_G01_CNS-LLF5RV3D8,cpeeg01,ses03,20260804_153512,50:58.0,NaN,0,reading,PROBE_COUNT_OK_8,71,52:20.7,82.307236,0.423408,43.404923,slot#8,NaN,,,keyboard,probe_digit#8,"{""value"":""slot#8"",""entered"":null,""rt"":43.404923399910331,""note"":""probe_digit#8""}",2,0.016667,60,1
Sergio_G01_CNS-LLF5RV3D8,cpeeg01,ses03,20260804_153512,50:58.0,NaN,0,reading,DIGIT_READ8_OFF,123,52:20.8,82.730644,0,,6,,,,keyboard,digit#8 off,"{""value"":6,""note"":""digit#8 off"",""pd_used"":0}",2,0.016667,60,1
Sergio_G01_CNS-LLF5RV3D8,cpeeg01,ses03,20260804_153512,50:58.0,NaN,0,reading,POSTREAD_FIX8_ON,208,52:20.8,82.730644,1.766881,,,,,,keyboard,after digit#8,"{""note"":""after digit#8""}",2,0.016667,60,1
Sergio_G01_CNS-LLF5RV3D8,cpeeg01,ses03,20260804_153512,50:58.0,NaN,0,reading,POSTREAD_FIX8_OFF,223,52:22.6,84.497525,0.066448,,,,,,keyboard,after digit#8,"{""note"":""after digit#8"",""pd_used"":0}",2,0.016667,60,1
Sergio_G01_CNS-LLF5RV3D8,cpeeg01,ses03,20260804_153512,50:58.0,NaN,0,reading,DIGIT_READ9_ON,109,52:22.7,84.563973,4.95832,,9,,,,keyboard,digit#9 shown,"{""value"":9,""note"":""digit#9 shown"",""pd_used"":1}",2,0.016667,60,1
Sergio_G01_CNS-LLF5RV3D8,cpeeg01,ses03,20260804_153512,50:58.0,NaN,0,reading,PROBE_COUNT_OK_9,71,52:28.2,89.522293,0.64174,50.619981,slot#9,NaN,,,keyboard,probe_digit#9,"{""value"":""slot#9"",""entered"":null,""rt"":50.6199806999648,""note"":""probe_digit#9""}",2,0.016667,60,1
Sergio_G01_CNS-LLF5RV3D8,cpeeg01,ses03,20260804_153512,50:58.0,NaN,0,reading,DIGIT_READ9_OFF,124,52:28.3,90.164034,0,,9,,,,keyboard,digit#9 off,"{""value"":9,""note"":""digit#9 off"",""pd_used"":0}",2,0.016667,60,1
Sergio_G01_CNS-LLF5RV3D8,cpeeg01,ses03,20260804_153512,50:58.0,NaN,0,reading,POSTREAD_FIX9_ON,209,52:28.3,90.164034,1.649985,,,,,,keyboard,after digit#9,"{""note"":""after digit#9""}",2,0.016667,60,1
Sergio_G01_CNS-LLF5RV3D8,cpeeg01,ses03,20260804_153512,50:58.0,NaN,0,reading,POSTREAD_FIX9_OFF,224,52:29.9,91.814019,0.06665,,,,,,keyboard,after digit#9,"{""note"":""after digit#9"",""pd_used"":0}",2,0.016667,60,1
Sergio_G01_CNS-LLF5RV3D8,cpeeg01,ses03,20260804_153512,50:58.0,NaN,0,reading,DIGIT_READ10_ON,110,52:30.0,91.880669,1.102227,,7,,,,keyboard,digit#10 shown,"{""value"":7,""note"":""digit#10 shown"",""pd_used"":1}",2,0.016667,60,1
Sergio_G01_CNS-LLF5RV3D8,cpeeg01,ses03,20260804_153512,50:58.0,NaN,0,reading,PROBE_COUNT_OK_10,71,52:31.5,92.982897,0.497787,54.080584,slot#10,NaN,,,keyboard,probe_digit#10,"{""value"":""slot#10"",""entered"":null,""rt"":54.080583899980411,""note"":""probe_digit#10""}",2,0.016667,60,1
Sergio_G01_CNS-LLF5RV3D8,cpeeg01,ses03,20260804_153512,50:58.0,NaN,0,reading,DIGIT_READ10_OFF,125,52:31.6,93.480684,0,,7,,,,keyboard,digit#10 off,"{""value"":7,""note"":""digit#10 off"",""pd_used"":0}",2,0.016667,60,1
Sergio_G01_CNS-LLF5RV3D8,cpeeg01,ses03,20260804_153512,50:58.0,NaN,0,reading,POSTREAD_FIX10_ON,210,52:31.6,93.480684,1.816701,,,,,,keyboard,after digit#10,"{""note"":""after digit#10""}",2,0.016667,60,1
Sergio_G01_CNS-LLF5RV3D8,cpeeg01,ses03,20260804_153512,50:58.0,NaN,0,reading,POSTREAD_FIX10_OFF,225,52:33.4,95.297385,0.066631,,,,,,keyboard,after digit#10,"{""note"":""after digit#10"",""pd_used"":0}",2,0.016667,60,1
Sergio_G01_CNS-LLF5RV3D8,cpeeg01,ses03,20260804_153512,50:58.0,NaN,0,reading,DIGIT_READ11_ON,111,52:33.5,95.364015,3.256909,,8,,,,keyboard,digit#11 shown,"{""value"":8,""note"":""digit#11 shown"",""pd_used"":1}",2,0.016667,60,1
Sergio_G01_CNS-LLF5RV3D8,cpeeg01,ses03,20260804_153512,50:58.0,NaN,0,reading,PROBE_COUNT_OK_11,71,52:37.2,98.620924,0.626473,59.718611,slot#11,NaN,,,keyboard,probe_digit#11,"{""value"":""slot#11"",""entered"":null,""rt"":59.718611299991608,""note"":""probe_digit#11""}",2,0.016667,60,1
Sergio_G01_CNS-LLF5RV3D8,cpeeg01,ses03,20260804_153512,50:58.0,NaN,0,reading,DIGIT_READ11_OFF,126,52:37.3,99.247397,0,,8,,,,keyboard,digit#11 off,"{""value"":8,""note"":""digit#11 off"",""pd_used"":0}",2,0.016667,60,1
Sergio_G01_CNS-LLF5RV3D8,cpeeg01,ses03,20260804_153512,50:58.0,NaN,0,reading,POSTREAD_FIX11_ON,211,52:37.3,99.247397,1.766646,,,,,,keyboard,after digit#11,"{""note"":""after digit#11""}",2,0.016667,60,1
Sergio_G01_CNS-LLF5RV3D8,cpeeg01,ses03,20260804_153512,50:58.0,NaN,0,reading,POSTREAD_FIX11_OFF,226,52:39.1,101.014043,0.066657,,,,,,keyboard,after digit#11,"{""note"":""after digit#11"",""pd_used"":0}",2,0.016667,60,1
Sergio_G01_CNS-LLF5RV3D8,cpeeg01,ses03,20260804_153512,50:58.0,NaN,0,reading,DIGIT_READ12_ON,112,52:39.2,101.0807,2.580907,,0,,,,keyboard,digit#12 shown,"{""value"":0,""note"":""digit#12 shown"",""pd_used"":1}",2,0.016667,60,1
Sergio_G01_CNS-LLF5RV3D8,cpeeg01,ses03,20260804_153512,50:58.0,NaN,0,reading,PROBE_COUNT_OK_12,71,52:42.1,103.661607,0.452487,64.759295,slot#12,NaN,,,keyboard,probe_digit#12,"{""value"":""slot#12"",""entered"":null,""rt"":64.759294799994677,""note"":""probe_digit#12""}",2,0.016667,60,1
Sergio_G01_CNS-LLF5RV3D8,cpeeg01,ses03,20260804_153512,50:58.0,NaN,0,reading,DIGIT_READ12_OFF,127,52:42.2,104.114094,0,,0,,,,keyboard,digit#12 off,"{""value"":0,""note"":""digit#12 off"",""pd_used"":0}",2,0.016667,60,1
Sergio_G01_CNS-LLF5RV3D8,cpeeg01,ses03,20260804_153512,50:58.0,NaN,0,reading,POSTREAD_FIX12_ON,212,52:42.2,104.114094,1.616633,,,,,,keyboard,after digit#12,"{""note"":""after digit#12""}",2,0.016667,60,1
Sergio_G01_CNS-LLF5RV3D8,cpeeg01,ses03,20260804_153512,50:58.0,NaN,0,reading,POSTREAD_FIX12_OFF,227,52:43.8,105.730727,0.066665,,,,,,keyboard,after digit#12,"{""note"":""after digit#12"",""pd_used"":0}",2,0.016667,60,1
Sergio_G01_CNS-LLF5RV3D8,cpeeg01,ses03,20260804_153512,50:58.0,NaN,0,reading,DIGIT_READ13_ON,113,52:43.9,105.797392,3.395283,,3,,,,keyboard,digit#13 shown,"{""value"":3,""note"":""digit#13 shown"",""pd_used"":1}",2,0.016667,60,1
Sergio_G01_CNS-LLF5RV3D8,cpeeg01,ses03,20260804_153512,50:58.0,NaN,0,reading,PROBE_COUNT_OK_13,71,52:47.7,109.192675,0.504757,70.290362,slot#13,NaN,,,keyboard,probe_digit#13,"{""value"":""slot#13"",""entered"":null,""rt"":70.290362400002778,""note"":""probe_digit#13""}",2,0.016667,60,1
Sergio_G01_CNS-LLF5RV3D8,cpeeg01,ses03,20260804_153512,50:58.0,NaN,0,reading,DIGIT_READ13_OFF,128,52:47.8,109.697432,0,,3,,,,keyboard,digit#13 off,"{""value"":3,""note"":""digit#13 off"",""pd_used"":0}",2,0.016667,60,1
Sergio_G01_CNS-LLF5RV3D8,cpeeg01,ses03,20260804_153512,50:58.0,NaN,0,reading,POSTREAD_FIX13_ON,213,52:47.8,109.697432,1.900193,,,,,,keyboard,after digit#13,"{""note"":""after digit#13""}",2,0.016667,60,1
Sergio_G01_CNS-LLF5RV3D8,cpeeg01,ses03,20260804_153512,50:58.0,NaN,0,reading,POSTREAD_FIX13_OFF,228,52:49.7,111.597626,0.066455,,,,,,keyboard,after digit#13,"{""note"":""after digit#13"",""pd_used"":0}",2,0.016667,60,1
Sergio_G01_CNS-LLF5RV3D8,cpeeg01,ses03,20260804_153512,50:58.0,NaN,0,reading,DIGIT_READ14_ON,114,52:49.8,111.664081,1.06861,,4,,,,keyboard,digit#14 shown,"{""value"":4,""note"":""digit#14 shown"",""pd_used"":1}",2,0.016667,60,1
Sergio_G01_CNS-LLF5RV3D8,cpeeg01,ses03,20260804_153512,50:58.0,NaN,0,reading,PROBE_COUNT_OK_14,71,52:51.2,112.732691,0.431399,73.830379,slot#14,NaN,,,keyboard,probe_digit#14,"{""value"":""slot#14"",""entered"":null,""rt"":73.830378899932839,""note"":""probe_digit#14""}",2,0.016667,60,1
Sergio_G01_CNS-LLF5RV3D8,cpeeg01,ses03,20260804_153512,50:58.0,NaN,0,reading,DIGIT_READ14_OFF,129,52:51.3,113.164091,0,,4,,,,keyboard,digit#14 off,"{""value"":4,""note"":""digit#14 off"",""pd_used"":0}",2,0.016667,60,1
Sergio_G01_CNS-LLF5RV3D8,cpeeg01,ses03,20260804_153512,50:58.0,NaN,0,reading,POSTREAD_FIX14_ON,214,52:51.3,113.164091,1.900039,,,,,,keyboard,after digit#14,"{""note"":""after digit#14""}",2,0.016667,60,1
Sergio_G01_CNS-LLF5RV3D8,cpeeg01,ses03,20260804_153512,50:58.0,NaN,0,reading,POSTREAD_FIX14_OFF,229,52:53.2,115.064129,0.066641,,,,,,keyboard,after digit#14,"{""note"":""after digit#14"",""pd_used"":0}",2,0.016667,60,1
Sergio_G01_CNS-LLF5RV3D8,cpeeg01,ses03,20260804_153512,50:58.0,NaN,0,reading,DIGIT_READ15_ON,115,52:53.2,115.130771,1.112939,,7,,,,keyboard,digit#15 shown,"{""value"":7,""note"":""digit#15 shown"",""pd_used"":1}",2,0.016667,60,1
Sergio_G01_CNS-LLF5RV3D8,cpeeg01,ses03,20260804_153512,50:58.0,NaN,0,reading,PROBE_COUNT_OK_15,71,52:54.6,116.24371,0.387104,77.341397,slot#15,NaN,,,keyboard,probe_digit#15,"{""value"":""slot#15"",""entered"":null,""rt"":77.3413970998954,""note"":""probe_digit#15""}",2,0.016667,60,1
Sergio_G01_CNS-LLF5RV3D8,cpeeg01,ses03,20260804_153512,50:58.0,NaN,0,reading,DIGIT_READ15_OFF,130,52:54.7,116.630813,0,,7,,,,keyboard,digit#15 off,"{""value"":7,""note"":""digit#15 off"",""pd_used"":0}",2,0.016667,60,1
Sergio_G01_CNS-LLF5RV3D8,cpeeg01,ses03,20260804_153512,50:58.0,NaN,0,reading,POSTREAD_FIX15_ON,215,52:54.7,116.630813,3.283356,,,,,,keyboard,after digit#15,"{""note"":""after digit#15""}",2,0.016667,60,1
Sergio_G01_CNS-LLF5RV3D8,cpeeg01,ses03,20260804_153512,50:58.0,NaN,0,reading,POSTREAD_FIX15_OFF,230,52:58.0,119.914169,0.050071,,,,,,keyboard,after digit#15,"{""note"":""after digit#15"",""pd_used"":0}",2,0.016667,60,1
Sergio_G01_CNS-LLF5RV3D8,cpeeg01,ses03,20260804_153512,50:58.0,NaN,0,reading,READING_END,24,52:58.0,119.96424,0.049886,,,,,,keyboard,,{},2,0.016667,60,1
Sergio_G01_CNS-LLF5RV3D8,cpeeg01,ses03,20260804_153512,50:58.0,NaN,0,reading,START_PAGE_ON,4,52:58.1,120.014127,0.050004,,,,,,keyboard,,"{""pd_used"":0}",2,0.016667,60,1
Sergio_G01_CNS-LLF5RV3D8,cpeeg01,ses03,20260804_153512,50:58.0,NaN,0,reading,START_PAGE_ON,4,52:58.1,120.014127,10.213449,,,,,,keyboard,,"{""pd_used"":0}",2,0.016667,60,1
Sergio_G01_CNS-LLF5RV3D8,cpeeg01,ses03,20260804_153512,50:58.0,NaN,0,reading,START_PAGE_ON,4,52:58.1,120.014127,10.596636,,,,,,keyboard,,"{""pd_used"":0}",2,0.016667,60,1
Sergio_G01_CNS-LLF5RV3D8,cpeeg01,ses03,20260804_153512,50:58.0,NaN,1,reading,TRIAL_CHANGE,22,53:08.7,130.610763,0.001115,,,,,,keyboard,trial transition,"{""note"":""trial transition""}",2,0.016667,60,1
Sergio_G01_CNS-LLF5RV3D8,cpeeg01,ses03,20260804_153512,50:58.0,NaN,1,reading,TRIAL_START,20,53:08.7,130.611878,0.069013,,,,,,keyboard,,{},2,0.016667,60,1
Sergio_G01_CNS-LLF5RV3D8,cpeeg01,ses03,20260804_153512,50:58.0,NaN,1,fix1,FIX1_ON,30,53:08.8,130.680891,3.183308,,,,,,keyboard,,"{""pd_used"":0}",2,0.016667,60,1
Sergio_G01_CNS-LLF5RV3D8,cpeeg01,ses03,20260804_153512,50:58.0,NaN,1,fix1,FIX1_OFF,31,53:12.0,133.864199,0.049973,,,,,,keyboard,,"{""pd_used"":0}",2,0.016667,60,1
Sergio_G01_CNS-LLF5RV3D8,cpeeg01,ses03,20260804_153512,50:58.0,NaN,1,digit,DIGIT1_ON,141,53:12.0,133.914173,0.550067,,7,,,,keyboard,digit#1 shown,"{""value"":7,""note"":""digit#1 shown"",""pd_used"":1}",2,0.016667,60,1
Sergio_G01_CNS-LLF5RV3D8,cpeeg01,ses03,20260804_153512,50:58.0,NaN,1,digit,DIGIT1_OFF,146,53:12.6,134.46424,0,,7,,,,keyboard,digit#1 off,"{""value"":7,""note"":""digit#1 off"",""pd_used"":0}",2,0.016667,60,1
Sergio_G01_CNS-LLF5RV3D8,cpeeg01,ses03,20260804_153512,50:58.0,NaN,1,digit,POSTDIG_FIX1_ON,151,53:12.6,134.46424,1.683298,,,,,,keyboard,after digit#1,"{""note"":""after digit#1""}",2,0.016667,60,1
Sergio_G01_CNS-LLF5RV3D8,cpeeg01,ses03,20260804_153512,50:58.0,NaN,1,digit,POSTDIG_FIX1_OFF,156,53:14.2,136.147538,0.050031,,,,,,keyboard,after digit#1,"{""note"":""after digit#1"",""pd_used"":0}",2,0.016667,60,1
Sergio_G01_CNS-LLF5RV3D8,cpeeg01,ses03,20260804_153512,50:58.0,NaN,1,digit,DIGIT2_ON,142,53:14.3,136.19757,0.549963,,6,,,,keyboard,digit#2 shown,"{""value"":6,""note"":""digit#2 shown"",""pd_used"":1}",2,0.016667,60,1
Sergio_G01_CNS-LLF5RV3D8,cpeeg01,ses03,20260804_153512,50:58.0,NaN,1,digit,DIGIT2_OFF,147,53:14.8,136.747532,0,,6,,,,keyboard,digit#2 off,"{""value"":6,""note"":""digit#2 off"",""pd_used"":0}",2,0.016667,60,1
Sergio_G01_CNS-LLF5RV3D8,cpeeg01,ses03,20260804_153512,50:58.0,NaN,1,digit,POSTDIG_FIX2_ON,152,53:14.8,136.747532,1.950281,,,,,,keyboard,after digit#2,"{""note"":""after digit#2""}",2,0.016667,60,1
Sergio_G01_CNS-LLF5RV3D8,cpeeg01,ses03,20260804_153512,50:58.0,NaN,1,digit,POSTDIG_FIX2_OFF,157,53:16.8,138.697813,0.049709,,,,,,keyboard,after digit#2,"{""note"":""after digit#2"",""pd_used"":0}",2,0.016667,60,1
Sergio_G01_CNS-LLF5RV3D8,cpeeg01,ses03,20260804_153512,50:58.0,NaN,1,digit,DIGIT3_ON,143,53:16.8,138.747522,0.550019,,7,,,,keyboard,digit#3 shown,"{""value"":7,""note"":""digit#3 shown"",""pd_used"":1}",2,0.016667,60,1
Sergio_G01_CNS-LLF5RV3D8,cpeeg01,ses03,20260804_153512,50:58.0,NaN,1,digit,DIGIT3_OFF,148,53:17.4,139.297541,0,,7,,,,keyboard,digit#3 off,"{""value"":7,""note"":""digit#3 off"",""pd_used"":0}",2,0.016667,60,1
Sergio_G01_CNS-LLF5RV3D8,cpeeg01,ses03,20260804_153512,50:58.0,NaN,1,digit,POSTDIG_FIX3_ON,153,53:17.4,139.297541,1.56668,,,,,,keyboard,after digit#3,"{""note"":""after digit#3""}",2,0.016667,60,1
Sergio_G01_CNS-LLF5RV3D8,cpeeg01,ses03,20260804_153512,50:58.0,NaN,1,digit,POSTDIG_FIX3_OFF,158,53:19.0,140.864222,0.050016,,,,,,keyboard,after digit#3,"{""note"":""after digit#3"",""pd_used"":0}",2,0.016667,60,1
Sergio_G01_CNS-LLF5RV3D8,cpeeg01,ses03,20260804_153512,50:58.0,NaN,1,digit,DIGIT4_ON,144,53:19.0,140.914238,0.550041,,0,,,,keyboard,digit#4 shown,"{""value"":0,""note"":""digit#4 shown"",""pd_used"":1}",2,0.016667,60,1
Sergio_G01_CNS-LLF5RV3D8,cpeeg01,ses03,20260804_153512,50:58.0,NaN,1,digit,DIGIT4_OFF,149,53:19.6,141.464279,0,,0,,,,keyboard,digit#4 off,"{""value"":0,""note"":""digit#4 off"",""pd_used"":0}",2,0.016667,60,1
Sergio_G01_CNS-LLF5RV3D8,cpeeg01,ses03,20260804_153512,50:58.0,NaN,1,digit,POSTDIG_FIX4_ON,154,53:19.6,141.464279,1.983314,,,,,,keyboard,after digit#4,"{""note"":""after digit#4""}",2,0.016667,60,1
Sergio_G01_CNS-LLF5RV3D8,cpeeg01,ses03,20260804_153512,50:58.0,NaN,1,digit,POSTDIG_FIX4_OFF,159,53:21.5,143.447593,0.049976,,,,,,keyboard,after digit#4,"{""note"":""after digit#4"",""pd_used"":0}",2,0.016667,60,1
Sergio_G01_CNS-LLF5RV3D8,cpeeg01,ses03,20260804_153512,50:58.0,NaN,1,digit,DIGIT5_ON,145,53:21.6,143.497569,0.550027,,5,,,,keyboard,digit#5 shown,"{""value"":5,""note"":""digit#5 shown"",""pd_used"":1}",2,0.016667,60,1
Sergio_G01_CNS-LLF5RV3D8,cpeeg01,ses03,20260804_153512,50:58.0,NaN,1,digit,DIGIT5_OFF,150,53:22.1,144.047596,0,,5,,,,keyboard,digit#5 off,"{""value"":5,""note"":""digit#5 off"",""pd_used"":0}",2,0.016667,60,1
Sergio_G01_CNS-LLF5RV3D8,cpeeg01,ses03,20260804_153512,50:58.0,NaN,1,digit,POSTDIG_FIX5_ON,155,53:22.1,144.047596,3.099957,,,,,,keyboard,after digit#5,"{""note"":""after digit#5""}",2,0.016667,60,1
Sergio_G01_CNS-LLF5RV3D8,cpeeg01,ses03,20260804_153512,50:58.0,NaN,1,digit,POSTDIG_FIX5_OFF,160,53:25.2,147.147553,0.050039,,,,,,keyboard,after digit#5,"{""note"":""after digit#5"",""pd_used"":0}",2,0.016667,60,1
Sergio_G01_CNS-LLF5RV3D8,cpeeg01,ses03,20260804_153512,50:58.0,NaN,1,distractor,DISTRACTOR_ON,50,53:25.3,147.197592,6.057128,,3+9=12,,,,keyboard,,"{""value"":""3+9=12"",""isCorrectTruth"":true,""trueSum"":12,""pd_used"":1}",2,0.016667,60,1
Sergio_G01_CNS-LLF5RV3D8,cpeeg01,ses03,20260804_153512,50:58.0,NaN,1,distractor,DISTRACTOR_ANS,51,53:31.7,153.25472,0,6.057128,3+9=12,F,0,,keyboard,key= (False),"{""value"":""3+9=12"",""entered"":""F"",""rt"":6.0571281999582425,""correct"":0,""note"":""key= (False)"",""truth"":true,""trueSum"":12,""shownSum"":12,""a"":3,""b"":9}",2,0.016667,60,1
Sergio_G01_CNS-LLF5RV3D8,cpeeg01,ses03,20260804_153512,50:58.0,NaN,1,distractor,ANS_WRONG,200,53:31.7,153.25472,0.409595,,,,,,keyboard,,{},2,0.016667,60,1
Sergio_G01_CNS-LLF5RV3D8,cpeeg01,ses03,20260804_153512,50:58.0,NaN,1,distractor,DISTRACTOR_OFF,52,53:31.8,153.664315,0,,,,,,keyboard,,"{""pd_used"":0}",2,0.016667,60,1
Sergio_G01_CNS-LLF5RV3D8,cpeeg01,ses03,20260804_153512,50:58.0,NaN,1,distractor,FIX2_ON,60,53:31.8,153.664315,3.416665,,,,,,keyboard,immediate after response,"{""note"":""immediate after response""}",2,0.016667,60,1
Sergio_G01_CNS-LLF5RV3D8,cpeeg01,ses03,20260804_153512,50:58.0,NaN,1,fix2,FIX2_OFF,61,53:35.2,157.08098,0.050033,,,,,,keyboard,,"{""pd_used"":0}",2,0.016667,60,1
Sergio_G01_CNS-LLF5RV3D8,cpeeg01,ses03,20260804_153512,50:58.0,NaN,1,probe,DIGIT_RECALL_LINE_1,161,53:35.2,157.131012,3.220275,,1,,,,keyboard,first recall question,"{""value"":1,""note"":""first recall question"",""pd_used"":1}",2,0.016667,60,1
Sergio_G01_CNS-LLF5RV3D8,cpeeg01,ses03,20260804_153512,50:58.0,NaN,1,probe,PROBE_DIGIT_OK_1,71,53:38.7,160.351287,0.463024,3.227368,slot#1,NaN,,,keyboard,probe_digit#1,"{""value"":""slot#1"",""entered"":null,""rt"":3.2273681999649853,""note"":""probe_digit#1""}",2,0.016667,60,1
Sergio_G01_CNS-LLF5RV3D8,cpeeg01,ses03,20260804_153512,50:58.0,NaN,1,probe,DIGIT1_OFF,146,53:38.9,160.814312,0,,5,,,,keyboard,digit#1 off,"{""value"":5,""note"":""digit#1 off"",""pd_used"":0}",2,0.016667,60,1
Sergio_G01_CNS-LLF5RV3D8,cpeeg01,ses03,20260804_153512,50:58.0,NaN,1,probe,POSTDIG_FIX1_ON,151,53:38.9,160.814312,1.683365,,,,,,keyboard,after digit#1,"{""note"":""after digit#1""}",2,0.016667,60,1
Sergio_G01_CNS-LLF5RV3D8,cpeeg01,ses03,20260804_153512,50:58.0,NaN,1,probe,POSTDIG_FIX1_OFF,156,53:40.6,162.497676,0.066641,,,,,,keyboard,after digit#1,"{""note"":""after digit#1"",""pd_used"":0}",2,0.016667,60,1
Sergio_G01_CNS-LLF5RV3D8,cpeeg01,ses03,20260804_153512,50:58.0,NaN,1,probe,DIGIT_RECALL_LINE_2,162,53:40.7,162.564317,1.037523,,2,,,,keyboard,next recall question,"{""value"":2,""note"":""next recall question"",""pd_used"":1}",2,0.016667,60,1
Sergio_G01_CNS-LLF5RV3D8,cpeeg01,ses03,20260804_153512,50:58.0,NaN,1,probe,PROBE_DIGIT_OK_2,71,53:42.1,163.60184,0.562515,6.477921,slot#2,NaN,,,keyboard,probe_digit#2,"{""value"":""slot#2"",""entered"":null,""rt"":6.4779213999863714,""note"":""probe_digit#2""}",2,0.016667,60,1
Sergio_G01_CNS-LLF5RV3D8,cpeeg01,ses03,20260804_153512,50:58.0,NaN,1,probe,DIGIT2_OFF,147,53:42.3,164.164355,0,,5,,,,keyboard,digit#2 off,"{""value"":5,""note"":""digit#2 off"",""pd_used"":0}",2,0.016667,60,1
Sergio_G01_CNS-LLF5RV3D8,cpeeg01,ses03,20260804_153512,50:58.0,NaN,1,probe,POSTDIG_FIX2_ON,152,53:42.3,164.164355,1.966713,,,,,,keyboard,after digit#2,"{""note"":""after digit#2""}",2,0.016667,60,1
Sergio_G01_CNS-LLF5RV3D8,cpeeg01,ses03,20260804_153512,50:58.0,NaN,1,probe,POSTDIG_FIX2_OFF,157,53:44.2,166.131068,0.06668,,,,,,keyboard,after digit#2,"{""note"":""after digit#2"",""pd_used"":0}",2,0.016667,60,1
Sergio_G01_CNS-LLF5RV3D8,cpeeg01,ses03,20260804_153512,50:58.0,NaN,1,probe,DIGIT_RECALL_LINE_3,163,53:44.3,166.197748,1.267241,,3,,,,keyboard,next recall question,"{""value"":3,""note"":""next recall question"",""pd_used"":1}",2,0.016667,60,1
Sergio_G01_CNS-LLF5RV3D8,cpeeg01,ses03,20260804_153512,50:58.0,NaN,1,probe,PROBE_DIGIT_OK_3,71,53:45.9,167.464989,0.48269,10.34107,slot#3,NaN,,,keyboard,probe_digit#3,"{""value"":""slot#3"",""entered"":null,""rt"":10.3410700999666,""note"":""probe_digit#3""}",2,0.016667,60,1
Sergio_G01_CNS-LLF5RV3D8,cpeeg01,ses03,20260804_153512,50:58.0,NaN,1,probe,DIGIT3_OFF,148,53:46.0,167.947679,0,,5,,,,keyboard,digit#3 off,"{""value"":5,""note"":""digit#3 off"",""pd_used"":0}",2,0.016667,60,1
Sergio_G01_CNS-LLF5RV3D8,cpeeg01,ses03,20260804_153512,50:58.0,NaN,1,probe,POSTDIG_FIX3_ON,153,53:46.0,167.947679,2.000011,,,,,,keyboard,after digit#3,"{""note"":""after digit#3""}",2,0.016667,60,1
Sergio_G01_CNS-LLF5RV3D8,cpeeg01,ses03,20260804_153512,50:58.0,NaN,1,probe,POSTDIG_FIX3_OFF,158,53:48.0,169.947689,0.066658,,,,,,keyboard,after digit#3,"{""note"":""after digit#3"",""pd_used"":0}",2,0.016667,60,1
Sergio_G01_CNS-LLF5RV3D8,cpeeg01,ses03,20260804_153512,50:58.0,NaN,1,probe,DIGIT_RECALL_LINE_4,164,53:48.1,170.014347,2.152928,,4,,,,keyboard,next recall question,"{""value"":4,""note"":""next recall question"",""pd_used"":1}",2,0.016667,60,1
Sergio_G01_CNS-LLF5RV3D8,cpeeg01,ses03,20260804_153512,50:58.0,NaN,1,probe,PROBE_DIGIT_OK_4,71,53:50.7,172.167275,0.63043,15.043356,slot#4,NaN,,,keyboard,probe_digit#4,"{""value"":""slot#4"",""entered"":null,""rt"":15.043356199981645,""note"":""probe_digit#4""}",2,0.016667,60,1
Sergio_G01_CNS-LLF5RV3D8,cpeeg01,ses03,20260804_153512,50:58.0,NaN,1,probe,DIGIT4_OFF,149,53:50.9,172.797705,0,,5,,,,keyboard,digit#4 off,"{""value"":5,""note"":""digit#4 off"",""pd_used"":0}",2,0.016667,60,1
Sergio_G01_CNS-LLF5RV3D8,cpeeg01,ses03,20260804_153512,50:58.0,NaN,1,probe,POSTDIG_FIX4_ON,154,53:50.9,172.797705,1.883356,,,,,,keyboard,after digit#4,"{""note"":""after digit#4""}",2,0.016667,60,1
Sergio_G01_CNS-LLF5RV3D8,cpeeg01,ses03,20260804_153512,50:58.0,NaN,1,probe,POSTDIG_FIX4_OFF,159,53:52.8,174.681061,0.066639,,,,,,keyboard,after digit#4,"{""note"":""after digit#4"",""pd_used"":0}",2,0.016667,60,1
Sergio_G01_CNS-LLF5RV3D8,cpeeg01,ses03,20260804_153512,50:58.0,NaN,1,probe,DIGIT_RECALL_LINE_5,165,53:52.8,174.7477,0.851018,,5,,,,keyboard,next recall question,"{""value"":5,""note"":""next recall question"",""pd_used"":1}",2,0.016667,60,1
Sergio_G01_CNS-LLF5RV3D8,cpeeg01,ses03,20260804_153512,50:58.0,NaN,1,probe,PROBE_DIGIT_OK_5,71,53:54.2,175.598718,0.632346,18.474799,slot#5,NaN,,,keyboard,probe_digit#5,"{""value"":""slot#5"",""entered"":null,""rt"":18.474799199961126,""note"":""probe_digit#5""}",2,0.016667,60,1
Sergio_G01_CNS-LLF5RV3D8,cpeeg01,ses03,20260804_153512,50:58.0,NaN,1,probe,DIGIT5_OFF,150,53:54.3,176.231065,0,,5,,,,keyboard,digit#5 off,"{""value"":5,""note"":""digit#5 off"",""pd_used"":0}",2,0.016667,60,1
Sergio_G01_CNS-LLF5RV3D8,cpeeg01,ses03,20260804_153512,50:58.0,NaN,1,probe,POSTDIG_FIX5_ON,155,53:54.3,176.231065,3.116725,,,,,,keyboard,after digit#5,"{""note"":""after digit#5""}",2,0.016667,60,1
Sergio_G01_CNS-LLF5RV3D8,cpeeg01,ses03,20260804_153512,50:58.0,NaN,1,probe,POSTDIG_FIX5_OFF,160,53:57.4,179.347789,0.050096,,,,,,keyboard,after digit#5,"{""note"":""after digit#5"",""pd_used"":0}",2,0.016667,60,1
Sergio_G01_CNS-LLF5RV3D8,cpeeg01,ses03,20260804_153512,50:58.0,NaN,1,probe,PROBE_DONE,73,53:57.4,179.397885,0.000906,,,,,,keyboard,probe complete,"{""value"":"""",""note"":""probe complete""}",2,0.016667,60,1
Sergio_G01_CNS-LLF5RV3D8,cpeeg01,ses03,20260804_153512,50:58.0,NaN,1,probe,TRIAL_END,21,53:57.4,179.398791,0.099819,,,,,,keyboard,,{},2,0.016667,60,1
Sergio_G01_CNS-LLF5RV3D8,cpeeg01,ses03,20260804_153512,50:58.0,NaN,2,probe,TRIAL_CHANGE,22,53:57.5,179.498611,0.001147,,,,,,keyboard,trial transition,"{""note"":""trial transition""}",2,0.016667,60,1
Sergio_G01_CNS-LLF5RV3D8,cpeeg01,ses03,20260804_153512,50:58.0,NaN,2,probe,TRIAL_START,20,53:57.5,179.499758,0.047999,,,,,,keyboard,,{},2,0.016667,60,1
Sergio_G01_CNS-LLF5RV3D8,cpeeg01,ses03,20260804_153512,50:58.0,NaN,2,fix1,FIX1_ON,30,53:57.6,179.547756,3.249991,,,,,,keyboard,,"{""pd_used"":0}",2,0.016667,60,1
Sergio_G01_CNS-LLF5RV3D8,cpeeg01,ses03,20260804_153512,50:58.0,NaN,2,fix1,FIX1_OFF,31,54:00.9,182.797747,0.049995,,,,,,keyboard,,"{""pd_used"":0}",2,0.016667,60,1
Sergio_G01_CNS-LLF5RV3D8,cpeeg01,ses03,20260804_153512,50:58.0,NaN,2,digit,DIGIT1_ON,141,54:00.9,182.847742,0.550105,,4,,,,keyboard,digit#1 shown,"{""value"":4,""note"":""digit#1 shown"",""pd_used"":1}",2,0.016667,60,1
Sergio_G01_CNS-LLF5RV3D8,cpeeg01,ses03,20260804_153512,50:58.0,NaN,2,digit,DIGIT1_OFF,146,54:01.5,183.397847,0,,4,,,,keyboard,digit#1 off,"{""value"":4,""note"":""digit#1 off"",""pd_used"":0}",2,0.016667,60,1
Sergio_G01_CNS-LLF5RV3D8,cpeeg01,ses03,20260804_153512,50:58.0,NaN,2,digit,POSTDIG_FIX1_ON,151,54:01.5,183.397847,1.616575,,,,,,keyboard,after digit#1,"{""note"":""after digit#1""}",2,0.016667,60,1
Sergio_G01_CNS-LLF5RV3D8,cpeeg01,ses03,20260804_153512,50:58.0,NaN,2,digit,POSTDIG_FIX1_OFF,156,54:03.1,185.014422,0.049993,,,,,,keyboard,after digit#1,"{""note"":""after digit#1"",""pd_used"":0}",2,0.016667,60,1
Sergio_G01_CNS-LLF5RV3D8,cpeeg01,ses03,20260804_153512,50:58.0,NaN,2,digit,DIGIT2_ON,142,54:03.2,185.064416,0.550031,,4,,,,keyboard,digit#2 shown,"{""value"":4,""note"":""digit#2 shown"",""pd_used"":1}",2,0.016667,60,1
Sergio_G01_CNS-LLF5RV3D8,cpeeg01,ses03,20260804_153512,50:58.0,NaN,2,digit,DIGIT2_OFF,147,54:03.7,185.614447,0,,4,,,,keyboard,digit#2 off,"{""value"":4,""note"":""digit#2 off"",""pd_used"":0}",2,0.016667,60,1
Sergio_G01_CNS-LLF5RV3D8,cpeeg01,ses03,20260804_153512,50:58.0,NaN,2,digit,POSTDIG_FIX2_ON,152,54:03.7,185.614447,2.016675,,,,,,keyboard,after digit#2,"{""note"":""after digit#2""}",2,0.016667,60,1
Sergio_G01_CNS-LLF5RV3D8,cpeeg01,ses03,20260804_153512,50:58.0,NaN,2,digit,POSTDIG_FIX2_OFF,157,54:05.7,187.631122,0.049992,,,,,,keyboard,after digit#2,"{""note"":""after digit#2"",""pd_used"":0}",2,0.016667,60,1
Sergio_G01_CNS-LLF5RV3D8,cpeeg01,ses03,20260804_153512,50:58.0,NaN,2,digit,DIGIT3_ON,143,54:05.8,187.681114,0.549987,,5,,,,keyboard,digit#3 shown,"{""value"":5,""note"":""digit#3 shown"",""pd_used"":1}",2,0.016667,60,1
Sergio_G01_CNS-LLF5RV3D8,cpeeg01,ses03,20260804_153512,50:58.0,NaN,2,digit,DIGIT3_OFF,148,54:06.3,188.231101,0,,5,,,,keyboard,digit#3 off,"{""value"":5,""note"":""digit#3 off"",""pd_used"":0}",2,0.016667,60,1
Sergio_G01_CNS-LLF5RV3D8,cpeeg01,ses03,20260804_153512,50:58.0,NaN,2,digit,POSTDIG_FIX3_ON,153,54:06.3,188.231101,1.650086,,,,,,keyboard,after digit#3,"{""note"":""after digit#3""}",2,0.016667,60,1
Sergio_G01_CNS-LLF5RV3D8,cpeeg01,ses03,20260804_153512,50:58.0,NaN,2,digit,POSTDIG_FIX3_OFF,158,54:08.0,189.881187,0.049905,,,,,,keyboard,after digit#3,"{""note"":""after digit#3"",""pd_used"":0}",2,0.016667,60,1
Sergio_G01_CNS-LLF5RV3D8,cpeeg01,ses03,20260804_153512,50:58.0,NaN,2,digit,DIGIT4_ON,144,54:08.0,189.931092,0.550003,,0,,,,keyboard,digit#4 shown,"{""value"":0,""note"":""digit#4 shown"",""pd_used"":1}",2,0.016667,60,1
Sergio_G01_CNS-LLF5RV3D8,cpeeg01,ses03,20260804_153512,50:58.0,NaN,2,digit,DIGIT4_OFF,149,54:08.6,190.481095,0,,0,,,,keyboard,digit#4 off,"{""value"":0,""note"":""digit#4 off"",""pd_used"":0}",2,0.016667,60,1
Sergio_G01_CNS-LLF5RV3D8,cpeeg01,ses03,20260804_153512,50:58.0,NaN,2,digit,POSTDIG_FIX4_ON,154,54:08.6,190.481095,1.916893,,,,,,keyboard,after digit#4,"{""note"":""after digit#4""}",2,0.016667,60,1
Sergio_G01_CNS-LLF5RV3D8,cpeeg01,ses03,20260804_153512,50:58.0,NaN,2,digit,POSTDIG_FIX4_OFF,159,54:10.5,192.397988,0.049854,,,,,,keyboard,after digit#4,"{""note"":""after digit#4"",""pd_used"":0}",2,0.016667,60,1
Sergio_G01_CNS-LLF5RV3D8,cpeeg01,ses03,20260804_153512,50:58.0,NaN,2,digit,DIGIT5_ON,145,54:10.5,192.447842,0.549965,,3,,,,keyboard,digit#5 shown,"{""value"":3,""note"":""digit#5 shown"",""pd_used"":1}",2,0.016667,60,1
Sergio_G01_CNS-LLF5RV3D8,cpeeg01,ses03,20260804_153512,50:58.0,NaN,2,digit,DIGIT5_OFF,150,54:11.1,192.997807,0,,3,,,,keyboard,digit#5 off,"{""value"":3,""note"":""digit#5 off"",""pd_used"":0}",2,0.016667,60,1
Sergio_G01_CNS-LLF5RV3D8,cpeeg01,ses03,20260804_153512,50:58.0,NaN,2,digit,POSTDIG_FIX5_ON,155,54:11.1,192.997807,3.233349,,,,,,keyboard,after digit#5,"{""note"":""after digit#5""}",2,0.016667,60,1
Sergio_G01_CNS-LLF5RV3D8,cpeeg01,ses03,20260804_153512,50:58.0,NaN,2,digit,POSTDIG_FIX5_OFF,160,54:14.3,196.231156,0.050009,,,,,,keyboard,after digit#5,"{""note"":""after digit#5"",""pd_used"":0}",2,0.016667,60,1
Sergio_G01_CNS-LLF5RV3D8,cpeeg01,ses03,20260804_153512,50:58.0,NaN,2,distractor,DISTRACTOR_ON,50,54:14.4,196.281165,3.978423,,0+7=9,,,,keyboard,,"{""value"":""0+7=9"",""isCorrectTruth"":false,""trueSum"":7,""pd_used"":1}",2,0.016667,60,1
Sergio_G01_CNS-LLF5RV3D8,cpeeg01,ses03,20260804_153512,50:58.0,NaN,2,distractor,DISTRACTOR_ANS,51,54:18.6,200.259589,0,3.978423,0+7=9,F,1,,keyboard,key= (False),"{""value"":""0+7=9"",""entered"":""F"",""rt"":3.9784234999679029,""correct"":1,""note"":""key= (False)"",""truth"":false,""trueSum"":7,""shownSum"":9,""a"":0,""b"":7}",2,0.016667,60,1
Sergio_G01_CNS-LLF5RV3D8,cpeeg01,ses03,20260804_153512,50:58.0,NaN,2,distractor,ANS_CORRECT,100,54:18.7,200.259589,0.37156,,,,,,keyboard,,{},2,0.016667,60,1
Sergio_G01_CNS-LLF5RV3D8,cpeeg01,ses03,20260804_153512,50:58.0,NaN,2,distractor,DISTRACTOR_OFF,52,54:18.7,200.631149,0,,,,,,keyboard,,"{""pd_used"":0}",2,0.016667,60,1
Sergio_G01_CNS-LLF5RV3D8,cpeeg01,ses03,20260804_153512,50:58.0,NaN,2,distractor,FIX2_ON,60,54:18.7,200.631149,3.550038,,,,,,keyboard,immediate after response,"{""note"":""immediate after response""}",2,0.016667,60,1
Sergio_G01_CNS-LLF5RV3D8,cpeeg01,ses03,20260804_153512,50:58.0,NaN,2,fix2,FIX2_OFF,61,54:22.3,204.181188,0.050026,,,,,,keyboard,,"{""pd_used"":0}",2,0.016667,60,1
Sergio_G01_CNS-LLF5RV3D8,cpeeg01,ses03,20260804_153512,50:58.0,NaN,2,probe,DIGIT_RECALL_LINE_1,161,54:22.3,204.231214,2.385062,,1,,,,keyboard,first recall question,"{""value"":1,""note"":""first recall question"",""pd_used"":1}",2,0.016667,60,1
Sergio_G01_CNS-LLF5RV3D8,cpeeg01,ses03,20260804_153512,50:58.0,NaN,2,probe,PROBE_DIGIT_OK_1,71,54:25.0,206.616276,0.448255,2.391767,slot#1,NaN,,,keyboard,probe_digit#1,"{""value"":""slot#1"",""entered"":null,""rt"":2.3917672000825405,""note"":""probe_digit#1""}",2,0.016667,60,1
Sergio_G01_CNS-LLF5RV3D8,cpeeg01,ses03,20260804_153512,50:58.0,NaN,2,probe,DIGIT1_OFF,146,54:25.2,207.064531,0,,3,,,,keyboard,digit#1 off,"{""value"":3,""note"":""digit#1 off"",""pd_used"":0}",2,0.016667,60,1
Sergio_G01_CNS-LLF5RV3D8,cpeeg01,ses03,20260804_153512,50:58.0,NaN,2,probe,POSTDIG_FIX1_ON,151,54:25.2,207.064531,1.98342,,,,,,keyboard,after digit#1,"{""note"":""after digit#1""}",2,0.016667,60,1
Sergio_G01_CNS-LLF5RV3D8,cpeeg01,ses03,20260804_153512,50:58.0,NaN,2,probe,POSTDIG_FIX1_OFF,156,54:27.1,209.047952,0.066578,,,,,,keyboard,after digit#1,"{""note"":""after digit#1"",""pd_used"":0}",2,0.016667,60,1
Sergio_G01_CNS-LLF5RV3D8,cpeeg01,ses03,20260804_153512,50:58.0,NaN,2,probe,DIGIT_RECALL_LINE_2,162,54:27.2,209.11453,3.275919,,2,,,,keyboard,next recall question,"{""value"":2,""note"":""next recall question"",""pd_used"":1}",2,0.016667,60,1
Sergio_G01_CNS-LLF5RV3D8,cpeeg01,ses03,20260804_153512,50:58.0,NaN,2,probe,PROBE_DIGIT_OK_2,71,54:30.8,212.390449,0.490763,8.16594,slot#2,NaN,,,keyboard,probe_digit#2,"{""value"":""slot#2"",""entered"":null,""rt"":8.1659402000950649,""note"":""probe_digit#2""}",2,0.016667,60,1
Sergio_G01_CNS-LLF5RV3D8,cpeeg01,ses03,20260804_153512,50:58.0,NaN,2,probe,DIGIT2_OFF,147,54:31.0,212.881212,0,,3,,,,keyboard,digit#2 off,"{""value"":3,""note"":""digit#2 off"",""pd_used"":0}",2,0.016667,60,1
Sergio_G01_CNS-LLF5RV3D8,cpeeg01,ses03,20260804_153512,50:58.0,NaN,2,probe,POSTDIG_FIX2_ON,152,54:31.0,212.881212,1.766694,,,,,,keyboard,after digit#2,"{""note"":""after digit#2""}",2,0.016667,60,1
Sergio_G01_CNS-LLF5RV3D8,cpeeg01,ses03,20260804_153512,50:58.0,NaN,2,probe,POSTDIG_FIX2_OFF,157,54:32.7,214.647907,0.066658,,,,,,keyboard,after digit#2,"{""note"":""after digit#2"",""pd_used"":0}",2,0.016667,60,1
Sergio_G01_CNS-LLF5RV3D8,cpeeg01,ses03,20260804_153512,50:58.0,NaN,2,probe,DIGIT_RECALL_LINE_3,163,54:32.8,214.714565,4.657726,,3,,,,keyboard,next recall question,"{""value"":3,""note"":""next recall question"",""pd_used"":1}",2,0.016667,60,1
Sergio_G01_CNS-LLF5RV3D8,cpeeg01,ses03,20260804_153512,50:58.0,NaN,2,probe,PROBE_DIGIT_OK_3,71,54:37.9,219.372291,0.575663,15.147782,slot#3,NaN,,,keyboard,probe_digit#3,"{""value"":""slot#3"",""entered"":null,""rt"":15.147781900013797,""note"":""probe_digit#3""}",2,0.016667,60,1
Sergio_G01_CNS-LLF5RV3D8,cpeeg01,ses03,20260804_153512,50:58.0,NaN,2,probe,DIGIT3_OFF,148,54:38.0,219.947954,0,,3,,,,keyboard,digit#3 off,"{""value"":3,""note"":""digit#3 off"",""pd_used"":0}",2,0.016667,60,1
Sergio_G01_CNS-LLF5RV3D8,cpeeg01,ses03,20260804_153512,50:58.0,NaN,2,probe,POSTDIG_FIX3_ON,153,54:38.0,219.947954,2.033311,,,,,,keyboard,after digit#3,"{""note"":""after digit#3""}",2,0.016667,60,1
Sergio_G01_CNS-LLF5RV3D8,cpeeg01,ses03,20260804_153512,50:58.0,NaN,2,probe,POSTDIG_FIX3_OFF,158,54:40.1,221.981265,0.066689,,,,,,keyboard,after digit#3,"{""note"":""after digit#3"",""pd_used"":0}",2,0.016667,60,1
Sergio_G01_CNS-LLF5RV3D8,cpeeg01,ses03,20260804_153512,50:58.0,NaN,2,probe,DIGIT_RECALL_LINE_4,164,54:40.1,222.047954,1.971635,,4,,,,keyboard,next recall question,"{""value"":4,""note"":""next recall question"",""pd_used"":1}",2,0.016667,60,1
Sergio_G01_CNS-LLF5RV3D8,cpeeg01,ses03,20260804_153512,50:58.0,NaN,2,probe,PROBE_DIGIT_OK_4,71,54:42.4,224.019589,0.428394,19.79508,slot#4,NaN,,,keyboard,probe_digit#4,"{""value"":""slot#4"",""entered"":null,""rt"":19.795080100069754,""note"":""probe_digit#4""}",2,0.016667,60,1
Sergio_G01_CNS-LLF5RV3D8,cpeeg01,ses03,20260804_153512,50:58.0,NaN,2,probe,DIGIT4_OFF,149,54:42.5,224.447983,0,,3,,,,keyboard,digit#4 off,"{""value"":3,""note"":""digit#4 off"",""pd_used"":0}",2,0.016667,60,1
Sergio_G01_CNS-LLF5RV3D8,cpeeg01,ses03,20260804_153512,50:58.0,NaN,2,probe,POSTDIG_FIX4_ON,154,54:42.5,224.447983,1.850278,,,,,,keyboard,after digit#4,"{""note"":""after digit#4""}",2,0.016667,60,1
Sergio_G01_CNS-LLF5RV3D8,cpeeg01,ses03,20260804_153512,50:58.0,NaN,2,probe,POSTDIG_FIX4_OFF,159,54:44.4,226.298261,0.066372,,,,,,keyboard,after digit#4,"{""note"":""after digit#4"",""pd_used"":0}",2,0.016667,60,1
Sergio_G01_CNS-LLF5RV3D8,cpeeg01,ses03,20260804_153512,50:58.0,NaN,2,probe,DIGIT_RECALL_LINE_5,165,54:44.5,226.364633,4.370163,,5,,,,keyboard,next recall question,"{""value"":5,""note"":""next recall question"",""pd_used"":1}",2,0.016667,60,1
Sergio_G01_CNS-LLF5RV3D8,cpeeg01,ses03,20260804_153512,50:58.0,NaN,2,probe,PROBE_DIGIT_OK_5,71,54:49.1,230.734796,0.479865,26.510287,slot#5,NaN,,,keyboard,probe_digit#5,"{""value"":""slot#5"",""entered"":null,""rt"":26.510286900098436,""note"":""probe_digit#5""}",2,0.016667,60,1
Sergio_G01_CNS-LLF5RV3D8,cpeeg01,ses03,20260804_153512,50:58.0,NaN,2,probe,DIGIT5_OFF,150,54:49.3,231.214661,0,,3,,,,keyboard,digit#5 off,"{""value"":3,""note"":""digit#5 off"",""pd_used"":0}",2,0.016667,60,1
Sergio_G01_CNS-LLF5RV3D8,cpeeg01,ses03,20260804_153512,50:58.0,NaN,2,probe,POSTDIG_FIX5_ON,155,54:49.3,231.214661,3.349993,,,,,,keyboard,after digit#5,"{""note"":""after digit#5""}",2,0.016667,60,1
Sergio_G01_CNS-LLF5RV3D8,cpeeg01,ses03,20260804_153512,50:58.0,NaN,2,probe,POSTDIG_FIX5_OFF,160,54:52.7,234.564654,0.050143,,,,,,keyboard,after digit#5,"{""note"":""after digit#5"",""pd_used"":0}",2,0.016667,60,1
Sergio_G01_CNS-LLF5RV3D8,cpeeg01,ses03,20260804_153512,50:58.0,NaN,2,probe,PROBE_DONE,73,54:52.7,234.614797,0.000881,,,,,,keyboard,probe complete,"{""value"":"""",""note"":""probe complete""}",2,0.016667,60,1
Sergio_G01_CNS-LLF5RV3D8,cpeeg01,ses03,20260804_153512,50:58.0,NaN,2,probe,TRIAL_END,21,54:52.7,234.615678,0.099089,,,,,,keyboard,,{},2,0.016667,60,1
Sergio_G01_CNS-LLF5RV3D8,cpeeg01,ses03,20260804_153512,50:58.0,NaN,3,probe,TRIAL_CHANGE,22,54:52.8,234.714767,0.001511,,,,,,keyboard,trial transition,"{""note"":""trial transition""}",2,0.016667,60,1
Sergio_G01_CNS-LLF5RV3D8,cpeeg01,ses03,20260804_153512,50:58.0,NaN,3,probe,TRIAL_START,20,54:52.8,234.716278,0.048361,,,,,,keyboard,,{},2,0.016667,60,1
Sergio_G01_CNS-LLF5RV3D8,cpeeg01,ses03,20260804_153512,50:58.0,NaN,3,fix1,FIX1_ON,30,54:52.9,234.764639,3.100036,,,,,,keyboard,,"{""pd_used"":0}",2,0.016667,60,1
Sergio_G01_CNS-LLF5RV3D8,cpeeg01,ses03,20260804_153512,50:58.0,NaN,3,fix1,FIX1_OFF,31,54:56.0,237.864675,0.049974,,,,,,keyboard,,"{""pd_used"":0}",2,0.016667,60,1
Sergio_G01_CNS-LLF5RV3D8,cpeeg01,ses03,20260804_153512,50:58.0,NaN,3,digit,DIGIT1_ON,141,54:56.0,237.914649,0.550016,,2,,,,keyboard,digit#1 shown,"{""value"":2,""note"":""digit#1 shown"",""pd_used"":1}",2,0.016667,60,1
Sergio_G01_CNS-LLF5RV3D8,cpeeg01,ses03,20260804_153512,50:58.0,NaN,3,digit,DIGIT1_OFF,146,54:56.6,238.464665,0,,2,,,,keyboard,digit#1 off,"{""value"":2,""note"":""digit#1 off"",""pd_used"":0}",2,0.016667,60,1
Sergio_G01_CNS-LLF5RV3D8,cpeeg01,ses03,20260804_153512,50:58.0,NaN,3,digit,POSTDIG_FIX1_ON,151,54:56.6,238.464665,2.016701,,,,,,keyboard,after digit#1,"{""note"":""after digit#1""}",2,0.016667,60,1
Sergio_G01_CNS-LLF5RV3D8,cpeeg01,ses03,20260804_153512,50:58.0,NaN,3,digit,POSTDIG_FIX1_OFF,156,54:58.6,240.481366,0.049956,,,,,,keyboard,after digit#1,"{""note"":""after digit#1"",""pd_used"":0}",2,0.016667,60,1
Sergio_G01_CNS-LLF5RV3D8,cpeeg01,ses03,20260804_153512,50:58.0,NaN,3,digit,DIGIT2_ON,142,54:58.6,240.531322,0.550001,,5,,,,keyboard,digit#2 shown,"{""value"":5,""note"":""digit#2 shown"",""pd_used"":1}",2,0.016667,60,1
Sergio_G01_CNS-LLF5RV3D8,cpeeg01,ses03,20260804_153512,50:58.0,NaN,3,digit,DIGIT2_OFF,147,54:59.2,241.081323,0,,5,,,,keyboard,digit#2 off,"{""value"":5,""note"":""digit#2 off"",""pd_used"":0}",2,0.016667,60,1
Sergio_G01_CNS-LLF5RV3D8,cpeeg01,ses03,20260804_153512,50:58.0,NaN,3,digit,POSTDIG_FIX2_ON,152,54:59.2,241.081323,1.817012,,,,,,keyboard,after digit#2,"{""note"":""after digit#2""}",2,0.016667,60,1
Sergio_G01_CNS-LLF5RV3D8,cpeeg01,ses03,20260804_153512,50:58.0,NaN,3,digit,POSTDIG_FIX2_OFF,157,55:01.0,242.898335,0.049694,,,,,,keyboard,after digit#2,"{""note"":""after digit#2"",""pd_used"":0}",2,0.016667,60,1
Sergio_G01_CNS-LLF5RV3D8,cpeeg01,ses03,20260804_153512,50:58.0,NaN,3,digit,DIGIT3_ON,143,55:01.0,242.948028,0.550044,,4,,,,keyboard,digit#3 shown,"{""value"":4,""note"":""digit#3 shown"",""pd_used"":1}",2,0.016667,60,1
Sergio_G01_CNS-LLF5RV3D8,cpeeg01,ses03,20260804_153512,50:58.0,NaN,3,digit,DIGIT3_OFF,148,55:01.6,243.498072,0,,4,,,,keyboard,digit#3 off,"{""value"":4,""note"":""digit#3 off"",""pd_used"":0}",2,0.016667,60,1
Sergio_G01_CNS-LLF5RV3D8,cpeeg01,ses03,20260804_153512,50:58.0,NaN,3,digit,POSTDIG_FIX3_ON,153,55:01.6,243.498072,1.600262,,,,,,keyboard,after digit#3,"{""note"":""after digit#3""}",2,0.016667,60,1
Sergio_G01_CNS-LLF5RV3D8,cpeeg01,ses03,20260804_153512,50:58.0,NaN,3,digit,POSTDIG_FIX3_OFF,158,55:03.2,245.098334,0.049738,,,,,,keyboard,after digit#3,"{""note"":""after digit#3"",""pd_used"":0}",2,0.016667,60,1
Sergio_G01_CNS-LLF5RV3D8,cpeeg01,ses03,20260804_153512,50:58.0,NaN,3,digit,DIGIT4_ON,144,55:03.2,245.148072,0.549998,,6,,,,keyboard,digit#4 shown,"{""value"":6,""note"":""digit#4 shown"",""pd_used"":1}",2,0.016667,60,1
Sergio_G01_CNS-LLF5RV3D8,cpeeg01,ses03,20260804_153512,50:58.0,NaN,3,digit,DIGIT4_OFF,149,55:03.8,245.69807,0,,6,,,,keyboard,digit#4 off,"{""value"":6,""note"":""digit#4 off"",""pd_used"":0}",2,0.016667,60,1
Sergio_G01_CNS-LLF5RV3D8,cpeeg01,ses03,20260804_153512,50:58.0,NaN,3,digit,POSTDIG_FIX4_ON,154,55:03.8,245.69807,1.750001,,,,,,keyboard,after digit#4,"{""note"":""after digit#4""}",2,0.016667,60,1
Sergio_G01_CNS-LLF5RV3D8,cpeeg01,ses03,20260804_153512,50:58.0,NaN,3,digit,POSTDIG_FIX4_OFF,159,55:05.5,247.448071,0.050005,,,,,,keyboard,after digit#4,"{""note"":""after digit#4"",""pd_used"":0}",2,0.016667,60,1
Sergio_G01_CNS-LLF5RV3D8,cpeeg01,ses03,20260804_153512,50:58.0,NaN,3,digit,DIGIT5_ON,145,55:05.6,247.498076,0.550133,,7,,,,keyboard,digit#5 shown,"{""value"":7,""note"":""digit#5 shown"",""pd_used"":1}",2,0.016667,60,1
Sergio_G01_CNS-LLF5RV3D8,cpeeg01,ses03,20260804_153512,50:58.0,NaN,3,digit,DIGIT5_OFF,150,55:06.1,248.048209,0,,7,,,,keyboard,digit#5 off,"{""value"":7,""note"":""digit#5 off"",""pd_used"":0}",2,0.016667,60,1
Sergio_G01_CNS-LLF5RV3D8,cpeeg01,ses03,20260804_153512,50:58.0,NaN,3,digit,POSTDIG_FIX5_ON,155,55:06.1,248.048209,3.366541,,,,,,keyboard,after digit#5,"{""note"":""after digit#5""}",2,0.016667,60,1
Sergio_G01_CNS-LLF5RV3D8,cpeeg01,ses03,20260804_153512,50:58.0,NaN,3,digit,POSTDIG_FIX5_OFF,160,55:09.5,251.414749,0.049955,,,,,,keyboard,after digit#5,"{""note"":""after digit#5"",""pd_used"":0}",2,0.016667,60,1
Sergio_G01_CNS-LLF5RV3D8,cpeeg01,ses03,20260804_153512,50:58.0,NaN,3,distractor,DISTRACTOR_ON,50,55:09.6,251.464705,18.960453,,3+2=6,,,,keyboard,,"{""value"":""3+2=6"",""isCorrectTruth"":false,""trueSum"":5,""pd_used"":1}",2,0.016667,60,1
Sergio_G01_CNS-LLF5RV3D8,cpeeg01,ses03,20260804_153512,50:58.0,NaN,3,distractor,DISTRACTOR_ANS,51,55:28.8,270.425158,0,18.960453,3+2=6,F,1,,keyboard,key= (False),"{""value"":""3+2=6"",""entered"":""F"",""rt"":18.960452899918891,""correct"":1,""note"":""key= (False)"",""truth"":false,""trueSum"":5,""shownSum"":6,""a"":3,""b"":2}",2,0.016667,60,1
Sergio_G01_CNS-LLF5RV3D8,cpeeg01,ses03,20260804_153512,50:58.0,NaN,3,distractor,ANS_CORRECT,100,55:28.8,270.425158,0.372989,,,,,,keyboard,,{},2,0.016667,60,1
Sergio_G01_CNS-LLF5RV3D8,cpeeg01,ses03,20260804_153512,50:58.0,NaN,3,distractor,DISTRACTOR_OFF,52,55:28.9,270.798147,0,,,,,,keyboard,,"{""pd_used"":0}",2,0.016667,60,1
Sergio_G01_CNS-LLF5RV3D8,cpeeg01,ses03,20260804_153512,50:58.0,NaN,3,distractor,FIX2_ON,60,55:28.9,270.798147,3.283297,,,,,,keyboard,immediate after response,"{""note"":""immediate after response""}",2,0.016667,60,1
Sergio_G01_CNS-LLF5RV3D8,cpeeg01,ses03,20260804_153512,50:58.0,NaN,3,fix2,FIX2_OFF,61,55:32.2,274.081444,0.050009,,,,,,keyboard,,"{""pd_used"":0}",2,0.016667,60,1
Sergio_G01_CNS-LLF5RV3D8,cpeeg01,ses03,20260804_153512,50:58.0,NaN,3,probe,DIGIT_RECALL_LINE_1,161,55:32.2,274.131454,3.036733,,1,,,,keyboard,first recall question,"{""value"":1,""note"":""first recall question"",""pd_used"":1}",2,0.016667,60,1
Sergio_G01_CNS-LLF5RV3D8,cpeeg01,ses03,20260804_153512,50:58.0,NaN,3,probe,PROBE_DIGIT_OK_1,71,55:35.9,277.168186,0.763314,3.043811,slot#1,NaN,,,keyboard,probe_digit#1,"{""value"":""slot#1"",""entered"":null,""rt"":3.0438107999507338,""note"":""probe_digit#1""}",2,0.016667,60,1
Sergio_G01_CNS-LLF5RV3D8,cpeeg01,ses03,20260804_153512,50:58.0,NaN,3,probe,DIGIT1_OFF,146,55:36.0,277.9315,0,,7,,,,keyboard,digit#1 off,"{""value"":7,""note"":""digit#1 off"",""pd_used"":0}",2,0.016667,60,1
Sergio_G01_CNS-LLF5RV3D8,cpeeg01,ses03,20260804_153512,50:58.0,NaN,3,probe,POSTDIG_FIX1_ON,151,55:36.0,277.9315,1.916689,,,,,,keyboard,after digit#1,"{""note"":""after digit#1""}",2,0.016667,60,1
Sergio_G01_CNS-LLF5RV3D8,cpeeg01,ses03,20260804_153512,50:58.0,NaN,3,probe,POSTDIG_FIX1_OFF,156,55:37.9,279.848189,0.066668,,,,,,keyboard,after digit#1,"{""note"":""after digit#1"",""pd_used"":0}",2,0.016667,60,1
Sergio_G01_CNS-LLF5RV3D8,cpeeg01,ses03,20260804_153512,50:58.0,NaN,3,probe,DIGIT_RECALL_LINE_2,162,55:38.0,279.914857,1.565212,,2,,,,keyboard,next recall question,"{""value"":2,""note"":""next recall question"",""pd_used"":1}",2,0.016667,60,1
Sergio_G01_CNS-LLF5RV3D8,cpeeg01,ses03,20260804_153512,50:58.0,NaN,3,probe,PROBE_DIGIT_OK_2,71,55:40.0,281.480069,0.551469,7.355693,slot#2,NaN,,,keyboard,probe_digit#2,"{""value"":""slot#2"",""entered"":null,""rt"":7.3556933000218123,""note"":""probe_digit#2""}",2,0.016667,60,1
Sergio_G01_CNS-LLF5RV3D8,cpeeg01,ses03,20260804_153512,50:58.0,NaN,3,probe,DIGIT2_OFF,147,55:40.1,282.031538,0,,7,,,,keyboard,digit#2 off,"{""value"":7,""note"":""digit#2 off"",""pd_used"":0}",2,0.016667,60,1
Sergio_G01_CNS-LLF5RV3D8,cpeeg01,ses03,20260804_153512,50:58.0,NaN,3,probe,POSTDIG_FIX2_ON,152,55:40.1,282.031538,1.950033,,,,,,keyboard,after digit#2,"{""note"":""after digit#2""}",2,0.016667,60,1
Sergio_G01_CNS-LLF5RV3D8,cpeeg01,ses03,20260804_153512,50:58.0,NaN,3,probe,POSTDIG_FIX2_OFF,157,55:42.1,283.981571,0.06663,,,,,,keyboard,after digit#2,"{""note"":""after digit#2"",""pd_used"":0}",2,0.016667,60,1
Sergio_G01_CNS-LLF5RV3D8,cpeeg01,ses03,20260804_153512,50:58.0,NaN,3,probe,DIGIT_RECALL_LINE_3,163,55:42.1,284.048202,1.347565,,3,,,,keyboard,next recall question,"{""value"":3,""note"":""next recall question"",""pd_used"":1}",2,0.016667,60,1
Sergio_G01_CNS-LLF5RV3D8,cpeeg01,ses03,20260804_153512,50:58.0,NaN,3,probe,PROBE_DIGIT_OK_3,71,55:43.9,285.395767,0.585787,11.271392,slot#3,NaN,,,keyboard,probe_digit#3,"{""value"":""slot#3"",""entered"":null,""rt"":11.2713915000204,""note"":""probe_digit#3""}",2,0.016667,60,1
Sergio_G01_CNS-LLF5RV3D8,cpeeg01,ses03,20260804_153512,50:58.0,NaN,3,probe,DIGIT3_OFF,148,55:44.1,285.981554,0,,7,,,,keyboard,digit#3 off,"{""value"":7,""note"":""digit#3 off"",""pd_used"":0}",2,0.016667,60,1
Sergio_G01_CNS-LLF5RV3D8,cpeeg01,ses03,20260804_153512,50:58.0,NaN,3,probe,POSTDIG_FIX3_ON,153,55:44.1,285.981554,1.916985,,,,,,keyboard,after digit#3,"{""note"":""after digit#3""}",2,0.016667,60,1
Sergio_G01_CNS-LLF5RV3D8,cpeeg01,ses03,20260804_153512,50:58.0,NaN,3,probe,POSTDIG_FIX3_OFF,158,55:46.0,287.898538,0.066348,,,,,,keyboard,after digit#3,"{""note"":""after digit#3"",""pd_used"":0}",2,0.016667,60,1
Sergio_G01_CNS-LLF5RV3D8,cpeeg01,ses03,20260804_153512,50:58.0,NaN,3,probe,DIGIT_RECALL_LINE_4,164,55:46.1,287.964887,1.291372,,4,,,,keyboard,next recall question,"{""value"":4,""note"":""next recall question"",""pd_used"":1}",2,0.016667,60,1
Sergio_G01_CNS-LLF5RV3D8,cpeeg01,ses03,20260804_153512,50:58.0,NaN,3,probe,PROBE_DIGIT_OK_4,71,55:47.7,289.256259,0.475289,15.131883,slot#4,NaN,,,keyboard,probe_digit#4,"{""value"":""slot#4"",""entered"":null,""rt"":15.131883300025947,""note"":""probe_digit#4""}",2,0.016667,60,1
Sergio_G01_CNS-LLF5RV3D8,cpeeg01,ses03,20260804_153512,50:58.0,NaN,3,probe,DIGIT4_OFF,149,55:47.8,289.731548,0,,7,,,,keyboard,digit#4 off,"{""value"":7,""note"":""digit#4 off"",""pd_used"":0}",2,0.016667,60,1
Sergio_G01_CNS-LLF5RV3D8,cpeeg01,ses03,20260804_153512,50:58.0,NaN,3,probe,POSTDIG_FIX4_ON,154,55:47.8,289.731548,1.867024,,,,,,keyboard,after digit#4,"{""note"":""after digit#4""}",2,0.016667,60,1
Sergio_G01_CNS-LLF5RV3D8,cpeeg01,ses03,20260804_153512,50:58.0,NaN,3,probe,POSTDIG_FIX4_OFF,159,55:49.7,291.598572,0.06646,,,,,,keyboard,after digit#4,"{""note"":""after digit#4"",""pd_used"":0}",2,0.016667,60,1
Sergio_G01_CNS-LLF5RV3D8,cpeeg01,ses03,20260804_153512,50:58.0,NaN,3,probe,DIGIT_RECALL_LINE_5,165,55:49.8,291.665031,1.968987,,5,,,,keyboard,next recall question,"{""value"":5,""note"":""next recall question"",""pd_used"":1}",2,0.016667,60,1
Sergio_G01_CNS-LLF5RV3D8,cpeeg01,ses03,20260804_153512,50:58.0,NaN,3,probe,PROBE_DIGIT_OK_5,71,55:52.0,293.634018,0.447572,19.509642,slot#5,NaN,,,keyboard,probe_digit#5,"{""value"":""slot#5"",""entered"":null,""rt"":19.509642499964684,""note"":""probe_digit#5""}",2,0.016667,60,1
Sergio_G01_CNS-LLF5RV3D8,cpeeg01,ses03,20260804_153512,50:58.0,NaN,3,probe,DIGIT5_OFF,150,55:52.2,294.08159,0,,7,,,,keyboard,digit#5 off,"{""value"":7,""note"":""digit#5 off"",""pd_used"":0}",2,0.016667,60,1
Sergio_G01_CNS-LLF5RV3D8,cpeeg01,ses03,20260804_153512,50:58.0,NaN,3,probe,POSTDIG_FIX5_ON,155,55:52.2,294.08159,3.100003,,,,,,keyboard,after digit#5,"{""note"":""after digit#5""}",2,0.016667,60,1
Sergio_G01_CNS-LLF5RV3D8,cpeeg01,ses03,20260804_153512,50:58.0,NaN,3,probe,POSTDIG_FIX5_OFF,160,55:55.3,297.181593,0.050505,,,,,,keyboard,after digit#5,"{""note"":""after digit#5"",""pd_used"":0}",2,0.016667,60,1
Sergio_G01_CNS-LLF5RV3D8,cpeeg01,ses03,20260804_153512,50:58.0,NaN,3,probe,PROBE_DONE,73,55:55.3,297.232098,0.000983,,,,,,keyboard,probe complete,"{""value"":"""",""note"":""probe complete""}",2,0.016667,60,1
Sergio_G01_CNS-LLF5RV3D8,cpeeg01,ses03,20260804_153512,50:58.0,NaN,3,probe,TRIAL_END,21,55:55.3,297.233081,0.110803,,,,,,keyboard,,{},2,0.016667,60,1
Sergio_G01_CNS-LLF5RV3D8,cpeeg01,ses03,20260804_153512,50:58.0,NaN,4,probe,TRIAL_CHANGE,22,55:55.4,297.343884,0.001458,,,,,,keyboard,trial transition,"{""note"":""trial transition""}",2,0.016667,60,1
Sergio_G01_CNS-LLF5RV3D8,cpeeg01,ses03,20260804_153512,50:58.0,NaN,4,probe,TRIAL_START,20,55:55.4,297.345342,0.052916,,,,,,keyboard,,{},2,0.016667,60,1
Sergio_G01_CNS-LLF5RV3D8,cpeeg01,ses03,20260804_153512,50:58.0,NaN,4,fix1,FIX1_ON,30,55:55.5,297.398258,3.433312,,,,,,keyboard,,"{""pd_used"":0}",2,0.016667,60,1
Sergio_G01_CNS-LLF5RV3D8,cpeeg01,ses03,20260804_153512,50:58.0,NaN,4,fix1,FIX1_OFF,31,55:58.9,300.83157,0.050053,,,,,,keyboard,,"{""pd_used"":0}",2,0.016667,60,1
Sergio_G01_CNS-LLF5RV3D8,cpeeg01,ses03,20260804_153512,50:58.0,NaN,4,digit,DIGIT1_ON,141,55:59.0,300.881623,0.549977,,4,,,,keyboard,digit#1 shown,"{""value"":4,""note"":""digit#1 shown"",""pd_used"":1}",2,0.016667,60,1
Sergio_G01_CNS-LLF5RV3D8,cpeeg01,ses03,20260804_153512,50:58.0,NaN,4,digit,DIGIT1_OFF,146,55:59.5,301.431601,0,,4,,,,keyboard,digit#1 off,"{""value"":4,""note"":""digit#1 off"",""pd_used"":0}",2,0.016667,60,1
Sergio_G01_CNS-LLF5RV3D8,cpeeg01,ses03,20260804_153512,50:58.0,NaN,4,digit,POSTDIG_FIX1_ON,151,55:59.5,301.431601,1.750024,,,,,,keyboard,after digit#1,"{""note"":""after digit#1""}",2,0.016667,60,1
Sergio_G01_CNS-LLF5RV3D8,cpeeg01,ses03,20260804_153512,50:58.0,NaN,4,digit,POSTDIG_FIX1_OFF,156,56:01.3,303.181624,0.049992,,,,,,keyboard,after digit#1,"{""note"":""after digit#1"",""pd_used"":0}",2,0.016667,60,1
Sergio_G01_CNS-LLF5RV3D8,cpeeg01,ses03,20260804_153512,50:58.0,NaN,4,digit,DIGIT2_ON,142,56:01.3,303.231616,0.549977,,0,,,,keyboard,digit#2 shown,"{""value"":0,""note"":""digit#2 shown"",""pd_used"":1}",2,0.016667,60,1
Sergio_G01_CNS-LLF5RV3D8,cpeeg01,ses03,20260804_153512,50:58.0,NaN,4,digit,DIGIT2_OFF,147,56:01.9,303.781594,0,,0,,,,keyboard,digit#2 off,"{""value"":0,""note"":""digit#2 off"",""pd_used"":0}",2,0.016667,60,1
Sergio_G01_CNS-LLF5RV3D8,cpeeg01,ses03,20260804_153512,50:58.0,NaN,4,digit,POSTDIG_FIX2_ON,152,56:01.9,303.781594,1.883347,,,,,,keyboard,after digit#2,"{""note"":""after digit#2""}",2,0.016667,60,1
Sergio_G01_CNS-LLF5RV3D8,cpeeg01,ses03,20260804_153512,50:58.0,NaN,4,digit,POSTDIG_FIX2_OFF,157,56:03.8,305.664941,0.050017,,,,,,keyboard,after digit#2,"{""note"":""after digit#2"",""pd_used"":0}",2,0.016667,60,1
Sergio_G01_CNS-LLF5RV3D8,cpeeg01,ses03,20260804_153512,50:58.0,NaN,4,digit,DIGIT3_ON,143,56:03.8,305.714958,0.549986,,6,,,,keyboard,digit#3 shown,"{""value"":6,""note"":""digit#3 shown"",""pd_used"":1}",2,0.016667,60,1
Sergio_G01_CNS-LLF5RV3D8,cpeeg01,ses03,20260804_153512,50:58.0,NaN,4,digit,DIGIT3_OFF,148,56:04.4,306.264944,0,,6,,,,keyboard,digit#3 off,"{""value"":6,""note"":""digit#3 off"",""pd_used"":0}",2,0.016667,60,1
Sergio_G01_CNS-LLF5RV3D8,cpeeg01,ses03,20260804_153512,50:58.0,NaN,4,digit,POSTDIG_FIX3_ON,153,56:04.4,306.264944,1.900025,,,,,,keyboard,after digit#3,"{""note"":""after digit#3""}",2,0.016667,60,1
Sergio_G01_CNS-LLF5RV3D8,cpeeg01,ses03,20260804_153512,50:58.0,NaN,4,digit,POSTDIG_FIX3_OFF,158,56:06.3,308.164969,0.050028,,,,,,keyboard,after digit#3,"{""note"":""after digit#3"",""pd_used"":0}",2,0.016667,60,1
Sergio_G01_CNS-LLF5RV3D8,cpeeg01,ses03,20260804_153512,50:58.0,NaN,4,digit,DIGIT4_ON,144,56:06.3,308.214997,0.549991,,7,,,,keyboard,digit#4 shown,"{""value"":7,""note"":""digit#4 shown"",""pd_used"":1}",2,0.016667,60,1
Sergio_G01_CNS-LLF5RV3D8,cpeeg01,ses03,20260804_153512,50:58.0,NaN,4,digit,DIGIT4_OFF,149,56:06.9,308.764987,0,,7,,,,keyboard,digit#4 off,"{""value"":7,""note"":""digit#4 off"",""pd_used"":0}",2,0.016667,60,1
Sergio_G01_CNS-LLF5RV3D8,cpeeg01,ses03,20260804_153512,50:58.0,NaN,4,digit,POSTDIG_FIX4_ON,154,56:06.9,308.764987,1.566669,,,,,,keyboard,after digit#4,"{""note"":""after digit#4""}",2,0.016667,60,1
Sergio_G01_CNS-LLF5RV3D8,cpeeg01,ses03,20260804_153512,50:58.0,NaN,4,digit,POSTDIG_FIX4_OFF,159,56:08.4,310.331656,0.050003,,,,,,keyboard,after digit#4,"{""note"":""after digit#4"",""pd_used"":0}",2,0.016667,60,1
Sergio_G01_CNS-LLF5RV3D8,cpeeg01,ses03,20260804_153512,50:58.0,NaN,4,digit,DIGIT5_ON,145,56:08.5,310.381659,0.550121,,9,,,,keyboard,digit#5 shown,"{""value"":9,""note"":""digit#5 shown"",""pd_used"":1}",2,0.016667,60,1
Sergio_G01_CNS-LLF5RV3D8,cpeeg01,ses03,20260804_153512,50:58.0,NaN,4,digit,DIGIT5_OFF,150,56:09.0,310.93178,0,,9,,,,keyboard,digit#5 off,"{""value"":9,""note"":""digit#5 off"",""pd_used"":0}",2,0.016667,60,1
Sergio_G01_CNS-LLF5RV3D8,cpeeg01,ses03,20260804_153512,50:58.0,NaN,4,digit,POSTDIG_FIX5_ON,155,56:09.0,310.93178,3.433209,,,,,,keyboard,after digit#5,"{""note"":""after digit#5""}",2,0.016667,60,1
Sergio_G01_CNS-LLF5RV3D8,cpeeg01,ses03,20260804_153512,50:58.0,NaN,4,digit,POSTDIG_FIX5_OFF,160,56:12.5,314.364989,0.050145,,,,,,keyboard,after digit#5,"{""note"":""after digit#5"",""pd_used"":0}",2,0.016667,60,1
Sergio_G01_CNS-LLF5RV3D8,cpeeg01,ses03,20260804_153512,50:58.0,NaN,4,distractor,DISTRACTOR_ON,50,56:12.5,314.415134,6.851257,,2+6=5,,,,keyboard,,"{""value"":""2+6=5"",""isCorrectTruth"":false,""trueSum"":8,""pd_used"":1}",2,0.016667,60,1
Sergio_G01_CNS-LLF5RV3D8,cpeeg01,ses03,20260804_153512,50:58.0,NaN,4,distractor,DISTRACTOR_ANS,51,56:19.7,321.266391,0,6.851257,2+6=5,F,1,,keyboard,key= (False),"{""value"":""2+6=5"",""entered"":""F"",""rt"":6.8512566999997944,""correct"":1,""note"":""key= (False)"",""truth"":false,""trueSum"":8,""shownSum"":5,""a"":2,""b"":6}",2,0.016667,60,1
Sergio_G01_CNS-LLF5RV3D8,cpeeg01,ses03,20260804_153512,50:58.0,NaN,4,distractor,ANS_CORRECT,100,56:19.8,321.266391,0.448634,,,,,,keyboard,,{},2,0.016667,60,1
Sergio_G01_CNS-LLF5RV3D8,cpeeg01,ses03,20260804_153512,50:58.0,NaN,4,distractor,DISTRACTOR_OFF,52,56:19.8,321.715025,0,,,,,,keyboard,,"{""pd_used"":0}",2,0.016667,60,1
Sergio_G01_CNS-LLF5RV3D8,cpeeg01,ses03,20260804_153512,50:58.0,NaN,4,distractor,FIX2_ON,60,56:19.8,321.715025,3.133492,,,,,,keyboard,immediate after response,"{""note"":""immediate after response""}",2,0.016667,60,1
Sergio_G01_CNS-LLF5RV3D8,cpeeg01,ses03,20260804_153512,50:58.0,NaN,4,fix2,FIX2_OFF,61,56:22.9,324.848516,0.049862,,,,,,keyboard,,"{""pd_used"":0}",2,0.016667,60,1
Sergio_G01_CNS-LLF5RV3D8,cpeeg01,ses03,20260804_153512,50:58.0,NaN,4,probe,DIGIT_RECALL_LINE_1,161,56:23.0,324.898378,10.082978,,1,,,,keyboard,first recall question,"{""value"":1,""note"":""first recall question"",""pd_used"":1}",2,0.016667,60,1
Sergio_G01_CNS-LLF5RV3D8,cpeeg01,ses03,20260804_153512,50:58.0,NaN,4,probe,PROBE_DIGIT_OK_1,71,56:33.6,334.981356,0.667061,10.090039,slot#1,NaN,,,keyboard,probe_digit#1,"{""value"":""slot#1"",""entered"":null,""rt"":10.090038500027731,""note"":""probe_digit#1""}",2,0.016667,60,1
Sergio_G01_CNS-LLF5RV3D8,cpeeg01,ses03,20260804_153512,50:58.0,NaN,4,probe,DIGIT1_OFF,146,56:33.7,335.648417,0,,9,,,,keyboard,digit#1 off,"{""value"":9,""note"":""digit#1 off"",""pd_used"":0}",2,0.016667,60,1
Sergio_G01_CNS-LLF5RV3D8,cpeeg01,ses03,20260804_153512,50:58.0,NaN,4,probe,POSTDIG_FIX1_ON,151,56:33.7,335.648417,1.566674,,,,,,keyboard,after digit#1,"{""note"":""after digit#1""}",2,0.016667,60,1
Sergio_G01_CNS-LLF5RV3D8,cpeeg01,ses03,20260804_153512,50:58.0,NaN,4,probe,POSTDIG_FIX1_OFF,156,56:35.3,337.215091,0.06667,,,,,,keyboard,after digit#1,"{""note"":""after digit#1"",""pd_used"":0}",2,0.016667,60,1
Sergio_G01_CNS-LLF5RV3D8,cpeeg01,ses03,20260804_153512,50:58.0,NaN,4,probe,DIGIT_RECALL_LINE_2,162,56:35.4,337.281761,2.084874,,2,,,,keyboard,next recall question,"{""value"":2,""note"":""next recall question"",""pd_used"":1}",2,0.016667,60,1
Sergio_G01_CNS-LLF5RV3D8,cpeeg01,ses03,20260804_153512,50:58.0,NaN,4,probe,PROBE_DIGIT_OK_2,71,56:38.0,339.366635,0.665152,14.475318,slot#2,NaN,,,keyboard,probe_digit#2,"{""value"":""slot#2"",""entered"":null,""rt"":14.475317999953404,""note"":""probe_digit#2""}",2,0.016667,60,1
Sergio_G01_CNS-LLF5RV3D8,cpeeg01,ses03,20260804_153512,50:58.0,NaN,4,probe,DIGIT2_OFF,147,56:38.1,340.031787,0,,9,,,,keyboard,digit#2 off,"{""value"":9,""note"":""digit#2 off"",""pd_used"":0}",2,0.016667,60,1
Sergio_G01_CNS-LLF5RV3D8,cpeeg01,ses03,20260804_153512,50:58.0,NaN,4,probe,POSTDIG_FIX2_ON,152,56:38.1,340.031787,1.600022,,,,,,keyboard,after digit#2,"{""note"":""after digit#2""}",2,0.016667,60,1
Sergio_G01_CNS-LLF5RV3D8,cpeeg01,ses03,20260804_153512,50:58.0,NaN,4,probe,POSTDIG_FIX2_OFF,157,56:39.7,341.631808,0.066981,,,,,,keyboard,after digit#2,"{""note"":""after digit#2"",""pd_used"":0}",2,0.016667,60,1
Sergio_G01_CNS-LLF5RV3D8,cpeeg01,ses03,20260804_153512,50:58.0,NaN,4,probe,DIGIT_RECALL_LINE_3,163,56:39.8,341.69879,3.312761,,3,,,,keyboard,next recall question,"{""value"":3,""note"":""next recall question"",""pd_used"":1}",2,0.016667,60,1
Sergio_G01_CNS-LLF5RV3D8,cpeeg01,ses03,20260804_153512,50:58.0,NaN,4,probe,PROBE_DIGIT_OK_3,71,56:43.6,345.011551,0.670244,20.120234,slot#3,NaN,,,keyboard,probe_digit#3,"{""value"":""slot#3"",""entered"":null,""rt"":20.120233600027859,""note"":""probe_digit#3""}",2,0.016667,60,1
Sergio_G01_CNS-LLF5RV3D8,cpeeg01,ses03,20260804_153512,50:58.0,NaN,4,probe,DIGIT3_OFF,148,56:43.8,345.681795,0,,9,,,,keyboard,digit#3 off,"{""value"":9,""note"":""digit#3 off"",""pd_used"":0}",2,0.016667,60,1
Sergio_G01_CNS-LLF5RV3D8,cpeeg01,ses03,20260804_153512,50:58.0,NaN,4,probe,POSTDIG_FIX3_ON,153,56:43.8,345.681795,1.566664,,,,,,keyboard,after digit#3,"{""note"":""after digit#3""}",2,0.016667,60,1
Sergio_G01_CNS-LLF5RV3D8,cpeeg01,ses03,20260804_153512,50:58.0,NaN,4,probe,POSTDIG_FIX3_OFF,158,56:45.3,347.248459,0.066656,,,,,,keyboard,after digit#3,"{""note"":""after digit#3"",""pd_used"":0}",2,0.016667,60,1
Sergio_G01_CNS-LLF5RV3D8,cpeeg01,ses03,20260804_153512,50:58.0,NaN,4,probe,DIGIT_RECALL_LINE_4,164,56:45.4,347.315115,2.273139,,4,,,,keyboard,next recall question,"{""value"":4,""note"":""next recall question"",""pd_used"":1}",2,0.016667,60,1
Sergio_G01_CNS-LLF5RV3D8,cpeeg01,ses03,20260804_153512,50:58.0,NaN,4,probe,PROBE_DIGIT_OK_4,71,56:48.3,349.588254,0.776938,24.696937,slot#4,NaN,,,keyboard,probe_digit#4,"{""value"":""slot#4"",""entered"":null,""rt"":24.696937199914828,""note"":""probe_digit#4""}",2,0.016667,60,1
Sergio_G01_CNS-LLF5RV3D8,cpeeg01,ses03,20260804_153512,50:58.0,NaN,4,probe,DIGIT4_OFF,149,56:48.5,350.365192,0,,9,,,,keyboard,digit#4 off,"{""value"":9,""note"":""digit#4 off"",""pd_used"":0}",2,0.016667,60,1
Sergio_G01_CNS-LLF5RV3D8,cpeeg01,ses03,20260804_153512,50:58.0,NaN,4,probe,POSTDIG_FIX4_ON,154,56:48.5,350.365192,1.733321,,,,,,keyboard,after digit#4,"{""note"":""after digit#4""}",2,0.016667,60,1
Sergio_G01_CNS-LLF5RV3D8,cpeeg01,ses03,20260804_153512,50:58.0,NaN,4,probe,POSTDIG_FIX4_OFF,159,56:50.2,352.098513,0.066652,,,,,,keyboard,after digit#4,"{""note"":""after digit#4"",""pd_used"":0}",2,0.016667,60,1
Sergio_G01_CNS-LLF5RV3D8,cpeeg01,ses03,20260804_153512,50:58.0,NaN,4,probe,DIGIT_RECALL_LINE_5,165,56:50.3,352.165165,3.974595,,5,,,,keyboard,next recall question,"{""value"":5,""note"":""next recall question"",""pd_used"":1}",2,0.016667,60,1
Sergio_G01_CNS-LLF5RV3D8,cpeeg01,ses03,20260804_153512,50:58.0,NaN,4,probe,PROBE_DIGIT_OK_5,71,56:55.0,356.139761,0.942094,31.248443,slot#5,NaN,,,keyboard,probe_digit#5,"{""value"":""slot#5"",""entered"":null,""rt"":31.248443300020881,""note"":""probe_digit#5""}",2,0.016667,60,1
Sergio_G01_CNS-LLF5RV3D8,cpeeg01,ses03,20260804_153512,50:58.0,NaN,4,probe,DIGIT5_OFF,150,56:55.2,357.081855,0,,9,,,,keyboard,digit#5 off,"{""value"":9,""note"":""digit#5 off"",""pd_used"":0}",2,0.016667,60,1
Sergio_G01_CNS-LLF5RV3D8,cpeeg01,ses03,20260804_153512,50:58.0,NaN,4,probe,POSTDIG_FIX5_ON,155,56:55.2,357.081855,3.266665,,,,,,keyboard,after digit#5,"{""note"":""after digit#5""}",2,0.016667,60,1
Sergio_G01_CNS-LLF5RV3D8,cpeeg01,ses03,20260804_153512,50:58.0,NaN,4,probe,POSTDIG_FIX5_OFF,160,56:58.4,360.348519,0.050108,,,,,,keyboard,after digit#5,"{""note"":""after digit#5"",""pd_used"":0}",2,0.016667,60,1
Sergio_G01_CNS-LLF5RV3D8,cpeeg01,ses03,20260804_153512,50:58.0,NaN,4,probe,PROBE_DONE,73,56:58.4,360.398627,0.000751,,,,,,keyboard,probe complete,"{""value"":"""",""note"":""probe complete""}",2,0.016667,60,1
Sergio_G01_CNS-LLF5RV3D8,cpeeg01,ses03,20260804_153512,50:58.0,NaN,4,probe,TRIAL_END,21,56:58.4,360.399378,0.10372,,,,,,keyboard,,{},2,0.016667,60,1
Sergio_G01_CNS-LLF5RV3D8,cpeeg01,ses03,20260804_153512,50:58.0,NaN,5,probe,TRIAL_CHANGE,22,56:58.6,360.503098,0.001123,,,,,,keyboard,trial transition,"{""note"":""trial transition""}",2,0.016667,60,1
Sergio_G01_CNS-LLF5RV3D8,cpeeg01,ses03,20260804_153512,50:58.0,NaN,5,probe,TRIAL_START,20,56:58.6,360.504221,0.060998,,,,,,keyboard,,{},2,0.016667,60,1
Sergio_G01_CNS-LLF5RV3D8,cpeeg01,ses03,20260804_153512,50:58.0,NaN,5,fix1,FIX1_ON,30,56:58.7,360.565219,3.46667,,,,,,keyboard,,"{""pd_used"":0}",2,0.016667,60,1
Sergio_G01_CNS-LLF5RV3D8,cpeeg01,ses03,20260804_153512,50:58.0,NaN,5,fix1,FIX1_OFF,31,57:02.1,364.03189,0.049964,,,,,,keyboard,,"{""pd_used"":0}",2,0.016667,60,1
Sergio_G01_CNS-LLF5RV3D8,cpeeg01,ses03,20260804_153512,50:58.0,NaN,5,digit,DIGIT1_ON,141,57:02.2,364.081854,0.550237,,7,,,,keyboard,digit#1 shown,"{""value"":7,""note"":""digit#1 shown"",""pd_used"":1}",2,0.016667,60,1
Sergio_G01_CNS-LLF5RV3D8,cpeeg01,ses03,20260804_153512,50:58.0,NaN,5,digit,DIGIT1_OFF,146,57:02.7,364.632092,0,,7,,,,keyboard,digit#1 off,"{""value"":7,""note"":""digit#1 off"",""pd_used"":0}",2,0.016667,60,1
Sergio_G01_CNS-LLF5RV3D8,cpeeg01,ses03,20260804_153512,50:58.0,NaN,5,digit,POSTDIG_FIX1_ON,151,57:02.7,364.632092,1.866621,,,,,,keyboard,after digit#1,"{""note"":""after digit#1""}",2,0.016667,60,1
Sergio_G01_CNS-LLF5RV3D8,cpeeg01,ses03,20260804_153512,50:58.0,NaN,5,digit,POSTDIG_FIX1_OFF,156,57:04.6,366.498713,0.049846,,,,,,keyboard,after digit#1,"{""note"":""after digit#1"",""pd_used"":0}",2,0.016667,60,1
Sergio_G01_CNS-LLF5RV3D8,cpeeg01,ses03,20260804_153512,50:58.0,NaN,5,digit,DIGIT2_ON,142,57:04.6,366.548559,0.550013,,3,,,,keyboard,digit#2 shown,"{""value"":3,""note"":""digit#2 shown"",""pd_used"":1}",2,0.016667,60,1
Sergio_G01_CNS-LLF5RV3D8,cpeeg01,ses03,20260804_153512,50:58.0,NaN,5,digit,DIGIT2_OFF,147,57:05.2,367.098572,0,,3,,,,keyboard,digit#2 off,"{""value"":3,""note"":""digit#2 off"",""pd_used"":0}",2,0.016667,60,1
Sergio_G01_CNS-LLF5RV3D8,cpeeg01,ses03,20260804_153512,50:58.0,NaN,5,digit,POSTDIG_FIX2_ON,152,57:05.2,367.098572,1.700282,,,,,,keyboard,after digit#2,"{""note"":""after digit#2""}",2,0.016667,60,1
Sergio_G01_CNS-LLF5RV3D8,cpeeg01,ses03,20260804_153512,50:58.0,NaN,5,digit,POSTDIG_FIX2_OFF,157,57:06.9,368.798854,0.049686,,,,,,keyboard,after digit#2,"{""note"":""after digit#2"",""pd_used"":0}",2,0.016667,60,1
Sergio_G01_CNS-LLF5RV3D8,cpeeg01,ses03,20260804_153512,50:58.0,NaN,5,digit,DIGIT3_ON,143,57:06.9,368.84854,0.550031,,8,,,,keyboard,digit#3 shown,"{""value"":8,""note"":""digit#3 shown"",""pd_used"":1}",2,0.016667,60,1
Sergio_G01_CNS-LLF5RV3D8,cpeeg01,ses03,20260804_153512,50:58.0,NaN,5,digit,DIGIT3_OFF,148,57:07.5,369.398572,0,,8,,,,keyboard,digit#3 off,"{""value"":8,""note"":""digit#3 off"",""pd_used"":0}",2,0.016667,60,1
Sergio_G01_CNS-LLF5RV3D8,cpeeg01,ses03,20260804_153512,50:58.0,NaN,5,digit,POSTDIG_FIX3_ON,153,57:07.5,369.398572,1.566705,,,,,,keyboard,after digit#3,"{""note"":""after digit#3""}",2,0.016667,60,1
Sergio_G01_CNS-LLF5RV3D8,cpeeg01,ses03,20260804_153512,50:58.0,NaN,5,digit,POSTDIG_FIX3_OFF,158,57:09.1,370.965277,0.04994,,,,,,keyboard,after digit#3,"{""note"":""after digit#3"",""pd_used"":0}",2,0.016667,60,1
Sergio_G01_CNS-LLF5RV3D8,cpeeg01,ses03,20260804_153512,50:58.0,NaN,5,digit,DIGIT4_ON,144,57:09.1,371.015217,0.550045,,0,,,,keyboard,digit#4 shown,"{""value"":0,""note"":""digit#4 shown"",""pd_used"":1}",2,0.016667,60,1
Sergio_G01_CNS-LLF5RV3D8,cpeeg01,ses03,20260804_153512,50:58.0,NaN,5,digit,DIGIT4_OFF,149,57:09.7,371.565262,0,,0,,,,keyboard,digit#4 off,"{""value"":0,""note"":""digit#4 off"",""pd_used"":0}",2,0.016667,60,1
Sergio_G01_CNS-LLF5RV3D8,cpeeg01,ses03,20260804_153512,50:58.0,NaN,5,digit,POSTDIG_FIX4_ON,154,57:09.7,371.565262,1.666656,,,,,,keyboard,after digit#4,"{""note"":""after digit#4""}",2,0.016667,60,1
Sergio_G01_CNS-LLF5RV3D8,cpeeg01,ses03,20260804_153512,50:58.0,NaN,5,digit,POSTDIG_FIX4_OFF,159,57:11.3,373.231919,0.049965,,,,,,keyboard,after digit#4,"{""note"":""after digit#4"",""pd_used"":0}",2,0.016667,60,1
Sergio_G01_CNS-LLF5RV3D8,cpeeg01,ses03,20260804_153512,50:58.0,NaN,5,digit,DIGIT5_ON,145,57:11.4,373.281884,0.550064,,1,,,,keyboard,digit#5 shown,"{""value"":1,""note"":""digit#5 shown"",""pd_used"":1}",2,0.016667,60,1
Sergio_G01_CNS-LLF5RV3D8,cpeeg01,ses03,20260804_153512,50:58.0,NaN,5,digit,DIGIT5_OFF,150,57:11.9,373.831948,0,,1,,,,keyboard,digit#5 off,"{""value"":1,""note"":""digit#5 off"",""pd_used"":0}",2,0.016667,60,1
Sergio_G01_CNS-LLF5RV3D8,cpeeg01,ses03,20260804_153512,50:58.0,NaN,5,digit,POSTDIG_FIX5_ON,155,57:11.9,373.831948,3.116641,,,,,,keyboard,after digit#5,"{""note"":""after digit#5""}",2,0.016667,60,1
Sergio_G01_CNS-LLF5RV3D8,cpeeg01,ses03,20260804_153512,50:58.0,NaN,5,digit,POSTDIG_FIX5_OFF,160,57:15.0,376.948589,0.050031,,,,,,keyboard,after digit#5,"{""note"":""after digit#5"",""pd_used"":0}",2,0.016667,60,1
Sergio_G01_CNS-LLF5RV3D8,cpeeg01,ses03,20260804_153512,50:58.0,NaN,5,distractor,DISTRACTOR_ON,50,57:15.1,376.99862,11.846952,,6+4=8,,,,keyboard,,"{""value"":""6+4=8"",""isCorrectTruth"":false,""trueSum"":10,""pd_used"":1}",2,0.016667,60,1
Sergio_G01_CNS-LLF5RV3D8,cpeeg01,ses03,20260804_153512,50:58.0,NaN,5,distractor,DISTRACTOR_ANS,51,57:27.6,388.845572,0,11.846952,6+4=8,F,1,,keyboard,key= (False),"{""value"":""6+4=8"",""entered"":""F"",""rt"":11.846951800049283,""correct"":1,""note"":""key= (False)"",""truth"":false,""trueSum"":10,""shownSum"":8,""a"":6,""b"":4}",2,0.016667,60,1
Sergio_G01_CNS-LLF5RV3D8,cpeeg01,ses03,20260804_153512,50:58.0,NaN,5,distractor,ANS_CORRECT,100,57:27.6,388.845572,0.736594,,,,,,keyboard,,{},2,0.016667,60,1
Sergio_G01_CNS-LLF5RV3D8,cpeeg01,ses03,20260804_153512,50:58.0,NaN,5,distractor,DISTRACTOR_OFF,52,57:27.7,389.582166,0,,,,,,keyboard,,"{""pd_used"":0}",2,0.016667,60,1
Sergio_G01_CNS-LLF5RV3D8,cpeeg01,ses03,20260804_153512,50:58.0,NaN,5,distractor,FIX2_ON,60,57:27.7,389.582166,3.366554,,,,,,keyboard,immediate after response,"{""note"":""immediate after response""}",2,0.016667,60,1
Sergio_G01_CNS-LLF5RV3D8,cpeeg01,ses03,20260804_153512,50:58.0,NaN,5,fix2,FIX2_OFF,61,57:31.0,392.94872,0.049934,,,,,,keyboard,,"{""pd_used"":0}",2,0.016667,60,1
Sergio_G01_CNS-LLF5RV3D8,cpeeg01,ses03,20260804_153512,50:58.0,NaN,5,probe,DIGIT_RECALL_LINE_1,161,57:31.1,392.998654,2.431595,,1,,,,keyboard,first recall question,"{""value"":1,""note"":""first recall question"",""pd_used"":1}",2,0.016667,60,1
Sergio_G01_CNS-LLF5RV3D8,cpeeg01,ses03,20260804_153512,50:58.0,NaN,5,probe,PROBE_DIGIT_OK_1,71,57:33.9,395.43025,0.568444,2.438645,slot#1,NaN,,,keyboard,probe_digit#1,"{""value"":""slot#1"",""entered"":null,""rt"":2.4386453999904916,""note"":""probe_digit#1""}",2,0.016667,60,1
Sergio_G01_CNS-LLF5RV3D8,cpeeg01,ses03,20260804_153512,50:58.0,NaN,5,probe,DIGIT1_OFF,146,57:34.1,395.998694,0,,1,,,,keyboard,digit#1 off,"{""value"":1,""note"":""digit#1 off"",""pd_used"":0}",2,0.016667,60,1
Sergio_G01_CNS-LLF5RV3D8,cpeeg01,ses03,20260804_153512,50:58.0,NaN,5,probe,POSTDIG_FIX1_ON,151,57:34.1,395.998694,1.700022,,,,,,keyboard,after digit#1,"{""note"":""after digit#1""}",2,0.016667,60,1
Sergio_G01_CNS-LLF5RV3D8,cpeeg01,ses03,20260804_153512,50:58.0,NaN,5,probe,POSTDIG_FIX1_OFF,156,57:35.8,397.698716,0.066634,,,,,,keyboard,after digit#1,"{""note"":""after digit#1"",""pd_used"":0}",2,0.016667,60,1
Sergio_G01_CNS-LLF5RV3D8,cpeeg01,ses03,20260804_153512,50:58.0,NaN,5,probe,DIGIT_RECALL_LINE_2,162,57:35.9,397.76535,6.71976,,2,,,,keyboard,next recall question,"{""value"":2,""note"":""next recall question"",""pd_used"":1}",2,0.016667,60,1
Sergio_G01_CNS-LLF5RV3D8,cpeeg01,ses03,20260804_153512,50:58.0,NaN,5,probe,PROBE_DIGIT_OK_2,71,57:43.2,404.48511,0.730292,11.493506,slot#2,NaN,,,keyboard,probe_digit#2,"{""value"":""slot#2"",""entered"":null,""rt"":11.493505800026469,""note"":""probe_digit#2""}",2,0.016667,60,1
Sergio_G01_CNS-LLF5RV3D8,cpeeg01,ses03,20260804_153512,50:58.0,NaN,5,probe,DIGIT2_OFF,147,57:43.3,405.215403,0,,1,,,,keyboard,digit#2 off,"{""value"":1,""note"":""digit#2 off"",""pd_used"":0}",2,0.016667,60,1
Sergio_G01_CNS-LLF5RV3D8,cpeeg01,ses03,20260804_153512,50:58.0,NaN,5,probe,POSTDIG_FIX2_ON,152,57:43.3,405.215403,2.000009,,,,,,keyboard,after digit#2,"{""note"":""after digit#2""}",2,0.016667,60,1
Sergio_G01_CNS-LLF5RV3D8,cpeeg01,ses03,20260804_153512,50:58.0,NaN,5,probe,POSTDIG_FIX2_OFF,157,57:45.3,407.215412,0.06663,,,,,,keyboard,after digit#2,"{""note"":""after digit#2"",""pd_used"":0}",2,0.016667,60,1
Sergio_G01_CNS-LLF5RV3D8,cpeeg01,ses03,20260804_153512,50:58.0,NaN,5,probe,DIGIT_RECALL_LINE_3,163,57:45.4,407.282042,2.376913,,3,,,,keyboard,next recall question,"{""value"":3,""note"":""next recall question"",""pd_used"":1}",2,0.016667,60,1
Sergio_G01_CNS-LLF5RV3D8,cpeeg01,ses03,20260804_153512,50:58.0,NaN,5,probe,PROBE_DIGIT_OK_3,71,57:48.1,409.658955,0.456443,16.667351,slot#3,NaN,,,keyboard,probe_digit#3,"{""value"":""slot#3"",""entered"":null,""rt"":16.667350700008683,""note"":""probe_digit#3""}",2,0.016667,60,1
Sergio_G01_CNS-LLF5RV3D8,cpeeg01,ses03,20260804_153512,50:58.0,NaN,5,probe,DIGIT3_OFF,148,57:48.2,410.115398,0,,1,,,,keyboard,digit#3 off,"{""value"":1,""note"":""digit#3 off"",""pd_used"":0}",2,0.016667,60,1
Sergio_G01_CNS-LLF5RV3D8,cpeeg01,ses03,20260804_153512,50:58.0,NaN,5,probe,POSTDIG_FIX3_ON,153,57:48.2,410.115398,1.783546,,,,,,keyboard,after digit#3,"{""note"":""after digit#3""}",2,0.016667,60,1
Sergio_G01_CNS-LLF5RV3D8,cpeeg01,ses03,20260804_153512,50:58.0,NaN,5,probe,POSTDIG_FIX3_OFF,158,57:50.0,411.898944,0.066492,,,,,,keyboard,after digit#3,"{""note"":""after digit#3"",""pd_used"":0}",2,0.016667,60,1
Sergio_G01_CNS-LLF5RV3D8,cpeeg01,ses03,20260804_153512,50:58.0,NaN,5,probe,DIGIT_RECALL_LINE_4,164,57:50.1,411.965436,1.462289,,4,,,,keyboard,next recall question,"{""value"":4,""note"":""next recall question"",""pd_used"":1}",2,0.016667,60,1
Sergio_G01_CNS-LLF5RV3D8,cpeeg01,ses03,20260804_153512,50:58.0,NaN,5,probe,PROBE_DIGIT_OK_4,71,57:52.0,413.427726,0.67103,20.436121,slot#4,NaN,,,keyboard,probe_digit#4,"{""value"":""slot#4"",""entered"":null,""rt"":20.436121299979277,""note"":""probe_digit#4""}",2,0.016667,60,1
Sergio_G01_CNS-LLF5RV3D8,cpeeg01,ses03,20260804_153512,50:58.0,NaN,5,probe,DIGIT4_OFF,149,57:52.2,414.098756,0,,1,,,,keyboard,digit#4 off,"{""value"":1,""note"":""digit#4 off"",""pd_used"":0}",2,0.016667,60,1
Sergio_G01_CNS-LLF5RV3D8,cpeeg01,ses03,20260804_153512,50:58.0,NaN,5,probe,POSTDIG_FIX4_ON,154,57:52.2,414.098756,1.61668,,,,,,keyboard,after digit#4,"{""note"":""after digit#4""}",2,0.016667,60,1
Sergio_G01_CNS-LLF5RV3D8,cpeeg01,ses03,20260804_153512,50:58.0,NaN,5,probe,POSTDIG_FIX4_OFF,159,57:53.8,415.715436,0.066682,,,,,,keyboard,after digit#4,"{""note"":""after digit#4"",""pd_used"":0}",2,0.016667,60,1
Sergio_G01_CNS-LLF5RV3D8,cpeeg01,ses03,20260804_153512,50:58.0,NaN,5,probe,DIGIT_RECALL_LINE_5,165,57:53.9,415.782118,1.284398,,5,,,,keyboard,next recall question,"{""value"":5,""note"":""next recall question"",""pd_used"":1}",2,0.016667,60,1
Sergio_G01_CNS-LLF5RV3D8,cpeeg01,ses03,20260804_153512,50:58.0,NaN,5,probe,PROBE_DIGIT_OK_5,71,57:55.6,417.066516,0.548898,24.074911,slot#5,NaN,,,keyboard,probe_digit#5,"{""value"":""slot#5"",""entered"":null,""rt"":24.074911399977282,""note"":""probe_digit#5""}",2,0.016667,60,1
Sergio_G01_CNS-LLF5RV3D8,cpeeg01,ses03,20260804_153512,50:58.0,NaN,5,probe,DIGIT5_OFF,150,57:55.7,417.615413,0,,1,,,,keyboard,digit#5 off,"{""value"":1,""note"":""digit#5 off"",""pd_used"":0}",2,0.016667,60,1
Sergio_G01_CNS-LLF5RV3D8,cpeeg01,ses03,20260804_153512,50:58.0,NaN,5,probe,POSTDIG_FIX5_ON,155,57:55.7,417.615413,3.216712,,,,,,keyboard,after digit#5,"{""note"":""after digit#5""}",2,0.016667,60,1
Sergio_G01_CNS-LLF5RV3D8,cpeeg01,ses03,20260804_153512,50:58.0,NaN,5,probe,POSTDIG_FIX5_OFF,160,57:58.9,420.832126,0.050075,,,,,,keyboard,after digit#5,"{""note"":""after digit#5"",""pd_used"":0}",2,0.016667,60,1
Sergio_G01_CNS-LLF5RV3D8,cpeeg01,ses03,20260804_153512,50:58.0,NaN,5,probe,PROBE_DONE,73,57:58.9,420.882201,0.000777,,,,,,keyboard,probe complete,"{""value"":"""",""note"":""probe complete""}",2,0.016667,60,1
Sergio_G01_CNS-LLF5RV3D8,cpeeg01,ses03,20260804_153512,50:58.0,NaN,5,probe,TRIAL_END,21,57:58.9,420.882978,0.096126,,,,,,keyboard,,{},2,0.016667,60,1
Sergio_G01_CNS-LLF5RV3D8,cpeeg01,ses03,20260804_153512,50:58.0,NaN,6,probe,TRIAL_CHANGE,22,57:59.0,420.979104,0.001226,,,,,,keyboard,trial transition,"{""note"":""trial transition""}",2,0.016667,60,1
Sergio_G01_CNS-LLF5RV3D8,cpeeg01,ses03,20260804_153512,50:58.0,NaN,6,probe,TRIAL_START,20,57:59.0,420.98033,0.051783,,,,,,keyboard,,{},2,0.016667,60,1
Sergio_G01_CNS-LLF5RV3D8,cpeeg01,ses03,20260804_153512,50:58.0,NaN,6,fix1,FIX1_ON,30,57:59.1,421.032113,3.350038,,,,,,keyboard,,"{""pd_used"":0}",2,0.016667,60,1
Sergio_G01_CNS-LLF5RV3D8,cpeeg01,ses03,20260804_153512,50:58.0,NaN,6,fix1,FIX1_OFF,31,58:02.5,424.382151,0.049992,,,,,,keyboard,,"{""pd_used"":0}",2,0.016667,60,1
Sergio_G01_CNS-LLF5RV3D8,cpeeg01,ses03,20260804_153512,50:58.0,NaN,6,digit,DIGIT1_ON,141,58:02.5,424.432143,0.54998,,5,,,,keyboard,digit#1 shown,"{""value"":5,""note"":""digit#1 shown"",""pd_used"":1}",2,0.016667,60,1
Sergio_G01_CNS-LLF5RV3D8,cpeeg01,ses03,20260804_153512,50:58.0,NaN,6,digit,DIGIT1_OFF,146,58:03.1,424.982123,0,,5,,,,keyboard,digit#1 off,"{""value"":5,""note"":""digit#1 off"",""pd_used"":0}",2,0.016667,60,1
Sergio_G01_CNS-LLF5RV3D8,cpeeg01,ses03,20260804_153512,50:58.0,NaN,6,digit,POSTDIG_FIX1_ON,151,58:03.1,424.982123,1.716741,,,,,,keyboard,after digit#1,"{""note"":""after digit#1""}",2,0.016667,60,1
Sergio_G01_CNS-LLF5RV3D8,cpeeg01,ses03,20260804_153512,50:58.0,NaN,6,digit,POSTDIG_FIX1_OFF,156,58:04.8,426.698865,0.049923,,,,,,keyboard,after digit#1,"{""note"":""after digit#1"",""pd_used"":0}",2,0.016667,60,1
Sergio_G01_CNS-LLF5RV3D8,cpeeg01,ses03,20260804_153512,50:58.0,NaN,6,digit,DIGIT2_ON,142,58:04.8,426.748787,0.550013,,6,,,,keyboard,digit#2 shown,"{""value"":6,""note"":""digit#2 shown"",""pd_used"":1}",2,0.016667,60,1
Sergio_G01_CNS-LLF5RV3D8,cpeeg01,ses03,20260804_153512,50:58.0,NaN,6,digit,DIGIT2_OFF,147,58:05.4,427.2988,0,,6,,,,keyboard,digit#2 off,"{""value"":6,""note"":""digit#2 off"",""pd_used"":0}",2,0.016667,60,1
Sergio_G01_CNS-LLF5RV3D8,cpeeg01,ses03,20260804_153512,50:58.0,NaN,6,digit,POSTDIG_FIX2_ON,152,58:05.4,427.2988,1.966674,,,,,,keyboard,after digit#2,"{""note"":""after digit#2""}",2,0.016667,60,1
Sergio_G01_CNS-LLF5RV3D8,cpeeg01,ses03,20260804_153512,50:58.0,NaN,6,digit,POSTDIG_FIX2_OFF,157,58:07.4,429.265474,0.050035,,,,,,keyboard,after digit#2,"{""note"":""after digit#2"",""pd_used"":0}",2,0.016667,60,1
Sergio_G01_CNS-LLF5RV3D8,cpeeg01,ses03,20260804_153512,50:58.0,NaN,6,digit,DIGIT3_ON,143,58:07.4,429.315509,0.549974,,8,,,,keyboard,digit#3 shown,"{""value"":8,""note"":""digit#3 shown"",""pd_used"":1}",2,0.016667,60,1
Sergio_G01_CNS-LLF5RV3D8,cpeeg01,ses03,20260804_153512,50:58.0,NaN,6,digit,DIGIT3_OFF,148,58:08.0,429.865483,0,,8,,,,keyboard,digit#3 off,"{""value"":8,""note"":""digit#3 off"",""pd_used"":0}",2,0.016667,60,1
Sergio_G01_CNS-LLF5RV3D8,cpeeg01,ses03,20260804_153512,50:58.0,NaN,6,digit,POSTDIG_FIX3_ON,153,58:08.0,429.865483,1.800056,,,,,,keyboard,after digit#3,"{""note"":""after digit#3""}",2,0.016667,60,1
Sergio_G01_CNS-LLF5RV3D8,cpeeg01,ses03,20260804_153512,50:58.0,NaN,6,digit,POSTDIG_FIX3_OFF,158,58:09.8,431.665539,0.049955,,,,,,keyboard,after digit#3,"{""note"":""after digit#3"",""pd_used"":0}",2,0.016667,60,1
Sergio_G01_CNS-LLF5RV3D8,cpeeg01,ses03,20260804_153512,50:58.0,NaN,6,digit,DIGIT4_ON,144,58:09.8,431.715495,0.550005,,9,,,,keyboard,digit#4 shown,"{""value"":9,""note"":""digit#4 shown"",""pd_used"":1}",2,0.016667,60,1
Sergio_G01_CNS-LLF5RV3D8,cpeeg01,ses03,20260804_153512,50:58.0,NaN,6,digit,DIGIT4_OFF,149,58:10.4,432.265499,0,,9,,,,keyboard,digit#4 off,"{""value"":9,""note"":""digit#4 off"",""pd_used"":0}",2,0.016667,60,1
Sergio_G01_CNS-LLF5RV3D8,cpeeg01,ses03,20260804_153512,50:58.0,NaN,6,digit,POSTDIG_FIX4_ON,154,58:10.4,432.265499,1.933659,,,,,,keyboard,after digit#4,"{""note"":""after digit#4""}",2,0.016667,60,1
Sergio_G01_CNS-LLF5RV3D8,cpeeg01,ses03,20260804_153512,50:58.0,NaN,6,digit,POSTDIG_FIX4_OFF,159,58:12.3,434.199158,0.049659,,,,,,keyboard,after digit#4,"{""note"":""after digit#4"",""pd_used"":0}",2,0.016667,60,1
Sergio_G01_CNS-LLF5RV3D8,cpeeg01,ses03,20260804_153512,50:58.0,NaN,6,digit,DIGIT5_ON,145,58:12.3,434.248818,0.550018,,6,,,,keyboard,digit#5 shown,"{""value"":6,""note"":""digit#5 shown"",""pd_used"":1}",2,0.016667,60,1
Sergio_G01_CNS-LLF5RV3D8,cpeeg01,ses03,20260804_153512,50:58.0,NaN,6,digit,DIGIT5_OFF,150,58:12.9,434.798836,0,,6,,,,keyboard,digit#5 off,"{""value"":6,""note"":""digit#5 off"",""pd_used"":0}",2,0.016667,60,1
Sergio_G01_CNS-LLF5RV3D8,cpeeg01,ses03,20260804_153512,50:58.0,NaN,6,digit,POSTDIG_FIX5_ON,155,58:12.9,434.798836,3.150031,,,,,,keyboard,after digit#5,"{""note"":""after digit#5""}",2,0.016667,60,1
Sergio_G01_CNS-LLF5RV3D8,cpeeg01,ses03,20260804_153512,50:58.0,NaN,6,digit,POSTDIG_FIX5_OFF,160,58:16.0,437.948866,0.049982,,,,,,keyboard,after digit#5,"{""note"":""after digit#5"",""pd_used"":0}",2,0.016667,60,1
Sergio_G01_CNS-LLF5RV3D8,cpeeg01,ses03,20260804_153512,50:58.0,NaN,6,distractor,DISTRACTOR_ON,50,58:16.1,437.998848,7.540146,,6+1=7,,,,keyboard,,"{""value"":""6+1=7"",""isCorrectTruth"":true,""trueSum"":7,""pd_used"":1}",2,0.016667,60,1
Sergio_G01_CNS-LLF5RV3D8,cpeeg01,ses03,20260804_153512,50:58.0,NaN,6,distractor,DISTRACTOR_ANS,51,58:24.0,445.538994,0,7.540146,6+1=7,F,0,,keyboard,key= (False),"{""value"":""6+1=7"",""entered"":""F"",""rt"":7.540146499988623,""correct"":0,""note"":""key= (False)"",""truth"":true,""trueSum"":7,""shownSum"":7,""a"":6,""b"":1}",2,0.016667,60,1
Sergio_G01_CNS-LLF5RV3D8,cpeeg01,ses03,20260804_153512,50:58.0,NaN,6,distractor,ANS_WRONG,200,58:24.0,445.538994,0.443229,,,,,,keyboard,,{},2,0.016667,60,1
Sergio_G01_CNS-LLF5RV3D8,cpeeg01,ses03,20260804_153512,50:58.0,NaN,6,distractor,DISTRACTOR_OFF,52,58:24.1,445.982223,0,,,,,,keyboard,,"{""pd_used"":0}",2,0.016667,60,1
Sergio_G01_CNS-LLF5RV3D8,cpeeg01,ses03,20260804_153512,50:58.0,NaN,6,distractor,FIX2_ON,60,58:24.1,445.982223,3.450009,,,,,,keyboard,immediate after response,"{""note"":""immediate after response""}",2,0.016667,60,1
Sergio_G01_CNS-LLF5RV3D8,cpeeg01,ses03,20260804_153512,50:58.0,NaN,6,fix2,FIX2_OFF,61,58:27.5,449.432231,0.050027,,,,,,keyboard,,"{""pd_used"":0}",2,0.016667,60,1
Sergio_G01_CNS-LLF5RV3D8,cpeeg01,ses03,20260804_153512,50:58.0,NaN,6,probe,DIGIT_RECALL_LINE_1,161,58:27.6,449.482258,1.992784,,1,,,,keyboard,first recall question,"{""value"":1,""note"":""first recall question"",""pd_used"":1}",2,0.016667,60,1
Sergio_G01_CNS-LLF5RV3D8,cpeeg01,ses03,20260804_153512,50:58.0,NaN,6,probe,PROBE_DIGIT_OK_1,71,58:30.1,451.475043,0.640539,1.999942,slot#1,NaN,,,keyboard,probe_digit#1,"{""value"":""slot#1"",""entered"":null,""rt"":1.9999419999076054,""note"":""probe_digit#1""}",2,0.016667,60,1
Sergio_G01_CNS-LLF5RV3D8,cpeeg01,ses03,20260804_153512,50:58.0,NaN,6,probe,DIGIT1_OFF,146,58:30.2,452.115582,0,,6,,,,keyboard,digit#1 off,"{""value"":6,""note"":""digit#1 off"",""pd_used"":0}",2,0.016667,60,1
Sergio_G01_CNS-LLF5RV3D8,cpeeg01,ses03,20260804_153512,50:58.0,NaN,6,probe,POSTDIG_FIX1_ON,151,58:30.2,452.115582,1.600017,,,,,,keyboard,after digit#1,"{""note"":""after digit#1""}",2,0.016667,60,1
Sergio_G01_CNS-LLF5RV3D8,cpeeg01,ses03,20260804_153512,50:58.0,NaN,6,probe,POSTDIG_FIX1_OFF,156,58:31.8,453.715599,0.066643,,,,,,keyboard,after digit#1,"{""note"":""after digit#1"",""pd_used"":0}",2,0.016667,60,1
Sergio_G01_CNS-LLF5RV3D8,cpeeg01,ses03,20260804_153512,50:58.0,NaN,6,probe,DIGIT_RECALL_LINE_2,162,58:31.9,453.782241,2.741768,,2,,,,keyboard,next recall question,"{""value"":2,""note"":""next recall question"",""pd_used"":1}",2,0.016667,60,1
Sergio_G01_CNS-LLF5RV3D8,cpeeg01,ses03,20260804_153512,50:58.0,NaN,6,probe,PROBE_DIGIT_OK_2,71,58:35.1,456.524009,0.641948,7.048908,slot#2,NaN,,,keyboard,probe_digit#2,"{""value"":""slot#2"",""entered"":null,""rt"":7.048908400000073,""note"":""probe_digit#2""}",2,0.016667,60,1
Sergio_G01_CNS-LLF5RV3D8,cpeeg01,ses03,20260804_153512,50:58.0,NaN,6,probe,DIGIT2_OFF,147,58:35.3,457.165957,0,,6,,,,keyboard,digit#2 off,"{""value"":6,""note"":""digit#2 off"",""pd_used"":0}",2,0.016667,60,1
Sergio_G01_CNS-LLF5RV3D8,cpeeg01,ses03,20260804_153512,50:58.0,NaN,6,probe,POSTDIG_FIX2_ON,152,58:35.3,457.165957,1.74963,,,,,,keyboard,after digit#2,"{""note"":""after digit#2""}",2,0.016667,60,1
Sergio_G01_CNS-LLF5RV3D8,cpeeg01,ses03,20260804_153512,50:58.0,NaN,6,probe,POSTDIG_FIX2_OFF,157,58:37.0,458.915588,0.066701,,,,,,keyboard,after digit#2,"{""note"":""after digit#2"",""pd_used"":0}",2,0.016667,60,1
Sergio_G01_CNS-LLF5RV3D8,cpeeg01,ses03,20260804_153512,50:58.0,NaN,6,probe,DIGIT_RECALL_LINE_3,163,58:37.1,458.982289,1.465779,,3,,,,keyboard,next recall question,"{""value"":3,""note"":""next recall question"",""pd_used"":1}",2,0.016667,60,1
Sergio_G01_CNS-LLF5RV3D8,cpeeg01,ses03,20260804_153512,50:58.0,NaN,6,probe,PROBE_DIGIT_OK_3,71,58:38.9,460.448068,0.517558,10.972967,slot#3,NaN,,,keyboard,probe_digit#3,"{""value"":""slot#3"",""entered"":null,""rt"":10.972967099980451,""note"":""probe_digit#3""}",2,0.016667,60,1
Sergio_G01_CNS-LLF5RV3D8,cpeeg01,ses03,20260804_153512,50:58.0,NaN,6,probe,DIGIT3_OFF,148,58:39.1,460.965626,0,,6,,,,keyboard,digit#3 off,"{""value"":6,""note"":""digit#3 off"",""pd_used"":0}",2,0.016667,60,1
Sergio_G01_CNS-LLF5RV3D8,cpeeg01,ses03,20260804_153512,50:58.0,NaN,6,probe,POSTDIG_FIX3_ON,153,58:39.1,460.965626,1.783333,,,,,,keyboard,after digit#3,"{""note"":""after digit#3""}",2,0.016667,60,1
Sergio_G01_CNS-LLF5RV3D8,cpeeg01,ses03,20260804_153512,50:58.0,NaN,6,probe,POSTDIG_FIX3_OFF,158,58:40.8,462.748959,0.066702,,,,,,keyboard,after digit#3,"{""note"":""after digit#3"",""pd_used"":0}",2,0.016667,60,1
Sergio_G01_CNS-LLF5RV3D8,cpeeg01,ses03,20260804_153512,50:58.0,NaN,6,probe,DIGIT_RECALL_LINE_4,164,58:40.9,462.815661,1.512608,,4,,,,keyboard,next recall question,"{""value"":4,""note"":""next recall question"",""pd_used"":1}",2,0.016667,60,1
Sergio_G01_CNS-LLF5RV3D8,cpeeg01,ses03,20260804_153512,50:58.0,NaN,6,probe,PROBE_DIGIT_OK_4,71,58:42.7,464.32827,0.487531,14.853169,slot#4,NaN,,,keyboard,probe_digit#4,"{""value"":""slot#4"",""entered"":null,""rt"":14.853169000009075,""note"":""probe_digit#4""}",2,0.016667,60,1
Sergio_G01_CNS-LLF5RV3D8,cpeeg01,ses03,20260804_153512,50:58.0,NaN,6,probe,DIGIT4_OFF,149,58:42.9,464.815801,0,,6,,,,keyboard,digit#4 off,"{""value"":6,""note"":""digit#4 off"",""pd_used"":0}",2,0.016667,60,1
Sergio_G01_CNS-LLF5RV3D8,cpeeg01,ses03,20260804_153512,50:58.0,NaN,6,probe,POSTDIG_FIX4_ON,154,58:42.9,464.815801,1.64984,,,,,,keyboard,after digit#4,"{""note"":""after digit#4""}",2,0.016667,60,1
Sergio_G01_CNS-LLF5RV3D8,cpeeg01,ses03,20260804_153512,50:58.0,NaN,6,probe,POSTDIG_FIX4_OFF,159,58:44.6,466.465641,0.066657,,,,,,keyboard,after digit#4,"{""note"":""after digit#4"",""pd_used"":0}",2,0.016667,60,1
Sergio_G01_CNS-LLF5RV3D8,cpeeg01,ses03,20260804_153512,50:58.0,NaN,6,probe,DIGIT_RECALL_LINE_5,165,58:44.6,466.532298,1.719525,,5,,,,keyboard,next recall question,"{""value"":5,""note"":""next recall question"",""pd_used"":1}",2,0.016667,60,1
Sergio_G01_CNS-LLF5RV3D8,cpeeg01,ses03,20260804_153512,50:58.0,NaN,6,probe,PROBE_DIGIT_OK_5,71,58:46.7,468.251823,0.49719,18.776722,slot#5,NaN,,,keyboard,probe_digit#5,"{""value"":""slot#5"",""entered"":null,""rt"":18.776722299982794,""note"":""probe_digit#5""}",2,0.016667,60,1
Sergio_G01_CNS-LLF5RV3D8,cpeeg01,ses03,20260804_153512,50:58.0,NaN,6,probe,DIGIT5_OFF,150,58:46.8,468.749013,0,,6,,,,keyboard,digit#5 off,"{""value"":6,""note"":""digit#5 off"",""pd_used"":0}",2,0.016667,60,1
Sergio_G01_CNS-LLF5RV3D8,cpeeg01,ses03,20260804_153512,50:58.0,NaN,6,probe,POSTDIG_FIX5_ON,155,58:46.8,468.749013,3.416663,,,,,,keyboard,after digit#5,"{""note"":""after digit#5""}",2,0.016667,60,1
Sergio_G01_CNS-LLF5RV3D8,cpeeg01,ses03,20260804_153512,50:58.0,NaN,6,probe,POSTDIG_FIX5_OFF,160,58:50.3,472.165676,0.050125,,,,,,keyboard,after digit#5,"{""note"":""after digit#5"",""pd_used"":0}",2,0.016667,60,1
Sergio_G01_CNS-LLF5RV3D8,cpeeg01,ses03,20260804_153512,50:58.0,NaN,6,probe,PROBE_DONE,73,58:50.3,472.215801,0.000826,,,,,,keyboard,probe complete,"{""value"":"""",""note"":""probe complete""}",2,0.016667,60,1
Sergio_G01_CNS-LLF5RV3D8,cpeeg01,ses03,20260804_153512,50:58.0,NaN,6,probe,TRIAL_END,21,58:50.3,472.216627,0.105265,,,,,,keyboard,,{},2,0.016667,60,1
Sergio_G01_CNS-LLF5RV3D8,cpeeg01,ses03,20260804_153512,50:58.0,NaN,7,probe,TRIAL_CHANGE,22,58:50.4,472.321892,0.001188,,,,,,keyboard,trial transition,"{""note"":""trial transition""}",2,0.016667,60,1
Sergio_G01_CNS-LLF5RV3D8,cpeeg01,ses03,20260804_153512,50:58.0,NaN,7,probe,TRIAL_START,20,58:50.4,472.32308,0.05928,,,,,,keyboard,,{},2,0.016667,60,1
Sergio_G01_CNS-LLF5RV3D8,cpeeg01,ses03,20260804_153512,50:58.0,NaN,7,fix1,FIX1_ON,30,58:50.5,472.382359,3.099994,,,,,,keyboard,,"{""pd_used"":0}",2,0.016667,60,1
Sergio_G01_CNS-LLF5RV3D8,cpeeg01,ses03,20260804_153512,50:58.0,NaN,7,fix1,FIX1_OFF,31,58:53.6,475.482353,0.05003,,,,,,keyboard,,"{""pd_used"":0}",2,0.016667,60,1
Sergio_G01_CNS-LLF5RV3D8,cpeeg01,ses03,20260804_153512,50:58.0,NaN,7,digit,DIGIT1_ON,141,58:53.6,475.532383,0.54998,,3,,,,keyboard,digit#1 shown,"{""value"":3,""note"":""digit#1 shown"",""pd_used"":1}",2,0.016667,60,1
Sergio_G01_CNS-LLF5RV3D8,cpeeg01,ses03,20260804_153512,50:58.0,NaN,7,digit,DIGIT1_OFF,146,58:54.2,476.082363,0,,3,,,,keyboard,digit#1 off,"{""value"":3,""note"":""digit#1 off"",""pd_used"":0}",2,0.016667,60,1
Sergio_G01_CNS-LLF5RV3D8,cpeeg01,ses03,20260804_153512,50:58.0,NaN,7,digit,POSTDIG_FIX1_ON,151,58:54.2,476.082363,1.783374,,,,,,keyboard,after digit#1,"{""note"":""after digit#1""}",2,0.016667,60,1
Sergio_G01_CNS-LLF5RV3D8,cpeeg01,ses03,20260804_153512,50:58.0,NaN,7,digit,POSTDIG_FIX1_OFF,156,58:56.0,477.865737,0.049952,,,,,,keyboard,after digit#1,"{""note"":""after digit#1"",""pd_used"":0}",2,0.016667,60,1
Sergio_G01_CNS-LLF5RV3D8,cpeeg01,ses03,20260804_153512,50:58.0,NaN,7,digit,DIGIT2_ON,142,58:56.0,477.915689,0.550039,,3,,,,keyboard,digit#2 shown,"{""value"":3,""note"":""digit#2 shown"",""pd_used"":1}",2,0.016667,60,1
Sergio_G01_CNS-LLF5RV3D8,cpeeg01,ses03,20260804_153512,50:58.0,NaN,7,digit,DIGIT2_OFF,147,58:56.6,478.465728,0,,3,,,,keyboard,digit#2 off,"{""value"":3,""note"":""digit#2 off"",""pd_used"":0}",2,0.016667,60,1
Sergio_G01_CNS-LLF5RV3D8,cpeeg01,ses03,20260804_153512,50:58.0,NaN,7,digit,POSTDIG_FIX2_ON,152,58:56.6,478.465728,1.883286,,,,,,keyboard,after digit#2,"{""note"":""after digit#2""}",2,0.016667,60,1
Sergio_G01_CNS-LLF5RV3D8,cpeeg01,ses03,20260804_153512,50:58.0,NaN,7,digit,POSTDIG_FIX2_OFF,157,58:58.4,480.349014,0.050012,,,,,,keyboard,after digit#2,"{""note"":""after digit#2"",""pd_used"":0}",2,0.016667,60,1
Sergio_G01_CNS-LLF5RV3D8,cpeeg01,ses03,20260804_153512,50:58.0,NaN,7,digit,DIGIT3_ON,143,58:58.5,480.399027,0.550027,,4,,,,keyboard,digit#3 shown,"{""value"":4,""note"":""digit#3 shown"",""pd_used"":1}",2,0.016667,60,1
Sergio_G01_CNS-LLF5RV3D8,cpeeg01,ses03,20260804_153512,50:58.0,NaN,7,digit,DIGIT3_OFF,148,58:59.0,480.949054,0,,4,,,,keyboard,digit#3 off,"{""value"":4,""note"":""digit#3 off"",""pd_used"":0}",2,0.016667,60,1
Sergio_G01_CNS-LLF5RV3D8,cpeeg01,ses03,20260804_153512,50:58.0,NaN,7,digit,POSTDIG_FIX3_ON,153,58:59.0,480.949054,1.966699,,,,,,keyboard,after digit#3,"{""note"":""after digit#3""}",2,0.016667,60,1
Sergio_G01_CNS-LLF5RV3D8,cpeeg01,ses03,20260804_153512,50:58.0,NaN,7,digit,POSTDIG_FIX3_OFF,158,59:01.0,482.915752,0.049999,,,,,,keyboard,after digit#3,"{""note"":""after digit#3"",""pd_used"":0}",2,0.016667,60,1
Sergio_G01_CNS-LLF5RV3D8,cpeeg01,ses03,20260804_153512,50:58.0,NaN,7,digit,DIGIT4_ON,144,59:01.1,482.965752,0.549955,,9,,,,keyboard,digit#4 shown,"{""value"":9,""note"":""digit#4 shown"",""pd_used"":1}",2,0.016667,60,1
Sergio_G01_CNS-LLF5RV3D8,cpeeg01,ses03,20260804_153512,50:58.0,NaN,7,digit,DIGIT4_OFF,149,59:01.6,483.515707,0,,9,,,,keyboard,digit#4 off,"{""value"":9,""note"":""digit#4 off"",""pd_used"":0}",2,0.016667,60,1
Sergio_G01_CNS-LLF5RV3D8,cpeeg01,ses03,20260804_153512,50:58.0,NaN,7,digit,POSTDIG_FIX4_ON,154,59:01.6,483.515707,1.600063,,,,,,keyboard,after digit#4,"{""note"":""after digit#4""}",2,0.016667,60,1
Sergio_G01_CNS-LLF5RV3D8,cpeeg01,ses03,20260804_153512,50:58.0,NaN,7,digit,POSTDIG_FIX4_OFF,159,59:03.2,485.11577,0.049951,,,,,,keyboard,after digit#4,"{""note"":""after digit#4"",""pd_used"":0}",2,0.016667,60,1
Sergio_G01_CNS-LLF5RV3D8,cpeeg01,ses03,20260804_153512,50:58.0,NaN,7,digit,DIGIT5_ON,145,59:03.3,485.165721,0.550022,,4,,,,keyboard,digit#5 shown,"{""value"":4,""note"":""digit#5 shown"",""pd_used"":1}",2,0.016667,60,1
Sergio_G01_CNS-LLF5RV3D8,cpeeg01,ses03,20260804_153512,50:58.0,NaN,7,digit,DIGIT5_OFF,150,59:03.8,485.715744,0,,4,,,,keyboard,digit#5 off,"{""value"":4,""note"":""digit#5 off"",""pd_used"":0}",2,0.016667,60,1
Sergio_G01_CNS-LLF5RV3D8,cpeeg01,ses03,20260804_153512,50:58.0,NaN,7,digit,POSTDIG_FIX5_ON,155,59:03.8,485.715744,3.31665,,,,,,keyboard,after digit#5,"{""note"":""after digit#5""}",2,0.016667,60,1
Sergio_G01_CNS-LLF5RV3D8,cpeeg01,ses03,20260804_153512,50:58.0,NaN,7,digit,POSTDIG_FIX5_OFF,160,59:07.1,489.032393,0.050032,,,,,,keyboard,after digit#5,"{""note"":""after digit#5"",""pd_used"":0}",2,0.016667,60,1
Sergio_G01_CNS-LLF5RV3D8,cpeeg01,ses03,20260804_153512,50:58.0,NaN,7,distractor,DISTRACTOR_ON,50,59:07.2,489.082425,6.94307,,7+1=5,,,,keyboard,,"{""value"":""7+1=5"",""isCorrectTruth"":false,""trueSum"":8,""pd_used"":1}",2,0.016667,60,1
Sergio_G01_CNS-LLF5RV3D8,cpeeg01,ses03,20260804_153512,50:58.0,NaN,7,distractor,DISTRACTOR_ANS,51,59:14.5,496.025495,0,6.94307,7+1=5,F,1,,keyboard,key= (False),"{""value"":""7+1=5"",""entered"":""F"",""rt"":6.9430696999188513,""correct"":1,""note"":""key= (False)"",""truth"":false,""trueSum"":8,""shownSum"":5,""a"":7,""b"":1}",2,0.016667,60,1
Sergio_G01_CNS-LLF5RV3D8,cpeeg01,ses03,20260804_153512,50:58.0,NaN,7,distractor,ANS_CORRECT,100,59:14.5,496.025495,0.473627,,,,,,keyboard,,{},2,0.016667,60,1
Sergio_G01_CNS-LLF5RV3D8,cpeeg01,ses03,20260804_153512,50:58.0,NaN,7,distractor,DISTRACTOR_OFF,52,59:14.6,496.499122,0,,,,,,keyboard,,"{""pd_used"":0}",2,0.016667,60,1
Sergio_G01_CNS-LLF5RV3D8,cpeeg01,ses03,20260804_153512,50:58.0,NaN,7,distractor,FIX2_ON,60,59:14.6,496.499122,3.300048,,,,,,keyboard,immediate after response,"{""note"":""immediate after response""}",2,0.016667,60,1
Sergio_G01_CNS-LLF5RV3D8,cpeeg01,ses03,20260804_153512,50:58.0,NaN,7,fix2,FIX2_OFF,61,59:17.9,499.79917,0.049954,,,,,,keyboard,,"{""pd_used"":0}",2,0.016667,60,1
Sergio_G01_CNS-LLF5RV3D8,cpeeg01,ses03,20260804_153512,50:58.0,NaN,7,probe,DIGIT_RECALL_LINE_1,161,59:17.9,499.849124,0.101857,,1,,,,keyboard,first recall question,"{""value"":1,""note"":""first recall question"",""pd_used"":1}",2,0.016667,60,1
Sergio_G01_CNS-LLF5RV3D8,cpeeg01,ses03,20260804_153512,50:58.0,NaN,7,probe,PROBE_DIGIT_OK_1,71,59:18.4,499.950982,0.51481,0.108795,slot#1,NaN,,,keyboard,probe_digit#1,"{""value"":""slot#1"",""entered"":null,""rt"":0.10879490000661463,""note"":""probe_digit#1""}",2,0.016667,60,1
Sergio_G01_CNS-LLF5RV3D8,cpeeg01,ses03,20260804_153512,50:58.0,NaN,7,probe,DIGIT1_OFF,146,59:18.6,500.465792,0,,4,,,,keyboard,digit#1 off,"{""value"":4,""note"":""digit#1 off"",""pd_used"":0}",2,0.016667,60,1
Sergio_G01_CNS-LLF5RV3D8,cpeeg01,ses03,20260804_153512,50:58.0,NaN,7,probe,POSTDIG_FIX1_ON,151,59:18.6,500.465792,2.049992,,,,,,keyboard,after digit#1,"{""note"":""after digit#1""}",2,0.016667,60,1
Sergio_G01_CNS-LLF5RV3D8,cpeeg01,ses03,20260804_153512,50:58.0,NaN,7,probe,POSTDIG_FIX1_OFF,156,59:20.6,502.515784,0.066704,,,,,,keyboard,after digit#1,"{""note"":""after digit#1"",""pd_used"":0}",2,0.016667,60,1
Sergio_G01_CNS-LLF5RV3D8,cpeeg01,ses03,20260804_153512,50:58.0,NaN,7,probe,DIGIT_RECALL_LINE_2,162,59:20.7,502.582488,0.208964,,2,,,,keyboard,next recall question,"{""value"":2,""note"":""next recall question"",""pd_used"":1}",2,0.016667,60,1
Sergio_G01_CNS-LLF5RV3D8,cpeeg01,ses03,20260804_153512,50:58.0,NaN,7,probe,PROBE_DIGIT_OK_2,71,59:21.2,502.791452,0.474648,2.949265,slot#2,NaN,,,keyboard,probe_digit#2,"{""value"":""slot#2"",""entered"":null,""rt"":2.9492647000588477,""note"":""probe_digit#2""}",2,0.016667,60,1
Sergio_G01_CNS-LLF5RV3D8,cpeeg01,ses03,20260804_153512,50:58.0,NaN,7,probe,DIGIT2_OFF,147,59:21.4,503.2661,0,,4,,,,keyboard,digit#2 off,"{""value"":4,""note"":""digit#2 off"",""pd_used"":0}",2,0.016667,60,1
Sergio_G01_CNS-LLF5RV3D8,cpeeg01,ses03,20260804_153512,50:58.0,NaN,7,probe,POSTDIG_FIX2_ON,152,59:21.4,503.2661,1.849723,,,,,,keyboard,after digit#2,"{""note"":""after digit#2""}",2,0.016667,60,1
Sergio_G01_CNS-LLF5RV3D8,cpeeg01,ses03,20260804_153512,50:58.0,NaN,7,probe,POSTDIG_FIX2_OFF,157,59:23.2,505.115823,0.06667,,,,,,keyboard,after digit#2,"{""note"":""after digit#2"",""pd_used"":0}",2,0.016667,60,1
Sergio_G01_CNS-LLF5RV3D8,cpeeg01,ses03,20260804_153512,50:58.0,NaN,7,probe,DIGIT_RECALL_LINE_3,163,59:23.3,505.182493,2.750195,,3,,,,keyboard,next recall question,"{""value"":3,""note"":""next recall question"",""pd_used"":1}",2,0.016667,60,1
Sergio_G01_CNS-LLF5RV3D8,cpeeg01,ses03,20260804_153512,50:58.0,NaN,7,probe,PROBE_DIGIT_OK_3,71,59:26.6,507.932689,0.699825,8.090502,slot#3,NaN,,,keyboard,probe_digit#3,"{""value"":""slot#3"",""entered"":null,""rt"":8.0905017000623047,""note"":""probe_digit#3""}",2,0.016667,60,1
Sergio_G01_CNS-LLF5RV3D8,cpeeg01,ses03,20260804_153512,50:58.0,NaN,7,probe,DIGIT3_OFF,148,59:26.7,508.632513,0,,4,,,,keyboard,digit#3 off,"{""value"":4,""note"":""digit#3 off"",""pd_used"":0}",2,0.016667,60,1
Sergio_G01_CNS-LLF5RV3D8,cpeeg01,ses03,20260804_153512,50:58.0,NaN,7,probe,POSTDIG_FIX3_ON,153,59:26.7,508.632513,1.883337,,,,,,keyboard,after digit#3,"{""note"":""after digit#3""}",2,0.016667,60,1
Sergio_G01_CNS-LLF5RV3D8,cpeeg01,ses03,20260804_153512,50:58.0,NaN,7,probe,POSTDIG_FIX3_OFF,158,59:28.6,510.515851,0.066631,,,,,,keyboard,after digit#3,"{""note"":""after digit#3"",""pd_used"":0}",2,0.016667,60,1
Sergio_G01_CNS-LLF5RV3D8,cpeeg01,ses03,20260804_153512,50:58.0,NaN,7,probe,DIGIT_RECALL_LINE_4,164,59:28.7,510.582482,5.384778,,4,,,,keyboard,next recall question,"{""value"":4,""note"":""next recall question"",""pd_used"":1}",2,0.016667,60,1
Sergio_G01_CNS-LLF5RV3D8,cpeeg01,ses03,20260804_153512,50:58.0,NaN,7,probe,PROBE_DIGIT_OK_4,71,59:34.7,515.96726,0.815266,16.125073,slot#4,NaN,,,keyboard,probe_digit#4,"{""value"":""slot#4"",""entered"":null,""rt"":16.125072999973781,""note"":""probe_digit#4""}",2,0.016667,60,1
Sergio_G01_CNS-LLF5RV3D8,cpeeg01,ses03,20260804_153512,50:58.0,NaN,7,probe,DIGIT4_OFF,149,59:34.9,516.782526,0,,4,,,,keyboard,digit#4 off,"{""value"":4,""note"":""digit#4 off"",""pd_used"":0}",2,0.016667,60,1
Sergio_G01_CNS-LLF5RV3D8,cpeeg01,ses03,20260804_153512,50:58.0,NaN,7,probe,POSTDIG_FIX4_ON,154,59:34.9,516.782526,1.783392,,,,,,keyboard,after digit#4,"{""note"":""after digit#4""}",2,0.016667,60,1
Sergio_G01_CNS-LLF5RV3D8,cpeeg01,ses03,20260804_153512,50:58.0,NaN,7,probe,POSTDIG_FIX4_OFF,159,59:36.7,518.565918,0.066632,,,,,,keyboard,after digit#4,"{""note"":""after digit#4"",""pd_used"":0}",2,0.016667,60,1
Sergio_G01_CNS-LLF5RV3D8,cpeeg01,ses03,20260804_153512,50:58.0,NaN,7,probe,DIGIT_RECALL_LINE_5,165,59:36.7,518.63255,1.718339,,5,,,,keyboard,next recall question,"{""value"":5,""note"":""next recall question"",""pd_used"":1}",2,0.016667,60,1
Sergio_G01_CNS-LLF5RV3D8,cpeeg01,ses03,20260804_153512,50:58.0,NaN,7,probe,PROBE_DIGIT_OK_5,71,59:38.9,520.350889,0.598376,20.508702,slot#5,NaN,,,keyboard,probe_digit#5,"{""value"":""slot#5"",""entered"":null,""rt"":20.508702000021003,""note"":""probe_digit#5""}",2,0.016667,60,1
Sergio_G01_CNS-LLF5RV3D8,cpeeg01,ses03,20260804_153512,50:58.0,NaN,7,probe,DIGIT5_OFF,150,59:39.0,520.949265,0,,4,,,,keyboard,digit#5 off,"{""value"":4,""note"":""digit#5 off"",""pd_used"":0}",2,0.016667,60,1
Sergio_G01_CNS-LLF5RV3D8,cpeeg01,ses03,20260804_153512,50:58.0,NaN,7,probe,POSTDIG_FIX5_ON,155,59:39.0,520.949265,3.283318,,,,,,keyboard,after digit#5,"{""note"":""after digit#5""}",2,0.016667,60,1
Sergio_G01_CNS-LLF5RV3D8,cpeeg01,ses03,20260804_153512,50:58.0,NaN,7,probe,POSTDIG_FIX5_OFF,160,59:42.3,524.232583,0.050057,,,,,,keyboard,after digit#5,"{""note"":""after digit#5"",""pd_used"":0}",2,0.016667,60,1
Sergio_G01_CNS-LLF5RV3D8,cpeeg01,ses03,20260804_153512,50:58.0,NaN,7,probe,PROBE_DONE,73,59:42.3,524.28264,0.000906,,,,,,keyboard,probe complete,"{""value"":"""",""note"":""probe complete""}",2,0.016667,60,1
Sergio_G01_CNS-LLF5RV3D8,cpeeg01,ses03,20260804_153512,50:58.0,NaN,7,probe,TRIAL_END,21,59:42.3,524.283546,0.106554,,,,,,keyboard,,{},2,0.016667,60,1
Sergio_G01_CNS-LLF5RV3D8,cpeeg01,ses03,20260804_153512,50:58.0,NaN,8,probe,TRIAL_CHANGE,22,59:42.4,524.3901,0.001435,,,,,,keyboard,trial transition,"{""note"":""trial transition""}",2,0.016667,60,1
Sergio_G01_CNS-LLF5RV3D8,cpeeg01,ses03,20260804_153512,50:58.0,NaN,8,probe,TRIAL_START,20,59:42.4,524.391535,0.057715,,,,,,keyboard,,{},2,0.016667,60,1
Sergio_G01_CNS-LLF5RV3D8,cpeeg01,ses03,20260804_153512,50:58.0,NaN,8,fix1,FIX1_ON,30,59:42.5,524.44925,3.466671,,,,,,keyboard,,"{""pd_used"":0}",2,0.016667,60,1
Sergio_G01_CNS-LLF5RV3D8,cpeeg01,ses03,20260804_153512,50:58.0,NaN,8,fix1,FIX1_OFF,31,59:46.0,527.915921,0.050015,,,,,,keyboard,,"{""pd_used"":0}",2,0.016667,60,1
Sergio_G01_CNS-LLF5RV3D8,cpeeg01,ses03,20260804_153512,50:58.0,NaN,8,digit,DIGIT1_ON,141,59:46.1,527.965936,0.549979,,5,,,,keyboard,digit#1 shown,"{""value"":5,""note"":""digit#1 shown"",""pd_used"":1}",2,0.016667,60,1
Sergio_G01_CNS-LLF5RV3D8,cpeeg01,ses03,20260804_153512,50:58.0,NaN,8,digit,DIGIT1_OFF,146,59:46.6,528.515915,0,,5,,,,keyboard,digit#1 off,"{""value"":5,""note"":""digit#1 off"",""pd_used"":0}",2,0.016667,60,1
Sergio_G01_CNS-LLF5RV3D8,cpeeg01,ses03,20260804_153512,50:58.0,NaN,8,digit,POSTDIG_FIX1_ON,151,59:46.6,528.515915,1.966666,,,,,,keyboard,after digit#1,"{""note"":""after digit#1""}",2,0.016667,60,1
Sergio_G01_CNS-LLF5RV3D8,cpeeg01,ses03,20260804_153512,50:58.0,NaN,8,digit,POSTDIG_FIX1_OFF,156,59:48.6,530.482581,0.05002,,,,,,keyboard,after digit#1,"{""note"":""after digit#1"",""pd_used"":0}",2,0.016667,60,1
Sergio_G01_CNS-LLF5RV3D8,cpeeg01,ses03,20260804_153512,50:58.0,NaN,8,digit,DIGIT2_ON,142,59:48.6,530.5326,0.549968,,6,,,,keyboard,digit#2 shown,"{""value"":6,""note"":""digit#2 shown"",""pd_used"":1}",2,0.016667,60,1
Sergio_G01_CNS-LLF5RV3D8,cpeeg01,ses03,20260804_153512,50:58.0,NaN,8,digit,DIGIT2_OFF,147,59:49.2,531.082568,0,,6,,,,keyboard,digit#2 off,"{""value"":6,""note"":""digit#2 off"",""pd_used"":0}",2,0.016667,60,1
Sergio_G01_CNS-LLF5RV3D8,cpeeg01,ses03,20260804_153512,50:58.0,NaN,8,digit,POSTDIG_FIX2_ON,152,59:49.2,531.082568,1.600067,,,,,,keyboard,after digit#2,"{""note"":""after digit#2""}",2,0.016667,60,1
Sergio_G01_CNS-LLF5RV3D8,cpeeg01,ses03,20260804_153512,50:58.0,NaN,8,digit,POSTDIG_FIX2_OFF,157,59:50.8,532.682636,0.049954,,,,,,keyboard,after digit#2,"{""note"":""after digit#2"",""pd_used"":0}",2,0.016667,60,1
Sergio_G01_CNS-LLF5RV3D8,cpeeg01,ses03,20260804_153512,50:58.0,NaN,8,digit,DIGIT3_ON,143,59:50.8,532.73259,0.55002,,4,,,,keyboard,digit#3 shown,"{""value"":4,""note"":""digit#3 shown"",""pd_used"":1}",2,0.016667,60,1
Sergio_G01_CNS-LLF5RV3D8,cpeeg01,ses03,20260804_153512,50:58.0,NaN,8,digit,DIGIT3_OFF,148,59:51.4,533.28261,0,,4,,,,keyboard,digit#3 off,"{""value"":4,""note"":""digit#3 off"",""pd_used"":0}",2,0.016667,60,1
Sergio_G01_CNS-LLF5RV3D8,cpeeg01,ses03,20260804_153512,50:58.0,NaN,8,digit,POSTDIG_FIX3_ON,153,59:51.4,533.28261,1.866674,,,,,,keyboard,after digit#3,"{""note"":""after digit#3""}",2,0.016667,60,1
Sergio_G01_CNS-LLF5RV3D8,cpeeg01,ses03,20260804_153512,50:58.0,NaN,8,digit,POSTDIG_FIX3_OFF,158,59:53.2,535.149284,0.050008,,,,,,keyboard,after digit#3,"{""note"":""after digit#3"",""pd_used"":0}",2,0.016667,60,1
Sergio_G01_CNS-LLF5RV3D8,cpeeg01,ses03,20260804_153512,50:58.0,NaN,8,digit,DIGIT4_ON,144,59:53.3,535.199292,0.550008,,8,,,,keyboard,digit#4 shown,"{""value"":8,""note"":""digit#4 shown"",""pd_used"":1}",2,0.016667,60,1
Sergio_G01_CNS-LLF5RV3D8,cpeeg01,ses03,20260804_153512,50:58.0,NaN,8,digit,DIGIT4_OFF,149,59:53.8,535.7493,0,,8,,,,keyboard,digit#4 off,"{""value"":8,""note"":""digit#4 off"",""pd_used"":0}",2,0.016667,60,1
Sergio_G01_CNS-LLF5RV3D8,cpeeg01,ses03,20260804_153512,50:58.0,NaN,8,digit,POSTDIG_FIX4_ON,154,59:53.8,535.7493,1.93335,,,,,,keyboard,after digit#4,"{""note"":""after digit#4""}",2,0.016667,60,1
Sergio_G01_CNS-LLF5RV3D8,cpeeg01,ses03,20260804_153512,50:58.0,NaN,8,digit,POSTDIG_FIX4_OFF,159,59:55.8,537.682649,0.049981,,,,,,keyboard,after digit#4,"{""note"":""after digit#4"",""pd_used"":0}",2,0.016667,60,1
Sergio_G01_CNS-LLF5RV3D8,cpeeg01,ses03,20260804_153512,50:58.0,NaN,8,digit,DIGIT5_ON,145,59:55.8,537.73263,0.549998,,9,,,,keyboard,digit#5 shown,"{""value"":9,""note"":""digit#5 shown"",""pd_used"":1}",2,0.016667,60,1
Sergio_G01_CNS-LLF5RV3D8,cpeeg01,ses03,20260804_153512,50:58.0,NaN,8,digit,DIGIT5_OFF,150,59:56.4,538.282628,0,,9,,,,keyboard,digit#5 off,"{""value"":9,""note"":""digit#5 off"",""pd_used"":0}",2,0.016667,60,1
Sergio_G01_CNS-LLF5RV3D8,cpeeg01,ses03,20260804_153512,50:58.0,NaN,8,digit,POSTDIG_FIX5_ON,155,59:56.4,538.282628,3.250037,,,,,,keyboard,after digit#5,"{""note"":""after digit#5""}",2,0.016667,60,1
Sergio_G01_CNS-LLF5RV3D8,cpeeg01,ses03,20260804_153512,50:58.0,NaN,8,digit,POSTDIG_FIX5_OFF,160,59:59.6,541.532665,0.04996,,,,,,keyboard,after digit#5,"{""note"":""after digit#5"",""pd_used"":0}",2,0.016667,60,1
Sergio_G01_CNS-LLF5RV3D8,cpeeg01,ses03,20260804_153512,50:58.0,NaN,8,distractor,DISTRACTOR_ON,50,59:59.7,541.582625,4.433578,,8+2=13,,,,keyboard,,"{""value"":""8+2=13"",""isCorrectTruth"":false,""trueSum"":10,""pd_used"":1}",2,0.016667,60,1
Sergio_G01_CNS-LLF5RV3D8,cpeeg01,ses03,20260804_153512,50:58.0,NaN,8,distractor,DISTRACTOR_ANS,51,00:04.4,546.016203,0,4.433578,8+2=13,F,1,,keyboard,key= (False),"{""value"":""8+2=13"",""entered"":""F"",""rt"":4.4335779999382794,""correct"":1,""note"":""key= (False)"",""truth"":false,""trueSum"":10,""shownSum"":13,""a"":8,""b"":2}",2,0.016667,60,1
Sergio_G01_CNS-LLF5RV3D8,cpeeg01,ses03,20260804_153512,50:58.0,NaN,8,distractor,ANS_CORRECT,100,00:04.4,546.016203,0.366467,,,,,,keyboard,,{},2,0.016667,60,1
Sergio_G01_CNS-LLF5RV3D8,cpeeg01,ses03,20260804_153512,50:58.0,NaN,8,distractor,DISTRACTOR_OFF,52,00:04.5,546.38267,0,,,,,,keyboard,,"{""pd_used"":0}",2,0.016667,60,1
Sergio_G01_CNS-LLF5RV3D8,cpeeg01,ses03,20260804_153512,50:58.0,NaN,8,distractor,FIX2_ON,60,00:04.5,546.38267,3.333316,,,,,,keyboard,immediate after response,"{""note"":""immediate after response""}",2,0.016667,60,1
Sergio_G01_CNS-LLF5RV3D8,cpeeg01,ses03,20260804_153512,50:58.0,NaN,8,fix2,FIX2_OFF,61,00:07.8,549.715987,0.050033,,,,,,keyboard,,"{""pd_used"":0}",2,0.016667,60,1
Sergio_G01_CNS-LLF5RV3D8,cpeeg01,ses03,20260804_153512,50:58.0,NaN,8,probe,DIGIT_RECALL_LINE_1,161,00:07.9,549.76602,5.735651,,1,,,,keyboard,first recall question,"{""value"":1,""note"":""first recall question"",""pd_used"":1}",2,0.016667,60,1
Sergio_G01_CNS-LLF5RV3D8,cpeeg01,ses03,20260804_153512,50:58.0,NaN,8,probe,PROBE_DIGIT_OK_1,71,00:13.9,555.501671,0.464377,5.742273,slot#1,NaN,,,keyboard,probe_digit#1,"{""value"":""slot#1"",""entered"":null,""rt"":5.7422734000720084,""note"":""probe_digit#1""}",2,0.016667,60,1
Sergio_G01_CNS-LLF5RV3D8,cpeeg01,ses03,20260804_153512,50:58.0,NaN,8,probe,DIGIT1_OFF,146,00:14.1,555.966048,0,,9,,,,keyboard,digit#1 off,"{""value"":9,""note"":""digit#1 off"",""pd_used"":0}",2,0.016667,60,1
Sergio_G01_CNS-LLF5RV3D8,cpeeg01,ses03,20260804_153512,50:58.0,NaN,8,probe,POSTDIG_FIX1_ON,151,00:14.1,555.966048,1.783378,,,,,,keyboard,after digit#1,"{""note"":""after digit#1""}",2,0.016667,60,1
Sergio_G01_CNS-LLF5RV3D8,cpeeg01,ses03,20260804_153512,50:58.0,NaN,8,probe,POSTDIG_FIX1_OFF,156,00:15.8,557.749425,0.066631,,,,,,keyboard,after digit#1,"{""note"":""after digit#1"",""pd_used"":0}",2,0.016667,60,1
Sergio_G01_CNS-LLF5RV3D8,cpeeg01,ses03,20260804_153512,50:58.0,NaN,8,probe,DIGIT_RECALL_LINE_2,162,00:15.9,557.816057,4.603069,,2,,,,keyboard,next recall question,"{""value"":2,""note"":""next recall question"",""pd_used"":1}",2,0.016667,60,1
Sergio_G01_CNS-LLF5RV3D8,cpeeg01,ses03,20260804_153512,50:58.0,NaN,8,probe,PROBE_DIGIT_OK_2,71,00:20.8,562.419126,0.43028,12.659728,slot#2,NaN,,,keyboard,probe_digit#2,"{""value"":""slot#2"",""entered"":null,""rt"":12.659728400059976,""note"":""probe_digit#2""}",2,0.016667,60,1
Sergio_G01_CNS-LLF5RV3D8,cpeeg01,ses03,20260804_153512,50:58.0,NaN,8,probe,DIGIT2_OFF,147,00:20.9,562.849406,0,,9,,,,keyboard,digit#2 off,"{""value"":9,""note"":""digit#2 off"",""pd_used"":0}",2,0.016667,60,1
Sergio_G01_CNS-LLF5RV3D8,cpeeg01,ses03,20260804_153512,50:58.0,NaN,8,probe,POSTDIG_FIX2_ON,152,00:20.9,562.849406,1.966697,,,,,,keyboard,after digit#2,"{""note"":""after digit#2""}",2,0.016667,60,1
Sergio_G01_CNS-LLF5RV3D8,cpeeg01,ses03,20260804_153512,50:58.0,NaN,8,probe,POSTDIG_FIX2_OFF,157,00:22.9,564.816103,0.066628,,,,,,keyboard,after digit#2,"{""note"":""after digit#2"",""pd_used"":0}",2,0.016667,60,1
Sergio_G01_CNS-LLF5RV3D8,cpeeg01,ses03,20260804_153512,50:58.0,NaN,8,probe,DIGIT_RECALL_LINE_3,163,00:23.0,564.88273,4.303341,,3,,,,keyboard,next recall question,"{""value"":3,""note"":""next recall question"",""pd_used"":1}",2,0.016667,60,1
Sergio_G01_CNS-LLF5RV3D8,cpeeg01,ses03,20260804_153512,50:58.0,NaN,8,probe,PROBE_DIGIT_OK_3,71,00:28.1,569.186071,0.930049,19.426674,slot#3,NaN,,,keyboard,probe_digit#3,"{""value"":""slot#3"",""entered"":null,""rt"":19.426673899986781,""note"":""probe_digit#3""}",2,0.016667,60,1
Sergio_G01_CNS-LLF5RV3D8,cpeeg01,ses03,20260804_153512,50:58.0,NaN,8,probe,DIGIT3_OFF,148,00:28.2,570.11612,0,,9,,,,keyboard,digit#3 off,"{""value"":9,""note"":""digit#3 off"",""pd_used"":0}",2,0.016667,60,1
Sergio_G01_CNS-LLF5RV3D8,cpeeg01,ses03,20260804_153512,50:58.0,NaN,8,probe,POSTDIG_FIX3_ON,153,00:28.2,570.11612,1.883286,,,,,,keyboard,after digit#3,"{""note"":""after digit#3""}",2,0.016667,60,1
Sergio_G01_CNS-LLF5RV3D8,cpeeg01,ses03,20260804_153512,50:58.0,NaN,8,probe,POSTDIG_FIX3_OFF,158,00:30.1,571.999406,0.066653,,,,,,keyboard,after digit#3,"{""note"":""after digit#3"",""pd_used"":0}",2,0.016667,60,1
Sergio_G01_CNS-LLF5RV3D8,cpeeg01,ses03,20260804_153512,50:58.0,NaN,8,probe,DIGIT_RECALL_LINE_4,164,00:30.2,572.06606,2.88072,,4,,,,keyboard,next recall question,"{""value"":4,""note"":""next recall question"",""pd_used"":1}",2,0.016667,60,1
Sergio_G01_CNS-LLF5RV3D8,cpeeg01,ses03,20260804_153512,50:58.0,NaN,8,probe,PROBE_DIGIT_OK_4,71,00:33.4,574.94678,0.469336,25.187383,slot#4,NaN,,,keyboard,probe_digit#4,"{""value"":""slot#4"",""entered"":null,""rt"":25.187382700038143,""note"":""probe_digit#4""}",2,0.016667,60,1
Sergio_G01_CNS-LLF5RV3D8,cpeeg01,ses03,20260804_153512,50:58.0,NaN,8,probe,DIGIT4_OFF,149,00:33.5,575.416116,0,,9,,,,keyboard,digit#4 off,"{""value"":9,""note"":""digit#4 off"",""pd_used"":0}",2,0.016667,60,1
Sergio_G01_CNS-LLF5RV3D8,cpeeg01,ses03,20260804_153512,50:58.0,NaN,8,probe,POSTDIG_FIX4_ON,154,00:33.5,575.416116,1.700011,,,,,,keyboard,after digit#4,"{""note"":""after digit#4""}",2,0.016667,60,1
Sergio_G01_CNS-LLF5RV3D8,cpeeg01,ses03,20260804_153512,50:58.0,NaN,8,probe,POSTDIG_FIX4_OFF,159,00:35.2,577.116128,0.066643,,,,,,keyboard,after digit#4,"{""note"":""after digit#4"",""pd_used"":0}",2,0.016667,60,1
Sergio_G01_CNS-LLF5RV3D8,cpeeg01,ses03,20260804_153512,50:58.0,NaN,8,probe,DIGIT_RECALL_LINE_5,165,00:35.3,577.182771,2.34666,,5,,,,keyboard,next recall question,"{""value"":5,""note"":""next recall question"",""pd_used"":1}",2,0.016667,60,1
Sergio_G01_CNS-LLF5RV3D8,cpeeg01,ses03,20260804_153512,50:58.0,NaN,8,probe,PROBE_DIGIT_OK_5,71,00:38.1,579.52943,0.670059,29.770033,slot#5,NaN,,,keyboard,probe_digit#5,"{""value"":""slot#5"",""entered"":null,""rt"":29.770033200038597,""note"":""probe_digit#5""}",2,0.016667,60,1
Sergio_G01_CNS-LLF5RV3D8,cpeeg01,ses03,20260804_153512,50:58.0,NaN,8,probe,DIGIT5_OFF,150,00:38.3,580.199489,0,,9,,,,keyboard,digit#5 off,"{""value"":9,""note"":""digit#5 off"",""pd_used"":0}",2,0.016667,60,1
Sergio_G01_CNS-LLF5RV3D8,cpeeg01,ses03,20260804_153512,50:58.0,NaN,8,probe,POSTDIG_FIX5_ON,155,00:38.3,580.199489,3.100309,,,,,,keyboard,after digit#5,"{""note"":""after digit#5""}",2,0.016667,60,1
Sergio_G01_CNS-LLF5RV3D8,cpeeg01,ses03,20260804_153512,50:58.0,NaN,8,probe,POSTDIG_FIX5_OFF,160,00:41.4,583.299798,0.049737,,,,,,keyboard,after digit#5,"{""note"":""after digit#5"",""pd_used"":0}",2,0.016667,60,1
Sergio_G01_CNS-LLF5RV3D8,cpeeg01,ses03,20260804_153512,50:58.0,NaN,8,probe,PROBE_DONE,73,00:41.4,583.349535,0.00072,,,,,,keyboard,probe complete,"{""value"":"""",""note"":""probe complete""}",2,0.016667,60,1
Sergio_G01_CNS-LLF5RV3D8,cpeeg01,ses03,20260804_153512,50:58.0,NaN,8,probe,TRIAL_END,21,00:41.4,583.350254,0.096392,,,,,,keyboard,,{},2,0.016667,60,1
Sergio_G01_CNS-LLF5RV3D8,cpeeg01,ses03,20260804_153512,50:58.0,NaN,9,probe,TRIAL_CHANGE,22,00:41.5,583.446647,0.00094,,,,,,keyboard,trial transition,"{""note"":""trial transition""}",2,0.016667,60,1
Sergio_G01_CNS-LLF5RV3D8,cpeeg01,ses03,20260804_153512,50:58.0,NaN,9,probe,TRIAL_START,20,00:41.5,583.447587,0.052016,,,,,,keyboard,,{},2,0.016667,60,1
Sergio_G01_CNS-LLF5RV3D8,cpeeg01,ses03,20260804_153512,50:58.0,NaN,9,fix1,FIX1_ON,30,00:41.6,583.499604,3.066783,,,,,,keyboard,,"{""pd_used"":0}",2,0.016667,60,1
Sergio_G01_CNS-LLF5RV3D8,cpeeg01,ses03,20260804_153512,50:58.0,NaN,9,fix1,FIX1_OFF,31,00:44.7,586.566387,0.049776,,,,,,keyboard,,"{""pd_used"":0}",2,0.016667,60,1
Sergio_G01_CNS-LLF5RV3D8,cpeeg01,ses03,20260804_153512,50:58.0,NaN,9,digit,DIGIT1_ON,141,00:44.7,586.616162,0.54998,,2,,,,keyboard,digit#1 shown,"{""value"":2,""note"":""digit#1 shown"",""pd_used"":1}",2,0.016667,60,1
Sergio_G01_CNS-LLF5RV3D8,cpeeg01,ses03,20260804_153512,50:58.0,NaN,9,digit,DIGIT1_OFF,146,00:45.3,587.166142,0,,2,,,,keyboard,digit#1 off,"{""value"":2,""note"":""digit#1 off"",""pd_used"":0}",2,0.016667,60,1
Sergio_G01_CNS-LLF5RV3D8,cpeeg01,ses03,20260804_153512,50:58.0,NaN,9,digit,POSTDIG_FIX1_ON,151,00:45.3,587.166142,2.000051,,,,,,keyboard,after digit#1,"{""note"":""after digit#1""}",2,0.016667,60,1
Sergio_G01_CNS-LLF5RV3D8,cpeeg01,ses03,20260804_153512,50:58.0,NaN,9,digit,POSTDIG_FIX1_OFF,156,00:47.3,589.166193,0.050038,,,,,,keyboard,after digit#1,"{""note"":""after digit#1"",""pd_used"":0}",2,0.016667,60,1
Sergio_G01_CNS-LLF5RV3D8,cpeeg01,ses03,20260804_153512,50:58.0,NaN,9,digit,DIGIT2_ON,142,00:47.3,589.216231,0.54994,,7,,,,keyboard,digit#2 shown,"{""value"":7,""note"":""digit#2 shown"",""pd_used"":1}",2,0.016667,60,1
Sergio_G01_CNS-LLF5RV3D8,cpeeg01,ses03,20260804_153512,50:58.0,NaN,9,digit,DIGIT2_OFF,147,00:47.9,589.766171,0,,7,,,,keyboard,digit#2 off,"{""value"":7,""note"":""digit#2 off"",""pd_used"":0}",2,0.016667,60,1
Sergio_G01_CNS-LLF5RV3D8,cpeeg01,ses03,20260804_153512,50:58.0,NaN,9,digit,POSTDIG_FIX2_ON,152,00:47.9,589.766171,1.566679,,,,,,keyboard,after digit#2,"{""note"":""after digit#2""}",2,0.016667,60,1
Sergio_G01_CNS-LLF5RV3D8,cpeeg01,ses03,20260804_153512,50:58.0,NaN,9,digit,POSTDIG_FIX2_OFF,157,00:49.4,591.332851,0.049988,,,,,,keyboard,after digit#2,"{""note"":""after digit#2"",""pd_used"":0}",2,0.016667,60,1
Sergio_G01_CNS-LLF5RV3D8,cpeeg01,ses03,20260804_153512,50:58.0,NaN,9,digit,DIGIT3_ON,143,00:49.5,591.382838,0.550029,,0,,,,keyboard,digit#3 shown,"{""value"":0,""note"":""digit#3 shown"",""pd_used"":1}",2,0.016667,60,1
Sergio_G01_CNS-LLF5RV3D8,cpeeg01,ses03,20260804_153512,50:58.0,NaN,9,digit,DIGIT3_OFF,148,00:50.0,591.932868,0,,0,,,,keyboard,digit#3 off,"{""value"":0,""note"":""digit#3 off"",""pd_used"":0}",2,0.016667,60,1
Sergio_G01_CNS-LLF5RV3D8,cpeeg01,ses03,20260804_153512,50:58.0,NaN,9,digit,POSTDIG_FIX3_ON,153,00:50.0,591.932868,1.899999,,,,,,keyboard,after digit#3,"{""note"":""after digit#3""}",2,0.016667,60,1
Sergio_G01_CNS-LLF5RV3D8,cpeeg01,ses03,20260804_153512,50:58.0,NaN,9,digit,POSTDIG_FIX3_OFF,158,00:51.9,593.832867,0.050006,,,,,,keyboard,after digit#3,"{""note"":""after digit#3"",""pd_used"":0}",2,0.016667,60,1
Sergio_G01_CNS-LLF5RV3D8,cpeeg01,ses03,20260804_153512,50:58.0,NaN,9,digit,DIGIT4_ON,144,00:52.0,593.882872,0.550033,,8,,,,keyboard,digit#4 shown,"{""value"":8,""note"":""digit#4 shown"",""pd_used"":1}",2,0.016667,60,1
Sergio_G01_CNS-LLF5RV3D8,cpeeg01,ses03,20260804_153512,50:58.0,NaN,9,digit,DIGIT4_OFF,149,00:52.5,594.432906,0,,8,,,,keyboard,digit#4 off,"{""value"":8,""note"":""digit#4 off"",""pd_used"":0}",2,0.016667,60,1
Sergio_G01_CNS-LLF5RV3D8,cpeeg01,ses03,20260804_153512,50:58.0,NaN,9,digit,POSTDIG_FIX4_ON,154,00:52.5,594.432906,1.866595,,,,,,keyboard,after digit#4,"{""note"":""after digit#4""}",2,0.016667,60,1
Sergio_G01_CNS-LLF5RV3D8,cpeeg01,ses03,20260804_153512,50:58.0,NaN,9,digit,POSTDIG_FIX4_OFF,159,00:54.4,596.299501,0.050037,,,,,,keyboard,after digit#4,"{""note"":""after digit#4"",""pd_used"":0}",2,0.016667,60,1
Sergio_G01_CNS-LLF5RV3D8,cpeeg01,ses03,20260804_153512,50:58.0,NaN,9,digit,DIGIT5_ON,145,00:54.4,596.349538,0.550011,,7,,,,keyboard,digit#5 shown,"{""value"":7,""note"":""digit#5 shown"",""pd_used"":1}",2,0.016667,60,1
Sergio_G01_CNS-LLF5RV3D8,cpeeg01,ses03,20260804_153512,50:58.0,NaN,9,digit,DIGIT5_OFF,150,00:55.0,596.899549,0,,7,,,,keyboard,digit#5 off,"{""value"":7,""note"":""digit#5 off"",""pd_used"":0}",2,0.016667,60,1
Sergio_G01_CNS-LLF5RV3D8,cpeeg01,ses03,20260804_153512,50:58.0,NaN,9,digit,POSTDIG_FIX5_ON,155,00:55.0,596.899549,3.266661,,,,,,keyboard,after digit#5,"{""note"":""after digit#5""}",2,0.016667,60,1
Sergio_G01_CNS-LLF5RV3D8,cpeeg01,ses03,20260804_153512,50:58.0,NaN,9,digit,POSTDIG_FIX5_OFF,160,00:58.3,600.16621,0.050026,,,,,,keyboard,after digit#5,"{""note"":""after digit#5"",""pd_used"":0}",2,0.016667,60,1
Sergio_G01_CNS-LLF5RV3D8,cpeeg01,ses03,20260804_153512,50:58.0,NaN,9,distractor,DISTRACTOR_ON,50,00:58.3,600.216237,5.67456,,9+1=10,,,,keyboard,,"{""value"":""9+1=10"",""isCorrectTruth"":true,""trueSum"":10,""pd_used"":1}",2,0.016667,60,1
Sergio_G01_CNS-LLF5RV3D8,cpeeg01,ses03,20260804_153512,50:58.0,NaN,9,distractor,DISTRACTOR_ANS,51,01:04.4,605.890797,0,5.67456,9+1=10,F,0,,keyboard,key= (False),"{""value"":""9+1=10"",""entered"":""F"",""rt"":5.6745603000745177,""correct"":0,""note"":""key= (False)"",""truth"":true,""trueSum"":10,""shownSum"":10,""a"":9,""b"":1}",2,0.016667,60,1
Sergio_G01_CNS-LLF5RV3D8,cpeeg01,ses03,20260804_153512,50:58.0,NaN,9,distractor,ANS_WRONG,200,01:04.5,605.890797,0.558759,,,,,,keyboard,,{},2,0.016667,60,1
Sergio_G01_CNS-LLF5RV3D8,cpeeg01,ses03,20260804_153512,50:58.0,NaN,9,distractor,DISTRACTOR_OFF,52,01:04.5,606.449556,0,,,,,,keyboard,,"{""pd_used"":0}",2,0.016667,60,1
Sergio_G01_CNS-LLF5RV3D8,cpeeg01,ses03,20260804_153512,50:58.0,NaN,9,distractor,FIX2_ON,60,01:04.5,606.449556,3.500029,,,,,,keyboard,immediate after response,"{""note"":""immediate after response""}",2,0.016667,60,1
Sergio_G01_CNS-LLF5RV3D8,cpeeg01,ses03,20260804_153512,50:58.0,NaN,9,fix2,FIX2_OFF,61,01:08.0,609.949586,0.050007,,,,,,keyboard,,"{""pd_used"":0}",2,0.016667,60,1
Sergio_G01_CNS-LLF5RV3D8,cpeeg01,ses03,20260804_153512,50:58.0,NaN,9,probe,DIGIT_RECALL_LINE_1,161,01:08.1,609.999593,2.896704,,1,,,,keyboard,first recall question,"{""value"":1,""note"":""first recall question"",""pd_used"":1}",2,0.016667,60,1
Sergio_G01_CNS-LLF5RV3D8,cpeeg01,ses03,20260804_153512,50:58.0,NaN,9,probe,PROBE_DIGIT_OK_1,71,01:11.5,612.896297,0.653352,2.904014,slot#1,NaN,,,keyboard,probe_digit#1,"{""value"":""slot#1"",""entered"":null,""rt"":2.9040141999721527,""note"":""probe_digit#1""}",2,0.016667,60,1
Sergio_G01_CNS-LLF5RV3D8,cpeeg01,ses03,20260804_153512,50:58.0,NaN,9,probe,DIGIT1_OFF,146,01:11.6,613.549649,0,,7,,,,keyboard,digit#1 off,"{""value"":7,""note"":""digit#1 off"",""pd_used"":0}",2,0.016667,60,1
Sergio_G01_CNS-LLF5RV3D8,cpeeg01,ses03,20260804_153512,50:58.0,NaN,9,probe,POSTDIG_FIX1_ON,151,01:11.6,613.549649,1.75017,,,,,,keyboard,after digit#1,"{""note"":""after digit#1""}",2,0.016667,60,1
Sergio_G01_CNS-LLF5RV3D8,cpeeg01,ses03,20260804_153512,50:58.0,NaN,9,probe,POSTDIG_FIX1_OFF,156,01:13.4,615.299819,0.066488,,,,,,keyboard,after digit#1,"{""note"":""after digit#1"",""pd_used"":0}",2,0.016667,60,1
Sergio_G01_CNS-LLF5RV3D8,cpeeg01,ses03,20260804_153512,50:58.0,NaN,9,probe,DIGIT_RECALL_LINE_2,162,01:13.5,615.366307,1.603462,,2,,,,keyboard,next recall question,"{""value"":2,""note"":""next recall question"",""pd_used"":1}",2,0.016667,60,1
Sergio_G01_CNS-LLF5RV3D8,cpeeg01,ses03,20260804_153512,50:58.0,NaN,9,probe,PROBE_DIGIT_OK_2,71,01:15.5,616.969769,0.57986,6.977486,slot#2,NaN,,,keyboard,probe_digit#2,"{""value"":""slot#2"",""entered"":null,""rt"":6.9774861999321729,""note"":""probe_digit#2""}",2,0.016667,60,1
Sergio_G01_CNS-LLF5RV3D8,cpeeg01,ses03,20260804_153512,50:58.0,NaN,9,probe,DIGIT2_OFF,147,01:15.6,617.549629,0,,7,,,,keyboard,digit#2 off,"{""value"":7,""note"":""digit#2 off"",""pd_used"":0}",2,0.016667,60,1
Sergio_G01_CNS-LLF5RV3D8,cpeeg01,ses03,20260804_153512,50:58.0,NaN,9,probe,POSTDIG_FIX2_ON,152,01:15.6,617.549629,1.700004,,,,,,keyboard,after digit#2,"{""note"":""after digit#2""}",2,0.016667,60,1
Sergio_G01_CNS-LLF5RV3D8,cpeeg01,ses03,20260804_153512,50:58.0,NaN,9,probe,POSTDIG_FIX2_OFF,157,01:17.3,619.249633,0.066653,,,,,,keyboard,after digit#2,"{""note"":""after digit#2"",""pd_used"":0}",2,0.016667,60,1
Sergio_G01_CNS-LLF5RV3D8,cpeeg01,ses03,20260804_153512,50:58.0,NaN,9,probe,DIGIT_RECALL_LINE_3,163,01:17.4,619.316287,1.340585,,3,,,,keyboard,next recall question,"{""value"":3,""note"":""next recall question"",""pd_used"":1}",2,0.016667,60,1
Sergio_G01_CNS-LLF5RV3D8,cpeeg01,ses03,20260804_153512,50:58.0,NaN,9,probe,PROBE_DIGIT_OK_3,71,01:19.2,620.656871,0.626106,10.664588,slot#3,NaN,,,keyboard,probe_digit#3,"{""value"":""slot#3"",""entered"":null,""rt"":10.664588399929926,""note"":""probe_digit#3""}",2,0.016667,60,1
Sergio_G01_CNS-LLF5RV3D8,cpeeg01,ses03,20260804_153512,50:58.0,NaN,9,probe,DIGIT3_OFF,148,01:19.4,621.282977,0,,7,,,,keyboard,digit#3 off,"{""value"":7,""note"":""digit#3 off"",""pd_used"":0}",2,0.016667,60,1
Sergio_G01_CNS-LLF5RV3D8,cpeeg01,ses03,20260804_153512,50:58.0,NaN,9,probe,POSTDIG_FIX3_ON,153,01:19.4,621.282977,1.687642,,,,,,keyboard,after digit#3,"{""note"":""after digit#3""}",2,0.016667,60,1
Sergio_G01_CNS-LLF5RV3D8,cpeeg01,ses03,20260804_153512,50:58.0,NaN,9,probe,POSTDIG_FIX3_OFF,158,01:21.1,622.970619,0.062359,,,,,,keyboard,after digit#3,"{""note"":""after digit#3"",""pd_used"":0}",2,0.016667,60,1
Sergio_G01_CNS-LLF5RV3D8,cpeeg01,ses03,20260804_153512,50:58.0,NaN,9,probe,DIGIT_RECALL_LINE_4,164,01:21.1,623.032978,2.296375,,4,,,,keyboard,next recall question,"{""value"":4,""note"":""next recall question"",""pd_used"":1}",2,0.016667,60,1
Sergio_G01_CNS-LLF5RV3D8,cpeeg01,ses03,20260804_153512,50:58.0,NaN,9,probe,PROBE_DIGIT_OK_4,71,01:23.8,625.329353,0.520335,15.33707,slot#4,NaN,,,keyboard,probe_digit#4,"{""value"":""slot#4"",""entered"":null,""rt"":15.337069900007918,""note"":""probe_digit#4""}",2,0.016667,60,1
Sergio_G01_CNS-LLF5RV3D8,cpeeg01,ses03,20260804_153512,50:58.0,NaN,9,probe,DIGIT4_OFF,149,01:23.9,625.849687,0,,7,,,,keyboard,digit#4 off,"{""value"":7,""note"":""digit#4 off"",""pd_used"":0}",2,0.016667,60,1
Sergio_G01_CNS-LLF5RV3D8,cpeeg01,ses03,20260804_153512,50:58.0,NaN,9,probe,POSTDIG_FIX4_ON,154,01:23.9,625.849687,1.583381,,,,,,keyboard,after digit#4,"{""note"":""after digit#4""}",2,0.016667,60,1
Sergio_G01_CNS-LLF5RV3D8,cpeeg01,ses03,20260804_153512,50:58.0,NaN,9,probe,POSTDIG_FIX4_OFF,159,01:25.5,627.433068,0.066602,,,,,,keyboard,after digit#4,"{""note"":""after digit#4"",""pd_used"":0}",2,0.016667,60,1
Sergio_G01_CNS-LLF5RV3D8,cpeeg01,ses03,20260804_153512,50:58.0,NaN,9,probe,DIGIT_RECALL_LINE_5,165,01:25.6,627.49967,1.407489,,5,,,,keyboard,next recall question,"{""value"":5,""note"":""next recall question"",""pd_used"":1}",2,0.016667,60,1
Sergio_G01_CNS-LLF5RV3D8,cpeeg01,ses03,20260804_153512,50:58.0,NaN,9,probe,PROBE_DIGIT_OK_5,71,01:27.5,628.907159,0.625851,18.914876,slot#5,NaN,,,keyboard,probe_digit#5,"{""value"":""slot#5"",""entered"":null,""rt"":18.91487610002514,""note"":""probe_digit#5""}",2,0.016667,60,1
Sergio_G01_CNS-LLF5RV3D8,cpeeg01,ses03,20260804_153512,50:58.0,NaN,9,probe,DIGIT5_OFF,150,01:27.6,629.533011,0,,7,,,,keyboard,digit#5 off,"{""value"":7,""note"":""digit#5 off"",""pd_used"":0}",2,0.016667,60,1
Sergio_G01_CNS-LLF5RV3D8,cpeeg01,ses03,20260804_153512,50:58.0,NaN,9,probe,POSTDIG_FIX5_ON,155,01:27.6,629.533011,3.216707,,,,,,keyboard,after digit#5,"{""note"":""after digit#5""}",2,0.016667,60,1
Sergio_G01_CNS-LLF5RV3D8,cpeeg01,ses03,20260804_153512,50:58.0,NaN,9,probe,POSTDIG_FIX5_OFF,160,01:30.8,632.749717,0.050179,,,,,,keyboard,after digit#5,"{""note"":""after digit#5"",""pd_used"":0}",2,0.016667,60,1
Sergio_G01_CNS-LLF5RV3D8,cpeeg01,ses03,20260804_153512,50:58.0,NaN,9,probe,PROBE_DONE,73,01:30.8,632.799897,0.000703,,,,,,keyboard,probe complete,"{""value"":"""",""note"":""probe complete""}",2,0.016667,60,1
Sergio_G01_CNS-LLF5RV3D8,cpeeg01,ses03,20260804_153512,50:58.0,NaN,9,probe,TRIAL_END,21,01:30.8,632.800599,0.102645,,,,,,keyboard,,{},2,0.016667,60,1
Sergio_G01_CNS-LLF5RV3D8,cpeeg01,ses03,20260804_153512,50:58.0,NaN,10,probe,TRIAL_CHANGE,22,01:31.0,632.903245,0.000939,,,,,,keyboard,trial transition,"{""note"":""trial transition""}",2,0.016667,60,1
Sergio_G01_CNS-LLF5RV3D8,cpeeg01,ses03,20260804_153512,50:58.0,NaN,10,probe,TRIAL_START,20,01:31.0,632.904183,0.045478,,,,,,keyboard,,{},2,0.016667,60,1
Sergio_G01_CNS-LLF5RV3D8,cpeeg01,ses03,20260804_153512,50:58.0,NaN,10,fix1,FIX1_ON,30,01:31.0,632.949662,3.066717,,,,,,keyboard,,"{""pd_used"":0}",2,0.016667,60,1
Sergio_G01_CNS-LLF5RV3D8,cpeeg01,ses03,20260804_153512,50:58.0,NaN,10,fix1,FIX1_OFF,31,01:34.1,636.016379,0.049995,,,,,,keyboard,,"{""pd_used"":0}",2,0.016667,60,1
Sergio_G01_CNS-LLF5RV3D8,cpeeg01,ses03,20260804_153512,50:58.0,NaN,10,digit,DIGIT1_ON,141,01:34.2,636.066374,0.550016,,8,,,,keyboard,digit#1 shown,"{""value"":8,""note"":""digit#1 shown"",""pd_used"":1}",2,0.016667,60,1
Sergio_G01_CNS-LLF5RV3D8,cpeeg01,ses03,20260804_153512,50:58.0,NaN,10,digit,DIGIT1_OFF,146,01:34.7,636.61639,0,,8,,,,keyboard,digit#1 off,"{""value"":8,""note"":""digit#1 off"",""pd_used"":0}",2,0.016667,60,1
Sergio_G01_CNS-LLF5RV3D8,cpeeg01,ses03,20260804_153512,50:58.0,NaN,10,digit,POSTDIG_FIX1_ON,151,01:34.7,636.61639,1.716712,,,,,,keyboard,after digit#1,"{""note"":""after digit#1""}",2,0.016667,60,1
Sergio_G01_CNS-LLF5RV3D8,cpeeg01,ses03,20260804_153512,50:58.0,NaN,10,digit,POSTDIG_FIX1_OFF,156,01:36.4,638.333103,0.049946,,,,,,keyboard,after digit#1,"{""note"":""after digit#1"",""pd_used"":0}",2,0.016667,60,1
Sergio_G01_CNS-LLF5RV3D8,cpeeg01,ses03,20260804_153512,50:58.0,NaN,10,digit,DIGIT2_ON,142,01:36.5,638.383049,0.550006,,9,,,,keyboard,digit#2 shown,"{""value"":9,""note"":""digit#2 shown"",""pd_used"":1}",2,0.016667,60,1
Sergio_G01_CNS-LLF5RV3D8,cpeeg01,ses03,20260804_153512,50:58.0,NaN,10,digit,DIGIT2_OFF,147,01:37.0,638.933054,0,,9,,,,keyboard,digit#2 off,"{""value"":9,""note"":""digit#2 off"",""pd_used"":0}",2,0.016667,60,1
Sergio_G01_CNS-LLF5RV3D8,cpeeg01,ses03,20260804_153512,50:58.0,NaN,10,digit,POSTDIG_FIX2_ON,152,01:37.0,638.933054,1.700156,,,,,,keyboard,after digit#2,"{""note"":""after digit#2""}",2,0.016667,60,1
Sergio_G01_CNS-LLF5RV3D8,cpeeg01,ses03,20260804_153512,50:58.0,NaN,10,digit,POSTDIG_FIX2_OFF,157,01:38.7,640.633211,0.049849,,,,,,keyboard,after digit#2,"{""note"":""after digit#2"",""pd_used"":0}",2,0.016667,60,1
Sergio_G01_CNS-LLF5RV3D8,cpeeg01,ses03,20260804_153512,50:58.0,NaN,10,digit,DIGIT3_ON,143,01:38.8,640.68306,0.550022,,9,,,,keyboard,digit#3 shown,"{""value"":9,""note"":""digit#3 shown"",""pd_used"":1}",2,0.016667,60,1
Sergio_G01_CNS-LLF5RV3D8,cpeeg01,ses03,20260804_153512,50:58.0,NaN,10,digit,DIGIT3_OFF,148,01:39.3,641.233082,0,,9,,,,keyboard,digit#3 off,"{""value"":9,""note"":""digit#3 off"",""pd_used"":0}",2,0.016667,60,1
Sergio_G01_CNS-LLF5RV3D8,cpeeg01,ses03,20260804_153512,50:58.0,NaN,10,digit,POSTDIG_FIX3_ON,153,01:39.3,641.233082,1.566973,,,,,,keyboard,after digit#3,"{""note"":""after digit#3""}",2,0.016667,60,1
Sergio_G01_CNS-LLF5RV3D8,cpeeg01,ses03,20260804_153512,50:58.0,NaN,10,digit,POSTDIG_FIX3_OFF,158,01:40.9,642.800055,0.049675,,,,,,keyboard,after digit#3,"{""note"":""after digit#3"",""pd_used"":0}",2,0.016667,60,1
Sergio_G01_CNS-LLF5RV3D8,cpeeg01,ses03,20260804_153512,50:58.0,NaN,10,digit,DIGIT4_ON,144,01:40.9,642.84973,0.550042,,0,,,,keyboard,digit#4 shown,"{""value"":0,""note"":""digit#4 shown"",""pd_used"":1}",2,0.016667,60,1
Sergio_G01_CNS-LLF5RV3D8,cpeeg01,ses03,20260804_153512,50:58.0,NaN,10,digit,DIGIT4_OFF,149,01:41.5,643.399772,0,,0,,,,keyboard,digit#4 off,"{""value"":0,""note"":""digit#4 off"",""pd_used"":0}",2,0.016667,60,1
Sergio_G01_CNS-LLF5RV3D8,cpeeg01,ses03,20260804_153512,50:58.0,NaN,10,digit,POSTDIG_FIX4_ON,154,01:41.5,643.399772,1.633332,,,,,,keyboard,after digit#4,"{""note"":""after digit#4""}",2,0.016667,60,1
Sergio_G01_CNS-LLF5RV3D8,cpeeg01,ses03,20260804_153512,50:58.0,NaN,10,digit,POSTDIG_FIX4_OFF,159,01:43.1,645.033104,0.049973,,,,,,keyboard,after digit#4,"{""note"":""after digit#4"",""pd_used"":0}",2,0.016667,60,1
Sergio_G01_CNS-LLF5RV3D8,cpeeg01,ses03,20260804_153512,50:58.0,NaN,10,digit,DIGIT5_ON,145,01:43.2,645.083078,0.550045,,6,,,,keyboard,digit#5 shown,"{""value"":6,""note"":""digit#5 shown"",""pd_used"":1}",2,0.016667,60,1
Sergio_G01_CNS-LLF5RV3D8,cpeeg01,ses03,20260804_153512,50:58.0,NaN,10,digit,DIGIT5_OFF,150,01:43.7,645.633122,0,,6,,,,keyboard,digit#5 off,"{""value"":6,""note"":""digit#5 off"",""pd_used"":0}",2,0.016667,60,1
Sergio_G01_CNS-LLF5RV3D8,cpeeg01,ses03,20260804_153512,50:58.0,NaN,10,digit,POSTDIG_FIX5_ON,155,01:43.7,645.633122,3.433326,,,,,,keyboard,after digit#5,"{""note"":""after digit#5""}",2,0.016667,60,1
Sergio_G01_CNS-LLF5RV3D8,cpeeg01,ses03,20260804_153512,50:58.0,NaN,10,digit,POSTDIG_FIX5_OFF,160,01:47.2,649.066448,0.04998,,,,,,keyboard,after digit#5,"{""note"":""after digit#5"",""pd_used"":0}",2,0.016667,60,1
Sergio_G01_CNS-LLF5RV3D8,cpeeg01,ses03,20260804_153512,50:58.0,NaN,10,distractor,DISTRACTOR_ON,50,01:47.2,649.116428,13.877665,,7+7=14,,,,keyboard,,"{""value"":""7+7=14"",""isCorrectTruth"":true,""trueSum"":14,""pd_used"":1}",2,0.016667,60,1
Sergio_G01_CNS-LLF5RV3D8,cpeeg01,ses03,20260804_153512,50:58.0,NaN,10,distractor,DISTRACTOR_ANS,51,02:01.5,662.994093,0,13.877665,7+7=14,F,0,,keyboard,key= (False),"{""value"":""7+7=14"",""entered"":""F"",""rt"":13.877664999919944,""correct"":0,""note"":""key= (False)"",""truth"":true,""trueSum"":14,""shownSum"":14,""a"":7,""b"":7}",2,0.016667,60,1
Sergio_G01_CNS-LLF5RV3D8,cpeeg01,ses03,20260804_153512,50:58.0,NaN,10,distractor,ANS_WRONG,200,02:01.5,662.994093,0.522387,,,,,,keyboard,,{},2,0.016667,60,1
Sergio_G01_CNS-LLF5RV3D8,cpeeg01,ses03,20260804_153512,50:58.0,NaN,10,distractor,DISTRACTOR_OFF,52,02:01.6,663.516479,0,,,,,,keyboard,,"{""pd_used"":0}",2,0.016667,60,1
Sergio_G01_CNS-LLF5RV3D8,cpeeg01,ses03,20260804_153512,50:58.0,NaN,10,distractor,FIX2_ON,60,02:01.6,663.516479,3.466702,,,,,,keyboard,immediate after response,"{""note"":""immediate after response""}",2,0.016667,60,1
Sergio_G01_CNS-LLF5RV3D8,cpeeg01,ses03,20260804_153512,50:58.0,NaN,10,fix2,FIX2_OFF,61,02:05.1,666.983181,0.050054,,,,,,keyboard,,"{""pd_used"":0}",2,0.016667,60,1
Sergio_G01_CNS-LLF5RV3D8,cpeeg01,ses03,20260804_153512,50:58.0,NaN,10,probe,DIGIT_RECALL_LINE_1,161,02:05.1,667.033236,2.719486,,1,,,,keyboard,first recall question,"{""value"":1,""note"":""first recall question"",""pd_used"":1}",2,0.016667,60,1
Sergio_G01_CNS-LLF5RV3D8,cpeeg01,ses03,20260804_153512,50:58.0,NaN,10,probe,PROBE_DIGIT_OK_1,71,02:08.3,669.752722,0.630466,2.726669,slot#1,NaN,,,keyboard,probe_digit#1,"{""value"":""slot#1"",""entered"":null,""rt"":2.7266687999945134,""note"":""probe_digit#1""}",2,0.016667,60,1
Sergio_G01_CNS-LLF5RV3D8,cpeeg01,ses03,20260804_153512,50:58.0,NaN,10,probe,DIGIT1_OFF,146,02:08.5,670.383188,0,,6,,,,keyboard,digit#1 off,"{""value"":6,""note"":""digit#1 off"",""pd_used"":0}",2,0.016667,60,1
Sergio_G01_CNS-LLF5RV3D8,cpeeg01,ses03,20260804_153512,50:58.0,NaN,10,probe,POSTDIG_FIX1_ON,151,02:08.5,670.383188,1.966655,,,,,,keyboard,after digit#1,"{""note"":""after digit#1""}",2,0.016667,60,1
Sergio_G01_CNS-LLF5RV3D8,cpeeg01,ses03,20260804_153512,50:58.0,NaN,10,probe,POSTDIG_FIX1_OFF,156,02:10.4,672.349843,0.066687,,,,,,keyboard,after digit#1,"{""note"":""after digit#1"",""pd_used"":0}",2,0.016667,60,1
Sergio_G01_CNS-LLF5RV3D8,cpeeg01,ses03,20260804_153512,50:58.0,NaN,10,probe,DIGIT_RECALL_LINE_2,162,02:10.5,672.41653,3.50756,,2,,,,keyboard,next recall question,"{""value"":2,""note"":""next recall question"",""pd_used"":1}",2,0.016667,60,1
Sergio_G01_CNS-LLF5RV3D8,cpeeg01,ses03,20260804_153512,50:58.0,NaN,10,probe,PROBE_DIGIT_OK_2,71,02:14.3,675.92409,0.442473,8.898037,slot#2,NaN,,,keyboard,probe_digit#2,"{""value"":""slot#2"",""entered"":null,""rt"":8.8980370999779552,""note"":""probe_digit#2""}",2,0.016667,60,1
Sergio_G01_CNS-LLF5RV3D8,cpeeg01,ses03,20260804_153512,50:58.0,NaN,10,probe,DIGIT2_OFF,147,02:14.5,676.366563,0,,6,,,,keyboard,digit#2 off,"{""value"":6,""note"":""digit#2 off"",""pd_used"":0}",2,0.016667,60,1
Sergio_G01_CNS-LLF5RV3D8,cpeeg01,ses03,20260804_153512,50:58.0,NaN,10,probe,POSTDIG_FIX2_ON,152,02:14.5,676.366563,1.766686,,,,,,keyboard,after digit#2,"{""note"":""after digit#2""}",2,0.016667,60,1
Sergio_G01_CNS-LLF5RV3D8,cpeeg01,ses03,20260804_153512,50:58.0,NaN,10,probe,POSTDIG_FIX2_OFF,157,02:16.2,678.133249,0.067004,,,,,,keyboard,after digit#2,"{""note"":""after digit#2"",""pd_used"":0}",2,0.016667,60,1
Sergio_G01_CNS-LLF5RV3D8,cpeeg01,ses03,20260804_153512,50:58.0,NaN,10,probe,DIGIT_RECALL_LINE_3,163,02:16.3,678.200253,2.855866,,3,,,,keyboard,next recall question,"{""value"":3,""note"":""next recall question"",""pd_used"":1}",2,0.016667,60,1
Sergio_G01_CNS-LLF5RV3D8,cpeeg01,ses03,20260804_153512,50:58.0,NaN,10,probe,PROBE_DIGIT_OK_3,71,02:19.7,681.056119,0.72714,14.030066,slot#3,NaN,,,keyboard,probe_digit#3,"{""value"":""slot#3"",""entered"":null,""rt"":14.030065899947658,""note"":""probe_digit#3""}",2,0.016667,60,1
Sergio_G01_CNS-LLF5RV3D8,cpeeg01,ses03,20260804_153512,50:58.0,NaN,10,probe,DIGIT3_OFF,148,02:19.9,681.783259,0,,6,,,,keyboard,digit#3 off,"{""value"":6,""note"":""digit#3 off"",""pd_used"":0}",2,0.016667,60,1
Sergio_G01_CNS-LLF5RV3D8,cpeeg01,ses03,20260804_153512,50:58.0,NaN,10,probe,POSTDIG_FIX3_ON,153,02:19.9,681.783259,1.650001,,,,,,keyboard,after digit#3,"{""note"":""after digit#3""}",2,0.016667,60,1
Sergio_G01_CNS-LLF5RV3D8,cpeeg01,ses03,20260804_153512,50:58.0,NaN,10,probe,POSTDIG_FIX3_OFF,158,02:21.5,683.43326,0.067037,,,,,,keyboard,after digit#3,"{""note"":""after digit#3"",""pd_used"":0}",2,0.016667,60,1
Sergio_G01_CNS-LLF5RV3D8,cpeeg01,ses03,20260804_153512,50:58.0,NaN,10,probe,DIGIT_RECALL_LINE_4,164,02:21.6,683.500296,2.055398,,4,,,,keyboard,next recall question,"{""value"":4,""note"":""next recall question"",""pd_used"":1}",2,0.016667,60,1
Sergio_G01_CNS-LLF5RV3D8,cpeeg01,ses03,20260804_153512,50:58.0,NaN,10,probe,PROBE_DIGIT_OK_4,71,02:24.1,685.555694,0.644268,18.529641,slot#4,NaN,,,keyboard,probe_digit#4,"{""value"":""slot#4"",""entered"":null,""rt"":18.529641399974935,""note"":""probe_digit#4""}",2,0.016667,60,1
Sergio_G01_CNS-LLF5RV3D8,cpeeg01,ses03,20260804_153512,50:58.0,NaN,10,probe,DIGIT4_OFF,149,02:24.3,686.199962,0,,6,,,,keyboard,digit#4 off,"{""value"":6,""note"":""digit#4 off"",""pd_used"":0}",2,0.016667,60,1
Sergio_G01_CNS-LLF5RV3D8,cpeeg01,ses03,20260804_153512,50:58.0,NaN,10,probe,POSTDIG_FIX4_ON,154,02:24.3,686.199962,1.883321,,,,,,keyboard,after digit#4,"{""note"":""after digit#4""}",2,0.016667,60,1
Sergio_G01_CNS-LLF5RV3D8,cpeeg01,ses03,20260804_153512,50:58.0,NaN,10,probe,POSTDIG_FIX4_OFF,159,02:26.2,688.083283,0.066687,,,,,,keyboard,after digit#4,"{""note"":""after digit#4"",""pd_used"":0}",2,0.016667,60,1
Sergio_G01_CNS-LLF5RV3D8,cpeeg01,ses03,20260804_153512,50:58.0,NaN,10,probe,DIGIT_RECALL_LINE_5,165,02:26.2,688.149969,2.509839,,5,,,,keyboard,next recall question,"{""value"":5,""note"":""next recall question"",""pd_used"":1}",2,0.016667,60,1
Sergio_G01_CNS-LLF5RV3D8,cpeeg01,ses03,20260804_153512,50:58.0,NaN,10,probe,PROBE_DIGIT_OK_5,71,02:29.1,690.659809,0.556826,23.633756,slot#5,NaN,,,keyboard,probe_digit#5,"{""value"":""slot#5"",""entered"":null,""rt"":23.633755799965,""note"":""probe_digit#5""}",2,0.016667,60,1
Sergio_G01_CNS-LLF5RV3D8,cpeeg01,ses03,20260804_153512,50:58.0,NaN,10,probe,DIGIT5_OFF,150,02:29.3,691.216634,0,,6,,,,keyboard,digit#5 off,"{""value"":6,""note"":""digit#5 off"",""pd_used"":0}",2,0.016667,60,1
Sergio_G01_CNS-LLF5RV3D8,cpeeg01,ses03,20260804_153512,50:58.0,NaN,10,probe,POSTDIG_FIX5_ON,155,02:29.3,691.216634,3.483297,,,,,,keyboard,after digit#5,"{""note"":""after digit#5""}",2,0.016667,60,1
Sergio_G01_CNS-LLF5RV3D8,cpeeg01,ses03,20260804_153512,50:58.0,NaN,10,probe,POSTDIG_FIX5_OFF,160,02:32.8,694.699931,0.050096,,,,,,keyboard,after digit#5,"{""note"":""after digit#5"",""pd_used"":0}",2,0.016667,60,1
Sergio_G01_CNS-LLF5RV3D8,cpeeg01,ses03,20260804_153512,50:58.0,NaN,10,probe,PROBE_DONE,73,02:32.8,694.750027,0.000737,,,,,,keyboard,probe complete,"{""value"":"""",""note"":""probe complete""}",2,0.016667,60,1
Sergio_G01_CNS-LLF5RV3D8,cpeeg01,ses03,20260804_153512,50:58.0,NaN,10,probe,TRIAL_END,21,02:32.8,694.750764,0.109035,,,,,,keyboard,,{},2,0.016667,60,1
Sergio_G01_CNS-LLF5RV3D8,cpeeg01,ses03,20260804_153512,50:58.0,NaN,10,probe,BLOCK_END,11,02:32.9,694.859799,0.254333,,,,,,keyboard,,{},2,0.016667,60,1
Sergio_G01_CNS-LLF5RV3D8,cpeeg01,ses03,20260804_153512,50:58.0,NaN,10,probe,SESSION_END,3,02:33.2,695.114132,NaN,,,,,,keyboard,,{},2,0.016667,60,1
